date,regime,rho,target_skewness,fitted_skewness,skewness_error,feasible
2011-01-07,Unconstrained,-0.12568665856885192,-2.122,-2.1220000000000003,-4.440892098500626e-16,True
2011-01-10,Unconstrained,-0.1284250190293829,-2.147,-2.1470000000000007,-8.881784197001252e-16,True
2011-01-11,Unconstrained,-0.13692359393016906,-2.2290000000000005,-2.2290000000000005,0.0,True
2011-01-12,Unconstrained,-0.1330791248508609,-2.194,-2.1940000000000004,-4.440892098500626e-16,True
2011-01-13,Unconstrained,-0.1263443468088606,-2.1290000000000004,-2.129000000000001,-4.440892098500626e-16,True
2011-01-14,Unconstrained,-0.1493567465937287,-2.3519999999999994,-2.3519999999999994,0.0,True
2011-01-18,Unconstrained,-0.20020599753528565,-2.816,-2.816,0.0,True
2011-01-19,Unconstrained,-0.14919068269990318,-2.3409999999999997,-2.3410000000000006,-8.881784197001252e-16,True
2011-01-20,Unconstrained,-0.1812279636642271,-2.6189999999999998,-2.619,-4.440892098500626e-16,True
2011-01-21,Unconstrained,-0.28174580381926945,-3.399000000000001,-3.3990000000000014,-4.440892098500626e-16,True
2011-01-24,Unconstrained,-0.2495218917071457,-3.1860000000000013,-3.1860000000000017,-4.440892098500626e-16,True
2011-01-25,Unconstrained,-0.28592130572561986,-3.461000000000001,-3.461000000000002,-8.881784197001252e-16,True
2011-01-26,Unconstrained,-0.24477562643543482,-3.1759999999999993,-3.175999999999999,4.440892098500626e-16,True
2011-01-27,Unconstrained,-0.22872871940586748,-3.056,-3.055999999999999,8.881784197001252e-16,True
2011-01-28,Unconstrained,-0.21101508325611495,-2.822999999999999,-2.822999999999999,0.0,True
2011-01-31,Unconstrained,-0.23621304092920012,-3.030000000000001,-3.030000000000001,0.0,True
2011-02-01,Unconstrained,-0.2137459390556396,-2.9,-2.9000000000000004,-4.440892098500626e-16,True
2011-02-02,Unconstrained,-0.1954334145861208,-2.752,-2.7520000000000002,-4.440892098500626e-16,True
2011-02-03,Unconstrained,-0.1898617650851776,-2.7129999999999996,-2.7129999999999996,0.0,True
2011-02-04,Unconstrained,-0.1922938500438255,-2.745,-2.745,0.0,True
2011-02-07,Unconstrained,-0.19487702103268925,-2.7629999999999995,-2.762999999999999,4.440892098500626e-16,True
2011-02-08,Unconstrained,-0.2159213387166594,-2.9539999999999993,-2.954,-8.881784197001252e-16,True
2011-02-10,Unconstrained,-0.21302518109760657,-2.924000000000001,-2.9240000000000013,-4.440892098500626e-16,True
2011-02-11,Unconstrained,-0.2364932057357592,-3.1310000000000002,-3.131,4.440892098500626e-16,True
2011-02-14,Unconstrained,-0.19187504386040347,-2.7409999999999997,-2.7409999999999997,0.0,True
2011-02-15,Unconstrained,-0.24417038666924423,-3.178,-3.177999999999999,8.881784197001252e-16,True
2011-02-16,Unconstrained,-0.23183638968755857,-3.069,-3.069,0.0,True
2011-02-17,Unconstrained,-0.23488262103001822,-3.097,-3.097000000000001,-8.881784197001252e-16,True
2011-02-18,Unconstrained,-0.30514473164540484,-3.6430000000000007,-3.643,8.881784197001252e-16,True
2011-02-22,Unconstrained,-0.18367754116684998,-2.5900000000000007,-2.5900000000000007,0.0,True
2011-02-23,Unconstrained,-0.1697843894624973,-2.4530000000000003,-2.4530000000000003,0.0,True
2011-02-24,Unconstrained,-0.16975184920199524,-2.468000000000001,-2.4680000000000004,4.440892098500626e-16,True
2011-02-25,Unconstrained,-0.21521994240780873,-2.875999999999999,-2.875999999999999,0.0,True
2011-02-28,Unconstrained,-0.22026927670302734,-2.9370000000000003,-2.9370000000000007,-4.440892098500626e-16,True
2011-03-01,Unconstrained,-0.14205267264219007,-2.2430000000000008,-2.2430000000000008,0.0,True
2011-03-02,Unconstrained,-0.14901951708542902,-2.306,-2.3060000000000005,-4.440892098500626e-16,True
2011-03-03,Unconstrained,-0.17669615181757908,-2.5709999999999993,-2.5709999999999993,0.0,True
2011-03-04,Unconstrained,-0.1797856920019869,-2.5900000000000007,-2.5900000000000007,0.0,True
2011-03-07,Unconstrained,-0.1476638329183369,-2.2950000000000004,-2.295000000000001,-4.440892098500626e-16,True
2011-03-08,Unconstrained,-0.15136968607666548,-2.3370000000000006,-2.3370000000000006,0.0,True
2011-03-09,Unconstrained,-0.14298397979865526,-2.2599999999999993,-2.2599999999999993,0.0,True
2011-03-10,Unconstrained,-0.10624199783994127,-1.9260000000000006,-1.926000000000001,-4.440892098500626e-16,True
2011-03-11,Unconstrained,-0.09751344750942519,-1.8540000000000005,-1.8540000000000003,2.220446049250313e-16,True
2011-03-14,Unconstrained,-0.13156922754430317,-2.1519999999999997,-2.152,-4.440892098500626e-16,True
2011-03-15,Unconstrained,-0.14042645247323787,-2.1819999999999995,-2.182,-4.440892098500626e-16,True
2011-03-16,Unconstrained,-0.1643678746066848,-2.2459999999999996,-2.2459999999999996,0.0,True
2011-03-17,Unconstrained,-0.20256116272367475,-2.5849999999999995,-2.584999999999999,4.440892098500626e-16,True
2011-03-18,Unconstrained,-0.20812587572719604,-2.681,-2.6809999999999996,4.440892098500626e-16,True
2011-03-21,Unconstrained,-0.16714173189931159,-2.4590000000000005,-2.4590000000000005,0.0,True
2011-03-22,Unconstrained,-0.12281495063135654,-2.0829999999999997,-2.083,-4.440892098500626e-16,True
2011-03-23,Unconstrained,-0.12129335487994315,-2.075,-2.0750000000000006,-4.440892098500626e-16,True
2011-03-24,Unconstrained,-0.1126148042387179,-1.9969999999999999,-1.9969999999999997,2.220446049250313e-16,True
2011-03-25,Unconstrained,-0.1281227176904172,-2.1430000000000007,-2.1430000000000007,0.0,True
2011-03-28,Unconstrained,-0.14299603519918638,-2.2680000000000007,-2.2680000000000007,0.0,True
2011-03-29,Unconstrained,-0.1577288428686018,-2.411,-2.411,0.0,True
2011-03-30,Unconstrained,-0.15049471435412484,-2.35,-2.35,0.0,True
2011-03-31,Unconstrained,-0.16319319894378967,-2.464,-2.464,0.0,True
2011-04-01,Unconstrained,-0.20885695092928255,-2.8639999999999985,-2.863999999999998,4.440892098500626e-16,True
2011-04-04,Unconstrained,-0.20206766726905426,-2.805000000000001,-2.8050000000000006,4.440892098500626e-16,True
2011-04-05,Unconstrained,-0.20118405990405977,-2.802000000000001,-2.8020000000000014,-4.440892098500626e-16,True
2011-04-06,Unconstrained,-0.16825178090626305,-2.5180000000000007,-2.518000000000001,-4.440892098500626e-16,True
2011-04-07,Unconstrained,-0.1828990957655242,-2.6459999999999995,-2.6459999999999995,0.0,True
2011-04-08,Unconstrained,-0.17791136550833422,-2.592,-2.5919999999999996,4.440892098500626e-16,True
2011-04-11,Unconstrained,-0.1437052041485816,-2.2939999999999996,-2.2939999999999987,8.881784197001252e-16,True
2011-04-12,Unconstrained,-0.1332789448126568,-2.194,-2.1940000000000004,-4.440892098500626e-16,True
2011-04-13,Unconstrained,-0.1613252600955148,-2.4549999999999996,-2.4549999999999987,8.881784197001252e-16,True
2011-04-14,Unconstrained,-0.16662104404621805,-2.5090000000000003,-2.509000000000001,-4.440892098500626e-16,True
2011-04-15,Unconstrained,-0.2254302886189626,-3.044999999999999,-3.0449999999999986,4.440892098500626e-16,True
2011-04-18,Unconstrained,-0.21652971553963007,-2.9370000000000003,-2.9370000000000003,0.0,True
2011-04-19,Unconstrained,-0.2143399849859095,-2.9400000000000004,-2.9400000000000004,0.0,True
2011-04-20,Unconstrained,-0.23278865674482432,-3.1129999999999995,-3.113,-4.440892098500626e-16,True
2011-04-21,Unconstrained,-0.2394751578272456,-3.178,-3.1780000000000004,-4.440892098500626e-16,True
2011-04-25,Unconstrained,-0.2315712769152189,-3.0879999999999996,-3.088,-4.440892098500626e-16,True
2011-04-26,Unconstrained,-0.1918418560067986,-2.745,-2.745,0.0,True
2011-04-27,Unconstrained,-0.18574542158971902,-2.6930000000000005,-2.6930000000000014,-8.881784197001252e-16,True
2011-04-28,Unconstrained,-0.16434337709172325,-2.4989999999999997,-2.498999999999999,4.440892098500626e-16,True
2011-04-29,Unconstrained,-0.19070410352571796,-2.745,-2.745,0.0,True
2011-05-02,Unconstrained,-0.15627022097752816,-2.4150000000000005,-2.415,4.440892098500626e-16,True
2011-05-03,Unconstrained,-0.19399015765479777,-2.7489999999999997,-2.749,-4.440892098500626e-16,True
2011-05-04,Unconstrained,-0.1696812272502772,-2.529000000000001,-2.5289999999999995,1.3322676295501878e-15,True
2011-05-05,Unconstrained,-0.16660800103920265,-2.489,-2.4889999999999994,4.440892098500626e-16,True
2011-05-06,Unconstrained,-0.16368847854671922,-2.461,-2.461,0.0,True
2011-05-09,Unconstrained,-0.16288504816441193,-2.467,-2.4669999999999996,4.440892098500626e-16,True
2011-05-10,Unconstrained,-0.17872080527386577,-2.623,-2.6230000000000007,-4.440892098500626e-16,True
2011-05-11,Unconstrained,-0.1316514508452881,-2.1790000000000007,-2.179000000000001,-4.440892098500626e-16,True
2011-05-12,Unconstrained,-0.13981565033274423,-2.2590000000000003,-2.2590000000000003,0.0,True
2011-05-13,Unconstrained,-0.1328485635592007,-2.1900000000000004,-2.19,4.440892098500626e-16,True
2011-05-16,Unconstrained,-0.15187683666198265,-2.3579999999999997,-2.357999999999999,4.440892098500626e-16,True
2011-05-17,Unconstrained,-0.12492182850321341,-2.114,-2.114,0.0,True
2011-05-18,Unconstrained,-0.1745735390900024,-2.5819999999999994,-2.5819999999999994,0.0,True
2011-05-19,Unconstrained,-0.18848985569128132,-2.7159999999999997,-2.7159999999999993,4.440892098500626e-16,True
2011-05-20,Unconstrained,-0.21505250015236144,-2.9150000000000005,-2.915000000000001,-4.440892098500626e-16,True
2011-05-23,Unconstrained,-0.1654501617974493,-2.478,-2.4779999999999998,4.440892098500626e-16,True
2011-05-24,Unconstrained,-0.1465177488732784,-2.3129999999999997,-2.3129999999999997,0.0,True
2011-05-25,Unconstrained,-0.14341202130106892,-2.289,-2.289000000000001,-8.881784197001252e-16,True
2011-05-26,Unconstrained,-0.17015475291675342,-2.5430000000000006,-2.543,4.440892098500626e-16,True
2011-05-27,Unconstrained,-0.15020784985565047,-2.3579999999999997,-2.3579999999999997,0.0,True
2011-05-31,Unconstrained,-0.15343850304841655,-2.3909999999999996,-2.3909999999999996,0.0,True
2011-06-01,Unconstrained,-0.10587447232161301,-1.9329999999999998,-1.9329999999999998,0.0,True
2011-06-02,Unconstrained,-0.10452684680275977,-1.9200000000000004,-1.9200000000000002,2.220446049250313e-16,True
2011-06-03,Unconstrained,-0.07987501710239409,-1.6799999999999997,-1.6799999999999993,4.440892098500626e-16,True
2011-06-06,Unconstrained,-0.071592663072661,-1.6019999999999996,-1.6019999999999996,0.0,True
2011-06-07,Unconstrained,-0.07241029362523678,-1.6069999999999993,-1.6069999999999993,0.0,True
2011-06-08,Unconstrained,-0.09983697713704076,-1.8760000000000006,-1.876,6.661338147750939e-16,True
2011-06-09,Unconstrained,-0.08475359620852986,-1.7269999999999996,-1.726999999999999,6.661338147750939e-16,True
2011-06-10,Unconstrained,-0.14208412531440318,-2.2650000000000006,-2.2650000000000015,-8.881784197001252e-16,True
2011-06-13,Unconstrained,-0.12418490535765847,-2.0989999999999993,-2.098999999999999,4.440892098500626e-16,True
2011-06-14,Unconstrained,-0.17138851642103953,-2.53,-2.5300000000000007,-8.881784197001252e-16,True
2011-06-15,Unconstrained,-0.16531293725189747,-2.4319999999999995,-2.4319999999999995,0.0,True
2011-06-16,Unconstrained,-0.1438999675833254,-2.2349999999999994,-2.2349999999999985,8.881784197001252e-16,True
2011-06-17,Unconstrained,-0.11540408130225699,-2.0060000000000002,-2.0060000000000002,0.0,True
2011-06-20,Unconstrained,-0.08569920664221492,-1.7439999999999998,-1.744,-2.220446049250313e-16,True
2011-06-21,Unconstrained,-0.07647042676950389,-1.6519999999999997,-1.6519999999999992,4.440892098500626e-16,True
2011-06-22,Unconstrained,-0.05864780757644669,-1.4739999999999995,-1.4739999999999993,2.220446049250313e-16,True
2011-06-23,Unconstrained,-0.07905562777170824,-1.6790000000000007,-1.679000000000001,-2.220446049250313e-16,True
2011-06-24,Unconstrained,-0.06921286291439852,-1.592,-1.592,0.0,True
2011-06-27,Unconstrained,-0.1077349022664879,-1.9459999999999993,-1.9459999999999993,0.0,True
2011-06-28,Unconstrained,-0.13677051215516792,-2.2150000000000007,-2.2150000000000003,4.440892098500626e-16,True
2011-06-29,Unconstrained,-0.20962784658569422,-2.872999999999999,-2.872999999999999,0.0,True
2011-06-30,Unconstrained,-0.13470160708485976,-2.2090000000000005,-2.209000000000001,-4.440892098500626e-16,True
2011-07-01,Unconstrained,-0.10952038909376767,-1.9629999999999996,-1.9629999999999999,-2.220446049250313e-16,True
2011-07-05,Unconstrained,-0.13139774709892987,-2.178,-2.1780000000000004,-4.440892098500626e-16,True
2011-07-06,Unconstrained,-0.12862194441199556,-2.1510000000000007,-2.1510000000000002,4.440892098500626e-16,True
2011-07-07,Unconstrained,-0.13221619497058806,-2.186,-2.1859999999999995,4.440892098500626e-16,True
2011-07-08,Unconstrained,-0.10999127924945215,-1.9680000000000006,-1.9679999999999997,8.881784197001252e-16,True
2011-07-11,Unconstrained,-0.1464490074795018,-2.308,-2.308,0.0,True
2011-07-12,Unconstrained,-0.1047473113152543,-1.9209999999999994,-1.9209999999999996,-2.220446049250313e-16,True
2011-07-13,Unconstrained,-0.1681968270074442,-2.4790000000000005,-2.479000000000001,-4.440892098500626e-16,True
2011-07-14,Unconstrained,-0.19286761274726064,-2.6629999999999994,-2.6629999999999985,8.881784197001252e-16,True
2011-07-15,Unconstrained,-0.22235103100617426,-2.924000000000001,-2.9240000000000013,-4.440892098500626e-16,True
2011-07-18,Unconstrained,-0.15970319148553308,-2.3920000000000003,-2.392,4.440892098500626e-16,True
2011-07-19,Unconstrained,-0.18271211803550647,-2.6120000000000005,-2.6120000000000014,-8.881784197001252e-16,True
2011-07-20,Unconstrained,-0.14590629968805052,-2.2969999999999997,-2.2969999999999993,4.440892098500626e-16,True
2011-07-21,Unconstrained,-0.1386174012113069,-2.242,-2.2420000000000004,-4.440892098500626e-16,True
2011-07-22,Unconstrained,-0.12969704829879822,-2.1590000000000003,-2.159,4.440892098500626e-16,True
2011-07-25,Unconstrained,-0.10723236290840811,-1.9450000000000003,-1.945,2.220446049250313e-16,True
2011-07-26,Unconstrained,-0.11489641699594139,-2.0120000000000005,-2.012000000000001,-4.440892098500626e-16,True
2011-07-27,Unconstrained,-0.10925412256093131,-1.9439999999999997,-1.9440000000000008,-1.1102230246251565e-15,True
2011-07-28,Unconstrained,-0.12120193680115142,-2.036,-2.036,0.0,True
2011-07-29,Unconstrained,-0.12738836366458942,-2.0650000000000004,-2.0650000000000013,-8.881784197001252e-16,True
2011-08-01,Unconstrained,-0.10046967189933549,-1.864,-1.864,0.0,True
2011-08-02,Unconstrained,-0.07115758256173196,-1.6079999999999999,-1.6079999999999999,0.0,True
2011-08-03,Unconstrained,-0.08432563890363953,-1.7269999999999996,-1.7269999999999999,-2.220446049250313e-16,True
2011-08-04,Unconstrained,-0.03881224641108665,-1.3170000000000002,-1.3170000000000004,-2.220446049250313e-16,True
2011-08-05,Unconstrained,-0.12657553213632716,-1.936,-1.936,0.0,True
2011-08-08,Unconstrained,-0.24797956885876735,-2.1060000000000003,-2.1060000000000003,0.0,True
2011-08-09,Unconstrained,-0.229428838842394,-2.4510000000000005,-2.451000000000001,-4.440892098500626e-16,True
2011-08-10,Unconstrained,-0.15966027860515714,-1.8650000000000007,-1.8650000000000004,2.220446049250313e-16,True
2011-08-11,Unconstrained,-0.16580747421945838,-1.9989999999999994,-1.998999999999999,4.440892098500626e-16,True
2011-08-12,Unconstrained,-0.1497293390647443,-1.9790000000000005,-1.9790000000000005,0.0,True
2011-08-15,Unconstrained,-0.16344785723074165,-2.1760000000000006,-2.1760000000000006,0.0,True
2011-08-16,Unconstrained,-0.17856579089198268,-2.2409999999999997,-2.241,-4.440892098500626e-16,True
2011-08-17,Unconstrained,-0.23689796995042234,-2.6159999999999997,-2.6159999999999997,0.0,True
2011-08-18,Unconstrained,-0.2889585998008101,-2.444,-2.4440000000000004,-4.440892098500626e-16,True
2011-08-19,Unconstrained,-0.28260276457084516,-2.405,-2.405,0.0,True
2011-08-22,Unconstrained,-0.17227557804826607,-1.9400000000000006,-1.9400000000000006,0.0,True
2011-08-23,Unconstrained,-0.228677121009552,-2.405,-2.4050000000000002,-4.440892098500626e-16,True
2011-08-24,Unconstrained,-0.2128871299329968,-2.3370000000000006,-2.337000000000001,-4.440892098500626e-16,True
2011-08-25,Unconstrained,-0.1859653739526065,-2.0810000000000004,-2.081000000000001,-4.440892098500626e-16,True
2011-08-26,Unconstrained,-0.20336405344337546,-2.2969999999999997,-2.297,-4.440892098500626e-16,True
2011-08-29,Unconstrained,-0.15282503831491126,-2.0989999999999993,-2.0989999999999998,-4.440892098500626e-16,True
2011-08-30,Unconstrained,-0.13786082511469364,-1.9900000000000007,-1.9900000000000007,0.0,True
2011-08-31,Unconstrained,-0.13521434489023137,-2.0010000000000003,-2.001000000000001,-4.440892098500626e-16,True
2011-09-01,Unconstrained,-0.1392493810537324,-2.0230000000000006,-2.023000000000001,-4.440892098500626e-16,True
2011-09-02,Unconstrained,-0.13245506735733656,-1.9329999999999998,-1.9329999999999994,4.440892098500626e-16,True
2011-09-06,Unconstrained,-0.17525356992694047,-2.1040000000000005,-2.1040000000000005,0.0,True
2011-09-07,Unconstrained,-0.12151762632778755,-1.875,-1.875,0.0,True
2011-09-08,Unconstrained,-0.12200408381521337,-1.8590000000000004,-1.8590000000000007,-2.220446049250313e-16,True
2011-09-09,Unconstrained,-0.10783327272617868,-1.6900000000000006,-1.6900000000000006,0.0,True
2011-09-12,Unconstrained,-0.11378612980729799,-1.7230000000000003,-1.7230000000000003,0.0,True
2011-09-13,Unconstrained,-0.12196619547935793,-1.8049999999999997,-1.8049999999999995,2.220446049250313e-16,True
2011-09-14,Unconstrained,-0.07862117799808972,-1.5730000000000004,-1.5730000000000004,0.0,True
2011-09-15,Unconstrained,-0.1362284823676749,-2.0,-1.9999999999999996,4.440892098500626e-16,True
2011-09-16,Unconstrained,-0.18382870157107759,-2.3269999999999995,-2.3269999999999995,0.0,True
2011-09-19,Unconstrained,-0.1509238907077698,-2.0760000000000005,-2.076000000000001,-4.440892098500626e-16,True
2011-09-20,Unconstrained,-0.14902858574964578,-2.061,-2.061,0.0,True
2011-09-21,Unconstrained,-0.16106296767099507,-2.0180000000000007,-2.0180000000000007,0.0,True
2011-09-22,Unconstrained,-0.16579959505766215,-1.9370000000000005,-1.9370000000000007,-2.220446049250313e-16,True
2011-09-23,Unconstrained,-0.14300188230459182,-1.8239999999999994,-1.8239999999999996,-2.220446049250313e-16,True
2011-09-26,Unconstrained,-0.17262797531319057,-2.0340000000000003,-2.0340000000000003,0.0,True
2011-09-27,Unconstrained,-0.1514415338190076,-1.9549999999999996,-1.9549999999999994,2.220446049250313e-16,True
2011-09-28,Unconstrained,-0.14165200383436127,-1.8209999999999993,-1.8209999999999993,0.0,True
2011-09-29,Unconstrained,-0.145926908508995,-1.8969999999999998,-1.897,-2.220446049250313e-16,True
2011-09-30,Unconstrained,-0.08491509247775371,-1.4829999999999999,-1.4829999999999999,0.0,True
2011-10-03,Unconstrained,-0.059212167690467575,-1.3090000000000004,-1.3090000000000006,-2.220446049250313e-16,True
2011-10-04,Unconstrained,-0.08671577178661731,-1.528,-1.5279999999999998,2.220446049250313e-16,True
2011-10-05,Unconstrained,-0.056246078281966386,-1.3870000000000005,-1.3870000000000005,0.0,True
2011-10-06,Unconstrained,-0.07742969751751962,-1.5420000000000003,-1.5420000000000003,0.0,True
2011-10-07,Unconstrained,-0.08793838397905318,-1.6099999999999994,-1.6099999999999992,2.220446049250313e-16,True
2011-10-10,Unconstrained,-0.09128375880242814,-1.6810000000000003,-1.681,2.220446049250313e-16,True
2011-10-11,Unconstrained,-0.12237355683031768,-1.8909999999999996,-1.8909999999999993,2.220446049250313e-16,True
2011-10-12,Unconstrained,-0.15842105685331498,-2.1599999999999993,-2.159999999999999,4.440892098500626e-16,True
2011-10-13,Unconstrained,-0.16211840983472553,-2.1980000000000004,-2.1980000000000004,0.0,True
2011-10-14,Unconstrained,-0.1520163365960267,-2.1900000000000004,-2.1900000000000004,0.0,True
2011-10-17,Unconstrained,-0.21756395719801433,-2.4459999999999993,-2.445999999999999,4.440892098500626e-16,True
2011-10-18,Unconstrained,-0.2711999895684339,-2.7989999999999995,-2.7989999999999995,0.0,True
2011-10-19,Unconstrained,-0.18948558067597043,-2.2569999999999992,-2.2569999999999992,0.0,True
2011-10-20,Unconstrained,-0.19133932611797275,-2.2569999999999992,-2.2569999999999992,0.0,True
2011-10-21,Unconstrained,-0.25408677400551666,-2.719,-2.7189999999999994,4.440892098500626e-16,True
2011-10-24,Unconstrained,-0.20092290922778086,-2.4849999999999994,-2.4849999999999985,8.881784197001252e-16,True
2011-10-25,Unconstrained,-0.1795505499596461,-2.2650000000000006,-2.2650000000000006,0.0,True
2011-10-26,Unconstrained,-0.1690862833543029,-2.2650000000000006,-2.2650000000000015,-8.881784197001252e-16,True
2011-10-27,Unconstrained,-0.1563273517087763,-2.281999999999999,-2.281999999999999,0.0,True
2011-10-28,Unconstrained,-0.13272777186720236,-2.1180000000000008,-2.1180000000000003,4.440892098500626e-16,True
2011-10-31,Unconstrained,-0.13999337774878667,-2.069,-2.069,0.0,True
2011-11-01,Unconstrained,-0.27038816592584153,-2.6650000000000005,-2.6650000000000005,0.0,True
2011-11-02,Unconstrained,-0.20451978795567957,-2.3950000000000005,-2.395,4.440892098500626e-16,True
2011-11-03,Unconstrained,-0.19649627923863633,-2.4189999999999996,-2.4189999999999996,0.0,True
2011-11-04,Unconstrained,-0.1846458357370124,-2.3560000000000003,-2.356000000000001,-8.881784197001252e-16,True
2011-11-07,Unconstrained,-0.20527289883721675,-2.4930000000000008,-2.4930000000000003,4.440892098500626e-16,True
2011-11-08,Unconstrained,-0.19129647154911497,-2.4769999999999994,-2.477,-4.440892098500626e-16,True
2011-11-09,Unconstrained,-0.20491342164539061,-2.2870000000000004,-2.2870000000000004,0.0,True
2011-11-10,Unconstrained,-0.22819410942641966,-2.5239999999999996,-2.523999999999999,4.440892098500626e-16,True
2011-11-11,Unconstrained,-0.20020188099837283,-2.4560000000000004,-2.456,4.440892098500626e-16,True
2011-11-14,Unconstrained,-0.20602427598119039,-2.4560000000000004,-2.456000000000001,-4.440892098500626e-16,True
2011-11-15,Unconstrained,-0.21355460166127616,-2.497,-2.4970000000000003,-4.440892098500626e-16,True
2011-11-16,Unconstrained,-0.19068223423412906,-2.2920000000000003,-2.2920000000000003,0.0,True
2011-11-17,Unconstrained,-0.17258517248797114,-2.1590000000000003,-2.159,4.440892098500626e-16,True
2011-11-18,Unconstrained,-0.13694466186381923,-2.0040000000000004,-2.0040000000000013,-8.881784197001252e-16,True
2011-11-21,Unconstrained,-0.06716879383697652,-1.5150000000000006,-1.5150000000000001,4.440892098500626e-16,True
2011-11-22,Unconstrained,-0.06264648441847614,-1.4920000000000002,-1.4920000000000002,0.0,True
2011-11-23,Unconstrained,-0.09303365696542465,-1.6780000000000002,-1.6780000000000002,0.0,True
2011-11-25,Unconstrained,-0.06416914140298885,-1.4769999999999996,-1.4769999999999996,0.0,True
2011-11-28,Unconstrained,-0.11599429922653913,-1.8629999999999995,-1.8629999999999993,2.220446049250313e-16,True
2011-11-29,Unconstrained,-0.08165945919185322,-1.6450000000000002,-1.6449999999999998,4.440892098500626e-16,True
2011-11-30,Unconstrained,-0.07924668076103869,-1.6560000000000001,-1.656,2.220446049250313e-16,True
2011-12-01,Unconstrained,-0.0831092582764573,-1.6900000000000006,-1.6900000000000006,0.0,True
2011-12-02,Unconstrained,-0.07580420160821308,-1.6310000000000002,-1.6310000000000002,0.0,True
2011-12-05,Unconstrained,-0.07398035267168165,-1.614,-1.614,0.0,True
2011-12-06,Unconstrained,-0.061937100554876445,-1.5159999999999996,-1.5159999999999993,2.220446049250313e-16,True
2011-12-07,Unconstrained,-0.07138870722784264,-1.5870000000000004,-1.5870000000000002,2.220446049250313e-16,True
2011-12-08,Unconstrained,-0.06701580770983666,-1.5370000000000004,-1.5370000000000006,-2.220446049250313e-16,True
2011-12-09,Unconstrained,-0.08117478420977361,-1.6829999999999998,-1.683,-2.220446049250313e-16,True
2011-12-12,Unconstrained,-0.12320430117405254,-2.0260000000000007,-2.0260000000000002,4.440892098500626e-16,True
2011-12-13,Unconstrained,-0.11235437942704327,-1.9439999999999997,-1.9439999999999997,0.0,True
2011-12-14,Unconstrained,-0.12913379283503568,-2.066,-2.066,0.0,True
2011-12-15,Unconstrained,-0.14912989017926012,-2.2349999999999994,-2.234999999999999,4.440892098500626e-16,True
2011-12-16,Unconstrained,-0.10808186520572301,-1.922,-1.9219999999999993,6.661338147750939e-16,True
2011-12-19,Unconstrained,-0.07708498849463308,-1.658,-1.658,0.0,True
2011-12-20,Unconstrained,-0.12409246338487293,-2.066,-2.0660000000000003,-4.440892098500626e-16,True
2011-12-21,Unconstrained,-0.06096603529274812,-1.5159999999999996,-1.5159999999999991,4.440892098500626e-16,True
2011-12-22,Unconstrained,-0.06534439765895736,-1.5560000000000003,-1.5560000000000003,0.0,True
2011-12-23,Unconstrained,-0.08239459964487182,-1.714,-1.7140000000000002,-2.220446049250313e-16,True
2011-12-27,Unconstrained,-0.07569652084018015,-1.653,-1.6530000000000007,-6.661338147750939e-16,True
2011-12-28,Unconstrained,-0.07352286190405269,-1.6319999999999992,-1.632,-6.661338147750939e-16,True
2011-12-29,Unconstrained,-0.07618279786512772,-1.6569999999999994,-1.6569999999999991,2.220446049250313e-16,True
2011-12-30,Unconstrained,-0.07225142679110265,-1.6209999999999993,-1.6209999999999996,-2.220446049250313e-16,True
2012-01-03,Unconstrained,-0.0822237130498041,-1.7099999999999995,-1.7099999999999995,0.0,True
2012-01-04,Unconstrained,-0.08795987271468607,-1.7629999999999995,-1.762999999999999,4.440892098500626e-16,True
2012-01-05,Unconstrained,-0.08921129672945707,-1.7760000000000005,-1.7760000000000005,0.0,True
2012-01-06,Unconstrained,-0.09487526926663514,-1.8290000000000006,-1.8290000000000008,-2.220446049250313e-16,True
2012-01-09,Unconstrained,-0.10362948816280615,-1.9069999999999994,-1.9069999999999991,2.220446049250313e-16,True
2012-01-10,Unconstrained,-0.10258404241649889,-1.8989999999999996,-1.8989999999999991,4.440892098500626e-16,True
2012-01-11,Unconstrained,-0.11633605919715528,-2.0200000000000005,-2.0200000000000005,0.0,True
2012-01-12,Unconstrained,-0.12245104819672104,-2.0780000000000003,-2.0780000000000003,0.0,True
2012-01-13,Unconstrained,-0.13595566339657303,-2.192,-2.192,0.0,True
2012-01-17,Unconstrained,-0.18404627378336702,-2.5629999999999997,-2.5629999999999993,4.440892098500626e-16,True
2012-01-18,Unconstrained,-0.24856648702833284,-3.0780000000000003,-3.0780000000000003,0.0,True
2012-01-19,Unconstrained,-0.2282445583624712,-2.9599999999999995,-2.959999999999999,4.440892098500626e-16,True
2012-01-20,Unconstrained,-0.2184478111744643,-2.924000000000001,-2.9240000000000004,4.440892098500626e-16,True
2012-01-23,Unconstrained,-0.17822600702947572,-2.5829999999999997,-2.5829999999999997,0.0,True
2012-01-24,Unconstrained,-0.19725333622114094,-2.7379999999999995,-2.737999999999998,1.3322676295501878e-15,True
2012-01-25,Unconstrained,-0.17054443383285536,-2.522,-2.5220000000000002,-4.440892098500626e-16,True
2012-01-26,Unconstrained,-0.14527810431411492,-2.2959999999999994,-2.295999999999999,4.440892098500626e-16,True
2012-01-27,Unconstrained,-0.12915881762055334,-2.15,-2.15,0.0,True
2012-01-30,Unconstrained,-0.1351773968332008,-2.1989999999999994,-2.199,-4.440892098500626e-16,True
2012-01-31,Unconstrained,-0.134875675100048,-2.1959999999999993,-2.1959999999999993,0.0,True
2012-02-01,Unconstrained,-0.1279712616869018,-2.1390000000000002,-2.1390000000000002,0.0,True
2012-02-02,Unconstrained,-0.13712274566702437,-2.2260000000000004,-2.226000000000001,-4.440892098500626e-16,True
2012-02-03,Unconstrained,-0.13540705919717264,-2.214,-2.214,0.0,True
2012-02-06,Unconstrained,-0.15197225387576316,-2.3629999999999995,-2.362999999999999,4.440892098500626e-16,True
2012-02-07,Unconstrained,-0.14518621668123097,-2.3019999999999996,-2.3019999999999996,0.0,True
2012-02-08,Unconstrained,-0.16507441968218964,-2.4760000000000004,-2.476000000000001,-4.440892098500626e-16,True
2012-02-09,Unconstrained,-0.18581970842542714,-2.6480000000000006,-2.6480000000000006,0.0,True
2012-02-10,Unconstrained,-0.23167356400877795,-2.9590000000000005,-2.959,4.440892098500626e-16,True
2012-02-13,Unconstrained,-0.2038347418844269,-2.789,-2.7890000000000006,-4.440892098500626e-16,True
2012-02-14,Unconstrained,-0.23176555465249868,-2.996000000000001,-2.996000000000001,0.0,True
2012-02-15,Unconstrained,-0.2234461058187794,-2.8879999999999995,-2.8879999999999986,8.881784197001252e-16,True
2012-02-16,Unconstrained,-0.23491332146093105,-3.028999999999999,-3.028999999999999,0.0,True
2012-02-17,Unconstrained,-0.22073562412412054,-2.9539999999999993,-2.953999999999999,4.440892098500626e-16,True
2012-02-21,Unconstrained,-0.20861511483301,-2.846000000000001,-2.846,8.881784197001252e-16,True
2012-02-22,Unconstrained,-0.19943032390750937,-2.7700000000000005,-2.7700000000000005,0.0,True
2012-02-23,Unconstrained,-0.19785221801547231,-2.781,-2.780999999999999,1.3322676295501878e-15,True
2012-02-24,Unconstrained,-0.20960167011548092,-2.872,-2.8720000000000003,-4.440892098500626e-16,True
2012-02-27,Unconstrained,-0.1908541158671151,-2.6980000000000004,-2.6980000000000013,-8.881784197001252e-16,True
2012-02-28,Unconstrained,-0.17495029115966623,-2.5650000000000004,-2.5650000000000013,-8.881784197001252e-16,True
2012-02-29,Unconstrained,-0.16350090779474602,-2.4590000000000005,-2.459000000000001,-4.440892098500626e-16,True
2012-03-01,Unconstrained,-0.1966385992164695,-2.7629999999999995,-2.763,-4.440892098500626e-16,True
2012-03-02,Unconstrained,-0.16892856671526754,-2.5200000000000005,-2.5200000000000014,-8.881784197001252e-16,True
2012-03-05,Unconstrained,-0.18179609888797585,-2.623,-2.6229999999999998,4.440892098500626e-16,True
2012-03-06,Unconstrained,-0.19128759204896187,-2.6489999999999996,-2.6490000000000005,-8.881784197001252e-16,True
2012-03-07,Unconstrained,-0.1812327325546182,-2.6019999999999994,-2.602,-4.440892098500626e-16,True
2012-03-08,Unconstrained,-0.16842741067178374,-2.508,-2.5079999999999996,4.440892098500626e-16,True
2012-03-09,Unconstrained,-0.16404983231996714,-2.478,-2.478000000000001,-8.881784197001252e-16,True
2012-03-12,Unconstrained,-0.34061948923218505,-3.925,-3.925,0.0,True
2012-03-13,Unconstrained,-0.14269484538024205,-2.289,-2.289,0.0,True
2012-03-14,Unconstrained,-0.10176548837468664,-1.8819999999999992,-1.8819999999999992,0.0,True
2012-03-15,Unconstrained,-0.3011663148148232,-3.650999999999999,-3.650999999999999,0.0,True
2012-03-16,Unconstrained,-0.3222937127407119,-3.843000000000001,-3.843000000000001,0.0,True
2012-03-19,Unconstrained,-0.20659427086066876,-2.8849999999999993,-2.885,-4.440892098500626e-16,True
2012-03-20,Unconstrained,-0.19815302743734045,-2.802000000000001,-2.8020000000000005,4.440892098500626e-16,True
2012-03-21,Unconstrained,-0.1605326316833057,-2.4599999999999995,-2.4599999999999995,0.0,True
2012-03-22,Unconstrained,-0.1251574560633864,-2.117,-2.116999999999999,8.881784197001252e-16,True
2012-03-23,Unconstrained,-0.14361723361963888,-2.2980000000000005,-2.2980000000000005,0.0,True
2012-03-26,Unconstrained,-0.09483135936167651,-1.8019999999999996,-1.8019999999999998,-2.220446049250313e-16,True
2012-03-27,Unconstrained,-0.12474816793943856,-2.1129999999999995,-2.1129999999999995,0.0,True
2012-03-28,Unconstrained,-0.12964622180280108,-2.161,-2.161,0.0,True
2012-03-29,Unconstrained,-0.1304618844250725,-2.1689999999999996,-2.1689999999999996,0.0,True
2012-03-30,Unconstrained,-0.16469174994299113,-2.497,-2.497,0.0,True
2012-04-02,Unconstrained,-0.1453445484214285,-2.3129999999999997,-2.3129999999999984,1.3322676295501878e-15,True
2012-04-03,Unconstrained,-0.1528000260493127,-2.3840000000000003,-2.384,4.440892098500626e-16,True
2012-04-04,Unconstrained,-0.12334540443038146,-2.1,-2.0999999999999996,4.440892098500626e-16,True
2012-04-05,Unconstrained,-0.11930537861598639,-2.061,-2.0609999999999995,4.440892098500626e-16,True
2012-04-09,Unconstrained,-0.10290431774506718,-1.9049999999999998,-1.9049999999999991,6.661338147750939e-16,True
2012-04-10,Unconstrained,-0.10556409494795177,-1.9269999999999996,-1.9269999999999994,2.220446049250313e-16,True
2012-04-11,Unconstrained,-0.09631747152487537,-1.8430000000000006,-1.843000000000001,-4.440892098500626e-16,True
2012-04-12,Unconstrained,-0.11160486274731582,-1.9870000000000005,-1.9870000000000005,0.0,True
2012-04-13,Unconstrained,-0.09373793703214868,-1.8189999999999997,-1.818999999999999,6.661338147750939e-16,True
2012-04-16,Unconstrained,-0.077695755405228,-1.6670000000000003,-1.6669999999999996,6.661338147750939e-16,True
2012-04-17,Unconstrained,-0.13272083124686707,-2.183,-2.183,0.0,True
2012-04-18,Unconstrained,-0.10767560655654669,-1.95,-1.9500000000000002,-2.220446049250313e-16,True
2012-04-19,Unconstrained,-0.08783874743364678,-1.7599999999999993,-1.7599999999999996,-2.220446049250313e-16,True
2012-04-20,Unconstrained,-0.09285622167082358,-1.8049999999999997,-1.8049999999999995,2.220446049250313e-16,True
2012-04-23,Unconstrained,-0.08334816360478757,-1.7189999999999999,-1.7189999999999992,6.661338147750939e-16,True
2012-04-24,Unconstrained,-0.09578426919453348,-1.8359999999999999,-1.8360000000000003,-4.440892098500626e-16,True
2012-04-25,Unconstrained,-0.13944542969497398,-2.253,-2.253,0.0,True
2012-04-26,Unconstrained,-0.12366201380064046,-2.103,-2.1029999999999998,4.440892098500626e-16,True
2012-04-27,Unconstrained,-0.11392494114204517,-2.008,-2.008,0.0,True
2012-04-30,Unconstrained,-0.11119815901235192,-1.9829999999999999,-1.983,-2.220446049250313e-16,True
2012-05-01,Unconstrained,-0.11488941595345277,-2.0180000000000007,-2.0180000000000007,0.0,True
2012-05-02,Unconstrained,-0.11237562153084957,-1.9939999999999998,-1.9939999999999998,0.0,True
2012-05-03,Unconstrained,-0.0739210988077057,-1.6180000000000008,-1.6180000000000008,0.0,True
2012-05-04,Unconstrained,-0.06919555199463924,-1.5829999999999997,-1.583,-2.220446049250313e-16,True
2012-05-07,Unconstrained,-0.07807754355568354,-1.6680000000000006,-1.6680000000000006,0.0,True
2012-05-08,Unconstrained,-0.08373391921650984,-1.7230000000000003,-1.723,2.220446049250313e-16,True
2012-05-09,Unconstrained,-0.060540984431227796,-1.5049999999999997,-1.505,-2.220446049250313e-16,True
2012-05-10,Unconstrained,-0.0620974660812648,-1.511,-1.5110000000000001,-2.220446049250313e-16,True
2012-05-11,Unconstrained,-0.057059364965127445,-1.4700000000000002,-1.47,2.220446049250313e-16,True
2012-05-14,Unconstrained,-0.10532266320308387,-1.9180000000000006,-1.9180000000000008,-2.220446049250313e-16,True
2012-05-15,Unconstrained,-0.11528359479417302,-2.0040000000000004,-2.004000000000001,-4.440892098500626e-16,True
2012-05-16,Unconstrained,-0.09748020306450747,-1.847,-1.8469999999999998,2.220446049250313e-16,True
2012-05-17,Unconstrained,-0.11224286187570227,-1.9540000000000006,-1.954,6.661338147750939e-16,True
2012-05-18,Unconstrained,-0.10989529004945661,-1.9280000000000002,-1.9280000000000002,0.0,True
2012-05-21,Unconstrained,-0.10977740439993419,-1.9560000000000002,-1.9560000000000004,-2.220446049250313e-16,True
2012-05-22,Unconstrained,-0.10727725244076329,-1.9310000000000003,-1.9310000000000003,0.0,True
2012-05-23,Unconstrained,-0.10958336376697612,-1.9519999999999995,-1.951999999999999,4.440892098500626e-16,True
2012-05-24,Unconstrained,-0.12181180231919288,-2.064,-2.0640000000000005,-4.440892098500626e-16,True
2012-05-25,Unconstrained,-0.11902061595475288,-2.0379999999999994,-2.0379999999999985,8.881784197001252e-16,True
2012-05-29,Unconstrained,-0.14161031655130382,-2.239,-2.2389999999999994,4.440892098500626e-16,True
2012-05-30,Unconstrained,-0.0997360570930302,-1.8540000000000005,-1.8540000000000008,-2.220446049250313e-16,True
2012-05-31,Unconstrained,-0.10901177692887834,-1.9319999999999993,-1.9319999999999995,-2.220446049250313e-16,True
2012-06-01,Unconstrained,-0.07552712200183602,-1.6349999999999993,-1.6349999999999991,2.220446049250313e-16,True
2012-06-04,Unconstrained,-0.07887110897460288,-1.6659999999999997,-1.6659999999999997,0.0,True
2012-06-05,Unconstrained,-0.08272240416129496,-1.7069999999999994,-1.7069999999999992,2.220446049250313e-16,True
2012-06-06,Unconstrained,-0.11105665644956302,-1.9659999999999997,-1.9659999999999997,0.0,True
2012-06-07,Unconstrained,-0.11471195749884802,-2.0010000000000003,-2.0010000000000003,0.0,True
2012-06-08,Unconstrained,-0.13835857187363212,-2.2090000000000005,-2.2090000000000005,0.0,True
2012-06-11,Unconstrained,-0.10796114625661667,-1.9280000000000002,-1.9280000000000002,0.0,True
2012-06-12,Unconstrained,-0.13638935855463116,-2.1819999999999995,-2.1819999999999995,0.0,True
2012-06-13,Unconstrained,-0.12213531800836355,-2.0370000000000004,-2.037000000000001,-4.440892098500626e-16,True
2012-06-14,Unconstrained,-0.05968543729086152,-1.5049999999999997,-1.5049999999999997,0.0,True
2012-06-15,Unconstrained,-0.18675170455795204,-2.6079999999999997,-2.6079999999999997,0.0,True
2012-06-18,Unconstrained,-0.12580692054486395,-2.12,-2.1199999999999997,4.440892098500626e-16,True
2012-06-19,Unconstrained,-0.14655108897573035,-2.309,-2.3089999999999997,4.440892098500626e-16,True
2012-06-20,Unconstrained,-0.13460783852522648,-2.2060000000000004,-2.206000000000001,-4.440892098500626e-16,True
2012-06-21,Unconstrained,-0.09599857362352429,-1.8400000000000005,-1.8400000000000007,-2.220446049250313e-16,True
2012-06-22,Unconstrained,-0.07541135833435134,-1.6370000000000005,-1.6370000000000005,0.0,True
2012-06-25,Unconstrained,-0.07338608232470294,-1.6290000000000007,-1.6289999999999993,1.3322676295501878e-15,True
2012-06-26,Unconstrained,-0.05708888145630183,-1.4689999999999999,-1.469,-2.220446049250313e-16,True
2012-06-27,Unconstrained,-0.06922143945384564,-1.5849999999999995,-1.5849999999999995,0.0,True
2012-06-28,Unconstrained,-0.08004957897517836,-1.6900000000000006,-1.6900000000000006,0.0,True
2012-06-29,Unconstrained,-0.10360803968402847,-1.9090000000000003,-1.9090000000000003,0.0,True
2012-07-02,Unconstrained,-0.10167280045317158,-1.889,-1.889,0.0,True
2012-07-03,Unconstrained,-0.09608493500447228,-1.8329999999999997,-1.8330000000000002,-4.440892098500626e-16,True
2012-07-05,Unconstrained,-0.09140276760163493,-1.7909999999999997,-1.7909999999999997,0.0,True
2012-07-06,Unconstrained,-0.09707898745604625,-1.8450000000000002,-1.8449999999999998,4.440892098500626e-16,True
2012-07-09,Unconstrained,-0.10893423724806117,-1.9620000000000004,-1.9620000000000009,-4.440892098500626e-16,True
2012-07-10,Unconstrained,-0.10598013684187721,-1.9340000000000004,-1.9340000000000006,-2.220446049250313e-16,True
2012-07-11,Unconstrained,-0.0849579983593834,-1.7299999999999998,-1.7299999999999995,2.220446049250313e-16,True
2012-07-12,Unconstrained,-0.07282362414202669,-1.6129999999999995,-1.6129999999999995,0.0,True
2012-07-13,Unconstrained,-0.1041325090196542,-1.9129999999999996,-1.9129999999999996,0.0,True
2012-07-16,Unconstrained,-0.06356462615138472,-1.5090000000000003,-1.5090000000000006,-2.220446049250313e-16,True
2012-07-17,Unconstrained,-0.08513453283520298,-1.722,-1.7219999999999995,4.440892098500626e-16,True
2012-07-18,Unconstrained,-0.07921571482550908,-1.6590000000000003,-1.6590000000000007,-4.440892098500626e-16,True
2012-07-19,Unconstrained,-0.05701904294477337,-1.4189999999999998,-1.4189999999999998,0.0,True
2012-07-20,Unconstrained,-0.07842696706797984,-1.6519999999999997,-1.6519999999999995,2.220446049250313e-16,True
2012-07-23,Unconstrained,-0.11578690821003965,-2.0260000000000007,-2.0260000000000002,4.440892098500626e-16,True
2012-07-24,Unconstrained,-0.10405040403556923,-1.9129999999999996,-1.9129999999999996,0.0,True
2012-07-25,Unconstrained,-0.09790241387278178,-1.8579999999999999,-1.858,-2.220446049250313e-16,True
2012-07-26,Unconstrained,-0.08136654177872675,-1.6920000000000002,-1.692,2.220446049250313e-16,True
2012-07-27,Unconstrained,-0.057330505378414894,-1.4400000000000006,-1.4400000000000015,-8.881784197001252e-16,True
2012-07-30,Unconstrained,-0.0603281945340712,-1.486,-1.486,0.0,True
2012-07-31,Unconstrained,-0.05071415728635686,-1.3989999999999996,-1.398999999999999,6.661338147750939e-16,True
2012-08-01,Unconstrained,-0.05672370372983768,-1.4590000000000003,-1.459,2.220446049250313e-16,True
2012-08-02,Unconstrained,-0.055787276810952295,-1.4349999999999994,-1.4349999999999998,-4.440892098500626e-16,True
2012-08-03,Unconstrained,-0.1158368296810885,-2.025,-2.025000000000001,-8.881784197001252e-16,True
2012-08-06,Unconstrained,-0.06204032646155902,-1.4790000000000005,-1.4790000000000005,0.0,True
2012-08-07,Unconstrained,-0.05017227030422443,-1.3549999999999998,-1.355,-2.220446049250313e-16,True
2012-08-08,Unconstrained,-0.0682855987896565,-1.536,-1.5360000000000005,-4.440892098500626e-16,True
2012-08-09,Unconstrained,-0.11187373456077501,-1.9840000000000004,-1.9840000000000007,-2.220446049250313e-16,True
2012-08-10,Unconstrained,-0.09314609091564911,-1.7890000000000001,-1.7890000000000001,0.0,True
2012-08-13,Unconstrained,-0.13038739953140793,-2.1650000000000005,-2.165000000000001,-4.440892098500626e-16,True
2012-08-14,Unconstrained,-0.1341558333268613,-2.2049999999999996,-2.204999999999999,4.440892098500626e-16,True
2012-08-15,Unconstrained,-0.11269047903355574,-1.989,-1.9890000000000012,-1.1102230246251565e-15,True
2012-08-16,Unconstrained,-0.13311843937983514,-2.194,-2.1940000000000004,-4.440892098500626e-16,True
2012-08-17,Unconstrained,-0.15167615191585515,-2.3790000000000004,-2.3790000000000004,0.0,True
2012-08-20,Unconstrained,-0.17286988640549783,-2.5840000000000005,-2.5840000000000005,0.0,True
2012-08-21,Unconstrained,-0.21947945714469336,-2.999000000000001,-2.9990000000000023,-1.3322676295501878e-15,True
2012-08-22,Unconstrained,-0.16813740755294473,-2.531999999999999,-2.531999999999999,0.0,True
2012-08-23,Unconstrained,-0.13792192490734995,-2.2409999999999997,-2.240999999999999,4.440892098500626e-16,True
2012-08-24,Unconstrained,-0.1515500684376774,-2.3739999999999997,-2.3739999999999983,1.3322676295501878e-15,True
2012-08-27,Unconstrained,-0.12883023222449438,-2.153,-2.153,0.0,True
2012-08-28,Unconstrained,-0.11593342933504383,-2.028,-2.0279999999999996,4.440892098500626e-16,True
2012-08-29,Unconstrained,-0.11867131625357864,-2.0549999999999997,-2.0549999999999993,4.440892098500626e-16,True
2012-08-30,Unconstrained,-0.10248460616500164,-1.9,-1.9,0.0,True
2012-08-31,Unconstrained,-0.12110383405109565,-2.0780000000000003,-2.078,4.440892098500626e-16,True
2012-09-04,Unconstrained,-0.10861960498884508,-1.9590000000000003,-1.9590000000000003,0.0,True
2012-09-05,Unconstrained,-0.1180789467545297,-2.0489999999999995,-2.0489999999999995,0.0,True
2012-09-06,Unconstrained,-0.10644609326121997,-1.9310000000000003,-1.9310000000000005,-2.220446049250313e-16,True
2012-09-07,Unconstrained,-0.12078345725242404,-2.0700000000000003,-2.0700000000000003,0.0,True
2012-09-10,Unconstrained,-0.13757804694772433,-2.2370000000000005,-2.237000000000001,-4.440892098500626e-16,True
2012-09-11,Unconstrained,-0.14235655919030968,-2.281999999999999,-2.281999999999999,0.0,True
2012-09-12,Unconstrained,-0.14801936399592822,-2.3379999999999996,-2.3379999999999996,0.0,True
2012-09-13,Unconstrained,-0.07305273045687485,-1.5689999999999997,-1.569,-2.220446049250313e-16,True
2012-09-14,Unconstrained,-0.08732328867668371,-1.7260000000000004,-1.7260000000000006,-2.220446049250313e-16,True
2012-09-17,Unconstrained,-0.14064521406759617,-2.2689999999999997,-2.2689999999999997,0.0,True
2012-09-18,Unconstrained,-0.1893028304270245,-2.7379999999999995,-2.737999999999999,4.440892098500626e-16,True
2012-09-19,Unconstrained,-0.13816871998697686,-2.2439999999999998,-2.2439999999999998,0.0,True
2012-09-20,Unconstrained,-0.19617441308179118,-2.803,-2.803,0.0,True
2012-09-21,Unconstrained,-0.22435828848814443,-3.0599999999999996,-3.059999999999999,4.440892098500626e-16,True
2012-09-24,Unconstrained,-0.2081751566695134,-2.9120000000000004,-2.912000000000001,-4.440892098500626e-16,True
2012-09-25,Unconstrained,-0.1697755264104169,-2.5450000000000004,-2.5450000000000004,0.0,True
2012-09-26,Unconstrained,-0.15587939178361804,-2.406,-2.4059999999999997,4.440892098500626e-16,True
2012-09-27,Unconstrained,-0.1920146873919721,-2.7560000000000002,-2.7560000000000002,0.0,True
2012-09-28,Unconstrained,-0.17458986762905443,-2.5870000000000006,-2.587,4.440892098500626e-16,True
2012-10-01,Unconstrained,-0.20111272977526318,-2.816999999999999,-2.816999999999999,0.0,True
2012-10-02,Unconstrained,-0.18807738217920156,-2.7099999999999995,-2.7100000000000004,-8.881784197001252e-16,True
2012-10-03,Unconstrained,-0.1692390405191041,-2.5400000000000005,-2.5400000000000005,0.0,True
2012-10-04,Unconstrained,-0.11765227194496376,-2.039,-2.0389999999999997,4.440892098500626e-16,True
2012-10-05,Unconstrained,-0.15243125253476675,-2.3849999999999993,-2.3849999999999993,0.0,True
2012-10-08,Unconstrained,-0.1342452216271091,-2.2060000000000004,-2.2060000000000004,0.0,True
2012-10-09,Unconstrained,-0.1255160404449796,-2.1209999999999996,-2.120999999999999,4.440892098500626e-16,True
2012-10-10,Unconstrained,-0.11780964178583639,-2.0459999999999994,-2.0459999999999985,8.881784197001252e-16,True
2012-10-11,Unconstrained,-0.1217051986005264,-2.0829999999999997,-2.0829999999999997,0.0,True
2012-10-12,Unconstrained,-0.12305228623222335,-2.097,-2.0969999999999995,4.440892098500626e-16,True
2012-10-15,Unconstrained,-0.13823522715372216,-2.245,-2.245,0.0,True
2012-10-16,Unconstrained,-0.1389488621468647,-2.252,-2.2520000000000002,-4.440892098500626e-16,True
2012-10-17,Unconstrained,-0.16418854365238067,-2.495,-2.495,0.0,True
2012-10-18,Unconstrained,-0.1602678798677557,-2.4579999999999997,-2.4579999999999997,0.0,True
2012-10-19,Unconstrained,-0.17077279116007255,-2.539,-2.5390000000000006,-4.440892098500626e-16,True
2012-10-22,Unconstrained,-0.14425127891230702,-2.2989999999999995,-2.298999999999999,4.440892098500626e-16,True
2012-10-23,Unconstrained,-0.1147647293304601,-2.0159999999999996,-2.0159999999999987,8.881784197001252e-16,True
2012-10-24,Unconstrained,-0.10587329197866595,-1.9329999999999998,-1.9330000000000003,-4.440892098500626e-16,True
2012-10-25,Unconstrained,-0.12240559762236838,-2.089,-2.089,0.0,True
2012-10-26,Unconstrained,-0.10570988007493616,-1.9310000000000003,-1.9310000000000005,-2.220446049250313e-16,True
2012-10-31,Unconstrained,-0.061589605832457206,-1.5040000000000007,-1.504000000000001,-2.220446049250313e-16,True
2012-11-01,Unconstrained,-0.09125401049303365,-1.7849999999999995,-1.7850000000000001,-6.661338147750939e-16,True
2012-11-02,Unconstrained,-0.06990459339280322,-1.578,-1.5779999999999994,6.661338147750939e-16,True
2012-11-05,Unconstrained,-0.06658396072484499,-1.5519999999999996,-1.5519999999999998,-2.220446049250313e-16,True
2012-11-06,Unconstrained,-0.0755057050328187,-1.6340000000000003,-1.6340000000000008,-4.440892098500626e-16,True
2012-11-07,Unconstrained,-0.0720214390479565,-1.6099999999999994,-1.6099999999999992,2.220446049250313e-16,True
2012-11-08,Unconstrained,-0.07842448341333677,-1.6689999999999998,-1.6690000000000016,-1.7763568394002505e-15,True
2012-11-09,Unconstrained,-0.06521551331442077,-1.5400000000000005,-1.540000000000001,-4.440892098500626e-16,True
2012-11-12,Unconstrained,-0.05571402424967615,-1.4230000000000005,-1.423,4.440892098500626e-16,True
2012-11-13,Unconstrained,-0.061361812066848605,-1.4810000000000003,-1.4810000000000003,0.0,True
2012-11-14,Unconstrained,-0.044381421549441004,-1.3230000000000004,-1.3230000000000006,-2.220446049250313e-16,True
2012-11-15,Unconstrained,-0.048409166534443604,-1.3650000000000007,-1.3650000000000002,4.440892098500626e-16,True
2012-11-16,Unconstrained,-0.07174267911905176,-1.5849999999999995,-1.5849999999999995,0.0,True
2012-11-19,Unconstrained,-0.05047691586112376,-1.3459999999999994,-1.3459999999999994,0.0,True
2012-11-20,Unconstrained,-0.08665796515496914,-1.725,-1.7249999999999999,2.220446049250313e-16,True
2012-11-21,Unconstrained,-0.08035613823138374,-1.6620000000000004,-1.6620000000000001,2.220446049250313e-16,True
2012-11-23,Unconstrained,-0.09211873525948674,-1.7819999999999994,-1.7819999999999998,-4.440892098500626e-16,True
2012-11-26,Unconstrained,-0.0834484648095889,-1.6959999999999993,-1.6959999999999995,-2.220446049250313e-16,True
2012-11-27,Unconstrained,-0.08003086213463345,-1.6650000000000005,-1.6650000000000005,0.0,True
2012-11-28,Unconstrained,-0.07532951432607422,-1.6120000000000005,-1.612,4.440892098500626e-16,True
2012-11-29,Unconstrained,-0.08764181304735232,-1.7349999999999994,-1.7349999999999997,-2.220446049250313e-16,True
2012-11-30,Unconstrained,-0.08417371533292882,-1.7069999999999994,-1.7069999999999996,-2.220446049250313e-16,True
2012-12-03,Unconstrained,-0.07277890263088284,-1.5980000000000003,-1.5980000000000005,-2.220446049250313e-16,True
2012-12-04,Unconstrained,-0.06571309153316204,-1.5310000000000001,-1.530999999999999,1.1102230246251565e-15,True
2012-12-05,Unconstrained,-0.05908259124465142,-1.4549999999999996,-1.4549999999999994,2.220446049250313e-16,True
2012-12-06,Unconstrained,-0.07049138545622154,-1.5739999999999994,-1.573999999999999,4.440892098500626e-16,True
2012-12-07,Unconstrained,-0.06632217138944976,-1.5230000000000004,-1.5230000000000004,0.0,True
2012-12-10,Unconstrained,-0.06172027200921553,-1.4769999999999996,-1.4769999999999994,2.220446049250313e-16,True
2012-12-11,Unconstrained,-0.07333957718211057,-1.592,-1.5920000000000005,-4.440892098500626e-16,True
2012-12-12,Unconstrained,-0.07844430522553733,-1.6489999999999996,-1.6489999999999996,0.0,True
2012-12-13,Unconstrained,-0.07540703183021602,-1.6239999999999994,-1.6239999999999999,-4.440892098500626e-16,True
2012-12-14,Unconstrained,-0.10190025588787664,-1.8920000000000001,-1.8920000000000006,-4.440892098500626e-16,True
2012-12-17,Unconstrained,-0.09357399320352083,-1.8060000000000003,-1.8059999999999998,4.440892098500626e-16,True
2012-12-18,Unconstrained,-0.09215389595136661,-1.786,-1.7859999999999994,6.661338147750939e-16,True
2012-12-19,Unconstrained,-0.1208809909855331,-2.0760000000000005,-2.0760000000000005,0.0,True
2012-12-20,Unconstrained,-0.1612102170342319,-2.447,-2.447,0.0,True
2012-12-21,Unconstrained,-0.19133470751587298,-2.7079999999999997,-2.7079999999999997,0.0,True
2012-12-24,Unconstrained,-0.16140321476000316,-2.447,-2.447000000000001,-8.881784197001252e-16,True
2012-12-26,Unconstrained,-0.13738433332210084,-2.218000000000001,-2.2180000000000004,4.440892098500626e-16,True
2012-12-27,Unconstrained,-0.10888153124029176,-1.9599999999999995,-1.9599999999999995,0.0,True
2012-12-28,Unconstrained,-0.09671827888909401,-1.8379999999999996,-1.8379999999999996,0.0,True
2012-12-31,Unconstrained,-0.1264458583651975,-2.127,-2.1269999999999993,4.440892098500626e-16,True
2013-01-02,Unconstrained,-0.13135120589872942,-2.1769999999999996,-2.176999999999999,4.440892098500626e-16,True
2013-01-03,Unconstrained,-0.09369325994468296,-1.7930000000000006,-1.7930000000000006,0.0,True
2013-01-04,Unconstrained,-0.07186317367068314,-1.5530000000000002,-1.5530000000000004,-2.220446049250313e-16,True
2013-01-07,Unconstrained,-0.08358013819178009,-1.6780000000000002,-1.678,2.220446049250313e-16,True
2013-01-08,Unconstrained,-0.0966747785837679,-1.8150000000000006,-1.8150000000000002,4.440892098500626e-16,True
2013-01-09,Unconstrained,-0.09402496777913871,-1.7890000000000001,-1.789000000000001,-8.881784197001252e-16,True
2013-01-10,Unconstrained,-0.10039786572594768,-1.8530000000000002,-1.8529999999999998,4.440892098500626e-16,True
2013-01-11,Unconstrained,-0.10630442879619204,-1.9140000000000001,-1.9140000000000001,0.0,True
2013-01-14,Unconstrained,-0.08773778626467861,-1.7189999999999999,-1.7189999999999996,2.220446049250313e-16,True
2013-01-15,Unconstrained,-0.12311048138346813,-2.0900000000000007,-2.0900000000000007,0.0,True
2013-01-16,Unconstrained,-0.11573353418677766,-2.0129999999999995,-2.0129999999999995,0.0,True
2013-01-17,Unconstrained,-0.11950821080173046,-2.053,-2.053,0.0,True
2013-01-18,Unconstrained,-0.16152623125000345,-2.4790000000000005,-2.479,4.440892098500626e-16,True
2013-01-22,Unconstrained,-0.18105534995216158,-2.6730000000000005,-2.673,4.440892098500626e-16,True
2013-01-23,Unconstrained,-0.17954484362600126,-2.658,-2.6579999999999995,4.440892098500626e-16,True
2013-01-24,Unconstrained,-0.16840462705499828,-2.5469999999999997,-2.5469999999999997,0.0,True
2013-01-25,Unconstrained,-0.16081829116325147,-2.470999999999999,-2.4709999999999988,4.440892098500626e-16,True
2013-01-28,Unconstrained,-0.14327901210705873,-2.2950000000000004,-2.2950000000000004,0.0,True
2013-01-29,Unconstrained,-0.15326649948273008,-2.3950000000000005,-2.3950000000000005,0.0,True
2013-01-30,Unconstrained,-0.1329133879297541,-2.192,-2.1919999999999997,4.440892098500626e-16,True
2013-01-31,Unconstrained,-0.13012942974213482,-2.164,-2.164,0.0,True
2013-02-01,Unconstrained,-0.13942686441425356,-2.255,-2.255000000000001,-8.881784197001252e-16,True
2013-02-04,Unconstrained,-0.13973393635271283,-2.2599999999999993,-2.259999999999999,4.440892098500626e-16,True
2013-02-05,Unconstrained,-0.14597333321577857,-2.322,-2.322,0.0,True
2013-02-06,Unconstrained,-0.13834138406392998,-2.245,-2.2450000000000006,-4.440892098500626e-16,True
2013-02-07,Unconstrained,-0.16751473811676354,-2.5349999999999993,-2.5349999999999984,8.881784197001252e-16,True
2013-02-08,Unconstrained,-0.17056846182453397,-2.567,-2.5670000000000006,-4.440892098500626e-16,True
2013-02-11,Unconstrained,-0.16910987650353998,-2.553,-2.553,0.0,True
2013-02-12,Unconstrained,-0.17496414868878116,-2.6120000000000005,-2.6119999999999988,1.7763568394002505e-15,True
2013-02-13,Unconstrained,-0.18090187505313152,-2.6680000000000006,-2.6680000000000006,0.0,True
2013-02-14,Unconstrained,-0.18593351505967184,-2.719,-2.718999999999999,8.881784197001252e-16,True
2013-02-15,Unconstrained,-0.22018560092926037,-3.0460000000000007,-3.046000000000001,-4.440892098500626e-16,True
2013-02-19,Unconstrained,-0.21662939407911394,-3.0150000000000006,-3.015000000000001,-4.440892098500626e-16,True
2013-02-20,Unconstrained,-0.15894800447602236,-2.447,-2.447,0.0,True
2013-02-21,Unconstrained,-0.13956462776178624,-2.258,-2.258,0.0,True
2013-02-22,Unconstrained,-0.16805919235061603,-2.5370000000000004,-2.537000000000001,-4.440892098500626e-16,True
2013-02-25,Unconstrained,-0.12942620401790783,-2.15,-2.1500000000000004,-4.440892098500626e-16,True
2013-02-26,Unconstrained,-0.14362752636108164,-2.2920000000000003,-2.2920000000000007,-4.440892098500626e-16,True
2013-02-27,Unconstrained,-0.1640906530359189,-2.4959999999999996,-2.4959999999999996,0.0,True
2013-02-28,Unconstrained,-0.18517118800118995,-2.686,-2.6860000000000004,-4.440892098500626e-16,True
2013-03-01,Unconstrained,-0.1997137833622387,-2.819,-2.8190000000000004,-4.440892098500626e-16,True
2013-03-04,Unconstrained,-0.2028235005539408,-2.8650000000000007,-2.8650000000000015,-8.881784197001252e-16,True
2013-03-05,Unconstrained,-0.1806359083089623,-2.6620000000000004,-2.662,4.440892098500626e-16,True
2013-03-06,Unconstrained,-0.1611929263910208,-2.4730000000000003,-2.4729999999999994,8.881784197001252e-16,True
2013-03-07,Unconstrained,-0.16662004751045645,-2.528,-2.5280000000000005,-4.440892098500626e-16,True
2013-03-08,Unconstrained,-0.15826653847791242,-2.4459999999999993,-2.445999999999999,4.440892098500626e-16,True
2013-03-11,Unconstrained,-0.165492226195433,-2.5209999999999995,-2.5209999999999995,0.0,True
2013-03-12,Unconstrained,-0.20083524635956373,-2.8659999999999997,-2.866,-4.440892098500626e-16,True
2013-03-13,Unconstrained,-0.18473405901543957,-2.7129999999999996,-2.712999999999999,4.440892098500626e-16,True
2013-03-14,Unconstrained,-0.2029170736922358,-2.896000000000001,-2.8960000000000012,-4.440892098500626e-16,True
2013-03-15,Unconstrained,-0.20455892852841853,-2.9120000000000004,-2.912000000000001,-4.440892098500626e-16,True
2013-03-18,Unconstrained,-0.17588171892617283,-2.617,-2.617,0.0,True
2013-03-19,Unconstrained,-0.18630402255883113,-2.7079999999999997,-2.707999999999999,8.881784197001252e-16,True
2013-03-20,Unconstrained,-0.15104310873614107,-2.373,-2.3729999999999998,4.440892098500626e-16,True
2013-03-21,Unconstrained,-0.1306986449815442,-2.1689999999999996,-2.169,-4.440892098500626e-16,True
2013-03-22,Unconstrained,-0.1356442030844146,-2.218000000000001,-2.218,8.881784197001252e-16,True
2013-03-25,Unconstrained,-0.1341242131838608,-2.2030000000000003,-2.203,4.440892098500626e-16,True
2013-03-26,Unconstrained,-0.13867629166856757,-2.247,-2.247,0.0,True
2013-03-27,Unconstrained,-0.13388897775726719,-2.1989999999999994,-2.199,-4.440892098500626e-16,True
2013-03-28,Unconstrained,-0.1431814065628057,-2.2930000000000006,-2.2930000000000015,-8.881784197001252e-16,True
2013-04-01,Unconstrained,-0.12611831139659696,-2.1209999999999996,-2.1209999999999996,0.0,True
2013-04-02,Unconstrained,-0.1422874084961601,-2.2840000000000003,-2.284,4.440892098500626e-16,True
2013-04-03,Unconstrained,-0.12302089470303013,-2.092,-2.092,0.0,True
2013-04-04,Unconstrained,-0.12187990201767784,-2.0790000000000006,-2.079,4.440892098500626e-16,True
2013-04-05,Unconstrained,-0.09819996938635922,-1.8340000000000003,-1.8340000000000005,-2.220446049250313e-16,True
2013-04-08,Unconstrained,-0.1071088669404653,-1.9209999999999994,-1.9209999999999996,-2.220446049250313e-16,True
2013-04-09,Unconstrained,-0.10194740262852105,-1.8629999999999995,-1.8630000000000002,-6.661338147750939e-16,True
2013-04-10,Unconstrained,-0.09972094893306413,-1.8340000000000003,-1.8340000000000007,-4.440892098500626e-16,True
2013-04-11,Unconstrained,-0.08972088687218384,-1.7239999999999995,-1.7240000000000002,-6.661338147750939e-16,True
2013-04-12,Unconstrained,-0.09543543455940869,-1.7840000000000003,-1.784,2.220446049250313e-16,True
2013-04-15,Unconstrained,-0.1121146117097213,-1.9920000000000002,-1.9920000000000002,0.0,True
2013-04-16,Unconstrained,-0.15489633019510715,-2.4099999999999993,-2.4099999999999993,0.0,True
2013-04-17,Unconstrained,-0.12024696716349874,-2.0700000000000003,-2.0700000000000003,0.0,True
2013-04-18,Unconstrained,-0.1264100151782544,-2.128,-2.1280000000000006,-4.440892098500626e-16,True
2013-04-19,Unconstrained,-0.13984951156546746,-2.261,-2.261,0.0,True
2013-04-22,Unconstrained,-0.11900506849370894,-2.0519999999999996,-2.0519999999999996,0.0,True
2013-04-23,Unconstrained,-0.1295773847597431,-2.156,-2.1559999999999997,4.440892098500626e-16,True
2013-04-24,Unconstrained,-0.11281898386281135,-1.9840000000000004,-1.9840000000000009,-4.440892098500626e-16,True
2013-04-25,Unconstrained,-0.11271603752557134,-1.9829999999999999,-1.983,-2.220446049250313e-16,True
2013-04-26,Unconstrained,-0.10343000776560386,-1.886,-1.8859999999999992,6.661338147750939e-16,True
2013-04-29,Unconstrained,-0.10325068793634445,-1.8849999999999993,-1.885,-6.661338147750939e-16,True
2013-04-30,Unconstrained,-0.10531632208296404,-1.9049999999999998,-1.9049999999999998,0.0,True
2013-05-01,Unconstrained,-0.09491004161420362,-1.8049999999999997,-1.8050000000000004,-6.661338147750939e-16,True
2013-05-02,Unconstrained,-0.09481264855896007,-1.7950000000000004,-1.795000000000001,-6.661338147750939e-16,True
2013-05-03,Unconstrained,-0.09772614908880878,-1.8180000000000007,-1.8180000000000012,-4.440892098500626e-16,True
2013-05-06,Unconstrained,-0.08635328785509745,-1.6930000000000007,-1.6930000000000007,0.0,True
2013-05-07,Unconstrained,-0.11260895164982197,-1.9760000000000004,-1.976,4.440892098500626e-16,True
2013-05-08,Unconstrained,-0.09022648651887849,-1.7349999999999994,-1.7349999999999994,0.0,True
2013-05-09,Unconstrained,-0.10592651824410473,-1.908,-1.9079999999999997,2.220446049250313e-16,True
2013-05-10,Unconstrained,-0.09604587047772037,-1.797,-1.7969999999999995,4.440892098500626e-16,True
2013-05-13,Unconstrained,-0.10718228350127093,-1.9159999999999997,-1.9159999999999997,0.0,True
2013-05-14,Unconstrained,-0.07913719916648926,-1.6159999999999997,-1.6159999999999994,2.220446049250313e-16,True
2013-05-15,Unconstrained,-0.1093134773255901,-1.9409999999999996,-1.9409999999999994,2.220446049250313e-16,True
2013-05-16,Unconstrained,-0.12643785986292708,-2.122,-2.122,0.0,True
2013-05-17,Unconstrained,-0.19258502619660905,-2.7849999999999993,-2.7849999999999984,8.881784197001252e-16,True
2013-05-20,Unconstrained,-0.09278540330438764,-1.7670000000000001,-1.767,2.220446049250313e-16,True
2013-05-21,Unconstrained,-0.0868825357098559,-1.7079999999999997,-1.7079999999999997,0.0,True
2013-05-22,Unconstrained,-0.08711709656562205,-1.7159999999999997,-1.716,-2.220446049250313e-16,True
2013-05-23,Unconstrained,-0.08457267795187426,-1.6920000000000002,-1.692,2.220446049250313e-16,True
2013-05-24,Unconstrained,-0.09651435541762486,-1.8170000000000002,-1.8169999999999997,4.440892098500626e-16,True
2013-05-28,Unconstrained,-0.04259903797497595,-1.2469999999999999,-1.2469999999999999,0.0,True
2013-05-29,Unconstrained,-0.07687343572775887,-1.6200000000000003,-1.62,2.220446049250313e-16,True
2013-05-30,Unconstrained,-0.09199224098281197,-1.775,-1.7750000000000001,-2.220446049250313e-16,True
2013-05-31,Unconstrained,-0.10814539681549411,-1.9510000000000005,-1.9510000000000005,0.0,True
2013-06-03,Unconstrained,-0.10462132119625629,-1.9159999999999997,-1.9159999999999997,0.0,True
2013-06-04,Unconstrained,-0.08185874825548627,-1.6870000000000005,-1.6870000000000007,-2.220446049250313e-16,True
2013-06-05,Unconstrained,-0.07787221007662763,-1.6569999999999994,-1.657,-6.661338147750939e-16,True
2013-06-06,Unconstrained,-0.08919625827119865,-1.764,-1.764,0.0,True
2013-06-07,Unconstrained,-0.07651381040159212,-1.6200000000000003,-1.6200000000000006,-2.220446049250313e-16,True
2013-06-10,Unconstrained,-0.07617626691013796,-1.6200000000000003,-1.6200000000000006,-2.220446049250313e-16,True
2013-06-11,Unconstrained,-0.08229718595762191,-1.6980000000000004,-1.6980000000000013,-8.881784197001252e-16,True
2013-06-12,Unconstrained,-0.06685117592365275,-1.5560000000000003,-1.556,2.220446049250313e-16,True
2013-06-13,Unconstrained,-0.08578310552438523,-1.7280000000000002,-1.7280000000000004,-2.220446049250313e-16,True
2013-06-14,Unconstrained,-0.07536316000064287,-1.6290000000000007,-1.6290000000000002,4.440892098500626e-16,True
2013-06-17,Unconstrained,-0.08012277514226077,-1.6739999999999995,-1.6739999999999995,0.0,True
2013-06-18,Unconstrained,-0.09983532117664806,-1.8700000000000003,-1.8700000000000006,-2.220446049250313e-16,True
2013-06-19,Unconstrained,-0.09118593618214753,-1.7840000000000003,-1.784,2.220446049250313e-16,True
2013-06-20,Unconstrained,-0.08650787917457914,-1.7519999999999996,-1.7519999999999996,0.0,True
2013-06-21,Unconstrained,-0.08514248641360789,-1.736,-1.736,0.0,True
2013-06-24,Unconstrained,-0.07127664506960014,-1.6079999999999999,-1.6079999999999994,4.440892098500626e-16,True
2013-06-25,Unconstrained,-0.06361809107065909,-1.5230000000000004,-1.5230000000000004,0.0,True
2013-06-26,Unconstrained,-0.07055237222059785,-1.5810000000000002,-1.5810000000000008,-6.661338147750939e-16,True
2013-06-27,Unconstrained,-0.07285906987801467,-1.6010000000000004,-1.6009999999999998,6.661338147750939e-16,True
2013-06-28,Unconstrained,-0.07799242130019099,-1.653,-1.653,0.0,True
2013-07-01,Unconstrained,-0.062088618969522474,-1.4849999999999994,-1.4849999999999997,-2.220446049250313e-16,True
2013-07-02,Unconstrained,-0.06558445719478317,-1.5219999999999998,-1.5219999999999998,0.0,True
2013-07-03,Unconstrained,-0.04587329184971381,-1.3129999999999995,-1.3129999999999995,0.0,True
2013-07-05,Unconstrained,-0.08559519589443347,-1.7120000000000004,-1.7120000000000004,0.0,True
2013-07-08,Unconstrained,-0.085802994938457,-1.7129999999999996,-1.7129999999999994,2.220446049250313e-16,True
2013-07-09,Unconstrained,-0.0679732358610859,-1.5189999999999997,-1.5189999999999995,2.220446049250313e-16,True
2013-07-10,Unconstrained,-0.08592999061365583,-1.7079999999999997,-1.7079999999999997,0.0,True
2013-07-11,Unconstrained,-0.07161503621351739,-1.5530000000000002,-1.5530000000000002,0.0,True
2013-07-12,Unconstrained,-0.05104894051515049,-1.3269999999999995,-1.3269999999999995,0.0,True
2013-07-15,Unconstrained,-0.061665162605105045,-1.4420000000000002,-1.4420000000000006,-4.440892098500626e-16,True
2013-07-16,Unconstrained,-0.06853093225595827,-1.5260000000000005,-1.5260000000000014,-8.881784197001252e-16,True
2013-07-17,Unconstrained,-0.06952297835283877,-1.5269999999999997,-1.5270000000000001,-4.440892098500626e-16,True
2013-07-18,Unconstrained,-0.07241043452560399,-1.5579999999999998,-1.5580000000000003,-4.440892098500626e-16,True
2013-07-19,Unconstrained,-0.0515867436553432,-1.3069999999999993,-1.3069999999999986,6.661338147750939e-16,True
2013-07-22,Unconstrained,-0.0505451261502872,-1.2900000000000005,-1.2900000000000007,-2.220446049250313e-16,True
2013-07-23,Unconstrained,-0.05198948833800978,-1.314,-1.3139999999999996,4.440892098500626e-16,True
2013-07-24,Unconstrained,-0.10247818048790287,-1.8719999999999999,-1.8720000000000003,-4.440892098500626e-16,True
2013-07-25,Unconstrained,-0.09451902135491519,-1.7849999999999995,-1.7849999999999993,2.220446049250313e-16,True
2013-07-26,Unconstrained,-0.09832648056477145,-1.8230000000000004,-1.8230000000000002,2.220446049250313e-16,True
2013-07-29,Unconstrained,-0.10428267668586041,-1.8930000000000007,-1.8930000000000007,0.0,True
2013-07-30,Unconstrained,-0.10866308696776297,-1.939,-1.9389999999999998,2.220446049250313e-16,True
2013-07-31,Unconstrained,-0.0940123695475116,-1.7849999999999995,-1.7849999999999993,2.220446049250313e-16,True
2013-08-01,Unconstrained,-0.06884046696070609,-1.5060000000000002,-1.5060000000000002,0.0,True
2013-08-02,Unconstrained,-0.08685569464743495,-1.689,-1.6889999999999998,2.220446049250313e-16,True
2013-08-05,Unconstrained,-0.08377858167295651,-1.653,-1.653,0.0,True
2013-08-06,Unconstrained,-0.10637553092535296,-1.9090000000000003,-1.909,2.220446049250313e-16,True
2013-08-07,Unconstrained,-0.09881092955720297,-1.8310000000000002,-1.8310000000000008,-6.661338147750939e-16,True
2013-08-08,Unconstrained,-0.10055634504881308,-1.847,-1.8470000000000002,-2.220446049250313e-16,True
2013-08-09,Unconstrained,-0.13686226650989106,-2.2299999999999995,-2.229999999999999,4.440892098500626e-16,True
2013-08-12,Unconstrained,-0.07249935981943852,-1.5439999999999998,-1.544,-2.220446049250313e-16,True
2013-08-13,Unconstrained,-0.07659720311655048,-1.5810000000000002,-1.581,2.220446049250313e-16,True
2013-08-14,Unconstrained,-0.10836935890070677,-1.9329999999999998,-1.9329999999999992,6.661338147750939e-16,True
2013-08-15,Unconstrained,-0.07339205946832908,-1.5819999999999994,-1.582,-6.661338147750939e-16,True
2013-08-16,Unconstrained,-0.08699270393760242,-1.7209999999999994,-1.7209999999999996,-2.220446049250313e-16,True
2013-08-19,Unconstrained,-0.09536005499860484,-1.8150000000000006,-1.8150000000000006,0.0,True
2013-08-20,Unconstrained,-0.09473895938971065,-1.8069999999999993,-1.8069999999999993,0.0,True
2013-08-21,Unconstrained,-0.08508980268307001,-1.717,-1.717,0.0,True
2013-08-22,Unconstrained,-0.10594820726136446,-1.9209999999999994,-1.921,-6.661338147750939e-16,True
2013-08-23,Unconstrained,-0.11539667137123195,-2.0129999999999995,-2.0129999999999995,0.0,True
2013-08-26,Unconstrained,-0.10070917069378149,-1.8689999999999998,-1.8689999999999996,2.220446049250313e-16,True
2013-08-27,Unconstrained,-0.09341086290870787,-1.8069999999999993,-1.8069999999999988,4.440892098500626e-16,True
2013-08-28,Unconstrained,-0.08800173037115457,-1.7510000000000006,-1.751000000000001,-4.440892098500626e-16,True
2013-08-29,Unconstrained,-0.08478356877609136,-1.7209999999999994,-1.7209999999999996,-2.220446049250313e-16,True
2013-08-30,Unconstrained,-0.08734192038739821,-1.7480000000000004,-1.7480000000000002,2.220446049250313e-16,True
2013-09-03,Unconstrained,-0.08008566208480349,-1.672,-1.6719999999999995,4.440892098500626e-16,True
2013-09-04,Unconstrained,-0.08318817405830055,-1.6969999999999998,-1.6969999999999998,0.0,True
2013-09-05,Unconstrained,-0.08719376792668579,-1.7370000000000005,-1.7370000000000003,2.220446049250313e-16,True
2013-09-06,Unconstrained,-0.0999452805330502,-1.8670000000000002,-1.8669999999999993,8.881784197001252e-16,True
2013-09-09,Unconstrained,-0.10334949176298344,-1.9,-1.9,0.0,True
2013-09-10,Unconstrained,-0.11323513662930396,-1.9939999999999998,-1.9939999999999998,0.0,True
2013-09-11,Unconstrained,-0.12083841401758415,-2.0680000000000005,-2.0680000000000014,-8.881784197001252e-16,True
2013-09-12,Unconstrained,-0.11073516503871786,-1.967,-1.9669999999999999,2.220446049250313e-16,True
2013-09-13,Unconstrained,-0.11519830512799685,-2.0120000000000005,-2.012,4.440892098500626e-16,True
2013-09-16,Unconstrained,-0.10261856373884545,-1.8840000000000003,-1.8839999999999992,1.1102230246251565e-15,True
2013-09-17,Unconstrained,-0.12957451635066103,-2.1590000000000003,-2.1590000000000003,0.0,True
2013-09-18,Unconstrained,-0.06014832510363449,-1.422,-1.4219999999999997,2.220446049250313e-16,True
2013-09-19,Unconstrained,-0.07428062974539502,-1.5689999999999997,-1.5689999999999993,4.440892098500626e-16,True
2013-09-20,Unconstrained,-0.0759917373961879,-1.5870000000000004,-1.5870000000000004,0.0,True
2013-09-23,Unconstrained,-0.10499303457664268,-1.908,-1.9080000000000008,-8.881784197001252e-16,True
2013-09-24,Unconstrained,-0.107383134046942,-1.9310000000000003,-1.9309999999999996,6.661338147750939e-16,True
2013-09-25,Unconstrained,-0.08965046497619376,-1.7450000000000003,-1.7450000000000008,-4.440892098500626e-16,True
2013-09-26,Unconstrained,-0.13405747986606922,-2.2030000000000003,-2.2030000000000007,-4.440892098500626e-16,True
2013-09-27,Unconstrained,-0.1594553621343998,-2.4480000000000004,-2.4480000000000004,0.0,True
2013-09-30,Unconstrained,-0.14926139603568872,-2.345999999999999,-2.345999999999999,0.0,True
2013-10-01,Unconstrained,-0.15169311036558006,-2.3739999999999997,-2.3739999999999997,0.0,True
2013-10-02,Unconstrained,-0.14990462965605805,-2.3519999999999994,-2.3519999999999994,0.0,True
2013-10-03,Unconstrained,-0.13748880301852082,-2.2310000000000003,-2.2310000000000003,0.0,True
2013-10-04,Unconstrained,-0.15495761881026274,-2.3980000000000006,-2.3980000000000006,0.0,True
2013-10-07,Unconstrained,-0.14922642689655538,-2.3230000000000004,-2.323,4.440892098500626e-16,True
2013-10-08,Unconstrained,-0.12167536247003197,-2.072,-2.0719999999999996,4.440892098500626e-16,True
2013-10-09,Unconstrained,-0.14248727373450978,-2.2620000000000005,-2.2619999999999996,8.881784197001252e-16,True
2013-10-10,Unconstrained,-0.11562782706427684,-2.025,-2.025,0.0,True
2013-10-11,Unconstrained,-0.2325141077091587,-3.097,-3.097,0.0,True
2013-10-14,Unconstrained,-0.2118217189692609,-2.913999999999999,-2.9139999999999993,-4.440892098500626e-16,True
2013-10-15,Unconstrained,-0.24224803448210486,-3.100999999999999,-3.100999999999998,8.881784197001252e-16,True
2013-10-16,Unconstrained,-0.16701974427519256,-2.5239999999999996,-2.5239999999999987,8.881784197001252e-16,True
2013-10-17,Unconstrained,-0.18126201007439063,-2.6680000000000006,-2.668000000000001,-4.440892098500626e-16,True
2013-10-18,Unconstrained,-0.23094017459669458,-3.1349999999999993,-3.134999999999999,4.440892098500626e-16,True
2013-10-21,Unconstrained,-0.22363439525275944,-3.066999999999999,-3.066999999999999,0.0,True
2013-10-22,Unconstrained,-0.20753552363778124,-2.916999999999999,-2.9169999999999985,4.440892098500626e-16,True
2013-10-23,Unconstrained,-0.26776491771380034,-3.447,-3.447,0.0,True
2013-10-24,Unconstrained,-0.2784634248973066,-3.541999999999999,-3.541999999999998,8.881784197001252e-16,True
2013-10-25,Unconstrained,-0.2737820809353354,-3.5060000000000002,-3.5060000000000002,0.0,True
2013-10-28,Unconstrained,-0.2533448074401568,-3.327000000000001,-3.3270000000000004,4.440892098500626e-16,True
2013-10-29,Unconstrained,-0.19065078934761268,-2.758,-2.758,0.0,True
2013-10-30,Unconstrained,-0.19482891632782331,-2.7950000000000004,-2.795000000000001,-4.440892098500626e-16,True
2013-10-31,Unconstrained,-0.24356949143765477,-3.2330000000000014,-3.2330000000000005,8.881784197001252e-16,True
2013-11-01,Unconstrained,-0.21473335397060297,-2.9840000000000004,-2.984000000000001,-4.440892098500626e-16,True
2013-11-04,Unconstrained,-0.1695118212825497,-2.5569999999999995,-2.557,-4.440892098500626e-16,True
2013-11-05,Unconstrained,-0.14360024939772142,-2.2980000000000005,-2.298,4.440892098500626e-16,True
2013-11-06,Unconstrained,-0.10267133148183268,-1.8689999999999998,-1.8690000000000007,-8.881784197001252e-16,True
2013-11-07,Unconstrained,-0.1521414594853634,-2.383,-2.383,0.0,True
2013-11-08,Unconstrained,-0.17766103312136863,-2.6370000000000005,-2.6369999999999996,8.881784197001252e-16,True
2013-11-11,Unconstrained,-0.1691513324005677,-2.5549999999999997,-2.5549999999999997,0.0,True
2013-11-12,Unconstrained,-0.21210697115979685,-2.9659999999999997,-2.9659999999999993,4.440892098500626e-16,True
2013-11-13,Unconstrained,-0.22624870537391795,-3.100999999999999,-3.100999999999999,0.0,True
2013-11-14,Unconstrained,-0.2483104269984953,-3.303,-3.303,0.0,True
2013-11-15,Unconstrained,-0.2527312043127054,-3.346000000000001,-3.346000000000001,0.0,True
2013-11-18,Unconstrained,-0.29823830731958256,-3.7060000000000004,-3.706,4.440892098500626e-16,True
2013-11-19,Unconstrained,-0.2576369209376795,-3.3620000000000005,-3.3620000000000005,0.0,True
2013-11-20,Unconstrained,-0.2533469505795065,-3.325,-3.3249999999999997,4.440892098500626e-16,True
2013-11-21,Unconstrained,-0.1599705517597907,-2.4629999999999996,-2.463,-4.440892098500626e-16,True
2013-11-22,Unconstrained,-0.2562990041118819,-3.375999999999999,-3.375999999999999,0.0,True
2013-11-25,Unconstrained,-0.2631037996090551,-3.422999999999999,-3.422999999999999,0.0,True
2013-11-26,Unconstrained,-0.25632579236935,-3.3639999999999985,-3.363999999999999,-4.440892098500626e-16,True
2013-11-27,Unconstrained,-0.25885632488744775,-3.3819999999999992,-3.3819999999999992,0.0,True
2013-11-29,Unconstrained,-0.2262915657694237,-3.0819999999999994,-3.0819999999999994,0.0,True
2013-12-02,Unconstrained,-0.2367383943640094,-3.163999999999999,-3.1639999999999984,4.440892098500626e-16,True
2013-12-03,Unconstrained,-0.24617867179754666,-3.2379999999999995,-3.237999999999999,4.440892098500626e-16,True
2013-12-04,Unconstrained,-0.23774272852068845,-3.1629999999999994,-3.163,-4.440892098500626e-16,True
2013-12-05,Unconstrained,-0.19728943834822313,-2.8009999999999993,-2.8009999999999993,0.0,True
2013-12-06,Unconstrained,-0.24355041313184633,-3.2319999999999993,-3.2319999999999993,0.0,True
2013-12-09,Unconstrained,-0.17513452289399403,-2.6090000000000004,-2.609000000000001,-4.440892098500626e-16,True
2013-12-10,Unconstrained,-0.18160386181013813,-2.6680000000000006,-2.668000000000001,-4.440892098500626e-16,True
2013-12-11,Unconstrained,-0.18374729312893853,-2.6739999999999995,-2.674,-4.440892098500626e-16,True
2013-12-12,Unconstrained,-0.1660042760848027,-2.5090000000000003,-2.509000000000001,-4.440892098500626e-16,True
2013-12-13,Unconstrained,-0.17844174800705306,-2.622,-2.6220000000000003,-4.440892098500626e-16,True
2013-12-16,Unconstrained,-0.2010504401262197,-2.8210000000000006,-2.8210000000000006,0.0,True
2013-12-17,Unconstrained,-0.20758642937229324,-2.875,-2.875,0.0,True
2013-12-18,Unconstrained,-0.28249528151553743,-3.558000000000001,-3.5580000000000003,8.881784197001252e-16,True
2013-12-19,Unconstrained,-0.313064720473174,-3.7860000000000014,-3.786000000000001,4.440892098500626e-16,True
2013-12-20,Unconstrained,-0.38646344782311304,-4.3199999999999985,-4.319999999999999,-8.881784197001252e-16,True
2013-12-23,Unconstrained,-0.311249675241495,-3.8110000000000013,-3.811000000000001,4.440892098500626e-16,True
2013-12-24,Unconstrained,-0.3059868768136663,-3.7879999999999994,-3.787999999999999,4.440892098500626e-16,True
2013-12-26,Unconstrained,-0.2903341317969842,-3.6650000000000005,-3.665,4.440892098500626e-16,True
2013-12-27,Unconstrained,-0.2916441143777048,-3.6719999999999997,-3.6719999999999997,0.0,True
2013-12-30,Unconstrained,-0.2668790841206923,-3.4360000000000013,-3.4360000000000004,8.881784197001252e-16,True
2013-12-31,Unconstrained,-0.25867441373436323,-3.3629999999999995,-3.3629999999999973,2.220446049250313e-15,True
2014-01-02,Unconstrained,-0.2613664544370841,-3.372999999999999,-3.373,-1.3322676295501878e-15,True
2014-01-03,Unconstrained,-0.2686988743312818,-3.4460000000000006,-3.4460000000000006,0.0,True
2014-01-06,Unconstrained,-0.2392054312146508,-3.1990000000000007,-3.1990000000000007,0.0,True
2014-01-07,Unconstrained,-0.2062419967503441,-2.9099999999999993,-2.91,-8.881784197001252e-16,True
2014-01-08,Unconstrained,-0.21002894978214456,-2.9460000000000006,-2.9460000000000015,-8.881784197001252e-16,True
2014-01-09,Unconstrained,-0.2253611217096315,-3.0870000000000006,-3.0870000000000006,0.0,True
2014-01-10,Unconstrained,-0.1750240881594793,-2.6150000000000007,-2.615,4.440892098500626e-16,True
2014-01-13,Unconstrained,-0.22296230204581832,-3.059,-3.059,0.0,True
2014-01-14,Unconstrained,-0.25260841106863335,-3.343000000000001,-3.343000000000001,0.0,True
2014-01-15,Unconstrained,-0.24430181831308775,-3.2689999999999997,-3.269,-4.440892098500626e-16,True
2014-01-16,Unconstrained,-0.2874139376817868,-3.6349999999999993,-3.6349999999999993,0.0,True
2014-01-17,Unconstrained,-0.3279403179467162,-3.9620000000000006,-3.962,4.440892098500626e-16,True
2014-01-21,Unconstrained,-0.31896166477880095,-3.877000000000001,-3.8770000000000016,-4.440892098500626e-16,True
2014-01-22,Unconstrained,-0.3207613650700375,-3.8919999999999986,-3.8919999999999986,0.0,True
2014-01-23,Unconstrained,-0.2839944354290451,-3.5710000000000006,-3.571000000000001,-4.440892098500626e-16,True
2014-01-24,Unconstrained,-0.24811464400080338,-3.1610000000000014,-3.161000000000001,4.440892098500626e-16,True
2014-01-27,Unconstrained,-0.20997984314381435,-2.872999999999999,-2.8729999999999998,-8.881784197001252e-16,True
2014-01-28,Unconstrained,-0.20167452816565412,-2.830000000000001,-2.83,8.881784197001252e-16,True
2014-01-29,Unconstrained,-0.186145541047682,-2.6709999999999994,-2.671,-4.440892098500626e-16,True
2014-01-30,Unconstrained,-0.19997488450966552,-2.7909999999999995,-2.7909999999999995,0.0,True
2014-01-31,Unconstrained,-0.20808259778763635,-2.8370000000000006,-2.8370000000000015,-8.881784197001252e-16,True
2014-02-03,Unconstrained,-0.18881475349112312,-2.617,-2.617,0.0,True
2014-02-04,Unconstrained,-0.19627569215391233,-2.7260000000000004,-2.726,4.440892098500626e-16,True
2014-02-05,Unconstrained,-0.205129585962038,-2.779000000000001,-2.7790000000000004,4.440892098500626e-16,True
2014-02-06,Unconstrained,-0.16306904890157675,-2.468000000000001,-2.468000000000001,0.0,True
2014-02-07,Unconstrained,-0.2088312296685576,-2.900999999999999,-2.9009999999999994,-4.440892098500626e-16,True
2014-02-10,Unconstrained,-0.17834959189668378,-2.6260000000000003,-2.6260000000000003,0.0,True
2014-02-11,Unconstrained,-0.18235140610096923,-2.6700000000000004,-2.6700000000000004,0.0,True
2014-02-12,Unconstrained,-0.19439705640301913,-2.7840000000000003,-2.784,4.440892098500626e-16,True
2014-02-13,Unconstrained,-0.20212897721112996,-2.8569999999999993,-2.856999999999999,4.440892098500626e-16,True
2014-02-14,Unconstrained,-0.20873927525502756,-2.925,-2.9249999999999994,4.440892098500626e-16,True
2014-02-18,Unconstrained,-0.15640235502242908,-2.425,-2.4250000000000003,-4.440892098500626e-16,True
2014-02-19,Unconstrained,-0.2104679039681771,-2.9120000000000004,-2.9120000000000004,0.0,True
2014-02-20,Unconstrained,-0.27102025015041636,-3.4370000000000003,-3.4370000000000007,-4.440892098500626e-16,True
2014-02-21,Unconstrained,-0.3283544169505364,-3.878999999999999,-3.878999999999999,0.0,True
2014-02-24,Unconstrained,-0.2703418897261947,-3.447,-3.446999999999999,8.881784197001252e-16,True
2014-02-25,Unconstrained,-0.13305512922270846,-2.192,-2.1919999999999997,4.440892098500626e-16,True
2014-02-26,Unconstrained,-0.24377489053358145,-3.222,-3.222,0.0,True
2014-02-27,Unconstrained,-0.304449881201234,-3.724000000000001,-3.724000000000001,0.0,True
2014-02-28,Unconstrained,-0.30336889631919484,-3.7169999999999987,-3.7169999999999983,4.440892098500626e-16,True
2014-03-03,Unconstrained,-0.21144655669431803,-2.9120000000000004,-2.912000000000001,-4.440892098500626e-16,True
2014-03-04,Unconstrained,-0.23655484486490136,-3.1650000000000005,-3.1650000000000005,0.0,True
2014-03-05,Unconstrained,-0.21184756498334648,-2.9490000000000007,-2.949,8.881784197001252e-16,True
2014-03-06,Unconstrained,-0.2580675120835567,-3.346000000000001,-3.346,8.881784197001252e-16,True
2014-03-07,Unconstrained,-0.2233694204582342,-3.049000000000001,-3.0490000000000004,4.440892098500626e-16,True
2014-03-10,Unconstrained,-0.23333287665811864,-3.1349999999999993,-3.1350000000000002,-8.881784197001252e-16,True
2014-03-11,Unconstrained,-0.22006799048064876,-3.0080000000000013,-3.0080000000000013,0.0,True
2014-03-12,Unconstrained,-0.24537716441652765,-3.2330000000000014,-3.2330000000000014,0.0,True
2014-03-13,Unconstrained,-0.1951187496307563,-2.7659999999999996,-2.7659999999999996,0.0,True
2014-03-14,Unconstrained,-0.18174929188481068,-2.6260000000000003,-2.626000000000001,-4.440892098500626e-16,True
2014-03-17,Unconstrained,-0.2430912907015208,-3.1870000000000003,-3.1870000000000003,0.0,True
2014-03-18,Unconstrained,-0.21154358389668823,-2.9370000000000003,-2.9370000000000003,0.0,True
2014-03-19,Unconstrained,-0.2520979763882885,-3.274000000000001,-3.274000000000001,0.0,True
2014-03-20,Unconstrained,-0.2657963521054094,-3.402000000000001,-3.4020000000000006,4.440892098500626e-16,True
2014-03-21,Unconstrained,-0.2527077783653729,-3.281999999999999,-3.281999999999999,0.0,True
2014-03-24,Unconstrained,-0.25152433531474466,-3.2699999999999987,-3.269999999999998,8.881784197001252e-16,True
2014-03-25,Unconstrained,-0.13188016023489132,-2.181,-2.1809999999999996,4.440892098500626e-16,True
2014-03-26,Unconstrained,-0.10427154094110576,-1.9049999999999998,-1.9049999999999994,4.440892098500626e-16,True
2014-03-27,Unconstrained,-0.09392788206826619,-1.7959999999999994,-1.795999999999999,4.440892098500626e-16,True
2014-03-28,Unconstrained,-0.16412725324157001,-2.498,-2.498,0.0,True
2014-03-31,Unconstrained,-0.14627904128183228,-2.325,-2.325,0.0,True
2014-04-01,Unconstrained,-0.19561902679013804,-2.808000000000001,-2.808000000000002,-8.881784197001252e-16,True
2014-04-02,Unconstrained,-0.18742073142003596,-2.7299999999999995,-2.7299999999999995,0.0,True
2014-04-03,Unconstrained,-0.19643843064370617,-2.8129999999999997,-2.813,-4.440892098500626e-16,True
2014-04-04,Unconstrained,-0.1809070995020765,-2.661,-2.661,0.0,True
2014-04-07,Unconstrained,-0.15359984651250733,-2.3920000000000003,-2.3920000000000003,0.0,True
2014-04-08,Unconstrained,-0.15768707756854672,-2.434,-2.434,0.0,True
2014-04-09,Unconstrained,-0.22618615752095886,-3.0789999999999993,-3.0789999999999993,0.0,True
2014-04-10,Unconstrained,-0.16650069532233397,-2.511,-2.5110000000000006,-4.440892098500626e-16,True
2014-04-11,Unconstrained,-0.14017658838281358,-2.2590000000000003,-2.2589999999999995,8.881784197001252e-16,True
2014-04-14,Unconstrained,-0.1521853066809636,-2.3760000000000003,-2.3760000000000012,-8.881784197001252e-16,True
2014-04-15,Unconstrained,-0.21205263310305736,-2.924000000000001,-2.924000000000001,0.0,True
2014-04-16,Unconstrained,-0.16868994512532084,-2.5430000000000006,-2.5429999999999997,8.881784197001252e-16,True
2014-04-17,Unconstrained,-0.19430372332822787,-2.7930000000000006,-2.7930000000000006,0.0,True
2014-04-21,Unconstrained,-0.10611005301317428,-1.911,-1.9109999999999998,2.220446049250313e-16,True
2014-04-22,Unconstrained,-0.17928778478768198,-2.6510000000000007,-2.6510000000000007,0.0,True
2014-04-23,Unconstrained,-0.17520798349313585,-2.6109999999999998,-2.6109999999999993,4.440892098500626e-16,True
2014-04-24,Unconstrained,-0.16173802586490882,-2.4790000000000005,-2.479000000000001,-4.440892098500626e-16,True
2014-04-25,Unconstrained,-0.1332616578405201,-2.1950000000000003,-2.1950000000000003,0.0,True
2014-04-28,Unconstrained,-0.15073147071551665,-2.3689999999999998,-2.3689999999999998,0.0,True
2014-04-29,Unconstrained,-0.14818118132508615,-2.344,-2.344,0.0,True
2014-04-30,Unconstrained,-0.15912883685592388,-2.4530000000000003,-2.453000000000002,-1.7763568394002505e-15,True
2014-05-01,Unconstrained,-0.16283171770105076,-2.4900000000000007,-2.490000000000001,-4.440892098500626e-16,True
2014-05-02,Unconstrained,-0.15502190384251982,-2.4129999999999994,-2.413000000000001,-1.7763568394002505e-15,True
2014-05-05,Unconstrained,-0.14936425370779205,-2.3560000000000003,-2.3560000000000003,0.0,True
2014-05-06,Unconstrained,-0.12573678976375818,-2.1180000000000008,-2.1180000000000003,4.440892098500626e-16,True
2014-05-07,Unconstrained,-0.1464736996976259,-2.3269999999999995,-2.3269999999999995,0.0,True
2014-05-08,Unconstrained,-0.15308017396112986,-2.3930000000000007,-2.3930000000000002,4.440892098500626e-16,True
2014-05-09,Unconstrained,-0.16981224225369373,-2.5599999999999996,-2.5599999999999987,8.881784197001252e-16,True
2014-05-12,Unconstrained,-0.16635002045016517,-2.528,-2.5280000000000005,-4.440892098500626e-16,True
2014-05-13,Unconstrained,-0.15663817866901944,-2.4299999999999997,-2.4299999999999997,0.0,True
2014-05-14,Unconstrained,-0.14154005586224044,-2.275,-2.2750000000000004,-4.440892098500626e-16,True
2014-05-15,Unconstrained,-0.14975962577867166,-2.3599999999999994,-2.3600000000000003,-8.881784197001252e-16,True
2014-05-16,Unconstrained,-0.18617980091221703,-2.7230000000000003,-2.7230000000000008,-4.440892098500626e-16,True
2014-05-19,Unconstrained,-0.19598429722038635,-2.8180000000000005,-2.818000000000001,-4.440892098500626e-16,True
2014-05-20,Unconstrained,-0.1890829297791073,-2.747,-2.747,0.0,True
2014-05-21,Unconstrained,-0.1526263813566845,-2.3890000000000002,-2.3890000000000007,-4.440892098500626e-16,True
2014-05-22,Unconstrained,-0.15057676248235968,-2.3680000000000008,-2.3680000000000003,4.440892098500626e-16,True
2014-05-23,Unconstrained,-0.16466906487868713,-2.5129999999999995,-2.5129999999999995,0.0,True
2014-05-27,Unconstrained,-0.15023631471836846,-2.364,-2.364,0.0,True
2014-05-28,Unconstrained,-0.15544910074885163,-2.4180000000000006,-2.4180000000000006,0.0,True
2014-05-29,Unconstrained,-0.17140444628298662,-2.5810000000000004,-2.581,4.440892098500626e-16,True
2014-05-30,Unconstrained,-0.15593185053640862,-2.4230000000000005,-2.4229999999999996,8.881784197001252e-16,True
2014-06-02,Unconstrained,-0.14724680071127608,-2.3329999999999997,-2.332999999999999,8.881784197001252e-16,True
2014-06-03,Unconstrained,-0.13245017556923633,-2.1790000000000007,-2.1790000000000007,0.0,True
2014-06-04,Unconstrained,-0.12940535336080602,-2.1480000000000006,-2.1480000000000015,-8.881784197001252e-16,True
2014-06-05,Unconstrained,-0.13651963199180833,-2.220999999999999,-2.2209999999999996,-4.440892098500626e-16,True
2014-06-06,Unconstrained,-0.14316889669733174,-2.2879999999999994,-2.288,-4.440892098500626e-16,True
2014-06-09,Unconstrained,-0.16017350329509616,-2.467,-2.466999999999999,8.881784197001252e-16,True
2014-06-10,Unconstrained,-0.16702728539743125,-2.5379999999999994,-2.5379999999999994,0.0,True
2014-06-11,Unconstrained,-0.1803699753333995,-2.6709999999999994,-2.670999999999999,4.440892098500626e-16,True
2014-06-12,Unconstrained,-0.19237234589608027,-2.781999999999999,-2.7819999999999983,8.881784197001252e-16,True
2014-06-13,Unconstrained,-0.19162775120009007,-2.778,-2.777999999999999,8.881784197001252e-16,True
2014-06-16,Unconstrained,-0.19089425471688468,-2.7670000000000003,-2.767,4.440892098500626e-16,True
2014-06-17,Unconstrained,-0.216588093937541,-3.0180000000000007,-3.0180000000000016,-8.881784197001252e-16,True
2014-06-18,Unconstrained,-0.2079811470400685,-2.9530000000000003,-2.953,4.440892098500626e-16,True
2014-06-19,Unconstrained,-0.3075506237027635,-3.8610000000000015,-3.8610000000000007,8.881784197001252e-16,True
2014-06-20,Unconstrained,-0.36750744597942625,-4.325999999999999,-4.325999999999999,0.0,True
2014-06-23,Unconstrained,-0.318696229219592,-3.941,-3.9410000000000003,-4.440892098500626e-16,True
2014-06-24,Unconstrained,-0.2661371480948114,-3.4650000000000007,-3.4650000000000007,0.0,True
2014-06-25,Unconstrained,-0.23338813634314792,-3.1819999999999995,-3.1819999999999995,0.0,True
2014-06-26,Unconstrained,-0.24424040510408376,-3.281,-3.2810000000000006,-4.440892098500626e-16,True
2014-06-27,Unconstrained,-0.2718316143466039,-3.5360000000000014,-3.536000000000002,-4.440892098500626e-16,True
2014-06-30,Unconstrained,-0.32050213811763967,-3.9349999999999996,-3.9349999999999996,0.0,True
2014-07-01,Unconstrained,-0.3188063395444175,-3.9360000000000013,-3.9360000000000013,0.0,True
2014-07-02,Unconstrained,-0.3298797263881361,-4.037000000000001,-4.037000000000001,0.0,True
2014-07-03,Unconstrained,-0.351608599751108,-4.228,-4.227999999999999,8.881784197001252e-16,True
2014-07-07,Unconstrained,-0.3000740376904492,-3.775999999999999,-3.7759999999999985,4.440892098500626e-16,True
2014-07-08,Unconstrained,-0.26058712773449205,-3.419999999999999,-3.419999999999999,0.0,True
2014-07-09,Unconstrained,-0.2780393332545879,-3.580000000000001,-3.58,8.881784197001252e-16,True
2014-07-10,Unconstrained,-0.2648719829842885,-3.4430000000000005,-3.443,4.440892098500626e-16,True
2014-07-11,Unconstrained,-0.3150718188121593,-3.874000000000001,-3.874000000000001,0.0,True
2014-07-14,Unconstrained,-0.3291082530253739,-3.9939999999999998,-3.9940000000000007,-8.881784197001252e-16,True
2014-07-15,Unconstrained,-0.2922778621234491,-3.691999999999999,-3.691999999999998,8.881784197001252e-16,True
2014-07-16,Unconstrained,-0.2654750875084846,-3.4860000000000015,-3.4860000000000007,8.881784197001252e-16,True
2014-07-17,Unconstrained,-0.23758693078263438,-3.1650000000000005,-3.165,4.440892098500626e-16,True
2014-07-18,Unconstrained,-0.3466546428970006,-4.119,-4.118999999999999,8.881784197001252e-16,True
2014-07-21,Unconstrained,-0.31842881042137633,-3.875,-3.8750000000000004,-4.440892098500626e-16,True
2014-07-22,Unconstrained,-0.28665826417323853,-3.6370000000000005,-3.6370000000000005,0.0,True
2014-07-23,Unconstrained,-0.2411695282432524,-3.2550000000000012,-3.255000000000001,4.440892098500626e-16,True
2014-07-24,Unconstrained,-0.25571407538956237,-3.3800000000000012,-3.3800000000000012,0.0,True
2014-07-25,Unconstrained,-0.274907099841102,-3.525999999999999,-3.5259999999999994,-4.440892098500626e-16,True
2014-07-28,Unconstrained,-0.27167820538341514,-3.502000000000001,-3.502000000000002,-8.881784197001252e-16,True
2014-07-29,Unconstrained,-0.2426965525887592,-3.2349999999999994,-3.234999999999998,1.3322676295501878e-15,True
2014-07-30,Unconstrained,-0.22249774892161234,-3.0539999999999994,-3.053999999999999,4.440892098500626e-16,True
2014-07-31,Unconstrained,-0.20866660446532323,-2.871000000000001,-2.871,8.881784197001252e-16,True
2014-08-01,Unconstrained,-0.21145187770213306,-2.8930000000000007,-2.893,8.881784197001252e-16,True
2014-08-04,Unconstrained,-0.1847125878870886,-2.686,-2.6859999999999995,4.440892098500626e-16,True
2014-08-05,Unconstrained,-0.16204613781959187,-2.4620000000000006,-2.4620000000000006,0.0,True
2014-08-06,Unconstrained,-0.15932814630696468,-2.441,-2.441,0.0,True
2014-08-07,Unconstrained,-0.16250735930922802,-2.468000000000001,-2.468,8.881784197001252e-16,True
2014-08-08,Unconstrained,-0.11690776741609187,-2.036,-2.036,0.0,True
2014-08-11,Unconstrained,-0.15640221286604886,-2.4239999999999995,-2.4239999999999995,0.0,True
2014-08-12,Unconstrained,-0.15075723354658688,-2.3689999999999998,-2.3689999999999993,4.440892098500626e-16,True
2014-08-13,Unconstrained,-0.18342744660343036,-2.6930000000000005,-2.693,4.440892098500626e-16,True
2014-08-14,Unconstrained,-0.24203903179656927,-3.246000000000001,-3.2460000000000004,4.440892098500626e-16,True
2014-08-15,Unconstrained,-0.27841802695051043,-3.5430000000000006,-3.543,4.440892098500626e-16,True
2014-08-18,Unconstrained,-0.3125809159981064,-3.846000000000001,-3.845999999999999,1.7763568394002505e-15,True
2014-08-19,Unconstrained,-0.315002728729171,-3.8689999999999998,-3.8690000000000015,-1.7763568394002505e-15,True
2014-08-20,Unconstrained,-0.27448771287925466,-3.5460000000000007,-3.546000000000001,-4.440892098500626e-16,True
2014-08-21,Unconstrained,-0.27779438755761166,-3.575,-3.5750000000000015,-1.3322676295501878e-15,True
2014-08-22,Unconstrained,-0.2694607391212167,-3.5099999999999993,-3.509999999999999,4.440892098500626e-16,True
2014-08-25,Unconstrained,-0.27378915647115587,-3.541999999999999,-3.5419999999999985,4.440892098500626e-16,True
2014-08-26,Unconstrained,-0.252307550145932,-3.353999999999999,-3.3539999999999996,-4.440892098500626e-16,True
2014-08-27,Unconstrained,-0.27390898780693446,-3.5409999999999995,-3.540999999999998,1.3322676295501878e-15,True
2014-08-28,Unconstrained,-0.30513046293744917,-3.794999999999999,-3.794999999999999,0.0,True
2014-08-29,Unconstrained,-0.1836166339365762,-2.7010000000000005,-2.701000000000001,-4.440892098500626e-16,True
2014-09-02,Unconstrained,-0.23352055112385703,-3.1719999999999997,-3.1719999999999997,0.0,True
2014-09-03,Unconstrained,-0.23186366878090514,-3.155000000000001,-3.155000000000001,0.0,True
2014-09-04,Unconstrained,-0.2171190214151585,-3.0150000000000006,-3.0149999999999992,1.3322676295501878e-15,True
2014-09-05,Unconstrained,-0.2996486284195855,-3.749000000000001,-3.749,8.881784197001252e-16,True
2014-09-08,Unconstrained,-0.24762607460512984,-3.2909999999999995,-3.2909999999999995,0.0,True
2014-09-09,Unconstrained,-0.29757357087686875,-3.6879999999999997,-3.6879999999999997,0.0,True
2014-09-10,Unconstrained,-0.22162154718342708,-3.053,-3.0529999999999995,4.440892098500626e-16,True
2014-09-11,Unconstrained,-0.24579903368569667,-3.272,-3.272,0.0,True
2014-09-12,Unconstrained,-0.18834586115973587,-2.7370000000000005,-2.7370000000000005,0.0,True
2014-09-15,Unconstrained,-0.18614075059876084,-2.7090000000000005,-2.709,4.440892098500626e-16,True
2014-09-16,Unconstrained,-0.18207038510641677,-2.681,-2.6810000000000005,-4.440892098500626e-16,True
2014-09-17,Unconstrained,-0.309826219168109,-3.8129999999999997,-3.8129999999999993,4.440892098500626e-16,True
2014-09-18,Unconstrained,-0.35876689472320894,-4.209999999999999,-4.209999999999999,0.0,True
2014-09-19,Unconstrained,-0.41723978494498287,-4.608000000000001,-4.6080000000000005,8.881784197001252e-16,True
2014-09-22,Unconstrained,-0.3374574238962161,-3.9849999999999994,-3.9850000000000003,-8.881784197001252e-16,True
2014-09-23,Unconstrained,-0.24817280091237842,-3.246000000000001,-3.246000000000001,0.0,True
2014-09-24,Unconstrained,-0.18339530217753103,-2.6900000000000004,-2.6900000000000004,0.0,True
2014-09-25,Unconstrained,-0.24758182864687459,-3.224000000000001,-3.224000000000001,0.0,True
2014-09-26,Unconstrained,-0.22486421713813676,-3.049000000000001,-3.049000000000002,-1.3322676295501878e-15,True
2014-09-29,Unconstrained,-0.24164789163398706,-3.166999999999999,-3.166999999999998,8.881784197001252e-16,True
2014-09-30,Unconstrained,-0.19606444349826344,-2.7730000000000006,-2.773000000000001,-4.440892098500626e-16,True
2014-10-01,Unconstrained,-0.14621822501425072,-2.317,-2.3170000000000006,-4.440892098500626e-16,True
2014-10-02,Unconstrained,-0.16935056058852496,-2.5349999999999993,-2.5349999999999993,0.0,True
2014-10-03,Unconstrained,-0.13902423657660656,-2.253,-2.253,0.0,True
2014-10-06,Unconstrained,-0.18620904478286326,-2.6959999999999993,-2.6959999999999984,8.881784197001252e-16,True
2014-10-07,Unconstrained,-0.12181003617693295,-2.0849999999999995,-2.0849999999999995,0.0,True
2014-10-08,Unconstrained,-0.19810923847806614,-2.808000000000001,-2.8080000000000003,8.881784197001252e-16,True
2014-10-09,Unconstrained,-0.15243835237692752,-2.3579999999999997,-2.357999999999999,4.440892098500626e-16,True
2014-10-10,Unconstrained,-0.2508152806064443,-3.0819999999999994,-3.0819999999999994,0.0,True
2014-10-13,Unconstrained,-0.2630019710472934,-3.0360000000000014,-3.0360000000000014,0.0,True
2014-10-14,Unconstrained,-0.2149439143989364,-2.778,-2.778,0.0,True
2014-10-15,Unconstrained,-0.016243578408781406,-1.1310000000000002,-1.1309999999999998,4.440892098500626e-16,True
2014-10-16,Unconstrained,-0.22886064718498716,-2.7969999999999997,-2.7969999999999993,4.440892098500626e-16,True
2014-10-17,Unconstrained,-0.26787433153816675,-3.1710000000000007,-3.1710000000000016,-8.881784197001252e-16,True
2014-10-20,Unconstrained,-0.11964291588848074,-2.0620000000000003,-2.0620000000000007,-4.440892098500626e-16,True
2014-10-21,Unconstrained,-0.21230682849481922,-2.9180000000000006,-2.918000000000001,-4.440892098500626e-16,True
2014-10-22,Unconstrained,-0.1909238014204668,-2.7040000000000006,-2.7039999999999993,1.3322676295501878e-15,True
2014-10-23,Unconstrained,-0.2084695078823699,-2.877000000000001,-2.8770000000000007,4.440892098500626e-16,True
2014-10-24,Unconstrained,-0.1717031001989277,-2.5569999999999995,-2.5569999999999995,0.0,True
2014-10-27,Unconstrained,-0.1522532572521198,-2.377,-2.3769999999999993,4.440892098500626e-16,True
2014-10-28,Unconstrained,-0.19147336725807204,-2.7560000000000002,-2.7559999999999993,8.881784197001252e-16,True
2014-10-29,Unconstrained,-0.15613287733806622,-2.4180000000000006,-2.418,4.440892098500626e-16,True
2014-10-30,Unconstrained,-0.12389859214522488,-2.1019999999999994,-2.1020000000000003,-8.881784197001252e-16,True
2014-10-31,Unconstrained,-0.16157436859805974,-2.475,-2.4750000000000014,-1.3322676295501878e-15,True
2014-11-03,Unconstrained,-0.16074279809564535,-2.464,-2.4640000000000004,-4.440892098500626e-16,True
2014-11-04,Unconstrained,-0.15612368280818043,-2.4189999999999996,-2.4189999999999987,8.881784197001252e-16,True
2014-11-05,Unconstrained,-0.1710848095245842,-2.566,-2.566,0.0,True
2014-11-06,Unconstrained,-0.16328260201212177,-2.4930000000000008,-2.4930000000000003,4.440892098500626e-16,True
2014-11-07,Unconstrained,-0.1851519798486747,-2.7079999999999997,-2.7079999999999997,0.0,True
2014-11-10,Unconstrained,-0.22106038807044434,-3.0509999999999993,-3.051,-8.881784197001252e-16,True
2014-11-11,Unconstrained,-0.18530604329619382,-2.711,-2.7109999999999994,4.440892098500626e-16,True
2014-11-12,Unconstrained,-0.17097610679953779,-2.5709999999999993,-2.5709999999999997,-4.440892098500626e-16,True
2014-11-13,Unconstrained,-0.20589537125451088,-2.896000000000001,-2.8960000000000017,-8.881784197001252e-16,True
2014-11-14,Unconstrained,-0.20223922697134947,-2.8680000000000008,-2.868000000000001,-4.440892098500626e-16,True
2014-11-17,Unconstrained,-0.15073448248110832,-2.3689999999999998,-2.3689999999999998,0.0,True
2014-11-18,Unconstrained,-0.2403732367666575,-3.2030000000000003,-3.2030000000000007,-4.440892098500626e-16,True
2014-11-19,Unconstrained,-0.16062286508799717,-2.4659999999999997,-2.466,-4.440892098500626e-16,True
2014-11-20,Unconstrained,-0.2912402064207506,-3.6349999999999993,-3.6349999999999993,0.0,True
2014-11-21,Unconstrained,-0.31510990242388015,-3.846000000000001,-3.8460000000000014,-4.440892098500626e-16,True
2014-11-24,Unconstrained,-0.3361856557788809,-4.018000000000001,-4.018000000000002,-8.881784197001252e-16,True
2014-11-25,Unconstrained,-0.3333903344968254,-4.011000000000001,-4.011,8.881784197001252e-16,True
2014-11-26,Unconstrained,-0.3292694611993523,-3.9860000000000015,-3.986000000000002,-4.440892098500626e-16,True
2014-11-28,Unconstrained,-0.23758626160081436,-3.1889999999999987,-3.1889999999999987,0.0,True
2014-12-01,Unconstrained,-0.1955773549238743,-2.7950000000000004,-2.7950000000000004,0.0,True
2014-12-02,Unconstrained,-0.13059376796968006,-2.164,-2.1639999999999993,8.881784197001252e-16,True
2014-12-03,Unconstrained,-0.26465363058164565,-3.444,-3.4440000000000004,-4.440892098500626e-16,True
2014-12-04,Unconstrained,-0.20168690968138228,-2.872999999999999,-2.8729999999999993,-4.440892098500626e-16,True
2014-12-05,Unconstrained,-0.22937525546382628,-3.1409999999999996,-3.1409999999999996,0.0,True
2014-12-08,Unconstrained,-0.31018366941600756,-3.7620000000000005,-3.7620000000000005,0.0,True
2014-12-09,Unconstrained,-0.30108350097569614,-3.6689999999999996,-3.6689999999999996,0.0,True
2014-12-10,Unconstrained,-0.24007195439432027,-3.0879999999999996,-3.088,-4.440892098500626e-16,True
2014-12-11,Unconstrained,-0.24422856409254062,-3.072999999999999,-3.0729999999999986,4.440892098500626e-16,True
2014-12-12,Unconstrained,-0.25934284544536357,-3.147,-3.1469999999999994,4.440892098500626e-16,True
2014-12-15,Unconstrained,-0.31035625372661807,-3.5120000000000005,-3.5119999999999996,8.881784197001252e-16,True
2014-12-16,Unconstrained,-0.26974894597796906,-3.121000000000001,-3.121000000000001,0.0,True
2014-12-17,Unconstrained,-0.17552791913520494,-2.5480000000000005,-2.548000000000001,-4.440892098500626e-16,True
2014-12-18,Unconstrained,-0.17997169423319193,-2.6239999999999997,-2.6240000000000006,-8.881784197001252e-16,True
2014-12-19,Unconstrained,-0.33705406182840686,-3.8629999999999995,-3.8629999999999987,8.881784197001252e-16,True
2014-12-22,Unconstrained,-0.3016954728625832,-3.6610000000000014,-3.6610000000000023,-8.881784197001252e-16,True
2014-12-23,Unconstrained,-0.3038349862050739,-3.6930000000000005,-3.6930000000000014,-8.881784197001252e-16,True
2014-12-24,Unconstrained,-0.2854942379800084,-3.5650000000000004,-3.565,4.440892098500626e-16,True
2014-12-26,Unconstrained,-0.2782021446497675,-3.503,-3.5029999999999997,4.440892098500626e-16,True
2014-12-29,Unconstrained,-0.1927361418332674,-2.7599999999999993,-2.759999999999999,4.440892098500626e-16,True
2014-12-30,Unconstrained,-0.3019810049199248,-3.6389999999999985,-3.6389999999999976,8.881784197001252e-16,True
2014-12-31,Unconstrained,-0.2834879752601232,-3.3840000000000003,-3.3840000000000012,-8.881784197001252e-16,True
2015-01-02,Unconstrained,-0.21003547880684736,-2.8659999999999997,-2.8659999999999997,0.0,True
2015-01-05,Unconstrained,-0.20504130571860507,-2.779000000000001,-2.779000000000001,0.0,True
2015-01-06,Unconstrained,-0.1766094098835409,-2.5269999999999997,-2.5269999999999997,0.0,True
2015-01-07,Unconstrained,-0.15288095145239858,-2.3560000000000003,-2.3560000000000003,0.0,True
2015-01-08,Unconstrained,-0.16383531377534363,-2.4769999999999994,-2.476999999999999,4.440892098500626e-16,True
2015-01-09,Unconstrained,-0.13077439651565248,-2.1689999999999996,-2.168999999999999,4.440892098500626e-16,True
2015-01-12,Unconstrained,-0.12528847754646202,-2.1090000000000004,-2.109000000000001,-4.440892098500626e-16,True
2015-01-13,Unconstrained,-0.13877664048301544,-2.22,-2.2199999999999993,8.881784197001252e-16,True
2015-01-14,Unconstrained,-0.27923102131312977,-3.2659999999999996,-3.265999999999999,4.440892098500626e-16,True
2015-01-15,Unconstrained,-0.12429502591902139,-2.0769999999999995,-2.0769999999999995,0.0,True
2015-01-16,Unconstrained,-0.25752575560093655,-3.1389999999999985,-3.1389999999999993,-8.881784197001252e-16,True
2015-01-20,Unconstrained,-0.15449165257309272,-2.3629999999999995,-2.3629999999999995,0.0,True
2015-01-21,Unconstrained,-0.2881740233204517,-3.430000000000001,-3.4300000000000015,-4.440892098500626e-16,True
2015-01-22,Unconstrained,-0.343913212950013,-3.9129999999999994,-3.912999999999999,4.440892098500626e-16,True
2015-01-23,Unconstrained,-0.24896461835079528,-3.2090000000000005,-3.209000000000001,-4.440892098500626e-16,True
2015-01-26,Unconstrained,-0.28202456080511057,-3.502000000000001,-3.5020000000000024,-1.3322676295501878e-15,True
2015-01-27,Unconstrained,-0.20595316237445763,-2.843000000000001,-2.843000000000001,0.0,True
2015-01-28,Unconstrained,-0.15688501832938495,-2.3760000000000003,-2.376000000000001,-4.440892098500626e-16,True
2015-01-29,Unconstrained,-0.23532695328909387,-3.044999999999999,-3.0449999999999986,4.440892098500626e-16,True
2015-01-30,Unconstrained,-0.17736936689899185,-2.536,-2.5360000000000005,-4.440892098500626e-16,True
2015-02-02,Unconstrained,-0.23162407759808715,-2.997999999999999,-2.997999999999999,0.0,True
2015-02-03,Unconstrained,-0.22243294225938087,-2.978,-2.978,0.0,True
2015-02-04,Unconstrained,-0.18194557012277338,-2.62,-2.62,0.0,True
2015-02-05,Unconstrained,-0.1948288203774981,-2.7540000000000004,-2.754000000000001,-4.440892098500626e-16,True
2015-02-06,Unconstrained,-0.1736456945053407,-2.5620000000000003,-2.562,4.440892098500626e-16,True
2015-02-09,Unconstrained,-0.2269244918340548,-2.9849999999999994,-2.985,-4.440892098500626e-16,True
2015-02-10,Unconstrained,-0.18365664668354587,-2.6510000000000007,-2.6510000000000007,0.0,True
2015-02-11,Unconstrained,-0.20492267900304573,-2.8389999999999986,-2.838999999999999,-4.440892098500626e-16,True
2015-02-12,Unconstrained,-0.21967768720198763,-2.9949999999999988,-2.9949999999999983,4.440892098500626e-16,True
2015-02-13,Unconstrained,-0.17546958947464275,-2.6040000000000005,-2.604000000000001,-4.440892098500626e-16,True
2015-02-17,Unconstrained,-0.19176581614710356,-2.742,-2.7420000000000004,-4.440892098500626e-16,True
2015-02-18,Unconstrained,-0.2814808448067171,-3.5,-3.5000000000000004,-4.440892098500626e-16,True
2015-02-19,Unconstrained,-0.23533236993123466,-3.1300000000000012,-3.1300000000000012,0.0,True
2015-02-20,Unconstrained,-0.16677736172638793,-2.5239999999999996,-2.523999999999999,4.440892098500626e-16,True
2015-02-23,Unconstrained,-0.2738120330441004,-3.4659999999999997,-3.4659999999999993,4.440892098500626e-16,True
2015-02-24,Unconstrained,-0.29053771606074674,-3.625999999999999,-3.6259999999999994,-4.440892098500626e-16,True
2015-02-25,Unconstrained,-0.2919981633780051,-3.6330000000000013,-3.633,1.3322676295501878e-15,True
2015-02-26,Unconstrained,-0.17655997535608833,-2.62,-2.6199999999999997,4.440892098500626e-16,True
2015-02-27,Unconstrained,-0.17824947050994114,-2.6400000000000006,-2.64,4.440892098500626e-16,True
2015-03-02,Unconstrained,-0.17405110342583208,-2.6010000000000004,-2.601000000000001,-4.440892098500626e-16,True
2015-03-03,Unconstrained,-0.14467052391414217,-2.309,-2.3089999999999997,4.440892098500626e-16,True
2015-03-04,Unconstrained,-0.19485391874667593,-2.789,-2.7890000000000006,-4.440892098500626e-16,True
2015-03-05,Unconstrained,-0.18787472461031615,-2.7260000000000004,-2.7260000000000004,0.0,True
2015-03-06,Unconstrained,-0.16109953727120385,-2.4650000000000007,-2.465000000000001,-4.440892098500626e-16,True
2015-03-09,Unconstrained,-0.15588323619821343,-2.4159999999999995,-2.416,-4.440892098500626e-16,True
2015-03-10,Unconstrained,-0.1500671930755702,-2.353,-2.353,0.0,True
2015-03-11,Unconstrained,-0.1522371747452065,-2.372,-2.372,0.0,True
2015-03-12,Unconstrained,-0.12883504604378035,-2.153,-2.1529999999999996,4.440892098500626e-16,True
2015-03-13,Unconstrained,-0.11928937413307582,-2.0599999999999996,-2.059999999999999,4.440892098500626e-16,True
2015-03-16,Unconstrained,-0.1422127603045657,-2.283,-2.2829999999999995,4.440892098500626e-16,True
2015-03-17,Unconstrained,-0.16986442304969135,-2.5439999999999996,-2.5439999999999987,8.881784197001252e-16,True
2015-03-18,Unconstrained,-0.20124706267851958,-2.850999999999999,-2.8509999999999986,4.440892098500626e-16,True
2015-03-19,Unconstrained,-0.195310647118272,-2.7950000000000004,-2.7950000000000004,0.0,True
2015-03-20,Unconstrained,-0.22801965853823075,-3.1090000000000004,-3.1090000000000013,-8.881784197001252e-16,True
2015-03-23,Unconstrained,-0.18580971136352878,-2.7120000000000006,-2.7119999999999997,8.881784197001252e-16,True
2015-03-24,Unconstrained,-0.18283761809501636,-2.6819999999999995,-2.681999999999999,4.440892098500626e-16,True
2015-03-25,Unconstrained,-0.14352220553212525,-2.2959999999999994,-2.296,-4.440892098500626e-16,True
2015-03-26,Unconstrained,-0.14257367105241447,-2.286,-2.2859999999999996,4.440892098500626e-16,True
2015-03-27,Unconstrained,-0.13160712604816113,-2.1799999999999997,-2.1799999999999997,0.0,True
2015-03-30,Unconstrained,-0.14064352595154114,-2.2689999999999997,-2.2689999999999992,4.440892098500626e-16,True
2015-03-31,Unconstrained,-0.116957690134832,-2.0349999999999993,-2.0349999999999993,0.0,True
2015-04-01,Unconstrained,-0.12112094084113592,-2.0760000000000005,-2.076,4.440892098500626e-16,True
2015-04-02,Unconstrained,-0.11296420729129213,-1.9920000000000002,-1.9920000000000009,-6.661338147750939e-16,True
2015-04-06,Unconstrained,-0.11420922781614608,-2.005,-2.0050000000000003,-4.440892098500626e-16,True
2015-04-07,Unconstrained,-0.12701770686247257,-2.1340000000000003,-2.1340000000000003,0.0,True
2015-04-08,Unconstrained,-0.15632943367739477,-2.4239999999999995,-2.423999999999999,4.440892098500626e-16,True
2015-04-09,Unconstrained,-0.17264427863555332,-2.5870000000000006,-2.5870000000000015,-8.881784197001252e-16,True
2015-04-10,Unconstrained,-0.18618204946102562,-2.722,-2.721999999999999,8.881784197001252e-16,True
2015-04-13,Unconstrained,-0.08981885461408325,-1.7459999999999993,-1.7459999999999993,0.0,True
2015-04-14,Unconstrained,-0.15018971140017853,-2.364,-2.363999999999999,8.881784197001252e-16,True
2015-04-15,Unconstrained,-0.11212752196592533,-1.9709999999999994,-1.9709999999999999,-4.440892098500626e-16,True
2015-04-16,Unconstrained,-0.11855852495816678,-2.0370000000000004,-2.037,4.440892098500626e-16,True
2015-04-17,Unconstrained,-0.13617661788645827,-2.2239999999999993,-2.2239999999999993,0.0,True
2015-04-20,Unconstrained,-0.1553736104375088,-2.4159999999999995,-2.415999999999999,4.440892098500626e-16,True
2015-04-21,Unconstrained,-0.1415260354787455,-2.2769999999999997,-2.276999999999999,8.881784197001252e-16,True
2015-04-22,Unconstrained,-0.15440768880306696,-2.406999999999999,-2.4069999999999996,-4.440892098500626e-16,True
2015-04-23,Unconstrained,-0.14643880319190744,-2.3260000000000005,-2.3259999999999996,8.881784197001252e-16,True
2015-04-24,Unconstrained,-0.11481098224147171,-1.9950000000000003,-1.9950000000000017,-1.3322676295501878e-15,True
2015-04-27,Unconstrained,-0.14223447176613507,-2.2840000000000003,-2.284,4.440892098500626e-16,True
2015-04-28,Unconstrained,-0.15389802667896563,-2.4019999999999997,-2.4019999999999997,0.0,True
2015-04-29,Unconstrained,-0.16756845188379868,-2.536,-2.5360000000000005,-4.440892098500626e-16,True
2015-04-30,Unconstrained,-0.07493966180187721,-1.5959999999999994,-1.5959999999999994,0.0,True
2015-05-01,Unconstrained,-0.137721377169765,-2.2370000000000005,-2.237000000000001,-4.440892098500626e-16,True
2015-05-04,Unconstrained,-0.13098065212209345,-2.1680000000000006,-2.1680000000000006,0.0,True
2015-05-05,Unconstrained,-0.13591769178370905,-2.222,-2.2219999999999995,4.440892098500626e-16,True
2015-05-06,Unconstrained,-0.1109425609438894,-1.9739999999999995,-1.9739999999999993,2.220446049250313e-16,True
2015-05-07,Unconstrained,-0.12081445354414609,-2.0730000000000004,-2.0730000000000004,0.0,True
2015-05-08,Unconstrained,-0.14315663779530471,-2.2930000000000006,-2.2930000000000006,0.0,True
2015-05-11,Unconstrained,-0.07583702892596393,-1.5959999999999994,-1.595999999999999,4.440892098500626e-16,True
2015-05-12,Unconstrained,-0.15304545997087304,-2.3920000000000003,-2.391999999999999,1.3322676295501878e-15,True
2015-05-13,Unconstrained,-0.17478682128220366,-2.6040000000000005,-2.604,4.440892098500626e-16,True
2015-05-14,Unconstrained,-0.1905573739661975,-2.7629999999999995,-2.763000000000001,-1.3322676295501878e-15,True
2015-05-15,Unconstrained,-0.18952821765611605,-2.7560000000000002,-2.7560000000000016,-1.3322676295501878e-15,True
2015-05-18,Unconstrained,-0.18309909686220685,-2.691,-2.6910000000000007,-8.881784197001252e-16,True
2015-05-19,Unconstrained,-0.1767096141477201,-2.628,-2.628,0.0,True
2015-05-20,Unconstrained,-0.16383123796690488,-2.5010000000000003,-2.5010000000000003,0.0,True
2015-05-21,Unconstrained,-0.12587749230339665,-2.1109999999999998,-2.1110000000000007,-8.881784197001252e-16,True
2015-05-22,Unconstrained,-0.16215767149409074,-2.4859999999999998,-2.4859999999999998,0.0,True
2015-05-26,Unconstrained,-0.14437195577428943,-2.306,-2.3060000000000005,-4.440892098500626e-16,True
2015-05-27,Unconstrained,-0.14976264355465402,-2.3599999999999994,-2.3600000000000003,-8.881784197001252e-16,True
2015-05-28,Unconstrained,-0.16763615050231326,-2.5370000000000004,-2.537,4.440892098500626e-16,True
2015-05-29,Unconstrained,-0.1387714857092272,-2.25,-2.2500000000000004,-4.440892098500626e-16,True
2015-06-01,Unconstrained,-0.13805795258648945,-2.2430000000000008,-2.243000000000001,-4.440892098500626e-16,True
2015-06-02,Unconstrained,-0.12547822074699136,-2.117,-2.1169999999999995,4.440892098500626e-16,True
2015-06-03,Unconstrained,-0.15980751361019305,-2.4590000000000005,-2.459,4.440892098500626e-16,True
2015-06-04,Unconstrained,-0.13346097006468666,-2.1980000000000004,-2.198000000000001,-4.440892098500626e-16,True
2015-06-05,Unconstrained,-0.11029915874292587,-1.9620000000000004,-1.9620000000000006,-2.220446049250313e-16,True
2015-06-08,Unconstrained,-0.09697023253198245,-1.8329999999999997,-1.8329999999999997,0.0,True
2015-06-09,Unconstrained,-0.10799092029384917,-1.9400000000000006,-1.940000000000001,-4.440892098500626e-16,True
2015-06-10,Unconstrained,-0.1225960645585867,-2.0829999999999997,-2.0829999999999997,0.0,True
2015-06-11,Unconstrained,-0.16694842330551735,-2.531999999999999,-2.5319999999999987,4.440892098500626e-16,True
2015-06-12,Unconstrained,-0.10712140668982208,-1.9260000000000006,-1.9260000000000008,-2.220446049250313e-16,True
2015-06-15,Unconstrained,-0.10596252311123902,-1.925,-1.925,0.0,True
2015-06-16,Unconstrained,-0.11595502430331328,-2.0230000000000006,-2.023,4.440892098500626e-16,True
2015-06-17,Unconstrained,-0.10495411017929908,-1.9090000000000003,-1.9090000000000007,-4.440892098500626e-16,True
2015-06-18,Unconstrained,-0.11626460533057112,-2.0170000000000003,-2.0170000000000003,0.0,True
2015-06-19,Unconstrained,-0.1093027900355936,-1.95,-1.9500000000000002,-2.220446049250313e-16,True
2015-06-22,Unconstrained,-0.11989601179280276,-2.0519999999999996,-2.051999999999999,4.440892098500626e-16,True
2015-06-23,Unconstrained,-0.14184415789713267,-2.278,-2.277999999999999,8.881784197001252e-16,True
2015-06-24,Unconstrained,-0.11000245281435972,-1.9519999999999995,-1.9520000000000004,-8.881784197001252e-16,True
2015-06-25,Unconstrained,-0.14055449256514982,-2.2680000000000007,-2.2680000000000007,0.0,True
2015-06-26,Unconstrained,-0.14447169049185013,-2.3069999999999995,-2.3069999999999995,0.0,True
2015-06-29,Unconstrained,-0.16351759865268692,-2.4540000000000006,-2.454000000000002,-1.3322676295501878e-15,True
2015-06-30,Unconstrained,-0.15522422590175544,-2.3879999999999995,-2.3879999999999995,0.0,True
2015-07-01,Unconstrained,-0.11459339990579048,-2.0140000000000002,-2.0140000000000002,0.0,True
2015-07-02,Unconstrained,-0.12877893142463712,-2.1519999999999997,-2.1519999999999997,0.0,True
2015-07-06,Unconstrained,-0.09945421531310993,-1.8680000000000008,-1.8680000000000003,4.440892098500626e-16,True
2015-07-07,Unconstrained,-0.08692655552203872,-1.7370000000000005,-1.7370000000000008,-2.220446049250313e-16,True
2015-07-08,Unconstrained,-0.09437325182993592,-1.825,-1.8249999999999984,1.5543122344752192e-15,True
2015-07-09,Unconstrained,-0.11719355958185453,-2.0340000000000003,-2.0340000000000003,0.0,True
2015-07-10,Unconstrained,-0.09791312429741623,-1.8519999999999996,-1.8519999999999994,2.220446049250313e-16,True
2015-07-13,Unconstrained,-0.12953816658267764,-2.156999999999999,-2.1569999999999996,-4.440892098500626e-16,True
2015-07-14,Unconstrained,-0.14488258466100432,-2.311,-2.311,0.0,True
2015-07-15,Unconstrained,-0.14439595712838735,-2.306,-2.306,0.0,True
2015-07-16,Unconstrained,-0.16027791925957494,-2.467,-2.467000000000001,-8.881784197001252e-16,True
2015-07-17,Unconstrained,-0.19276814993777558,-2.7909999999999995,-2.7909999999999995,0.0,True
2015-07-20,Unconstrained,-0.16416586403777841,-2.5060000000000002,-2.506000000000001,-8.881784197001252e-16,True
2015-07-21,Unconstrained,-0.16257100505992264,-2.4900000000000007,-2.4900000000000007,0.0,True
2015-07-22,Unconstrained,-0.21923462432989654,-3.041999999999999,-3.0419999999999994,-4.440892098500626e-16,True
2015-07-23,Unconstrained,-0.14563716914999844,-2.3180000000000005,-2.3180000000000005,0.0,True
2015-07-24,Unconstrained,-0.1776936767119181,-2.6319999999999992,-2.6319999999999983,8.881784197001252e-16,True
2015-07-27,Unconstrained,-0.18319225344338202,-2.6670000000000003,-2.6670000000000007,-4.440892098500626e-16,True
2015-07-28,Unconstrained,-0.14896996033172433,-2.3519999999999994,-2.3520000000000003,-8.881784197001252e-16,True
2015-07-29,Unconstrained,-0.1249008283766339,-2.103,-2.103,0.0,True
2015-07-30,Unconstrained,-0.13491759921761834,-2.2060000000000004,-2.206,4.440892098500626e-16,True
2015-07-31,Unconstrained,-0.15565602080336846,-2.4200000000000004,-2.4200000000000004,0.0,True
2015-08-03,Unconstrained,-0.10867471882483039,-1.9319999999999993,-1.9319999999999995,-2.220446049250313e-16,True
2015-08-04,Unconstrained,-0.11276750887271539,-1.9790000000000005,-1.9790000000000005,0.0,True
2015-08-05,Unconstrained,-0.10665573566415373,-1.9099999999999995,-1.9099999999999993,2.220446049250313e-16,True
2015-08-06,Unconstrained,-0.1753142538950976,-2.6090000000000004,-2.609,4.440892098500626e-16,True
2015-08-07,Unconstrained,-0.0937925441005706,-1.7819999999999994,-1.7819999999999991,2.220446049250313e-16,True
2015-08-10,Unconstrained,-0.1299045048723052,-2.154000000000001,-2.154,8.881784197001252e-16,True
2015-08-11,Unconstrained,-0.15758241746585283,-2.4370000000000003,-2.4370000000000007,-4.440892098500626e-16,True
2015-08-12,Unconstrained,-0.11407152743909892,-1.9969999999999999,-1.9970000000000003,-4.440892098500626e-16,True
2015-08-13,Unconstrained,-0.11405304686177964,-1.9959999999999993,-1.9959999999999993,0.0,True
2015-08-14,Unconstrained,-0.1089193856968894,-1.9370000000000005,-1.9370000000000005,0.0,True
2015-08-17,Unconstrained,-0.11733157148893562,-2.0269999999999997,-2.0270000000000006,-8.881784197001252e-16,True
2015-08-18,Unconstrained,-0.15729816149106945,-2.434,-2.4339999999999997,4.440892098500626e-16,True
2015-08-19,Unconstrained,-0.135060320690988,-2.214,-2.214,0.0,True
2015-08-20,Unconstrained,-0.09982159338333164,-1.8760000000000006,-1.8760000000000006,0.0,True
2015-08-21,Unconstrained,-0.28171800540166864,-3.003999999999999,-3.003999999999999,0.0,True
2015-08-24,Unconstrained,-0.404758875151467,-2.9460000000000006,-2.946000000000001,-4.440892098500626e-16,True
2015-08-25,Unconstrained,-0.28392243397278905,-2.678,-2.677999999999999,8.881784197001252e-16,True
2015-08-26,Unconstrained,-0.19820217965688108,-2.4349999999999996,-2.435,-4.440892098500626e-16,True
2015-08-27,Unconstrained,-0.20820718200799887,-2.6310000000000002,-2.6310000000000002,0.0,True
2015-08-28,Unconstrained,-0.2728367939623441,-3.0379999999999994,-3.037999999999999,4.440892098500626e-16,True
2015-08-31,Unconstrained,-0.27245334298447765,-2.9360000000000013,-2.936000000000001,4.440892098500626e-16,True
2015-09-01,Unconstrained,-0.22124923697874252,-2.5349999999999993,-2.534999999999999,4.440892098500626e-16,True
2015-09-02,Unconstrained,-0.19395707398785647,-2.5349999999999993,-2.5349999999999993,0.0,True
2015-09-03,Unconstrained,-0.3053536466017869,-3.2430000000000008,-3.2430000000000008,0.0,True
2015-09-04,Unconstrained,-0.5915052487757463,-4.218999999999999,-4.2189999999999985,8.881784197001252e-16,True
2015-09-08,Unconstrained,-0.29848062426228505,-3.2370000000000005,-3.2370000000000005,0.0,True
2015-09-09,Unconstrained,-0.40590001295120165,-3.7030000000000003,-3.7030000000000003,0.0,True
2015-09-10,Unconstrained,-0.27844741365675907,-3.1419999999999986,-3.141999999999999,-4.440892098500626e-16,True
2015-09-11,Unconstrained,-0.09472293975245363,-1.8180000000000007,-1.818000000000001,-2.220446049250313e-16,True
2015-09-14,Unconstrained,-0.527984487534986,-4.293000000000001,-4.293000000000001,0.0,True
2015-09-15,Unconstrained,-0.34248458245660107,-3.6,-3.5999999999999996,4.440892098500626e-16,True
2015-09-16,Unconstrained,-0.452706244586048,-4.215999999999999,-4.216000000000001,-1.7763568394002505e-15,True
2015-09-17,Unconstrained,-0.35599973171694405,-3.749000000000001,-3.749000000000002,-8.881784197001252e-16,True
2015-09-18,Unconstrained,-0.10896172082083559,-1.9469999999999998,-1.947,-2.220446049250313e-16,True
2015-09-21,Unconstrained,-0.3135728523535287,-3.544999999999999,-3.544999999999999,0.0,True
2015-09-22,Unconstrained,-0.3404793225589575,-3.594,-3.5939999999999994,4.440892098500626e-16,True
2015-09-23,Unconstrained,-0.35144907078765825,-3.6710000000000007,-3.6710000000000007,0.0,True
2015-09-24,Unconstrained,-0.3157848220544163,-3.403,-3.402999999999999,8.881784197001252e-16,True
2015-09-25,Unconstrained,-0.33732718818724305,-3.5159999999999996,-3.5159999999999996,0.0,True
2015-09-28,Unconstrained,-0.35978037275895,-3.4180000000000006,-3.4180000000000006,0.0,True
2015-09-29,Unconstrained,-0.4067125964192287,-3.6710000000000007,-3.6710000000000007,0.0,True
2015-09-30,Unconstrained,-0.046178819882968035,-1.3900000000000006,-1.390000000000001,-4.440892098500626e-16,True
2015-10-01,Unconstrained,-0.17443782062357177,-2.4810000000000003,-2.4810000000000003,0.0,True
2015-10-02,Unconstrained,-0.06745177014363733,-1.575,-1.5749999999999997,2.220446049250313e-16,True
2015-10-05,Unconstrained,-0.2708768932972152,-3.2830000000000013,-3.2830000000000017,-4.440892098500626e-16,True
2015-10-06,Unconstrained,-0.22294555295036866,-2.9319999999999995,-2.9319999999999995,0.0,True
2015-10-07,Unconstrained,-0.25947575578370874,-3.2389999999999985,-3.2389999999999977,8.881784197001252e-16,True
2015-10-08,Unconstrained,-0.31444551720054936,-3.6689999999999996,-3.669,-4.440892098500626e-16,True
2015-10-09,Unconstrained,-0.28413224061504105,-3.4659999999999997,-3.466000000000001,-1.3322676295501878e-15,True
2015-10-12,Unconstrained,-0.3151772110230621,-3.725,-3.725000000000001,-8.881784197001252e-16,True
2015-10-13,Unconstrained,-0.27536838473139075,-3.3810000000000002,-3.3809999999999993,8.881784197001252e-16,True
2015-10-14,Unconstrained,-0.30544665059987414,-3.5819999999999994,-3.5819999999999994,0.0,True
2015-10-15,Unconstrained,-0.43319918113225736,-4.4719999999999995,-4.4719999999999995,0.0,True
2015-10-16,Unconstrained,-0.2804028005276593,-3.503999999999999,-3.503999999999999,0.0,True
2015-10-19,Unconstrained,-0.3461204481028584,-3.9919999999999987,-3.991999999999999,-4.440892098500626e-16,True
2015-10-20,Unconstrained,-0.36308957934646013,-4.0699999999999985,-4.069999999999998,8.881784197001252e-16,True
2015-10-21,Unconstrained,-0.26154789882642127,-3.3069999999999995,-3.3069999999999995,0.0,True
2015-10-22,Unconstrained,-0.12392195248121729,-2.1019999999999994,-2.1019999999999994,0.0,True
2015-10-23,Unconstrained,-0.2854639474684081,-3.5620000000000003,-3.5620000000000003,0.0,True
2015-10-26,Unconstrained,-0.24715734664262723,-3.228999999999999,-3.2289999999999974,1.7763568394002505e-15,True
2015-10-27,Unconstrained,-0.24611317292603957,-3.2169999999999987,-3.2169999999999996,-8.881784197001252e-16,True
2015-10-28,Unconstrained,-0.2701858210159257,-3.4430000000000005,-3.443000000000002,-1.3322676295501878e-15,True
2015-10-29,Unconstrained,-0.27374037558103165,-3.4639999999999986,-3.4639999999999995,-8.881784197001252e-16,True
2015-10-30,Unconstrained,-0.1729043578315305,-2.5769999999999995,-2.576999999999999,4.440892098500626e-16,True
2015-11-02,Unconstrained,-0.3253664110359745,-3.878,-3.8780000000000006,-4.440892098500626e-16,True
2015-11-03,Unconstrained,-0.30883266713695984,-3.7400000000000007,-3.7400000000000007,0.0,True
2015-11-04,Unconstrained,-0.2745417374959738,-3.444,-3.443999999999999,8.881784197001252e-16,True
2015-11-05,Unconstrained,-0.28257002718339763,-3.521000000000001,-3.521000000000001,0.0,True
2015-11-06,Unconstrained,-0.3124695706404802,-3.775,-3.7750000000000004,-4.440892098500626e-16,True
2015-11-09,Unconstrained,-0.27734039458945114,-3.434,-3.4340000000000006,-4.440892098500626e-16,True
2015-11-10,Unconstrained,-0.24655438660338064,-3.224000000000001,-3.2239999999999993,1.7763568394002505e-15,True
2015-11-11,Unconstrained,-0.2513511197095725,-3.2439999999999998,-3.243999999999999,8.881784197001252e-16,True
2015-11-12,Unconstrained,-0.32415831327206074,-3.6930000000000005,-3.693,4.440892098500626e-16,True
2015-11-13,Unconstrained,-0.38180014328961287,-3.95,-3.95,0.0,True
2015-11-16,Unconstrained,-0.25028170724912985,-3.177000000000001,-3.1770000000000005,4.440892098500626e-16,True
2015-11-17,Unconstrained,-0.3280928492779939,-3.697,-3.696999999999999,8.881784197001252e-16,True
2015-11-18,Unconstrained,-0.3135201708894115,-3.6860000000000013,-3.686,1.3322676295501878e-15,True
2015-11-19,Unconstrained,-0.3487447805979412,-3.916999999999999,-3.9169999999999976,1.3322676295501878e-15,True
2015-11-20,Unconstrained,-0.18512246158983206,-2.686,-2.6859999999999995,4.440892098500626e-16,True
2015-11-23,Unconstrained,-0.3442954871009052,-3.950999999999999,-3.9509999999999987,4.440892098500626e-16,True
2015-11-24,Unconstrained,-0.32682582203084953,-3.816999999999999,-3.8169999999999993,-4.440892098500626e-16,True
2015-11-25,Unconstrained,-0.3406642260017592,-3.944999999999999,-3.9449999999999994,-4.440892098500626e-16,True
2015-11-27,Unconstrained,-0.3152004454056498,-3.7659999999999996,-3.766000000000001,-1.3322676295501878e-15,True
2015-11-30,Unconstrained,-0.190347479182483,-2.725,-2.725,0.0,True
2015-12-01,Unconstrained,-0.2856531589828303,-3.5569999999999995,-3.556999999999999,4.440892098500626e-16,True
2015-12-02,Unconstrained,-0.2535904581629359,-3.2659999999999996,-3.265999999999999,4.440892098500626e-16,True
2015-12-03,Unconstrained,-0.2978223830703607,-3.525999999999999,-3.525999999999999,0.0,True
2015-12-04,Unconstrained,-0.2957520468999645,-3.6310000000000002,-3.6310000000000007,-4.440892098500626e-16,True
2015-12-07,Unconstrained,-0.30675711320518656,-3.677000000000001,-3.677000000000001,0.0,True
2015-12-08,Unconstrained,-0.24154035847457697,-3.125,-3.125,0.0,True
2015-12-09,Unconstrained,-0.2919587988159405,-3.4259999999999993,-3.426,-8.881784197001252e-16,True
2015-12-10,Unconstrained,-0.30042960076012826,-3.4939999999999998,-3.494,-4.440892098500626e-16,True
2015-12-11,Unconstrained,-0.6703480209241053,-4.6530000000000005,-4.653,8.881784197001252e-16,True
2015-12-14,Unconstrained,-0.44544742445170527,-4.091999999999999,-4.092,-8.881784197001252e-16,True
2015-12-15,Unconstrained,-0.4741811373187382,-4.334999999999999,-4.334999999999999,0.0,True
2015-12-16,Unconstrained,-0.2998510465605436,-3.55,-3.5500000000000003,-4.440892098500626e-16,True
2015-12-17,Unconstrained,-0.24583538649693837,-3.1199999999999988,-3.1199999999999988,0.0,True
2015-12-18,Unconstrained,-0.414938581043542,-4.0840000000000005,-4.084000000000001,-8.881784197001252e-16,True
2015-12-21,Unconstrained,-0.17069050500933763,-2.5180000000000007,-2.5180000000000007,0.0,True
2015-12-22,Unconstrained,-0.26839007359512607,-3.3629999999999995,-3.362999999999999,4.440892098500626e-16,True
2015-12-23,Unconstrained,-0.2779745656212895,-3.469,-3.469,0.0,True
2015-12-24,Unconstrained,-0.20703221879756026,-2.878,-2.8779999999999997,4.440892098500626e-16,True
2015-12-28,Unconstrained,-0.3057761302371687,-3.628999999999999,-3.628999999999999,0.0,True
2015-12-29,Unconstrained,-0.34366930775879817,-3.9259999999999993,-3.9259999999999997,-4.440892098500626e-16,True
2015-12-30,Unconstrained,-0.41573900140337017,-4.3,-4.3,0.0,True
2015-12-31,Unconstrained,-0.16139721392023454,-2.4430000000000005,-2.4430000000000005,0.0,True
2016-01-04,Unconstrained,-0.39817696303524297,-4.0,-4.0,0.0,True
2016-01-05,Unconstrained,-0.30237702108404724,-3.5069999999999992,-3.5069999999999992,0.0,True
2016-01-06,Unconstrained,-0.21385898180533408,-2.8310000000000004,-2.8310000000000004,0.0,True
2016-01-07,Unconstrained,-0.3666134600254544,-3.594,-3.5940000000000007,-8.881784197001252e-16,True
2016-01-08,Unconstrained,-0.46353239006649044,-3.8830000000000013,-3.8830000000000013,0.0,True
2016-01-11,Unconstrained,-0.5166105695970272,-4.252000000000001,-4.252000000000001,0.0,True
2016-01-12,Unconstrained,-0.39278514635921175,-3.8669999999999987,-3.866999999999998,4.440892098500626e-16,True
2016-01-13,Unconstrained,-0.6707120982317918,-4.587999999999999,-4.587999999999999,0.0,True
2016-01-14,Unconstrained,-0.41453238964042405,-3.878999999999999,-3.879,-8.881784197001252e-16,True
2016-01-15,Unconstrained,-0.6980363176116821,-4.503,-4.503,0.0,True
2016-01-19,Unconstrained,-0.4239863370077759,-3.7900000000000005,-3.790000000000001,-4.440892098500626e-16,True
2016-01-20,Unconstrained,-0.3733034441384013,-3.4819999999999993,-3.4819999999999993,0.0,True
2016-01-21,Unconstrained,-0.325567924499952,-3.299000000000001,-3.2990000000000013,-4.440892098500626e-16,True
2016-01-22,Unconstrained,-0.3004006219066592,-3.3639999999999985,-3.3639999999999985,0.0,True
2016-01-25,Unconstrained,-0.29101420103980036,-3.227000000000001,-3.2270000000000008,4.440892098500626e-16,True
2016-01-26,Unconstrained,-0.23843687472324313,-2.9530000000000003,-2.953,4.440892098500626e-16,True
2016-01-27,Unconstrained,-0.23457917750562546,-2.906,-2.906,0.0,True
2016-01-28,Unconstrained,-0.23375541872604264,-2.922999999999999,-2.9229999999999987,4.440892098500626e-16,True
2016-01-29,Unconstrained,-0.12314440250350883,-2.086,-2.0860000000000003,-4.440892098500626e-16,True
2016-02-01,Unconstrained,-0.18760031298848961,-2.6379999999999995,-2.6379999999999995,0.0,True
2016-02-02,Unconstrained,-0.11286412913791219,-1.9829999999999999,-1.9829999999999997,2.220446049250313e-16,True
2016-02-03,Unconstrained,-0.13836062128369303,-2.2040000000000006,-2.204,4.440892098500626e-16,True
2016-02-04,Unconstrained,-0.14645198539361018,-2.2689999999999997,-2.2689999999999997,0.0,True
2016-02-05,Unconstrained,-0.10457729103453031,-1.9010000000000005,-1.9010000000000002,2.220446049250313e-16,True
2016-02-08,Unconstrained,-0.12371854840929097,-2.025,-2.025,0.0,True
2016-02-09,Unconstrained,-0.13130228271165675,-2.0739999999999994,-2.073999999999999,4.440892098500626e-16,True
2016-02-10,Unconstrained,-0.12574298969159603,-2.036,-2.0359999999999996,4.440892098500626e-16,True
2016-02-11,Unconstrained,-0.1585957892745981,-2.2379999999999995,-2.238,-4.440892098500626e-16,True
2016-02-12,Unconstrained,-0.09147314087058327,-1.775,-1.7750000000000001,-2.220446049250313e-16,True
2016-02-16,Unconstrained,-0.19217633318385852,-2.5769999999999995,-2.576999999999999,4.440892098500626e-16,True
2016-02-17,Unconstrained,-0.17610285383087343,-2.4989999999999997,-2.4989999999999997,0.0,True
2016-02-18,Unconstrained,-0.17866256896763943,-2.533,-2.5330000000000004,-4.440892098500626e-16,True
2016-02-19,Unconstrained,-0.15525531902905257,-2.3609999999999998,-2.361,-4.440892098500626e-16,True
2016-02-22,Unconstrained,-0.0860374223974911,-1.7459999999999993,-1.7459999999999996,-2.220446049250313e-16,True
2016-02-23,Unconstrained,-0.11030213841041597,-1.967,-1.9669999999999994,6.661338147750939e-16,True
2016-02-24,Unconstrained,-0.10781061379893143,-1.9459999999999993,-1.945999999999999,2.220446049250313e-16,True
2016-02-25,Unconstrained,-0.13527093303249108,-2.2019999999999995,-2.201999999999999,4.440892098500626e-16,True
2016-02-26,Unconstrained,-0.09867236586450882,-1.8650000000000007,-1.8650000000000009,-2.220446049250313e-16,True
2016-02-29,Unconstrained,-0.08823506691941709,-1.7680000000000007,-1.7680000000000013,-6.661338147750939e-16,True
2016-03-01,Unconstrained,-0.11093595357158668,-1.9810000000000003,-1.9810000000000003,0.0,True
2016-03-02,Unconstrained,-0.1376403302338476,-2.2349999999999994,-2.234999999999999,4.440892098500626e-16,True
2016-03-03,Unconstrained,-0.16902766671116684,-2.5269999999999997,-2.5269999999999992,4.440892098500626e-16,True
2016-03-04,Unconstrained,-0.13015610965032848,-2.1650000000000005,-2.1650000000000005,0.0,True
2016-03-07,Unconstrained,-0.1557896281772438,-2.4010000000000007,-2.401000000000001,-4.440892098500626e-16,True
2016-03-08,Unconstrained,-0.15177187775610743,-2.353,-2.353,0.0,True
2016-03-09,Unconstrained,-0.15074891982358327,-2.347,-2.346999999999999,8.881784197001252e-16,True
2016-03-10,Unconstrained,-0.22773966212659197,-3.003999999999999,-3.0039999999999987,4.440892098500626e-16,True
2016-03-11,Unconstrained,-0.21097853874901332,-2.899000000000001,-2.8990000000000027,-1.7763568394002505e-15,True
2016-03-14,Unconstrained,-0.2653771944146053,-3.330000000000001,-3.330000000000001,0.0,True
2016-03-15,Unconstrained,-0.254136410877367,-3.2449999999999988,-3.2449999999999988,0.0,True
2016-03-16,Unconstrained,-0.1691124486960943,-2.5420000000000003,-2.5420000000000007,-4.440892098500626e-16,True
2016-03-17,Unconstrained,-0.18175129235406406,-2.6650000000000005,-2.6650000000000014,-8.881784197001252e-16,True
2016-03-18,Unconstrained,-0.18243696294055473,-2.675,-2.6749999999999994,4.440892098500626e-16,True
2016-03-21,Unconstrained,-0.21015544971469546,-2.9349999999999996,-2.9349999999999987,8.881784197001252e-16,True
2016-03-22,Unconstrained,-0.22915343293277685,-3.099000000000001,-3.099000000000001,0.0,True
2016-03-23,Unconstrained,-0.21567443159696875,-2.9669999999999987,-2.9669999999999987,0.0,True
2016-03-24,Unconstrained,-0.10410582494452647,-1.9019999999999997,-1.9019999999999995,2.220446049250313e-16,True
2016-03-28,Unconstrained,-0.19452595981322018,-2.7739999999999996,-2.7739999999999996,0.0,True
2016-03-29,Unconstrained,-0.24698439636187527,-3.2610000000000015,-3.2610000000000015,0.0,True
2016-03-30,Unconstrained,-0.20244575377010318,-2.8669999999999987,-2.8669999999999987,0.0,True
2016-03-31,Unconstrained,-0.13407892515693767,-2.2030000000000003,-2.2030000000000007,-4.440892098500626e-16,True
2016-04-01,Unconstrained,-0.15404411804483806,-2.403,-2.4029999999999996,4.440892098500626e-16,True
2016-04-04,Unconstrained,-0.16657669257935392,-2.5230000000000006,-2.523,4.440892098500626e-16,True
2016-04-05,Unconstrained,-0.11611099465949148,-2.0269999999999997,-2.0269999999999992,4.440892098500626e-16,True
2016-04-06,Unconstrained,-0.16479978148287777,-2.5060000000000002,-2.5060000000000002,0.0,True
2016-04-07,Unconstrained,-0.1669549239840677,-2.5129999999999995,-2.5129999999999995,0.0,True
2016-04-08,Unconstrained,-0.05385447872350964,-1.3840000000000003,-1.3840000000000003,0.0,True
2016-04-11,Unconstrained,-0.10432819236198569,-1.9129999999999996,-1.913,-4.440892098500626e-16,True
2016-04-12,Unconstrained,-0.17699364951672703,-2.617,-2.617,0.0,True
2016-04-13,Unconstrained,-0.18629898431375289,-2.7129999999999996,-2.713,-4.440892098500626e-16,True
2016-04-14,Unconstrained,-0.1767400631212769,-2.623,-2.6229999999999993,8.881784197001252e-16,True
2016-04-15,Unconstrained,-0.14477306939230866,-2.3099999999999996,-2.3099999999999996,0.0,True
2016-04-18,Unconstrained,-0.1198227537955097,-2.0549999999999997,-2.0549999999999997,0.0,True
2016-04-19,Unconstrained,-0.17601474944704684,-2.6189999999999998,-2.6190000000000007,-8.881784197001252e-16,True
2016-04-20,Unconstrained,-0.1761423010495085,-2.62,-2.62,0.0,True
2016-04-21,Unconstrained,-0.1856592774242853,-2.7060000000000004,-2.7059999999999995,8.881784197001252e-16,True
2016-04-22,Unconstrained,-0.14628021084573392,-2.325,-2.3249999999999997,4.440892098500626e-16,True
2016-04-25,Unconstrained,-0.18280751596309996,-2.678,-2.6779999999999995,4.440892098500626e-16,True
2016-04-26,Unconstrained,-0.18928743343293572,-2.7400000000000007,-2.7400000000000015,-8.881784197001252e-16,True
2016-04-27,Unconstrained,-0.1753142538950976,-2.6090000000000004,-2.609,4.440892098500626e-16,True
2016-04-28,Unconstrained,-0.1694991924555251,-2.5439999999999996,-2.5439999999999996,0.0,True
2016-04-29,Unconstrained,-0.18133368074837072,-2.6489999999999996,-2.648999999999999,4.440892098500626e-16,True
2016-05-02,Unconstrained,-0.19301564194408927,-2.7670000000000003,-2.767000000000001,-4.440892098500626e-16,True
2016-05-03,Unconstrained,-0.17522046469275682,-2.594,-2.5939999999999994,4.440892098500626e-16,True
2016-05-04,Unconstrained,-0.1580197811301871,-2.431,-2.4310000000000005,-4.440892098500626e-16,True
2016-05-05,Unconstrained,-0.15186684226527816,-2.3739999999999997,-2.3739999999999997,0.0,True
2016-05-06,Unconstrained,-0.12184413835001597,-2.0819999999999994,-2.0819999999999994,0.0,True
2016-05-09,Unconstrained,-0.14552632247370725,-2.317,-2.317,0.0,True
2016-05-10,Unconstrained,-0.15482595367789354,-2.4099999999999993,-2.409999999999999,4.440892098500626e-16,True
2016-05-11,Unconstrained,-0.13558189481235303,-2.219,-2.2189999999999994,4.440892098500626e-16,True
2016-05-12,Unconstrained,-0.14907391362523542,-2.3519999999999994,-2.3519999999999994,0.0,True
2016-05-13,Unconstrained,-0.1281733075601572,-2.1459999999999995,-2.145999999999999,4.440892098500626e-16,True
2016-05-16,Unconstrained,-0.15541923035979147,-2.4129999999999994,-2.412999999999999,4.440892098500626e-16,True
2016-05-17,Unconstrained,-0.14355395147348773,-2.2959999999999994,-2.296,-4.440892098500626e-16,True
2016-05-18,Unconstrained,-0.13594489038285149,-2.222,-2.2220000000000004,-4.440892098500626e-16,True
2016-05-19,Unconstrained,-0.15124378252479884,-2.3659999999999997,-2.365999999999999,4.440892098500626e-16,True
2016-05-20,Unconstrained,-0.1713004143162913,-2.561,-2.5610000000000004,-4.440892098500626e-16,True
2016-05-23,Unconstrained,-0.16246475332466734,-2.4739999999999993,-2.473999999999999,4.440892098500626e-16,True
2016-05-24,Unconstrained,-0.16163696512438386,-2.4739999999999993,-2.4739999999999998,-4.440892098500626e-16,True
2016-05-25,Unconstrained,-0.18635524346624066,-2.7129999999999996,-2.7129999999999996,0.0,True
2016-05-26,Unconstrained,-0.20886533406493116,-2.928,-2.928,0.0,True
2016-05-27,Unconstrained,-0.21199609916420625,-2.961000000000001,-2.9610000000000016,-4.440892098500626e-16,True
2016-05-31,Unconstrained,-0.1927545634786262,-2.7700000000000005,-2.7700000000000005,0.0,True
2016-06-01,Unconstrained,-0.24620236159826397,-3.246000000000001,-3.246,8.881784197001252e-16,True
2016-06-02,Unconstrained,-0.2645850737110882,-3.4150000000000005,-3.415,4.440892098500626e-16,True
2016-06-03,Unconstrained,-0.16433134309813818,-2.5040000000000004,-2.504000000000001,-4.440892098500626e-16,True
2016-06-06,Unconstrained,-0.16985060938640706,-2.5569999999999995,-2.556999999999999,4.440892098500626e-16,True
2016-06-07,Unconstrained,-0.20167973964210492,-2.853999999999999,-2.8539999999999988,4.440892098500626e-16,True
2016-06-08,Unconstrained,-0.20927966887723765,-2.922999999999999,-2.922999999999999,0.0,True
2016-06-09,Unconstrained,-0.21107613909368728,-2.931,-2.931,0.0,True
2016-06-10,Unconstrained,-0.2706758720633705,-3.3669999999999987,-3.3669999999999987,0.0,True
2016-06-13,Unconstrained,-0.3543898218515154,-3.749000000000001,-3.749000000000001,0.0,True
2016-06-14,Unconstrained,-0.35932601112013984,-3.802000000000001,-3.802,8.881784197001252e-16,True
2016-06-15,Unconstrained,-0.40934528600164866,-4.090999999999999,-4.090999999999998,8.881784197001252e-16,True
2016-06-16,Unconstrained,-0.43146048530128905,-4.25,-4.250000000000001,-8.881784197001252e-16,True
2016-06-17,Unconstrained,-0.3481959713540295,-3.7939999999999996,-3.794,-4.440892098500626e-16,True
2016-06-20,Unconstrained,-0.3378067380062849,-3.781,-3.781000000000001,-8.881784197001252e-16,True
2016-06-21,Unconstrained,-0.30966189020994594,-3.5919999999999987,-3.591999999999998,8.881784197001252e-16,True
2016-06-22,Unconstrained,-0.3385913021583306,-3.647999999999999,-3.647999999999999,0.0,True
2016-06-23,Unconstrained,-0.4680313463306748,-4.5699999999999985,-4.57,-1.7763568394002505e-15,True
2016-06-24,Unconstrained,-0.5641791534871491,-4.291999999999999,-4.291999999999999,0.0,True
2016-06-27,Unconstrained,-0.3638024384858522,-3.6430000000000007,-3.6430000000000007,0.0,True
2016-06-28,Unconstrained,-0.7829282705577485,-5.366,-5.366,0.0,True
2016-06-29,Unconstrained,-0.3066876882602978,-3.646000000000001,-3.646,8.881784197001252e-16,True
2016-06-30,Unconstrained,-0.36036436724438253,-4.058000000000002,-4.058000000000002,0.0,True
2016-07-01,Unconstrained,-0.2025954500284103,-2.853,-2.8529999999999998,4.440892098500626e-16,True
2016-07-05,Unconstrained,-0.16882612794667984,-2.5349999999999993,-2.5349999999999993,0.0,True
2016-07-06,Unconstrained,-0.1452803588687722,-2.314,-2.3139999999999996,4.440892098500626e-16,True
2016-07-07,Unconstrained,-0.16159371359958344,-2.472,-2.472,0.0,True
2016-07-08,Unconstrained,-0.18646925761793245,-2.72,-2.7200000000000006,-4.440892098500626e-16,True
2016-07-11,Unconstrained,-0.1642557531968541,-2.503,-2.503,0.0,True
2016-07-12,Unconstrained,-0.1752756854544461,-2.6099999999999994,-2.6099999999999994,0.0,True
2016-07-13,Unconstrained,-0.1872742643589879,-2.7290000000000005,-2.7289999999999996,8.881784197001252e-16,True
2016-07-14,Unconstrained,-0.19743421968279332,-2.8280000000000003,-2.828,4.440892098500626e-16,True
2016-07-15,Unconstrained,-0.21296915862557259,-2.975999999999999,-2.976,-8.881784197001252e-16,True
2016-07-18,Unconstrained,-0.16741288066981705,-2.5379999999999994,-2.538,-4.440892098500626e-16,True
2016-07-19,Unconstrained,-0.2137070969176489,-2.9919999999999987,-2.991999999999999,-4.440892098500626e-16,True
2016-07-20,Unconstrained,-0.1985629769607928,-2.849000000000001,-2.8490000000000015,-4.440892098500626e-16,True
2016-07-21,Unconstrained,-0.19452102239420346,-2.8009999999999993,-2.8009999999999997,-4.440892098500626e-16,True
2016-07-22,Unconstrained,-0.19746423169005728,-2.836000000000001,-2.836000000000001,0.0,True
2016-07-25,Unconstrained,-0.21206999340503085,-2.9650000000000007,-2.9650000000000007,0.0,True
2016-07-26,Unconstrained,-0.21633796276698758,-3.002000000000001,-3.002000000000001,0.0,True
2016-07-27,Unconstrained,-0.17058561388596888,-2.5680000000000005,-2.568,4.440892098500626e-16,True
2016-07-28,Unconstrained,-0.19974822914644935,-2.850999999999999,-2.850999999999999,0.0,True
2016-07-29,Unconstrained,-0.19618841474453963,-2.825,-2.825,0.0,True
2016-08-01,Unconstrained,-0.1942359365829716,-2.8009999999999993,-2.8009999999999993,0.0,True
2016-08-02,Unconstrained,-0.20845582401902904,-2.925,-2.9250000000000003,-4.440892098500626e-16,True
2016-08-03,Unconstrained,-0.21572279986075227,-2.999000000000001,-2.999000000000001,0.0,True
2016-08-04,Unconstrained,-0.18442161077367025,-2.7060000000000004,-2.7060000000000017,-1.3322676295501878e-15,True
2016-08-05,Unconstrained,-0.22006188864113171,-3.0599999999999996,-3.0599999999999996,0.0,True
2016-08-08,Unconstrained,-0.24539213644939029,-3.2939999999999996,-3.293999999999999,4.440892098500626e-16,True
2016-08-09,Unconstrained,-0.2752883575968029,-3.556,-3.5560000000000005,-4.440892098500626e-16,True
2016-08-10,Unconstrained,-0.25004290162314086,-3.325,-3.325000000000001,-8.881784197001252e-16,True
2016-08-11,Unconstrained,-0.22773935136680679,-3.128,-3.128,0.0,True
2016-08-12,Unconstrained,-0.23666470177840013,-3.2129999999999996,-3.212999999999999,4.440892098500626e-16,True
2016-08-15,Unconstrained,-0.2629847440184693,-3.444999999999999,-3.444999999999999,0.0,True
2016-08-16,Unconstrained,-0.24038575855506208,-3.227000000000001,-3.2270000000000008,4.440892098500626e-16,True
2016-08-17,Unconstrained,-0.290564374527586,-3.6710000000000007,-3.671000000000001,-4.440892098500626e-16,True
2016-08-18,Unconstrained,-0.26673685696857885,-3.4870000000000005,-3.487000000000001,-4.440892098500626e-16,True
2016-08-19,Unconstrained,-0.2861477754168527,-3.6580000000000013,-3.658000000000001,4.440892098500626e-16,True
2016-08-22,Unconstrained,-0.2729202716030607,-3.5199999999999987,-3.519999999999999,-4.440892098500626e-16,True
2016-08-23,Unconstrained,-0.23453684428481136,-3.1789999999999994,-3.1789999999999994,0.0,True
2016-08-24,Unconstrained,-0.2214916250781329,-3.0430000000000006,-3.043,4.440892098500626e-16,True
2016-08-25,Unconstrained,-0.22884874721626344,-3.1060000000000003,-3.1060000000000003,0.0,True
2016-08-26,Unconstrained,-0.24413629384666508,-3.2400000000000007,-3.2399999999999993,1.3322676295501878e-15,True
2016-08-29,Unconstrained,-0.2301945738696813,-3.1300000000000012,-3.1300000000000017,-4.440892098500626e-16,True
2016-08-30,Unconstrained,-0.2869410815148417,-3.6139999999999985,-3.613999999999999,-4.440892098500626e-16,True
2016-08-31,Unconstrained,-0.20852594329706345,-2.925,-2.925,0.0,True
2016-09-01,Unconstrained,-0.2149362045069862,-2.9830000000000014,-2.983000000000001,4.440892098500626e-16,True
2016-09-02,Unconstrained,-0.1978388380812674,-2.8400000000000007,-2.840000000000001,-4.440892098500626e-16,True
2016-09-06,Unconstrained,-0.227021539056812,-3.1159999999999997,-3.1159999999999997,0.0,True
2016-09-07,Unconstrained,-0.22452214824183786,-3.094,-3.0940000000000007,-8.881784197001252e-16,True
2016-09-08,Unconstrained,-0.21253202094730428,-2.974000000000001,-2.9740000000000015,-4.440892098500626e-16,True
2016-09-09,Unconstrained,-0.1697532700922882,-2.525,-2.5250000000000004,-4.440892098500626e-16,True
2016-09-12,Unconstrained,-0.26996059037012227,-3.4180000000000006,-3.418,4.440892098500626e-16,True
2016-09-13,Unconstrained,-0.24638707642245708,-3.156,-3.156,0.0,True
2016-09-14,Unconstrained,-0.1957341259668653,-2.7400000000000007,-2.74,4.440892098500626e-16,True
2016-09-15,Unconstrained,-0.22923855508154886,-3.0569999999999995,-3.056999999999999,4.440892098500626e-16,True
2016-09-16,Unconstrained,-0.16758560243928325,-2.525,-2.5249999999999995,4.440892098500626e-16,True
2016-09-19,Unconstrained,-0.17374355165227023,-2.5810000000000004,-2.5810000000000004,0.0,True
2016-09-20,Unconstrained,-0.18558272176419446,-2.6849999999999996,-2.685,-4.440892098500626e-16,True
2016-09-21,Unconstrained,-0.13521700230976402,-2.2129999999999996,-2.212999999999999,4.440892098500626e-16,True
2016-09-22,Unconstrained,-0.15653336485817473,-2.4290000000000007,-2.4290000000000016,-8.881784197001252e-16,True
2016-09-23,Unconstrained,-0.16487211428871876,-2.5129999999999995,-2.5129999999999995,0.0,True
2016-09-26,Unconstrained,-0.13088072205940784,-2.1719999999999997,-2.1719999999999997,0.0,True
2016-09-27,Unconstrained,-0.1511511497753673,-2.3739999999999997,-2.3739999999999988,8.881784197001252e-16,True
2016-09-28,Unconstrained,-0.1822541790166496,-2.6849999999999996,-2.6849999999999987,8.881784197001252e-16,True
2016-09-29,Unconstrained,-0.1404536846077217,-2.2670000000000003,-2.267000000000001,-4.440892098500626e-16,True
2016-09-30,Unconstrained,-0.15960440876211177,-2.4579999999999997,-2.458,-4.440892098500626e-16,True
2016-10-03,Unconstrained,-0.14238303179449757,-2.286,-2.2859999999999996,4.440892098500626e-16,True
2016-10-04,Unconstrained,-0.11116966890397988,-1.967,-1.9670000000000005,-4.440892098500626e-16,True
2016-10-05,Unconstrained,-0.12956929792020772,-2.154000000000001,-2.1540000000000012,-4.440892098500626e-16,True
2016-10-06,Unconstrained,-0.11945216952714321,-2.0480000000000005,-2.048000000000001,-4.440892098500626e-16,True
2016-10-07,Unconstrained,-0.11396344856540007,-1.9950000000000003,-1.9950000000000006,-2.220446049250313e-16,True
2016-10-10,Unconstrained,-0.15217086750544712,-2.3840000000000003,-2.3840000000000003,0.0,True
2016-10-11,Unconstrained,-0.11133981572738551,-1.9790000000000005,-1.9790000000000008,-2.220446049250313e-16,True
2016-10-12,Unconstrained,-0.13718436911301465,-2.2340000000000004,-2.2340000000000004,0.0,True
2016-10-13,Unconstrained,-0.14781326434470712,-2.3319999999999994,-2.331999999999999,4.440892098500626e-16,True
2016-10-14,Unconstrained,-0.1322322293528693,-2.186,-2.186000000000001,-8.881784197001252e-16,True
2016-10-17,Unconstrained,-0.15566258748750716,-2.408,-2.408,0.0,True
2016-10-18,Unconstrained,-0.14142394094342478,-2.2760000000000007,-2.2760000000000002,4.440892098500626e-16,True
2016-10-19,Unconstrained,-0.13933017639933687,-2.2560000000000002,-2.2560000000000002,0.0,True
2016-10-20,Unconstrained,-0.15292500040784826,-2.3909999999999996,-2.3910000000000005,-8.881784197001252e-16,True
2016-10-21,Unconstrained,-0.1437924260106321,-2.3,-2.3000000000000003,-4.440892098500626e-16,True
2016-10-24,Unconstrained,-0.1597428399557311,-2.4599999999999995,-2.4600000000000004,-8.881784197001252e-16,True
2016-10-25,Unconstrained,-0.14209492024859302,-2.283,-2.2829999999999995,4.440892098500626e-16,True
2016-10-26,Unconstrained,-0.1469119413487814,-2.3310000000000004,-2.331000000000001,-4.440892098500626e-16,True
2016-10-27,Unconstrained,-0.13721641989773625,-2.2349999999999994,-2.234999999999999,4.440892098500626e-16,True
2016-10-28,Unconstrained,-0.18038190939343707,-2.6349999999999993,-2.634999999999999,4.440892098500626e-16,True
2016-10-31,Unconstrained,-0.17897018811133542,-2.6120000000000005,-2.6120000000000005,0.0,True
2016-11-01,Unconstrained,-0.1621926105674077,-2.4459999999999993,-2.4459999999999997,-4.440892098500626e-16,True
2016-11-02,Unconstrained,-0.18330295281948694,-2.6150000000000007,-2.615,4.440892098500626e-16,True
2016-11-03,Unconstrained,-0.4414855345944072,-4.118,-4.118,0.0,True
2016-11-04,Unconstrained,-0.2917310784989098,-3.303,-3.303,0.0,True
2016-11-07,Unconstrained,-0.29620025267272276,-3.4909999999999997,-3.491,-4.440892098500626e-16,True
2016-11-08,Unconstrained,-0.3065320316863602,-3.5599999999999996,-3.5599999999999996,0.0,True
2016-11-09,Unconstrained,-0.27256716228674316,-3.461000000000001,-3.461000000000001,0.0,True
2016-11-10,Unconstrained,-0.1858112787643229,-2.7,-2.7,0.0,True
2016-11-11,Unconstrained,-0.13085168041742956,-2.1709999999999994,-2.1709999999999994,0.0,True
2016-11-14,Unconstrained,-0.1408455761544407,-2.2709999999999995,-2.2709999999999995,0.0,True
2016-11-15,Unconstrained,-0.11250251740730521,-1.9790000000000005,-1.9790000000000014,-8.881784197001252e-16,True
2016-11-16,Unconstrained,-0.15150576599363488,-2.377,-2.3770000000000002,-4.440892098500626e-16,True
2016-11-17,Unconstrained,-0.14438711929942602,-2.306,-2.306,0.0,True
2016-11-18,Unconstrained,-0.17773364507107167,-2.6379999999999995,-2.6379999999999995,0.0,True
2016-11-21,Unconstrained,-0.15379986190112227,-2.4010000000000007,-2.401000000000001,-4.440892098500626e-16,True
2016-11-22,Unconstrained,-0.1938967888656862,-2.7980000000000005,-2.798000000000001,-4.440892098500626e-16,True
2016-11-23,Unconstrained,-0.16690884160705166,-2.533,-2.5329999999999986,1.3322676295501878e-15,True
2016-11-25,Unconstrained,-0.17633187814150744,-2.627,-2.627,0.0,True
2016-11-28,Unconstrained,-0.17144670166679354,-2.575,-2.575,0.0,True
2016-11-29,Unconstrained,-0.19783500926224395,-2.8310000000000004,-2.8310000000000004,0.0,True
2016-11-30,Unconstrained,-0.17813916229897675,-2.6390000000000002,-2.6390000000000007,-4.440892098500626e-16,True
2016-12-01,Unconstrained,-0.199857589604919,-2.8370000000000006,-2.837000000000001,-4.440892098500626e-16,True
2016-12-02,Unconstrained,-0.2066997572315762,-2.899000000000001,-2.8990000000000014,-4.440892098500626e-16,True
2016-12-05,Unconstrained,-0.1974773257164242,-2.8349999999999995,-2.8349999999999995,0.0,True
2016-12-06,Unconstrained,-0.22406699514764625,-3.0919999999999987,-3.0919999999999983,4.440892098500626e-16,True
2016-12-07,Unconstrained,-0.14988158333629834,-2.3609999999999998,-2.3609999999999998,0.0,True
2016-12-08,Unconstrained,-0.106352399625727,-1.908,-1.9079999999999997,2.220446049250313e-16,True
2016-12-09,Unconstrained,-0.11114525515127668,-1.9510000000000005,-1.9510000000000005,0.0,True
2016-12-12,Unconstrained,-0.1466174936857047,-2.3280000000000003,-2.3280000000000003,0.0,True
2016-12-13,Unconstrained,-0.10872770628054236,-1.9340000000000004,-1.934,4.440892098500626e-16,True
2016-12-14,Unconstrained,-0.16819731612037006,-2.5430000000000006,-2.543,4.440892098500626e-16,True
2016-12-15,Unconstrained,-0.20970637489269017,-2.944,-2.944,0.0,True
2016-12-16,Unconstrained,-0.23594795355936504,-3.194999999999999,-3.194999999999998,8.881784197001252e-16,True
2016-12-19,Unconstrained,-0.21915829410310986,-3.0469999999999997,-3.0469999999999997,0.0,True
2016-12-20,Unconstrained,-0.13547354059369254,-2.2090000000000005,-2.2090000000000005,0.0,True
2016-12-21,Unconstrained,-0.162414984606956,-2.4900000000000007,-2.490000000000002,-1.3322676295501878e-15,True
2016-12-22,Unconstrained,-0.19345325430362578,-2.802000000000001,-2.8020000000000014,-4.440892098500626e-16,True
2016-12-23,Unconstrained,-0.1206705662100256,-2.0510000000000006,-2.051,4.440892098500626e-16,True
2016-12-27,Unconstrained,-0.15028791263229735,-2.3650000000000007,-2.365000000000002,-1.3322676295501878e-15,True
2016-12-28,Unconstrained,-0.13765591763455962,-2.2370000000000005,-2.2370000000000005,0.0,True
2016-12-29,Unconstrained,-0.15952350861522974,-2.4569999999999994,-2.456999999999999,4.440892098500626e-16,True
2016-12-30,Unconstrained,-0.18787472461031615,-2.7260000000000004,-2.7260000000000004,0.0,True
2017-01-03,Unconstrained,-0.171711794283069,-2.5790000000000006,-2.5790000000000006,0.0,True
2017-01-04,Unconstrained,-0.1575997177236437,-2.4400000000000004,-2.4400000000000004,0.0,True
2017-01-05,Unconstrained,-0.1955961896430646,-2.8210000000000006,-2.821,4.440892098500626e-16,True
2017-01-06,Unconstrained,-0.15054556446212602,-2.367,-2.3670000000000004,-4.440892098500626e-16,True
2017-01-09,Unconstrained,-0.14017610012588635,-2.2590000000000003,-2.2589999999999986,1.7763568394002505e-15,True
2017-01-10,Unconstrained,-0.13309587135867254,-2.184,-2.184,0.0,True
2017-01-11,Unconstrained,-0.1447309944415911,-2.306,-2.306,0.0,True
2017-01-12,Unconstrained,-0.17545556957074476,-2.622,-2.6219999999999994,4.440892098500626e-16,True
2017-01-13,Unconstrained,-0.23810746859123805,-3.2319999999999993,-3.231999999999999,4.440892098500626e-16,True
2017-01-17,Unconstrained,-0.2309746565092742,-3.155000000000001,-3.155000000000001,0.0,True
2017-01-18,Unconstrained,-0.3803330320549229,-4.343000000000001,-4.343000000000002,-8.881784197001252e-16,True
2017-01-19,Unconstrained,-0.348488331776992,-4.103,-4.103000000000001,-8.881784197001252e-16,True
2017-01-20,Unconstrained,-0.4163240991522401,-4.633000000000001,-4.633,8.881784197001252e-16,True
2017-01-23,Unconstrained,-0.3019648871005692,-3.778,-3.778,0.0,True
2017-01-24,Unconstrained,-0.3038935550924643,-3.816,-3.8160000000000003,-4.440892098500626e-16,True
2017-01-25,Unconstrained,-0.20079304744398066,-2.8800000000000012,-2.8800000000000017,-4.440892098500626e-16,True
2017-01-26,Unconstrained,-0.20851274398331746,-2.958000000000001,-2.9580000000000015,-4.440892098500626e-16,True
2017-01-27,Unconstrained,-0.21222613984238015,-2.9949999999999988,-2.9949999999999983,4.440892098500626e-16,True
2017-01-30,Unconstrained,-0.26169102095654573,-3.4319999999999995,-3.431999999999999,4.440892098500626e-16,True
2017-01-31,Unconstrained,-0.3064930881079494,-3.808000000000001,-3.8080000000000007,4.440892098500626e-16,True
2017-02-01,Unconstrained,-0.2575531882248627,-3.397,-3.3970000000000002,-4.440892098500626e-16,True
2017-02-02,Unconstrained,-0.28894488003215457,-3.6650000000000005,-3.6649999999999996,8.881784197001252e-16,True
2017-02-03,Unconstrained,-0.24764435890908854,-3.325,-3.325000000000001,-8.881784197001252e-16,True
2017-02-06,Unconstrained,-0.22860829298515561,-3.1409999999999996,-3.140999999999999,4.440892098500626e-16,True
2017-02-07,Unconstrained,-0.21844741264446407,-3.0460000000000007,-3.046000000000001,-4.440892098500626e-16,True
2017-02-08,Unconstrained,-0.2571158336496918,-3.400999999999999,-3.400999999999997,1.7763568394002505e-15,True
2017-02-09,Unconstrained,-0.20482162231346554,-2.9189999999999996,-2.918999999999999,4.440892098500626e-16,True
2017-02-10,Unconstrained,-0.21793378007432682,-3.0469999999999997,-3.0469999999999993,4.440892098500626e-16,True
2017-02-13,Unconstrained,-0.2143957153814694,-3.0099999999999993,-3.0099999999999993,0.0,True
2017-02-14,Unconstrained,-0.2515973325830833,-3.3659999999999997,-3.3659999999999997,0.0,True
2017-02-15,Unconstrained,-0.2999262456907082,-3.7550000000000012,-3.7550000000000017,-4.440892098500626e-16,True
2017-02-16,Unconstrained,-0.3479576920088766,-4.141,-4.141000000000001,-8.881784197001252e-16,True
2017-02-17,Unconstrained,-0.342849492669801,-4.1129999999999995,-4.112999999999998,1.7763568394002505e-15,True
2017-02-21,Unconstrained,-0.29103888708186515,-3.6930000000000005,-3.693,4.440892098500626e-16,True
2017-02-22,Unconstrained,-0.3074636709587465,-3.8240000000000007,-3.823999999999999,1.7763568394002505e-15,True
2017-02-23,Unconstrained,-0.3033157878016533,-3.7909999999999995,-3.790999999999999,4.440892098500626e-16,True
2017-02-24,Unconstrained,-0.3115287680050849,-3.8659999999999997,-3.8659999999999983,1.3322676295501878e-15,True
2017-02-27,Unconstrained,-0.2630436370543517,-3.4389999999999987,-3.438999999999998,8.881784197001252e-16,True
2017-02-28,Unconstrained,-0.237729638689658,-3.197999999999999,-3.197999999999999,0.0,True
2017-03-01,Unconstrained,-0.2389500952149197,-3.2159999999999997,-3.216000000000001,-1.3322676295501878e-15,True
2017-03-02,Unconstrained,-0.2507194068335764,-3.336000000000001,-3.3360000000000016,-4.440892098500626e-16,True
2017-03-03,Unconstrained,-0.27939863419390554,-3.6099999999999994,-3.609999999999999,4.440892098500626e-16,True
2017-03-06,Unconstrained,-0.32931388582441423,-4.016999999999999,-4.016999999999999,0.0,True
2017-03-07,Unconstrained,-0.3137826646783156,-3.8849999999999993,-3.8849999999999976,1.7763568394002505e-15,True
2017-03-08,Unconstrained,-0.32533860388660807,-3.9629999999999996,-3.963,-4.440892098500626e-16,True
2017-03-09,Unconstrained,-0.32546446358896974,-3.947999999999999,-3.9479999999999995,-4.440892098500626e-16,True
2017-03-10,Unconstrained,-0.31639942377604036,-3.899000000000001,-3.899000000000001,0.0,True
2017-03-13,Unconstrained,-0.4060802727620684,-4.575,-4.574999999999999,8.881784197001252e-16,True
2017-03-14,Unconstrained,-0.4193386024563233,-4.6110000000000015,-4.611000000000002,-8.881784197001252e-16,True
2017-03-15,Unconstrained,-0.4306178139392954,-4.719999999999999,-4.719999999999998,8.881784197001252e-16,True
2017-03-16,Unconstrained,-0.46396804018363713,-4.949000000000001,-4.949,8.881784197001252e-16,True
2017-03-17,Unconstrained,-0.5575505832272419,-5.434,-5.433999999999999,8.881784197001252e-16,True
2017-03-20,Unconstrained,-0.5289770557306854,-5.293000000000001,-5.293000000000003,-1.7763568394002505e-15,True
2017-03-21,Unconstrained,-0.3466167932867372,-4.102000000000001,-4.102000000000002,-8.881784197001252e-16,True
2017-03-22,Unconstrained,-0.2849998381335849,-3.6069999999999993,-3.606999999999999,4.440892098500626e-16,True
2017-03-23,Unconstrained,-0.24449210599249155,-3.253999999999999,-3.253999999999999,0.0,True
2017-03-24,Unconstrained,-0.29224814511375724,-3.6620000000000004,-3.662000000000001,-4.440892098500626e-16,True
2017-03-27,Unconstrained,-0.2756176584226896,-3.5370000000000004,-3.5370000000000004,0.0,True
2017-03-28,Unconstrained,-0.26202777912607406,-3.4430000000000005,-3.443,4.440892098500626e-16,True
2017-03-29,Unconstrained,-0.2390149279696835,-3.2370000000000005,-3.237,4.440892098500626e-16,True
2017-03-30,Unconstrained,-0.3140336321788666,-3.8840000000000003,-3.8840000000000003,0.0,True
2017-03-31,Unconstrained,-0.31090902022009786,-3.8310000000000004,-3.8310000000000004,0.0,True
2017-04-03,Unconstrained,-0.27360206557649625,-3.522999999999999,-3.5229999999999975,1.3322676295501878e-15,True
2017-04-04,Unconstrained,-0.23876105149524252,-3.228,-3.228,0.0,True
2017-04-05,Unconstrained,-0.22580051845910007,-3.0909999999999997,-3.0909999999999993,4.440892098500626e-16,True
2017-04-06,Unconstrained,-0.2288566530106041,-3.127000000000001,-3.1270000000000016,-4.440892098500626e-16,True
2017-04-07,Unconstrained,-0.24573320933448206,-3.2699999999999987,-3.2699999999999987,0.0,True
2017-04-10,Unconstrained,-0.2505038543476168,-3.2860000000000014,-3.286000000000001,4.440892098500626e-16,True
2017-04-11,Unconstrained,-0.3015168392297396,-3.6659999999999995,-3.666,-4.440892098500626e-16,True
2017-04-12,Unconstrained,-0.24419531324799684,-3.1930000000000005,-3.1929999999999987,1.7763568394002505e-15,True
2017-04-13,Unconstrained,-0.27528166456805675,-3.4360000000000013,-3.4360000000000013,0.0,True
2017-04-17,Unconstrained,-0.3399876702386919,-3.9629999999999996,-3.9629999999999987,8.881784197001252e-16,True
2017-04-18,Unconstrained,-0.3056375333347406,-3.719999999999999,-3.7199999999999993,-4.440892098500626e-16,True
2017-04-19,Unconstrained,-0.34986251729388024,-4.019999999999999,-4.019999999999999,0.0,True
2017-04-20,Unconstrained,-0.4501192458631878,-4.685,-4.685,0.0,True
2017-04-21,Unconstrained,-0.4860154655246895,-4.841999999999999,-4.841999999999998,8.881784197001252e-16,True
2017-04-24,Unconstrained,-0.3837454654956064,-4.4449999999999985,-4.444999999999999,-8.881784197001252e-16,True
2017-04-25,Unconstrained,-0.31327096261548026,-3.903999999999999,-3.903999999999999,0.0,True
2017-04-26,Unconstrained,-0.3525153500026178,-4.212999999999999,-4.212999999999999,0.0,True
2017-04-27,Unconstrained,-0.3553138304704306,-4.255000000000001,-4.255000000000001,0.0,True
2017-04-28,Unconstrained,-0.42025159711509186,-4.697999999999999,-4.697999999999998,8.881784197001252e-16,True
2017-05-01,Unconstrained,-0.19674332266753508,-2.846000000000001,-2.8460000000000005,4.440892098500626e-16,True
2017-05-02,Unconstrained,-0.18751935784544452,-2.7489999999999997,-2.7489999999999988,8.881784197001252e-16,True
2017-05-03,Unconstrained,-0.20663722292764766,-2.9389999999999987,-2.9389999999999987,0.0,True
2017-05-04,Unconstrained,-0.21749852488680435,-3.047999999999999,-3.0479999999999987,4.440892098500626e-16,True
2017-05-05,Unconstrained,-0.22677102032279198,-3.1360000000000015,-3.136000000000001,4.440892098500626e-16,True
2017-05-08,Unconstrained,-0.19311278843711827,-2.8120000000000003,-2.8120000000000007,-4.440892098500626e-16,True
2017-05-09,Unconstrained,-0.19483791929907465,-2.8280000000000003,-2.8280000000000003,0.0,True
2017-05-10,Unconstrained,-0.1949483068166112,-2.827000000000001,-2.827,8.881784197001252e-16,True
2017-05-11,Unconstrained,-0.19467710613301586,-2.8210000000000006,-2.8210000000000006,0.0,True
2017-05-12,Unconstrained,-0.2089564576473687,-2.9650000000000007,-2.965000000000001,-4.440892098500626e-16,True
2017-05-15,Unconstrained,-0.20685421643115573,-2.944,-2.943999999999999,8.881784197001252e-16,True
2017-05-16,Unconstrained,-0.22564593558453935,-3.124000000000001,-3.1240000000000014,-4.440892098500626e-16,True
2017-05-17,Unconstrained,-0.26309499225711913,-3.350999999999999,-3.3509999999999986,4.440892098500626e-16,True
2017-05-18,Unconstrained,-0.30424274438908216,-3.700999999999999,-3.7009999999999983,8.881784197001252e-16,True
2017-05-19,Unconstrained,-0.22954289612344245,-3.1389999999999985,-3.138999999999999,-4.440892098500626e-16,True
2017-05-22,Unconstrained,-0.19858276237644032,-2.8569999999999993,-2.856999999999999,4.440892098500626e-16,True
2017-05-23,Unconstrained,-0.15889768572820023,-2.4540000000000006,-2.454,4.440892098500626e-16,True
2017-05-24,Unconstrained,-0.14550709404717596,-2.311,-2.3109999999999995,4.440892098500626e-16,True
2017-05-25,Unconstrained,-0.1505343811752161,-2.3650000000000007,-2.3650000000000007,0.0,True
2017-05-26,Unconstrained,-0.16706296021877576,-2.5409999999999995,-2.541,-4.440892098500626e-16,True
2017-05-30,Unconstrained,-0.1668008359590872,-2.5370000000000004,-2.537000000000001,-4.440892098500626e-16,True
2017-05-31,Unconstrained,-0.16431753908159263,-2.511,-2.511,0.0,True
2017-06-01,Unconstrained,-0.1589619819245396,-2.4549999999999996,-2.4549999999999996,0.0,True
2017-06-02,Unconstrained,-0.15596490699956772,-2.4230000000000005,-2.423000000000001,-4.440892098500626e-16,True
2017-06-05,Unconstrained,-0.16369704307034108,-2.505,-2.5050000000000012,-1.3322676295501878e-15,True
2017-06-06,Unconstrained,-0.17018142892717514,-2.572,-2.5719999999999996,4.440892098500626e-16,True
2017-06-07,Unconstrained,-0.1726710302355552,-2.5980000000000003,-2.5980000000000008,-4.440892098500626e-16,True
2017-06-08,Unconstrained,-0.18332940943774384,-2.7090000000000005,-2.7090000000000005,0.0,True
2017-06-09,Unconstrained,-0.22593383070570006,-3.125999999999999,-3.125999999999999,0.0,True
2017-06-12,Unconstrained,-0.2898353815095249,-3.6860000000000013,-3.6860000000000013,0.0,True
2017-06-13,Unconstrained,-0.28128283896552664,-3.6409999999999996,-3.6409999999999987,8.881784197001252e-16,True
2017-06-14,Unconstrained,-0.27605696754417186,-3.5889999999999986,-3.5889999999999977,8.881784197001252e-16,True
2017-06-15,Unconstrained,-0.2570054173405437,-3.4120000000000004,-3.412,4.440892098500626e-16,True
2017-06-16,Unconstrained,-0.2656228637563651,-3.502000000000001,-3.502000000000001,0.0,True
2017-06-19,Unconstrained,-0.3084851091652722,-3.877000000000001,-3.877000000000001,0.0,True
2017-06-20,Unconstrained,-0.24871023615984034,-3.3370000000000006,-3.3369999999999997,8.881784197001252e-16,True
2017-06-21,Unconstrained,-0.21182316128437606,-2.9889999999999985,-2.9889999999999985,0.0,True
2017-06-22,Unconstrained,-0.22144118715071529,-3.086000000000001,-3.0860000000000007,4.440892098500626e-16,True
2017-06-23,Unconstrained,-0.24046153547133725,-3.275999999999999,-3.276,-8.881784197001252e-16,True
2017-06-26,Unconstrained,-0.19793942524279473,-2.8599999999999994,-2.8600000000000003,-8.881784197001252e-16,True
2017-06-27,Unconstrained,-0.16782148911757508,-2.5459999999999994,-2.5459999999999994,0.0,True
2017-06-28,Unconstrained,-0.1818971187004505,-2.6950000000000003,-2.695000000000001,-8.881784197001252e-16,True
2017-06-29,Unconstrained,-0.20502087373576763,-2.9150000000000005,-2.915,4.440892098500626e-16,True
2017-06-30,Unconstrained,-0.20843573697931642,-2.950999999999999,-2.950999999999999,0.0,True
2017-07-03,Unconstrained,-0.17937447309622714,-2.6629999999999994,-2.662999999999999,4.440892098500626e-16,True
2017-07-05,Unconstrained,-0.19972801892397773,-2.8669999999999987,-2.8669999999999987,0.0,True
2017-07-06,Unconstrained,-0.18646069864222783,-2.725,-2.725,0.0,True
2017-07-07,Unconstrained,-0.2301133102903593,-3.1580000000000013,-3.158000000000001,4.440892098500626e-16,True
2017-07-10,Unconstrained,-0.24958560383413336,-3.3400000000000007,-3.340000000000002,-1.3322676295501878e-15,True
2017-07-11,Unconstrained,-0.24207132311548313,-3.275,-3.2749999999999995,4.440892098500626e-16,True
2017-07-12,Unconstrained,-0.26464297374736173,-3.4949999999999988,-3.4949999999999988,0.0,True
2017-07-13,Unconstrained,-0.3017808087141585,-3.8349999999999995,-3.834999999999999,4.440892098500626e-16,True
2017-07-14,Unconstrained,-0.29306863372899594,-3.771000000000001,-3.7710000000000017,-8.881784197001252e-16,True
2017-07-17,Unconstrained,-0.31936250810009553,-3.9870000000000005,-3.987000000000002,-1.3322676295501878e-15,True
2017-07-18,Unconstrained,-0.292311788927166,-3.753,-3.753,0.0,True
2017-07-19,Unconstrained,-0.2846266514282712,-3.6879999999999997,-3.687999999999999,8.881784197001252e-16,True
2017-07-20,Unconstrained,-0.22033287238899943,-3.0879999999999996,-3.0879999999999996,0.0,True
2017-07-21,Unconstrained,-0.25774781312789186,-3.4530000000000003,-3.453,4.440892098500626e-16,True
2017-07-24,Unconstrained,-0.23838466270946929,-3.2669999999999986,-3.267,-1.3322676295501878e-15,True
2017-07-25,Unconstrained,-0.2695400283869585,-3.5610000000000013,-3.5610000000000013,0.0,True
2017-07-26,Unconstrained,-0.27000571454596645,-3.5610000000000013,-3.5610000000000017,-4.440892098500626e-16,True
2017-07-27,Unconstrained,-0.3320534014320879,-4.081,-4.080999999999999,1.7763568394002505e-15,True
2017-07-28,Unconstrained,-0.32184791133188473,-3.9909999999999997,-3.9909999999999997,0.0,True
2017-07-31,Unconstrained,-0.3206276220201654,-3.9819999999999993,-3.981999999999999,4.440892098500626e-16,True
2017-08-01,Unconstrained,-0.30681431383470503,-3.872,-3.8719999999999986,1.3322676295501878e-15,True
2017-08-02,Unconstrained,-0.34806533614221585,-4.202000000000001,-4.202000000000001,0.0,True
2017-08-03,Unconstrained,-0.30342732086550417,-3.8319999999999994,-3.8319999999999994,0.0,True
2017-08-04,Unconstrained,-0.31952967255797493,-3.9810000000000003,-3.981,4.440892098500626e-16,True
2017-08-07,Unconstrained,-0.3084317890045022,-3.8909999999999996,-3.890999999999998,1.7763568394002505e-15,True
2017-08-08,Unconstrained,-0.32652646652457845,-4.005000000000001,-4.005,8.881784197001252e-16,True
2017-08-09,Unconstrained,-0.3418128205659888,-4.119999999999999,-4.12,-8.881784197001252e-16,True
2017-08-10,Unconstrained,-0.3038110920642692,-3.647999999999999,-3.647999999999999,0.0,True
2017-08-11,Unconstrained,-0.2873075178264731,-3.5430000000000006,-3.5430000000000006,0.0,True
2017-08-14,Unconstrained,-0.3601387164926697,-4.206999999999999,-4.207,-8.881784197001252e-16,True
2017-08-15,Unconstrained,-0.37452063170607264,-4.322999999999999,-4.322999999999999,0.0,True
2017-08-16,Unconstrained,-0.4548359797145629,-4.862,-4.862,0.0,True
2017-08-17,Unconstrained,-0.393649115634321,-4.272999999999999,-4.272999999999999,0.0,True
2017-08-18,Unconstrained,-0.20547805218634585,-2.8860000000000015,-2.886000000000001,4.440892098500626e-16,True
2017-08-21,Unconstrained,-0.23413978207295688,-3.1610000000000014,-3.161000000000001,4.440892098500626e-16,True
2017-08-22,Unconstrained,-0.2762110684829885,-3.572,-3.572,0.0,True
2017-08-23,Unconstrained,-0.2147293795037747,-2.997999999999999,-2.997999999999998,8.881784197001252e-16,True
2017-08-24,Unconstrained,-0.21438207262621892,-2.9949999999999988,-2.9949999999999988,0.0,True
2017-08-25,Unconstrained,-0.21529801996878725,-3.0159999999999996,-3.015999999999999,4.440892098500626e-16,True
2017-08-28,Unconstrained,-0.19640466603930506,-2.8319999999999994,-2.8319999999999994,0.0,True
2017-08-29,Unconstrained,-0.22992093767082664,-3.147999999999999,-3.1479999999999984,4.440892098500626e-16,True
2017-08-30,Unconstrained,-0.21908072751334023,-3.053,-3.0530000000000004,-4.440892098500626e-16,True
2017-08-31,Unconstrained,-0.2549563427242019,-3.4,-3.4,0.0,True
2017-09-01,Unconstrained,-0.2631093256645968,-3.4849999999999994,-3.4850000000000003,-8.881784197001252e-16,True
2017-09-05,Unconstrained,-0.2530530219067505,-3.347999999999999,-3.348,-8.881784197001252e-16,True
2017-09-06,Unconstrained,-0.2859253238025905,-3.647999999999999,-3.647999999999999,0.0,True
2017-09-07,Unconstrained,-0.2730061880032107,-3.538999999999999,-3.5389999999999993,-4.440892098500626e-16,True
2017-09-08,Unconstrained,-0.2208398222714926,-3.0569999999999995,-3.0569999999999995,0.0,True
2017-09-11,Unconstrained,-0.2885664387566227,-3.6960000000000006,-3.696,4.440892098500626e-16,True
2017-09-12,Unconstrained,-0.31931916635776886,-3.9599999999999995,-3.9599999999999995,0.0,True
2017-09-13,Unconstrained,-0.35856800903677616,-4.274000000000001,-4.274000000000001,0.0,True
2017-09-15,Unconstrained,-0.38060820760445846,-4.453999999999999,-4.453999999999999,0.0,True
2017-09-18,Unconstrained,-0.36853875345089376,-4.365,-4.365,0.0,True
2017-09-19,Unconstrained,-0.3554939340411249,-4.2639999999999985,-4.264,-1.7763568394002505e-15,True
2017-09-20,Unconstrained,-0.3082035433987665,-3.8939999999999997,-3.893999999999999,8.881784197001252e-16,True
2017-09-21,Unconstrained,-0.2954371540789901,-3.7870000000000004,-3.7870000000000004,0.0,True
2017-09-22,Unconstrained,-0.2909628002470646,-3.75,-3.75,0.0,True
2017-09-25,Unconstrained,-0.26572757586324697,-3.5069999999999992,-3.506999999999999,4.440892098500626e-16,True
2017-09-26,Unconstrained,-0.25668264026657917,-3.425,-3.4250000000000003,-4.440892098500626e-16,True
2017-09-27,Unconstrained,-0.20674284038290827,-2.9490000000000007,-2.9490000000000007,0.0,True
2017-09-28,Unconstrained,-0.24194317971521107,-3.299000000000001,-3.2990000000000004,4.440892098500626e-16,True
2017-09-29,Unconstrained,-0.29352168241469445,-3.775,-3.7749999999999995,4.440892098500626e-16,True
2017-10-02,Unconstrained,-0.2963789762537708,-3.802000000000001,-3.802000000000001,0.0,True
2017-10-03,Unconstrained,-0.28676266146265467,-3.7150000000000007,-3.7150000000000007,0.0,True
2017-10-04,Unconstrained,-0.3725543609964626,-4.419,-4.4190000000000005,-8.881784197001252e-16,True
2017-10-05,Unconstrained,-0.32215789651433563,-4.033000000000001,-4.033000000000001,0.0,True
2017-10-06,Unconstrained,-0.3243845632201265,-4.034999999999999,-4.035,-8.881784197001252e-16,True
2017-10-09,Unconstrained,-0.3210485256038694,-3.9830000000000014,-3.9830000000000005,8.881784197001252e-16,True
2017-10-10,Unconstrained,-0.3129232349401352,-3.924000000000001,-3.9239999999999995,1.3322676295501878e-15,True
2017-10-11,Unconstrained,-0.3061337137407526,-3.874000000000001,-3.8740000000000014,-4.440892098500626e-16,True
2017-10-12,Unconstrained,-0.2791734242360515,-3.6360000000000015,-3.6360000000000015,0.0,True
2017-10-13,Unconstrained,-0.2999183587523446,-3.8280000000000003,-3.8280000000000016,-1.3322676295501878e-15,True
2017-10-16,Unconstrained,-0.42100326318415204,-4.753,-4.753000000000001,-8.881784197001252e-16,True
2017-10-17,Unconstrained,-0.4650300322031621,-5.0120000000000005,-5.011999999999999,1.7763568394002505e-15,True
2017-10-18,Unconstrained,-0.4285863199594071,-4.794999999999999,-4.794999999999999,0.0,True
2017-10-19,Unconstrained,-0.4022801408631334,-4.616,-4.6160000000000005,-8.881784197001252e-16,True
2017-10-20,Unconstrained,-0.44081333709258624,-4.881,-4.8809999999999985,1.7763568394002505e-15,True
2017-10-23,Unconstrained,-0.3580843018513676,-4.246,-4.246000000000001,-8.881784197001252e-16,True
2017-10-24,Unconstrained,-0.35447791148001223,-4.215000000000001,-4.215,8.881784197001252e-16,True
2017-10-25,Unconstrained,-0.3025788070506318,-3.8,-3.7999999999999994,4.440892098500626e-16,True
2017-10-26,Unconstrained,-0.27194526849532624,-3.5360000000000014,-3.536000000000002,-4.440892098500626e-16,True
2017-10-27,Unconstrained,-0.2715445558570665,-3.569999999999999,-3.569999999999999,0.0,True
2017-10-30,Unconstrained,-0.2390642715270043,-3.253999999999999,-3.2539999999999987,4.440892098500626e-16,True
2017-10-31,Unconstrained,-0.23081551716584675,-3.181,-3.181000000000002,-1.7763568394002505e-15,True
2017-11-01,Unconstrained,-0.20269891485505165,-2.905000000000001,-2.9050000000000002,8.881784197001252e-16,True
2017-11-02,Unconstrained,-0.20163017760176347,-2.897,-2.897,0.0,True
2017-11-03,Unconstrained,-0.2143128367479504,-3.0340000000000003,-3.0340000000000003,0.0,True
2017-11-06,Unconstrained,-0.21645716410138474,-3.052000000000001,-3.052000000000001,0.0,True
2017-11-07,Unconstrained,-0.20337750031886478,-2.9150000000000005,-2.915,4.440892098500626e-16,True
2017-11-08,Unconstrained,-0.22695117521513006,-3.15,-3.15,0.0,True
2017-11-09,Unconstrained,-0.20199881690717872,-2.8949999999999987,-2.8949999999999987,0.0,True
2017-11-10,Unconstrained,-0.2194959234128037,-3.056,-3.056,0.0,True
2017-11-13,Unconstrained,-0.21131069273089007,-2.975,-2.9750000000000005,-4.440892098500626e-16,True
2017-11-14,Unconstrained,-0.21561347247698032,-3.0150000000000006,-3.015000000000001,-4.440892098500626e-16,True
2017-11-15,Unconstrained,-0.2757057751591797,-3.521000000000001,-3.5210000000000026,-1.7763568394002505e-15,True
2017-11-16,Unconstrained,-0.28423217407730583,-3.6300000000000012,-3.6300000000000012,0.0,True
2017-11-17,Unconstrained,-0.29363741373951,-3.719,-3.719000000000001,-1.3322676295501878e-15,True
2017-11-20,Unconstrained,-0.2754085827969092,-3.583000000000001,-3.583000000000001,0.0,True
2017-11-21,Unconstrained,-0.24830342205970724,-3.3560000000000003,-3.3560000000000008,-4.440892098500626e-16,True
2017-11-22,Unconstrained,-0.23767832312497764,-3.252000000000001,-3.2520000000000007,4.440892098500626e-16,True
2017-11-24,Unconstrained,-0.22147763851305116,-3.097999999999999,-3.0979999999999994,-4.440892098500626e-16,True
2017-11-27,Unconstrained,-0.2136638317447547,-3.0180000000000007,-3.0180000000000002,4.440892098500626e-16,True
2017-11-28,Unconstrained,-0.15455000293964488,-2.408,-2.4080000000000004,-4.440892098500626e-16,True
2017-11-29,Unconstrained,-0.1756971071134206,-2.628,-2.628,0.0,True
2017-11-30,Unconstrained,-0.20228173185348694,-2.8900000000000006,-2.8900000000000006,0.0,True
2017-12-01,Unconstrained,-0.2017183610329726,-2.8830000000000013,-2.8830000000000013,0.0,True
2017-12-04,Unconstrained,-0.23702124385752874,-3.2139999999999986,-3.2139999999999995,-8.881784197001252e-16,True
2017-12-05,Unconstrained,-0.23560413610419553,-3.2069999999999994,-3.207,-4.440892098500626e-16,True
2017-12-06,Unconstrained,-0.22350043142340742,-3.097999999999999,-3.097999999999999,0.0,True
2017-12-07,Unconstrained,-0.22076796404598903,-3.0840000000000005,-3.0840000000000005,0.0,True
2017-12-08,Unconstrained,-0.23732262351193859,-3.253999999999999,-3.2539999999999996,-4.440892098500626e-16,True
2017-12-11,Unconstrained,-0.251875863429575,-3.397999999999999,-3.397999999999999,0.0,True
2017-12-12,Unconstrained,-0.24300017169881186,-3.302000000000001,-3.302000000000001,0.0,True
2017-12-13,Unconstrained,-0.26170705905961017,-3.471000000000001,-3.471000000000002,-8.881784197001252e-16,True
2017-12-14,Unconstrained,-0.2550494282341498,-3.403,-3.403,0.0,True
2017-12-15,Unconstrained,-0.27081735173305554,-3.572999999999999,-3.572999999999999,0.0,True
2017-12-18,Unconstrained,-0.23909457197939196,-3.272,-3.272,0.0,True
2017-12-19,Unconstrained,-0.21904868175480152,-3.069,-3.069,0.0,True
2017-12-20,Unconstrained,-0.24396141223692236,-3.3150000000000004,-3.3150000000000004,0.0,True
2017-12-21,Unconstrained,-0.23833218433251305,-3.2629999999999995,-3.262999999999998,1.3322676295501878e-15,True
2017-12-22,Unconstrained,-0.2576570907270952,-3.4400000000000004,-3.4400000000000013,-8.881784197001252e-16,True
2017-12-26,Unconstrained,-0.27169376276260904,-3.5599999999999996,-3.5599999999999996,0.0,True
2017-12-27,Unconstrained,-0.304838887723846,-3.843000000000001,-3.843,8.881784197001252e-16,True
2017-12-28,Unconstrained,-0.29664453151218606,-3.781999999999999,-3.7820000000000014,-2.220446049250313e-15,True
2017-12-29,Unconstrained,-0.2906469194740175,-3.705000000000001,-3.705000000000001,0.0,True
2018-01-02,Unconstrained,-0.26784704193809145,-3.5370000000000004,-3.5370000000000004,0.0,True
2018-01-03,Unconstrained,-0.2457038239979746,-3.343000000000001,-3.3430000000000013,-4.440892098500626e-16,True
2018-01-04,Unconstrained,-0.22342610463126733,-3.124000000000001,-3.124000000000001,0.0,True
2018-01-05,Unconstrained,-0.18221780203876803,-2.7030000000000003,-2.7030000000000016,-1.3322676295501878e-15,True
2018-01-08,Unconstrained,-0.19174658496734737,-2.8,-2.7999999999999985,1.3322676295501878e-15,True
2018-01-09,Unconstrained,-0.17631646847495713,-2.6370000000000005,-2.6370000000000005,0.0,True
2018-01-10,Unconstrained,-0.20300720663824456,-2.9120000000000004,-2.912,4.440892098500626e-16,True
2018-01-11,Unconstrained,-0.17364799387619087,-2.6099999999999994,-2.610000000000001,-1.7763568394002505e-15,True
2018-01-12,Unconstrained,-0.16275975665557108,-2.495,-2.4950000000000006,-4.440892098500626e-16,True
2018-01-16,Unconstrained,-0.20010136553389765,-2.8650000000000007,-2.865,4.440892098500626e-16,True
2018-01-17,Unconstrained,-0.283423621252876,-3.6189999999999998,-3.619,-4.440892098500626e-16,True
2018-01-18,Unconstrained,-0.2300794345337171,-3.1409999999999996,-3.141000000000001,-1.3322676295501878e-15,True
2018-01-19,Unconstrained,-0.23775280868867507,-3.228,-3.2279999999999998,4.440892098500626e-16,True
2018-01-22,Unconstrained,-0.1847284505668308,-2.718000000000001,-2.7180000000000017,-8.881784197001252e-16,True
2018-01-23,Unconstrained,-0.14372698571507814,-2.2950000000000004,-2.2949999999999995,8.881784197001252e-16,True
2018-01-24,Unconstrained,-0.11776970927865522,-2.0200000000000005,-2.02,4.440892098500626e-16,True
2018-01-25,Unconstrained,-0.13333829775253378,-2.1870000000000003,-2.186999999999999,1.3322676295501878e-15,True
2018-01-26,Unconstrained,-0.09792805399630333,-1.7989999999999995,-1.7989999999999993,2.220446049250313e-16,True
2018-01-29,Unconstrained,-0.10266444700546357,-1.8799999999999997,-1.8800000000000003,-6.661338147750939e-16,True
2018-01-30,Unconstrained,-0.14228540365270873,-2.2849999999999993,-2.2849999999999993,0.0,True
2018-01-31,Unconstrained,-0.12632995058097046,-2.123,-2.123,0.0,True
2018-02-01,Unconstrained,-0.12014334268238627,-2.059,-2.059,0.0,True
2018-02-02,Unconstrained,-0.183097974775708,-2.6450000000000005,-2.645000000000001,-4.440892098500626e-16,True
2018-02-05,Unconstrained,-0.11121138885290034,-1.7329999999999999,-1.7329999999999997,2.220446049250313e-16,True
2018-02-06,Unconstrained,-0.28966828560350216,-2.961000000000001,-2.9610000000000016,-4.440892098500626e-16,True
2018-02-07,Unconstrained,-0.4244155465158838,-3.6900000000000004,-3.6900000000000017,-1.3322676295501878e-15,True
2018-02-08,Unconstrained,-0.3530309037102733,-3.0919999999999987,-3.0919999999999983,4.440892098500626e-16,True
2018-02-09,Unconstrained,-0.2618008785723741,-2.850999999999999,-2.8509999999999995,-4.440892098500626e-16,True
2018-02-12,Unconstrained,-0.8329591437989345,-4.802000000000001,-4.8020000000000005,8.881784197001252e-16,True
2018-02-13,Unconstrained,-0.5494412308840158,-4.3069999999999995,-4.307,-8.881784197001252e-16,True
2018-02-14,Unconstrained,-0.2038050032177876,-2.7840000000000003,-2.784,4.440892098500626e-16,True
2018-02-15,Unconstrained,-0.2529142347062944,-3.166999999999999,-3.1669999999999994,-4.440892098500626e-16,True
2018-02-16,Unconstrained,-0.3462901830530611,-3.780000000000001,-3.7800000000000016,-4.440892098500626e-16,True
2018-02-20,Unconstrained,-0.2591939713140225,-3.1629999999999994,-3.1629999999999985,8.881784197001252e-16,True
2018-02-21,Unconstrained,-0.2345235074807669,-3.003,-3.003,0.0,True
2018-02-22,Unconstrained,-0.2876028721132159,-3.431,-3.431,0.0,True
2018-02-23,Unconstrained,-0.3455961138803164,-3.919999999999999,-3.92,-8.881784197001252e-16,True
2018-02-26,Unconstrained,-0.24173450216101036,-3.1719999999999997,-3.1719999999999997,0.0,True
2018-02-27,Unconstrained,-0.2586808297961924,-3.227000000000001,-3.2270000000000008,4.440892098500626e-16,True
2018-02-28,Unconstrained,-0.3695361629726149,-3.8949999999999987,-3.894999999999999,-4.440892098500626e-16,True
2018-03-01,Unconstrained,-0.35164704117438467,-3.653999999999999,-3.6539999999999986,4.440892098500626e-16,True
2018-03-02,Unconstrained,-0.20022075059554825,-2.748,-2.7479999999999993,8.881784197001252e-16,True
2018-03-05,Unconstrained,-0.23096735164418225,-3.0120000000000005,-3.0120000000000005,0.0,True
2018-03-06,Unconstrained,-0.2084421236273028,-2.8409999999999997,-2.841,-4.440892098500626e-16,True
2018-03-07,Unconstrained,-0.20407502536438216,-2.816999999999999,-2.8169999999999993,-4.440892098500626e-16,True
2018-03-08,Unconstrained,-0.2184970672017118,-2.9620000000000006,-2.962000000000001,-4.440892098500626e-16,True
2018-03-09,Unconstrained,-0.19427465483464879,-2.779000000000001,-2.7790000000000004,4.440892098500626e-16,True
2018-03-12,Unconstrained,-0.3834710114152771,-4.197999999999999,-4.197999999999998,8.881784197001252e-16,True
2018-03-13,Unconstrained,-0.3634937929231717,-4.043000000000001,-4.043000000000002,-8.881784197001252e-16,True
2018-03-14,Unconstrained,-0.3913489488657154,-4.1659999999999995,-4.1659999999999995,0.0,True
2018-03-15,Unconstrained,-0.47610473432428824,-4.655000000000001,-4.655000000000001,0.0,True
2018-03-16,Unconstrained,-0.48108833986706867,-4.734999999999999,-4.734999999999998,1.7763568394002505e-15,True
2018-03-19,Unconstrained,-0.4571924963124086,-4.396000000000001,-4.396000000000001,0.0,True
2018-03-20,Unconstrained,-0.3640907869317293,-3.952000000000001,-3.952,8.881784197001252e-16,True
2018-03-21,Unconstrained,-0.2746190634430405,-3.3689999999999998,-3.369,-4.440892098500626e-16,True
2018-03-22,Unconstrained,-0.2731862366503648,-3.152000000000001,-3.1520000000000006,4.440892098500626e-16,True
2018-03-23,Unconstrained,-0.2715028865471711,-3.0789999999999993,-3.0789999999999993,0.0,True
2018-03-26,Unconstrained,-0.22409836020256452,-2.896000000000001,-2.896000000000001,0.0,True
2018-03-27,Unconstrained,-0.22589498458043858,-2.8650000000000007,-2.865000000000001,-4.440892098500626e-16,True
2018-03-28,Unconstrained,-0.22299633151643958,-2.833000000000001,-2.8330000000000006,4.440892098500626e-16,True
2018-03-29,Unconstrained,-0.1061916536118056,-1.9340000000000004,-1.9340000000000008,-4.440892098500626e-16,True
2018-04-02,Unconstrained,-0.11281342912770506,-1.9680000000000006,-1.9680000000000006,0.0,True
2018-04-03,Unconstrained,-0.09597374320755,-1.8379999999999996,-1.838,-4.440892098500626e-16,True
2018-04-04,Unconstrained,-0.10501624747525637,-1.9230000000000005,-1.9230000000000005,0.0,True
2018-04-05,Unconstrained,-0.12950479874380103,-2.1510000000000007,-2.1510000000000002,4.440892098500626e-16,True
2018-04-06,Unconstrained,-0.14228457748406212,-2.239,-2.2389999999999994,4.440892098500626e-16,True
2018-04-09,Unconstrained,-0.11348963344610812,-1.9900000000000007,-1.9900000000000009,-2.220446049250313e-16,True
2018-04-10,Unconstrained,-0.12777765688039927,-2.125,-2.125,0.0,True
2018-04-11,Unconstrained,-0.13920396361140844,-2.2269999999999994,-2.227,-4.440892098500626e-16,True
2018-04-12,Unconstrained,-0.1377877992241669,-2.2290000000000005,-2.2290000000000005,0.0,True
2018-04-13,Unconstrained,-0.17811834269675045,-2.6,-2.5999999999999996,4.440892098500626e-16,True
2018-04-16,Unconstrained,-0.24093142811082044,-3.147,-3.1469999999999994,4.440892098500626e-16,True
2018-04-17,Unconstrained,-0.2266692184205933,-3.0569999999999995,-3.057,-4.440892098500626e-16,True
2018-04-18,Unconstrained,-0.45664780750876477,-4.6259999999999994,-4.6259999999999994,0.0,True
2018-04-19,Unconstrained,-0.3274345897370203,-3.819999999999999,-3.819999999999997,1.7763568394002505e-15,True
2018-04-20,Unconstrained,-0.2622364810891517,-3.3069999999999995,-3.306999999999999,4.440892098500626e-16,True
2018-04-23,Unconstrained,-0.18202164931567538,-2.6480000000000006,-2.648000000000001,-4.440892098500626e-16,True
2018-04-24,Unconstrained,-0.18488696714383712,-2.65,-2.65,0.0,True
2018-04-25,Unconstrained,-0.15938738092988644,-2.4290000000000007,-2.429000000000001,-4.440892098500626e-16,True
2018-04-26,Unconstrained,-0.18860016281123557,-2.7079999999999997,-2.7080000000000006,-8.881784197001252e-16,True
2018-04-27,Unconstrained,-0.2021500853847289,-2.8400000000000007,-2.8400000000000003,4.440892098500626e-16,True
2018-04-30,Unconstrained,-0.2306706950591448,-3.077000000000001,-3.0770000000000004,4.440892098500626e-16,True
2018-05-01,Unconstrained,-0.20014385708220916,-2.8210000000000006,-2.821000000000001,-4.440892098500626e-16,True
2018-05-02,Unconstrained,-0.13802810968697182,-2.242,-2.2419999999999995,4.440892098500626e-16,True
2018-05-03,Unconstrained,-0.18489066647954047,-2.6790000000000007,-2.679000000000001,-4.440892098500626e-16,True
2018-05-04,Unconstrained,-0.18985735120373595,-2.7370000000000005,-2.737,4.440892098500626e-16,True
2018-05-07,Unconstrained,-0.1442218863477801,-2.3040000000000007,-2.304,8.881784197001252e-16,True
2018-05-08,Unconstrained,-0.16554810613351806,-2.5099999999999993,-2.51,-4.440892098500626e-16,True
2018-05-09,Unconstrained,-0.1746780780983226,-2.6049999999999995,-2.6050000000000004,-8.881784197001252e-16,True
2018-05-10,Unconstrained,-0.20934158870184497,-2.9349999999999996,-2.9350000000000005,-8.881784197001252e-16,True
2018-05-11,Unconstrained,-0.23285040718747116,-3.1590000000000003,-3.1590000000000003,0.0,True
2018-05-14,Unconstrained,-0.2604640932718568,-3.397,-3.3970000000000002,-4.440892098500626e-16,True
2018-05-15,Unconstrained,-0.3008262526513716,-3.6759999999999993,-3.6759999999999997,-4.440892098500626e-16,True
2018-05-16,Unconstrained,-0.2675265437750639,-3.444999999999999,-3.444999999999999,0.0,True
2018-05-17,Unconstrained,-0.2715040140071388,-3.478,-3.477999999999999,1.3322676295501878e-15,True
2018-05-18,Unconstrained,-0.2542141537720417,-3.3319999999999994,-3.331999999999999,4.440892098500626e-16,True
2018-05-21,Unconstrained,-0.26146096571214233,-3.402000000000001,-3.402000000000001,0.0,True
2018-05-22,Unconstrained,-0.2688230399064326,-3.461000000000001,-3.4610000000000003,8.881784197001252e-16,True
2018-05-23,Unconstrained,-0.27871503241269174,-3.5610000000000013,-3.561000000000001,4.440892098500626e-16,True
2018-05-24,Unconstrained,-0.3234493980866951,-3.924000000000001,-3.9240000000000013,-4.440892098500626e-16,True
2018-05-25,Unconstrained,-0.3475789482697789,-4.078,-4.078,0.0,True
2018-05-29,Unconstrained,-0.39240602890957377,-4.184,-4.184000000000001,-8.881784197001252e-16,True
2018-05-30,Unconstrained,-0.4071985044285132,-4.3889999999999985,-4.3889999999999985,0.0,True
2018-05-31,Unconstrained,-0.35128884698751056,-4.007,-4.006999999999998,1.7763568394002505e-15,True
2018-06-01,Unconstrained,-0.2686036168079806,-3.4530000000000003,-3.4529999999999994,8.881784197001252e-16,True
2018-06-04,Unconstrained,-0.24543606920282798,-3.2699999999999987,-3.2699999999999996,-8.881784197001252e-16,True
2018-06-05,Unconstrained,-0.2433348097732189,-3.2580000000000013,-3.258000000000001,4.440892098500626e-16,True
2018-06-06,Unconstrained,-0.28701864282338435,-3.656999999999999,-3.656999999999999,0.0,True
2018-06-07,Unconstrained,-0.2568817069820802,-3.3840000000000003,-3.384000000000001,-4.440892098500626e-16,True
2018-06-08,Unconstrained,-0.24877332826009568,-3.3110000000000013,-3.3110000000000013,0.0,True
2018-06-11,Unconstrained,-0.3186548002456094,-3.8930000000000007,-3.8930000000000007,0.0,True
2018-06-12,Unconstrained,-0.370675928788507,-4.281999999999999,-4.282,-8.881784197001252e-16,True
2018-06-13,Unconstrained,-0.35925921608446554,-4.174000000000001,-4.174000000000001,0.0,True
2018-06-14,Unconstrained,-0.3632898803544847,-4.238999999999999,-4.238999999999999,0.0,True
2018-06-15,Unconstrained,-0.34264512334099184,-4.091999999999999,-4.091999999999999,0.0,True
2018-06-18,Unconstrained,-0.34440113496506786,-4.091999999999999,-4.091999999999999,0.0,True
2018-06-19,Unconstrained,-0.3288947475539866,-3.9349999999999996,-3.9349999999999996,0.0,True
2018-06-20,Unconstrained,-0.34568526378138165,-4.081999999999999,-4.081999999999999,0.0,True
2018-06-21,Unconstrained,-0.3442715417815765,-3.9939999999999998,-3.994,-4.440892098500626e-16,True
2018-06-22,Unconstrained,-0.3474740250668769,-4.053999999999999,-4.0539999999999985,8.881784197001252e-16,True
2018-06-25,Unconstrained,-0.2853297332716891,-3.4659999999999997,-3.4659999999999993,4.440892098500626e-16,True
2018-06-26,Unconstrained,-0.2823942466306946,-3.4919999999999987,-3.491999999999998,4.440892098500626e-16,True
2018-06-27,Unconstrained,-0.24325821996837044,-3.1300000000000012,-3.1300000000000017,-4.440892098500626e-16,True
2018-06-28,Unconstrained,-0.3061502193639595,-3.6340000000000003,-3.6340000000000003,0.0,True
2018-06-29,Unconstrained,-0.3819240793413692,-4.172,-4.172,0.0,True
2018-07-02,Unconstrained,-0.36488201142716115,-4.088999999999999,-4.088999999999999,0.0,True
2018-07-03,Unconstrained,-0.2787481428630011,-3.4569999999999994,-3.4569999999999994,0.0,True
2018-07-05,Unconstrained,-0.3451894143992199,-3.9860000000000015,-3.986000000000002,-4.440892098500626e-16,True
2018-07-06,Unconstrained,-0.3517955665607705,-4.102000000000001,-4.102,8.881784197001252e-16,True
2018-07-09,Unconstrained,-0.32058252950794097,-3.896000000000001,-3.896000000000001,0.0,True
2018-07-10,Unconstrained,-0.3242254836367485,-3.9259999999999993,-3.9259999999999993,0.0,True
2018-07-11,Unconstrained,-0.2977204400260331,-3.6849999999999996,-3.685000000000001,-1.3322676295501878e-15,True
2018-07-12,Unconstrained,-0.3106644458446662,-3.822,-3.8220000000000005,-4.440892098500626e-16,True
2018-07-13,Unconstrained,-0.36490446273486626,-4.247999999999999,-4.247999999999998,8.881784197001252e-16,True
2018-07-16,Unconstrained,-0.4585769060249144,-4.816,-4.816000000000001,-8.881784197001252e-16,True
2018-07-17,Unconstrained,-0.47499018070737375,-4.958000000000001,-4.958000000000001,0.0,True
2018-07-18,Unconstrained,-0.5703521848632258,-5.425,-5.424999999999999,8.881784197001252e-16,True
2018-07-19,Unconstrained,-0.5122346430954189,-5.097999999999999,-5.098000000000001,-1.7763568394002505e-15,True
2018-07-20,Unconstrained,-0.5492385970473297,-5.272,-5.271999999999999,8.881784197001252e-16,True
2018-07-23,Unconstrained,-0.5692781933780247,-5.378,-5.377999999999999,8.881784197001252e-16,True
2018-07-24,Unconstrained,-0.4176180476589613,-4.593999999999999,-4.594000000000001,-1.7763568394002505e-15,True
2018-07-25,Unconstrained,-0.4035131203122185,-4.509,-4.509,0.0,True
2018-07-26,Unconstrained,-0.3605154299490996,-4.218000000000001,-4.218000000000001,0.0,True
2018-07-27,Unconstrained,-0.4014744125639864,-4.456999999999999,-4.456999999999998,8.881784197001252e-16,True
2018-07-30,Unconstrained,-0.365441789050636,-4.156999999999999,-4.156999999999999,0.0,True
2018-07-31,Unconstrained,-0.3986520368197346,-4.449000000000001,-4.449000000000001,0.0,True
2018-08-01,Unconstrained,-0.3753698698588671,-4.277000000000001,-4.277000000000001,0.0,True
2018-08-02,Unconstrained,-0.38411092332376773,-4.383000000000001,-4.383,8.881784197001252e-16,True
2018-08-03,Unconstrained,-0.4150103664613276,-4.619,-4.619000000000001,-8.881784197001252e-16,True
2018-08-06,Unconstrained,-0.3532335905114703,-4.200999999999999,-4.200999999999998,8.881784197001252e-16,True
2018-08-07,Unconstrained,-0.3127498413312453,-3.8939999999999997,-3.8939999999999997,0.0,True
2018-08-08,Unconstrained,-0.3234303285362938,-3.9840000000000004,-3.984000000000001,-4.440892098500626e-16,True
2018-08-09,Unconstrained,-0.31010907291248463,-3.8610000000000015,-3.861000000000001,4.440892098500626e-16,True
2018-08-10,Unconstrained,-0.48142653014054637,-4.919999999999999,-4.919999999999998,8.881784197001252e-16,True
2018-08-13,Unconstrained,-0.8207085518609285,-5.9030000000000005,-5.9030000000000005,0.0,True
2018-08-14,Unconstrained,-0.5503106522974093,-5.241,-5.241,0.0,True
2018-08-15,Unconstrained,-0.4857553661410961,-4.840000000000001,-4.84,8.881784197001252e-16,True
2018-08-16,Unconstrained,-0.47103925965616344,-4.844999999999999,-4.844999999999998,8.881784197001252e-16,True
2018-08-17,Unconstrained,-0.4207389567232836,-4.600999999999999,-4.600999999999998,8.881784197001252e-16,True
2018-08-20,Unconstrained,-0.41220258656695213,-4.5550000000000015,-4.5550000000000015,0.0,True
2018-08-21,Unconstrained,-0.4021036684407628,-4.469999999999999,-4.469999999999998,8.881784197001252e-16,True
2018-08-22,Unconstrained,-0.3833709740250577,-4.375,-4.375,0.0,True
2018-08-23,Unconstrained,-0.4408666290558492,-4.7379999999999995,-4.737999999999998,1.7763568394002505e-15,True
2018-08-24,Unconstrained,-0.4503436254568237,-4.8199999999999985,-4.8199999999999985,0.0,True
2018-08-27,Unconstrained,-0.39889242560460464,-4.484999999999999,-4.484999999999999,0.0,True
2018-08-28,Unconstrained,-0.3448960666308051,-4.087999999999999,-4.088,-8.881784197001252e-16,True
2018-08-29,Unconstrained,-0.34194900725011157,-4.075999999999999,-4.075999999999998,8.881784197001252e-16,True
2018-08-30,Unconstrained,-0.3641551092366539,-4.1819999999999995,-4.182,-8.881784197001252e-16,True
2018-08-31,Unconstrained,-0.4374799582632525,-4.691,-4.690999999999999,8.881784197001252e-16,True
2018-09-04,Unconstrained,-0.36689887573091934,-4.218000000000001,-4.218000000000001,0.0,True
2018-09-05,Unconstrained,-0.3726064495987881,-4.2219999999999995,-4.2219999999999995,0.0,True
2018-09-06,Unconstrained,-0.35326962100649895,-4.056,-4.056,0.0,True
2018-09-07,Unconstrained,-0.4407645226515533,-4.587000000000001,-4.587,8.881784197001252e-16,True
2018-09-10,Unconstrained,-0.4162834886132595,-4.4879999999999995,-4.488,-8.881784197001252e-16,True
2018-09-11,Unconstrained,-0.4579903735305088,-4.787999999999999,-4.787999999999999,0.0,True
2018-09-12,Unconstrained,-0.47279283335124583,-4.875,-4.875000000000001,-8.881784197001252e-16,True
2018-09-13,Unconstrained,-0.4984970776200059,-5.063999999999998,-5.063999999999999,-8.881784197001252e-16,True
2018-09-14,Unconstrained,-0.512865878805621,-5.159000000000001,-5.158999999999999,1.7763568394002505e-15,True
2018-09-17,Unconstrained,-0.5242026340210488,-5.094999999999999,-5.094999999999999,0.0,True
2018-09-18,Unconstrained,-0.5190103984235933,-5.1370000000000005,-5.1370000000000005,0.0,True
2018-09-19,Unconstrained,-0.400834445048898,-4.519,-4.518999999999999,8.881784197001252e-16,True
2018-09-20,Unconstrained,-0.39604170528228866,-4.484,-4.484000000000001,-8.881784197001252e-16,True
2018-09-21,Unconstrained,-0.3493817141852606,-4.155000000000001,-4.155000000000001,0.0,True
2018-09-24,Unconstrained,-0.3168507038787377,-3.8840000000000003,-3.884,4.440892098500626e-16,True
2018-09-25,Unconstrained,-0.3032612760915607,-3.7680000000000007,-3.7680000000000007,0.0,True
2018-09-26,Unconstrained,-0.34843128273279744,-4.097999999999999,-4.098,-8.881784197001252e-16,True
2018-09-27,Unconstrained,-0.3610374044615742,-4.209999999999999,-4.209999999999998,8.881784197001252e-16,True
2018-09-28,Unconstrained,-0.3923663858175394,-4.4430000000000005,-4.443,8.881784197001252e-16,True
2018-10-01,Unconstrained,-0.3507411481806186,-4.152000000000001,-4.152,8.881784197001252e-16,True
2018-10-02,Unconstrained,-0.30549985658715156,-3.797999999999999,-3.7979999999999974,1.7763568394002505e-15,True
2018-10-03,Unconstrained,-0.28409817281241545,-3.6330000000000013,-3.6330000000000013,0.0,True
2018-10-04,Unconstrained,-0.2986455151715491,-3.672999999999999,-3.673,-8.881784197001252e-16,True
2018-10-05,Unconstrained,-0.22239251611963465,-3.028,-3.0280000000000014,-1.3322676295501878e-15,True
2018-10-08,Unconstrained,-0.21682809860215854,-2.9639999999999986,-2.963999999999999,-4.440892098500626e-16,True
2018-10-09,Unconstrained,-0.20972877699542683,-2.897999999999999,-2.8979999999999984,4.440892098500626e-16,True
2018-10-10,Unconstrained,-0.21382669782695776,-2.7650000000000006,-2.7650000000000006,0.0,True
2018-10-11,Unconstrained,-0.2732438138871544,-3.0849999999999995,-3.084999999999999,4.440892098500626e-16,True
2018-10-12,Unconstrained,-0.1800840611054651,-2.5510000000000006,-2.551,4.440892098500626e-16,True
2018-10-15,Unconstrained,-0.21651839897099187,-2.8319999999999994,-2.8320000000000003,-8.881784197001252e-16,True
2018-10-16,Unconstrained,-0.25316027071586195,-3.2150000000000007,-3.2150000000000003,4.440892098500626e-16,True
2018-10-17,Unconstrained,-0.23335130855616862,-3.0650000000000004,-3.064999999999999,1.3322676295501878e-15,True
2018-10-18,Unconstrained,-0.1826336788365924,-2.595999999999999,-2.595999999999999,0.0,True
2018-10-19,Unconstrained,-0.16994855779051216,-2.4939999999999998,-2.4939999999999998,0.0,True
2018-10-22,Unconstrained,-0.17832117186537372,-2.5680000000000005,-2.568,4.440892098500626e-16,True
2018-10-23,Unconstrained,-0.19147891226353125,-2.654000000000001,-2.654000000000001,0.0,True
2018-10-24,Unconstrained,-0.2435557803689612,-2.8909999999999996,-2.890999999999999,4.440892098500626e-16,True
2018-10-25,Unconstrained,-0.18555027009653058,-2.5260000000000007,-2.5260000000000002,4.440892098500626e-16,True
2018-10-26,Unconstrained,-0.13857160742745653,-2.1700000000000004,-2.1700000000000004,0.0,True
2018-10-29,Unconstrained,-0.12862764841735977,-2.0829999999999997,-2.0829999999999997,0.0,True
2018-10-30,Unconstrained,-0.09401254063106258,-1.811,-1.8110000000000002,-2.220446049250313e-16,True
2018-10-31,Unconstrained,-0.08784630324259948,-1.764,-1.7640000000000002,-2.220446049250313e-16,True
2018-11-01,Unconstrained,-0.09471055802176237,-1.828,-1.8280000000000003,-2.220446049250313e-16,True
2018-11-02,Unconstrained,-0.06794498225790635,-1.5730000000000004,-1.5730000000000006,-2.220446049250313e-16,True
2018-11-05,Unconstrained,-0.10128957494772975,-1.889,-1.8890000000000002,-2.220446049250313e-16,True
2018-11-06,Unconstrained,-0.11263704633801358,-1.9930000000000008,-1.9930000000000008,0.0,True
2018-11-07,Unconstrained,-0.11882331131491965,-2.056,-2.055999999999999,8.881784197001252e-16,True
2018-11-08,Unconstrained,-0.13222786586582874,-2.1849999999999996,-2.1849999999999996,0.0,True
2018-11-09,Unconstrained,-0.11356182834735087,-2.0060000000000002,-2.0060000000000007,-4.440892098500626e-16,True
2018-11-12,Unconstrained,-0.12889715996353585,-2.1349999999999993,-2.1349999999999985,8.881784197001252e-16,True
2018-11-13,Unconstrained,-0.1365584997281506,-2.2060000000000004,-2.2060000000000004,0.0,True
2018-11-14,Unconstrained,-0.1219895518451501,-2.0680000000000005,-2.0680000000000005,0.0,True
2018-11-15,Unconstrained,-0.12186930004832691,-2.0760000000000005,-2.076000000000001,-4.440892098500626e-16,True
2018-11-16,Unconstrained,-0.09940698624932383,-1.8709999999999993,-1.8709999999999989,4.440892098500626e-16,True
2018-11-19,Unconstrained,-0.06824043887410881,-1.5790000000000006,-1.5790000000000008,-2.220446049250313e-16,True
2018-11-20,Unconstrained,-0.11006520125907729,-1.9549999999999996,-1.9549999999999996,0.0,True
2018-11-21,Unconstrained,-0.10617898163416586,-1.9310000000000003,-1.9310000000000007,-4.440892098500626e-16,True
2018-11-23,Unconstrained,-0.08315384158098689,-1.7209999999999994,-1.7209999999999994,0.0,True
2018-11-26,Unconstrained,-0.08732949020474395,-1.7569999999999992,-1.7569999999999997,-4.440892098500626e-16,True
2018-11-27,Unconstrained,-0.06928766419804011,-1.5829999999999997,-1.5829999999999995,2.220446049250313e-16,True
2018-11-28,Unconstrained,-0.0709833057016881,-1.5959999999999994,-1.5959999999999992,2.220446049250313e-16,True
2018-11-29,Unconstrained,-0.06598466707713162,-1.5489999999999995,-1.5489999999999997,-2.220446049250313e-16,True
2018-11-30,Unconstrained,-0.05879564344668995,-1.4709999999999994,-1.4709999999999996,-2.220446049250313e-16,True
2018-12-04,Unconstrained,-0.08910987007444196,-1.7760000000000005,-1.7760000000000007,-2.220446049250313e-16,True
2018-12-06,Unconstrained,-0.07737763959624004,-1.6680000000000006,-1.6680000000000013,-6.661338147750939e-16,True
2018-12-07,Unconstrained,-0.050977531081054364,-1.4299999999999997,-1.429999999999999,6.661338147750939e-16,True
2018-12-10,Unconstrained,-0.08822697577255474,-1.764,-1.7639999999999998,2.220446049250313e-16,True
2018-12-11,Unconstrained,-0.07866170887520728,-1.6799999999999997,-1.679999999999999,6.661338147750939e-16,True
2018-12-12,Unconstrained,-0.07844472994543977,-1.6780000000000002,-1.6780000000000004,-2.220446049250313e-16,True
2018-12-13,Unconstrained,-0.08121853941740396,-1.703,-1.7030000000000003,-2.220446049250313e-16,True
2018-12-14,Unconstrained,-0.0986245730357193,-1.8599999999999994,-1.8599999999999997,-2.220446049250313e-16,True
2018-12-17,Unconstrained,-0.16889899774273795,-2.3959999999999995,-2.3959999999999995,0.0,True
2018-12-18,Unconstrained,-0.17602390242864083,-2.4230000000000005,-2.4230000000000005,0.0,True
2018-12-19,Unconstrained,-0.19230720133426346,-2.5379999999999994,-2.5379999999999994,0.0,True
2018-12-20,Unconstrained,-0.18460718877967597,-2.406999999999999,-2.4069999999999983,8.881784197001252e-16,True
2018-12-21,Unconstrained,-0.1627159412840733,-2.217,-2.2169999999999996,4.440892098500626e-16,True
2018-12-24,Unconstrained,-0.12270294943607234,-1.8269999999999995,-1.8269999999999997,-2.220446049250313e-16,True
2018-12-26,Unconstrained,-0.08156580872692615,-1.6469999999999998,-1.646999999999999,8.881784197001252e-16,True
2018-12-27,Unconstrained,-0.06379763585299626,-1.5180000000000007,-1.5180000000000007,0.0,True
2018-12-28,Unconstrained,-0.0889316087632851,-1.7260000000000004,-1.7260000000000004,0.0,True
2018-12-31,Unconstrained,-0.09210219060802703,-1.7799999999999998,-1.7800000000000005,-6.661338147750939e-16,True
2019-01-02,Unconstrained,-0.07053439834741436,-1.6060000000000003,-1.606,2.220446049250313e-16,True
2019-01-03,Unconstrained,-0.026952129555734967,-1.222,-1.222,0.0,True
2019-01-04,Unconstrained,-0.022110913442794176,-1.1439999999999997,-1.1439999999999995,2.220446049250313e-16,True
2019-01-07,Unconstrained,-0.044057679847043556,-1.3560000000000003,-1.356000000000001,-6.661338147750939e-16,True
2019-01-08,Unconstrained,-0.06291263374926376,-1.5299999999999998,-1.5299999999999998,0.0,True
2019-01-09,Unconstrained,-0.0811326452259922,-1.7010000000000005,-1.7010000000000005,0.0,True
2019-01-10,Unconstrained,-0.08875382294621505,-1.7719999999999998,-1.7719999999999998,0.0,True
2019-01-11,Unconstrained,-0.103364511076213,-1.9090000000000003,-1.9089999999999998,4.440892098500626e-16,True
2019-01-14,Unconstrained,-0.17154131814122472,-2.5200000000000005,-2.52,4.440892098500626e-16,True
2019-01-15,Unconstrained,-0.19040018959402485,-2.6870000000000003,-2.6870000000000007,-4.440892098500626e-16,True
2019-01-16,Unconstrained,-0.2523950586545281,-3.1659999999999995,-3.165999999999999,4.440892098500626e-16,True
2019-01-17,Unconstrained,-0.26646080479605133,-3.302000000000001,-3.302000000000001,0.0,True
2019-01-18,Unconstrained,-0.24146381383025886,-3.1189999999999998,-3.1189999999999998,0.0,True
2019-01-22,Unconstrained,-0.14634034883877273,-2.281999999999999,-2.281999999999999,0.0,True
2019-01-23,Unconstrained,-0.15685919391642006,-2.3879999999999995,-2.388,-4.440892098500626e-16,True
2019-01-24,Unconstrained,-0.24194143343068988,-3.0919999999999987,-3.0919999999999987,0.0,True
2019-01-25,Unconstrained,-0.17938637384005435,-2.6109999999999998,-2.6109999999999998,0.0,True
2019-01-28,Unconstrained,-0.14669110886262246,-2.306,-2.305999999999999,8.881784197001252e-16,True
2019-01-29,Unconstrained,-0.1339514853527181,-2.1900000000000004,-2.1900000000000004,0.0,True
2019-01-30,Unconstrained,-0.14803714564627288,-2.3280000000000003,-2.3280000000000003,0.0,True
2019-01-31,Unconstrained,-0.18289595631759645,-2.653,-2.6530000000000005,-4.440892098500626e-16,True
2019-02-01,Unconstrained,-0.17678428220643183,-2.603,-2.603,0.0,True
2019-02-04,Unconstrained,-0.20268846717128736,-2.8400000000000007,-2.8400000000000007,0.0,True
2019-02-05,Unconstrained,-0.14835121932762146,-2.342,-2.3419999999999996,4.440892098500626e-16,True
2019-02-06,Unconstrained,-0.1514172324398109,-2.372,-2.372,0.0,True
2019-02-07,Unconstrained,-0.15976058218875752,-2.4450000000000003,-2.4450000000000007,-4.440892098500626e-16,True
2019-02-08,Unconstrained,-0.19500443946884002,-2.772,-2.7720000000000002,-4.440892098500626e-16,True
2019-02-11,Unconstrained,-0.2121959444056835,-2.9189999999999996,-2.919,-4.440892098500626e-16,True
2019-02-12,Unconstrained,-0.20443759204392922,-2.8599999999999994,-2.8599999999999994,0.0,True
2019-02-13,Unconstrained,-0.1882189241055519,-2.7120000000000006,-2.7120000000000006,0.0,True
2019-02-14,Unconstrained,-0.186439642576321,-2.689,-2.688999999999999,8.881784197001252e-16,True
2019-02-15,Unconstrained,-0.21425748148175539,-2.955000000000001,-2.9550000000000014,-4.440892098500626e-16,True
2019-02-19,Unconstrained,-0.1612374690825204,-2.468000000000001,-2.4680000000000004,4.440892098500626e-16,True
2019-02-20,Unconstrained,-0.14770040275557042,-2.339,-2.339000000000001,-8.881784197001252e-16,True
2019-02-21,Unconstrained,-0.13791623338490566,-2.242,-2.242,0.0,True
2019-02-22,Unconstrained,-0.1248804907729002,-2.1079999999999997,-2.1079999999999983,1.3322676295501878e-15,True
2019-02-25,Unconstrained,-0.19323100259863446,-2.7670000000000003,-2.767,4.440892098500626e-16,True
2019-02-26,Unconstrained,-0.1704209454642854,-2.553,-2.552999999999999,8.881784197001252e-16,True
2019-02-27,Unconstrained,-0.17974739258673966,-2.6439999999999997,-2.644,-4.440892098500626e-16,True
2019-02-28,Unconstrained,-0.20616850008821558,-2.8849999999999993,-2.885,-4.440892098500626e-16,True
2019-03-01,Unconstrained,-0.1843710892669638,-2.697,-2.6970000000000005,-4.440892098500626e-16,True
2019-03-04,Unconstrained,-0.16487239175339496,-2.5040000000000004,-2.504,4.440892098500626e-16,True
2019-03-05,Unconstrained,-0.17935610732146803,-2.6400000000000006,-2.64,4.440892098500626e-16,True
2019-03-06,Unconstrained,-0.17383852340408124,-2.5799999999999996,-2.5799999999999996,0.0,True
2019-03-07,Unconstrained,-0.14583509395907607,-2.314,-2.314,0.0,True
2019-03-08,Unconstrained,-0.1733910584100078,-2.5730000000000004,-2.573,4.440892098500626e-16,True
2019-03-11,Unconstrained,-0.252095103397498,-3.2930000000000006,-3.2930000000000015,-8.881784197001252e-16,True
2019-03-12,Unconstrained,-0.21916798387190714,-3.0169999999999986,-3.0169999999999986,0.0,True
2019-03-13,Unconstrained,-0.24551635041147554,-3.2569999999999992,-3.2569999999999992,0.0,True
2019-03-14,Unconstrained,-0.22313147170678355,-3.0569999999999995,-3.0569999999999986,8.881784197001252e-16,True
2019-03-15,Unconstrained,-0.20257323578888944,-2.875999999999999,-2.876,-8.881784197001252e-16,True
2019-03-18,Unconstrained,-0.1853441977236775,-2.7099999999999995,-2.7099999999999995,0.0,True
2019-03-19,Unconstrained,-0.1450741419647776,-2.3129999999999997,-2.3129999999999997,0.0,True
2019-03-20,Unconstrained,-0.11991628111830052,-2.059,-2.0589999999999993,8.881784197001252e-16,True
2019-03-21,Unconstrained,-0.12083531866270922,-2.067,-2.0670000000000006,-4.440892098500626e-16,True
2019-03-22,Unconstrained,-0.08840620263187882,-1.7549999999999997,-1.7549999999999997,0.0,True
2019-03-25,Unconstrained,-0.08901158552151009,-1.7599999999999993,-1.7599999999999993,0.0,True
2019-03-26,Unconstrained,-0.09233329764325643,-1.7799999999999998,-1.7800000000000002,-4.440892098500626e-16,True
2019-03-27,Unconstrained,-0.09055766901016539,-1.7659999999999996,-1.7659999999999987,8.881784197001252e-16,True
2019-03-28,Unconstrained,-0.10655768108874235,-1.925,-1.9249999999999998,2.220446049250313e-16,True
2019-03-29,Unconstrained,-0.12362187532771357,-2.095999999999999,-2.0959999999999988,4.440892098500626e-16,True
2019-04-01,Unconstrained,-0.1821402361498182,-2.6769999999999996,-2.6769999999999987,8.881784197001252e-16,True
2019-04-02,Unconstrained,-0.18776045794919574,-2.7310000000000003,-2.7310000000000003,0.0,True
2019-04-03,Unconstrained,-0.17394170252626112,-2.595999999999999,-2.595999999999999,0.0,True
2019-04-04,Unconstrained,-0.17664509080575394,-2.623,-2.623,0.0,True
2019-04-05,Unconstrained,-0.20239667401067404,-2.875,-2.875,0.0,True
2019-04-08,Unconstrained,-0.2069021522030362,-2.9129999999999994,-2.9129999999999994,0.0,True
2019-04-09,Unconstrained,-0.19242669695125078,-2.7659999999999996,-2.766000000000001,-1.3322676295501878e-15,True
2019-04-10,Unconstrained,-0.19086126845864715,-2.761,-2.761,0.0,True
2019-04-11,Unconstrained,-0.1762954711472008,-2.623,-2.623,0.0,True
2019-04-12,Unconstrained,-0.15584731299898444,-2.4219999999999997,-2.4219999999999997,0.0,True
2019-04-15,Unconstrained,-0.19081857841639632,-2.7689999999999997,-2.769,-4.440892098500626e-16,True
2019-04-16,Unconstrained,-0.17162853626697838,-2.5810000000000004,-2.5810000000000004,0.0,True
2019-04-17,Unconstrained,-0.17149910256525178,-2.5780000000000003,-2.5780000000000007,-4.440892098500626e-16,True
2019-04-18,Unconstrained,-0.1497937099799789,-2.3599999999999994,-2.3600000000000008,-1.3322676295501878e-15,True
2019-04-22,Unconstrained,-0.1560682189063514,-2.4239999999999995,-2.4239999999999986,8.881784197001252e-16,True
2019-04-23,Unconstrained,-0.1601053258780138,-2.4650000000000007,-2.465,8.881784197001252e-16,True
2019-04-24,Unconstrained,-0.15185100903358156,-2.3810000000000002,-2.381,4.440892098500626e-16,True
2019-04-25,Unconstrained,-0.15556668740672905,-2.4180000000000006,-2.418,4.440892098500626e-16,True
2019-04-26,Unconstrained,-0.17674382405086128,-2.6290000000000004,-2.629,4.440892098500626e-16,True
2019-04-29,Unconstrained,-0.17183605791466425,-2.5790000000000006,-2.579000000000001,-4.440892098500626e-16,True
2019-04-30,Unconstrained,-0.17882796395089898,-2.647,-2.647,0.0,True
2019-05-01,Unconstrained,-0.16792118644642756,-2.531999999999999,-2.5319999999999983,8.881784197001252e-16,True
2019-05-02,Unconstrained,-0.16008148448969722,-2.4590000000000005,-2.4590000000000005,0.0,True
2019-05-03,Unconstrained,-0.1362145516831052,-2.222,-2.2220000000000013,-1.3322676295501878e-15,True
2019-05-06,Unconstrained,-0.14632632986444455,-2.3230000000000004,-2.3230000000000004,0.0,True
2019-05-07,Unconstrained,-0.07998142853871035,-1.6879999999999995,-1.6879999999999995,0.0,True
2019-05-08,Unconstrained,-0.0895121352475314,-1.7790000000000006,-1.7790000000000006,0.0,True
2019-05-09,Unconstrained,-0.08842115755549405,-1.7680000000000007,-1.7680000000000007,0.0,True
2019-05-10,Unconstrained,-0.09853916034269176,-1.8540000000000005,-1.8540000000000008,-2.220446049250313e-16,True
2019-05-13,Unconstrained,-0.10662210100673195,-1.936,-1.936,0.0,True
2019-05-14,Unconstrained,-0.1124068037201613,-1.9950000000000003,-1.9949999999999994,8.881784197001252e-16,True
2019-05-15,Unconstrained,-0.12200377895344093,-2.0870000000000006,-2.087,4.440892098500626e-16,True
2019-05-16,Unconstrained,-0.12439458772641178,-2.1090000000000004,-2.109000000000001,-4.440892098500626e-16,True
2019-05-17,Unconstrained,-0.10007918498497648,-1.8689999999999998,-1.869,-2.220446049250313e-16,True
2019-05-20,Unconstrained,-0.06602588617347299,-1.525,-1.525,0.0,True
2019-05-21,Unconstrained,-0.0860152463682651,-1.717,-1.7169999999999999,2.220446049250313e-16,True
2019-05-22,Unconstrained,-0.06958968032138764,-1.5420000000000003,-1.542,2.220446049250313e-16,True
2019-05-23,Unconstrained,-0.060068619458726276,-1.4709999999999994,-1.4709999999999996,-2.220446049250313e-16,True
2019-05-24,Unconstrained,-0.05578495188960244,-1.4120000000000004,-1.4120000000000001,2.220446049250313e-16,True
2019-05-28,Unconstrained,-0.038654529252537775,-1.2579999999999998,-1.258,-2.220446049250313e-16,True
2019-05-29,Unconstrained,-0.03177384149853529,-1.1930000000000007,-1.193000000000001,-2.220446049250313e-16,True
2019-05-30,Unconstrained,-0.03991440807934513,-1.2680000000000007,-1.268000000000001,-2.220446049250313e-16,True
2019-05-31,Unconstrained,-0.03764491873240558,-1.2650000000000006,-1.2650000000000012,-6.661338147750939e-16,True
2019-06-03,Unconstrained,-0.03418905629785412,-1.2319999999999993,-1.2319999999999998,-4.440892098500626e-16,True
2019-06-04,Unconstrained,-0.040984703582516206,-1.2739999999999996,-1.2739999999999991,4.440892098500626e-16,True
2019-06-05,Unconstrained,-0.043962736124432605,-1.2909999999999997,-1.2909999999999997,0.0,True
2019-06-06,Unconstrained,-0.0534860496006992,-1.389,-1.3890000000000002,-2.220446049250313e-16,True
2019-06-07,Unconstrained,-0.060441238139109406,-1.467,-1.4670000000000005,-4.440892098500626e-16,True
2019-06-10,Unconstrained,-0.05813552797432936,-1.4379999999999995,-1.4379999999999993,2.220446049250313e-16,True
2019-06-11,Unconstrained,-0.05263958016964399,-1.3810000000000002,-1.3810000000000007,-4.440892098500626e-16,True
2019-06-12,Unconstrained,-0.06084888572544502,-1.4659999999999997,-1.4659999999999997,0.0,True
2019-06-13,Unconstrained,-0.04834943297916867,-1.3329999999999997,-1.3329999999999995,2.220446049250313e-16,True
2019-06-14,Unconstrained,-0.047609369428445875,-1.3159999999999996,-1.3159999999999996,0.0,True
2019-06-17,Unconstrained,-0.06767655716413933,-1.5299999999999998,-1.5299999999999998,0.0,True
2019-06-18,Unconstrained,-0.07659799921966903,-1.6209999999999993,-1.6209999999999996,-2.220446049250313e-16,True
2019-06-19,Unconstrained,-0.07493452308482287,-1.5930000000000006,-1.5930000000000013,-6.661338147750939e-16,True
2019-06-20,Unconstrained,-0.10615024972321067,-1.9230000000000005,-1.9230000000000005,0.0,True
2019-06-21,Unconstrained,-0.09816519864056451,-1.8459999999999994,-1.845999999999999,4.440892098500626e-16,True
2019-06-24,Unconstrained,-0.08493905449103098,-1.7090000000000003,-1.709,2.220446049250313e-16,True
2019-06-25,Unconstrained,-0.08145705880796615,-1.6829999999999998,-1.6829999999999998,0.0,True
2019-06-26,Unconstrained,-0.08476130992811726,-1.7159999999999997,-1.716,-2.220446049250313e-16,True
2019-06-27,Unconstrained,-0.08842452905628168,-1.75,-1.7499999999999998,2.220446049250313e-16,True
2019-06-28,Unconstrained,-0.09508423432838733,-1.8120000000000005,-1.812,4.440892098500626e-16,True
2019-07-01,Unconstrained,-0.11272481903483483,-1.986,-1.986,0.0,True
2019-07-02,Unconstrained,-0.13541801395036576,-2.214,-2.2140000000000004,-4.440892098500626e-16,True
2019-07-03,Unconstrained,-0.12285853418368771,-2.0819999999999994,-2.082,-4.440892098500626e-16,True
2019-07-08,Unconstrained,-0.1280397037802818,-2.1420000000000003,-2.142,4.440892098500626e-16,True
2019-07-09,Unconstrained,-0.11836153077268234,-2.0439999999999996,-2.0439999999999996,0.0,True
2019-07-10,Unconstrained,-0.1210627178419018,-2.066,-2.066,0.0,True
2019-07-11,Unconstrained,-0.13844244568045053,-2.245,-2.245,0.0,True
2019-07-12,Unconstrained,-0.15026320136629734,-2.3650000000000007,-2.3650000000000007,0.0,True
2019-07-15,Unconstrained,-0.1760025999853375,-2.622,-2.6220000000000003,-4.440892098500626e-16,True
2019-07-16,Unconstrained,-0.16523587687810246,-2.5150000000000006,-2.5150000000000006,0.0,True
2019-07-17,Unconstrained,-0.1536767609294209,-2.3980000000000006,-2.398000000000001,-4.440892098500626e-16,True
2019-07-18,Unconstrained,-0.1682468703162401,-2.5420000000000003,-2.542,4.440892098500626e-16,True
2019-07-19,Unconstrained,-0.1695869341424203,-2.55,-2.55,0.0,True
2019-07-22,Unconstrained,-0.16763090567637515,-2.536,-2.536000000000001,-8.881784197001252e-16,True
2019-07-23,Unconstrained,-0.16016072410210602,-2.4650000000000007,-2.4650000000000007,0.0,True
2019-07-24,Unconstrained,-0.14475073277522382,-2.308,-2.307999999999999,8.881784197001252e-16,True
2019-07-25,Unconstrained,-0.1329572624787974,-2.1879999999999997,-2.1879999999999997,0.0,True
2019-07-26,Unconstrained,-0.14657749624208405,-2.3269999999999995,-2.327,-4.440892098500626e-16,True
2019-07-29,Unconstrained,-0.16472263304260862,-2.5099999999999993,-2.5099999999999993,0.0,True
2019-07-30,Unconstrained,-0.13318789849499196,-2.194,-2.1940000000000004,-4.440892098500626e-16,True
2019-07-31,Unconstrained,-0.13067802332985223,-2.1709999999999994,-2.1709999999999994,0.0,True
2019-08-01,Unconstrained,-0.08266395497976152,-1.7069999999999994,-1.7069999999999992,2.220446049250313e-16,True
2019-08-02,Unconstrained,-0.08464570508757219,-1.725,-1.7250000000000003,-2.220446049250313e-16,True
2019-08-05,Unconstrained,-0.039427655846925064,-1.3299999999999996,-1.3299999999999998,-2.220446049250313e-16,True
2019-08-06,Unconstrained,-0.05168888805599192,-1.4200000000000004,-1.4200000000000008,-4.440892098500626e-16,True
2019-08-07,Unconstrained,-0.04984757332473708,-1.3959999999999995,-1.3959999999999995,0.0,True
2019-08-08,Unconstrained,-0.08971282913436757,-1.7709999999999995,-1.7709999999999992,2.220446049250313e-16,True
2019-08-09,Unconstrained,-0.07520866899279736,-1.6340000000000003,-1.6340000000000003,0.0,True
2019-08-12,Unconstrained,-0.061012678877490074,-1.5150000000000006,-1.5150000000000006,0.0,True
2019-08-13,Unconstrained,-0.08804080935238127,-1.7579999999999998,-1.7580000000000002,-4.440892098500626e-16,True
2019-08-14,Unconstrained,-0.04270066400380599,-1.3480000000000003,-1.3480000000000005,-2.220446049250313e-16,True
2019-08-15,Unconstrained,-0.0334406355445615,-1.2519999999999996,-1.2519999999999993,2.220446049250313e-16,True
2019-08-16,Unconstrained,-0.06978080904709517,-1.5840000000000003,-1.5840000000000007,-4.440892098500626e-16,True
2019-08-19,Unconstrained,-0.07748027511032615,-1.6480000000000004,-1.6480000000000004,0.0,True
2019-08-20,Unconstrained,-0.06009328086498785,-1.4780000000000002,-1.4779999999999998,4.440892098500626e-16,True
2019-08-21,Unconstrained,-0.05927870004738043,-1.4480000000000004,-1.4480000000000004,0.0,True
2019-08-22,Unconstrained,-0.057935878233735395,-1.4459999999999993,-1.4459999999999993,0.0,True
2019-08-23,Unconstrained,-0.03589892113689693,-1.2620000000000005,-1.2620000000000007,-2.220446049250313e-16,True
2019-08-26,Unconstrained,-0.041062200755756215,-1.3069999999999993,-1.306999999999999,2.220446049250313e-16,True
2019-08-27,Unconstrained,-0.02669411991038717,-1.1760000000000006,-1.1760000000000008,-2.220446049250313e-16,True
2019-08-28,Unconstrained,-0.04685587725154152,-1.3650000000000007,-1.3650000000000007,0.0,True
2019-08-29,Unconstrained,-0.06206942394785016,-1.5019999999999996,-1.5019999999999993,2.220446049250313e-16,True
2019-08-30,Unconstrained,-0.06461740882443064,-1.5370000000000004,-1.5370000000000006,-2.220446049250313e-16,True
2019-09-03,Unconstrained,-0.05703420719420579,-1.4680000000000006,-1.4680000000000004,2.220446049250313e-16,True
2019-09-04,Unconstrained,-0.07222595579339064,-1.5989999999999995,-1.599,-4.440892098500626e-16,True
2019-09-05,Unconstrained,-0.09880573810409221,-1.8579999999999999,-1.8579999999999999,0.0,True
2019-09-06,Unconstrained,-0.10246231055013907,-1.8870000000000005,-1.8870000000000007,-2.220446049250313e-16,True
2019-09-09,Unconstrained,-0.10149654983596428,-1.8790000000000007,-1.879000000000001,-2.220446049250313e-16,True
2019-09-10,Unconstrained,-0.10370554973877648,-1.9010000000000005,-1.9010000000000005,0.0,True
2019-09-11,Unconstrained,-0.11329070997102428,-1.9950000000000003,-1.9950000000000003,0.0,True
2019-09-12,Unconstrained,-0.11350583148962792,-1.9950000000000003,-1.9950000000000003,0.0,True
2019-09-13,Unconstrained,-0.09893501933015526,-1.8400000000000005,-1.8400000000000005,0.0,True
2019-09-16,Unconstrained,-0.10551908793322355,-1.9159999999999997,-1.9159999999999993,4.440892098500626e-16,True
2019-09-17,Unconstrained,-0.09389884624472757,-1.7939999999999998,-1.7939999999999998,0.0,True
2019-09-18,Unconstrained,-0.09578942881057047,-1.8090000000000004,-1.8090000000000013,-8.881784197001252e-16,True
2019-09-19,Unconstrained,-0.10220422142429277,-1.8769999999999996,-1.8769999999999996,0.0,True
2019-09-20,Unconstrained,-0.08885419960343327,-1.75,-1.7500000000000002,-2.220446049250313e-16,True
2019-09-23,Unconstrained,-0.10164505808301366,-1.8780000000000001,-1.878,2.220446049250313e-16,True
2019-09-24,Unconstrained,-0.09264951302947938,-1.8010000000000006,-1.8010000000000013,-6.661338147750939e-16,True
2019-09-25,Unconstrained,-0.09303949853923713,-1.7980000000000005,-1.7980000000000007,-2.220446049250313e-16,True
2019-09-26,Unconstrained,-0.0883208002283925,-1.7510000000000006,-1.7510000000000012,-6.661338147750939e-16,True
2019-09-27,Unconstrained,-0.0784894819782918,-1.661,-1.6609999999999996,4.440892098500626e-16,True
2019-09-30,Unconstrained,-0.08977099008358774,-1.7670000000000001,-1.767,2.220446049250313e-16,True
2019-10-01,Unconstrained,-0.051309059590196236,-1.4010000000000005,-1.4010000000000002,2.220446049250313e-16,True
2019-10-02,Unconstrained,-0.023446340403305645,-1.1469999999999998,-1.147,-2.220446049250313e-16,True
2019-10-03,Unconstrained,-0.03502976326504407,-1.2439999999999998,-1.243999999999999,6.661338147750939e-16,True
2019-10-04,Unconstrained,-0.05827048593550549,-1.4540000000000006,-1.4540000000000006,0.0,True
2019-10-07,Unconstrained,-0.09999057638544175,-1.8760000000000006,-1.8760000000000006,0.0,True
2019-10-08,Unconstrained,-0.09623776638461363,-1.842,-1.8420000000000005,-4.440892098500626e-16,True
2019-10-09,Unconstrained,-0.11247119577657658,-1.9950000000000003,-1.9950000000000006,-2.220446049250313e-16,True
2019-10-10,Unconstrained,-0.1218567062143856,-2.0849999999999995,-2.0849999999999995,0.0,True
2019-10-11,Unconstrained,-0.1377545396415199,-2.2400000000000007,-2.2400000000000015,-8.881784197001252e-16,True
2019-10-14,Unconstrained,-0.16285417187622991,-2.4849999999999994,-2.4849999999999994,0.0,True
2019-10-15,Unconstrained,-0.18644845383316447,-2.717,-2.717,0.0,True
2019-10-16,Unconstrained,-0.16945344717532992,-2.553,-2.553,0.0,True
2019-10-17,Unconstrained,-0.19562893557923222,-2.8009999999999993,-2.8009999999999997,-4.440892098500626e-16,True
2019-10-18,Unconstrained,-0.17723575814917505,-2.6239999999999997,-2.6240000000000006,-8.881784197001252e-16,True
2019-10-21,Unconstrained,-0.20052642354337902,-2.844,-2.8439999999999994,4.440892098500626e-16,True
2019-10-22,Unconstrained,-0.17264481429879688,-2.5790000000000006,-2.5790000000000006,0.0,True
2019-10-23,Unconstrained,-0.19491651355908737,-2.7920000000000003,-2.792000000000001,-8.881784197001252e-16,True
2019-10-24,Unconstrained,-0.16627439750676518,-2.522,-2.522,0.0,True
2019-10-25,Unconstrained,-0.1707115514793589,-2.5700000000000003,-2.57,4.440892098500626e-16,True
2019-10-28,Unconstrained,-0.16643578164717043,-2.5260000000000007,-2.526000000000001,-4.440892098500626e-16,True
2019-10-29,Unconstrained,-0.18741031757242085,-2.7290000000000005,-2.7289999999999996,8.881784197001252e-16,True
2019-10-30,Unconstrained,-0.2112239348572613,-2.9639999999999986,-2.963999999999998,4.440892098500626e-16,True
2019-10-31,Unconstrained,-0.22418161898461708,-3.0710000000000006,-3.0710000000000006,0.0,True
2019-11-01,Unconstrained,-0.1825018385543763,-2.6879999999999997,-2.688,-4.440892098500626e-16,True
2019-11-04,Unconstrained,-0.2129815666347216,-2.974000000000001,-2.974000000000001,0.0,True
2019-11-05,Unconstrained,-0.18202050207218148,-2.678,-2.678,0.0,True
2019-11-06,Unconstrained,-0.16566408028546123,-2.5200000000000005,-2.52,4.440892098500626e-16,True
2019-11-07,Unconstrained,-0.16048338964344985,-2.468000000000001,-2.4680000000000004,4.440892098500626e-16,True
2019-11-08,Unconstrained,-0.146881327893499,-2.3299999999999996,-2.3300000000000005,-8.881784197001252e-16,True
2019-11-11,Unconstrained,-0.15222851105571786,-2.3849999999999993,-2.385,-4.440892098500626e-16,True
2019-11-12,Unconstrained,-0.14563252792894701,-2.3180000000000005,-2.318,4.440892098500626e-16,True
2019-11-13,Unconstrained,-0.1598389223348958,-2.461,-2.4609999999999994,4.440892098500626e-16,True
2019-11-14,Unconstrained,-0.17682685642568816,-2.628,-2.6279999999999997,4.440892098500626e-16,True
2019-11-15,Unconstrained,-0.16303230809042588,-2.495,-2.495,0.0,True
2019-11-18,Unconstrained,-0.17964670266132288,-2.6590000000000003,-2.6589999999999994,8.881784197001252e-16,True
2019-11-19,Unconstrained,-0.18889257363325945,-2.7459999999999996,-2.746,-4.440892098500626e-16,True
2019-11-20,Unconstrained,-0.17015873273253912,-2.564,-2.5639999999999996,4.440892098500626e-16,True
2019-11-21,Unconstrained,-0.16249175064021393,-2.4870000000000005,-2.487,4.440892098500626e-16,True
2019-11-22,Unconstrained,-0.1688823363068671,-2.553,-2.553,0.0,True
2019-11-25,Unconstrained,-0.2003135984333257,-2.8650000000000007,-2.8650000000000007,0.0,True
2019-11-26,Unconstrained,-0.21691046073534295,-3.028,-3.028,0.0,True
2019-11-27,Unconstrained,-0.2181579504338958,-3.0370000000000004,-3.037000000000001,-4.440892098500626e-16,True
2019-11-29,Unconstrained,-0.21364900207193654,-2.9830000000000014,-2.983000000000001,4.440892098500626e-16,True
2019-12-02,Unconstrained,-0.1789789069454478,-2.6349999999999993,-2.634999999999998,1.3322676295501878e-15,True
2019-12-03,Unconstrained,-0.1417831310234785,-2.278,-2.278,0.0,True
2019-12-04,Unconstrained,-0.14699668481640876,-2.3310000000000004,-2.3310000000000004,0.0,True
2019-12-05,Unconstrained,-0.15032389972693236,-2.364,-2.3639999999999985,1.3322676295501878e-15,True
2019-12-06,Unconstrained,-0.23356436555922097,-3.147999999999999,-3.147999999999999,0.0,True
2019-12-09,Unconstrained,-0.3039927469561047,-3.656,-3.6559999999999997,4.440892098500626e-16,True
2019-12-10,Unconstrained,-0.28242694156495424,-3.5,-3.500000000000001,-8.881784197001252e-16,True
2019-12-11,Unconstrained,-0.2717288488404064,-3.4370000000000003,-3.437000000000002,-1.7763568394002505e-15,True
2019-12-12,Unconstrained,-0.24810568513422082,-3.2680000000000007,-3.2680000000000007,0.0,True
2019-12-13,Unconstrained,-0.39739500024314556,-4.450999999999999,-4.451,-8.881784197001252e-16,True
2019-12-16,Unconstrained,-0.3840518098717395,-4.385,-4.385000000000001,-8.881784197001252e-16,True
2019-12-17,Unconstrained,-0.3002884758382243,-3.747999999999999,-3.7479999999999993,-4.440892098500626e-16,True
2019-12-18,Unconstrained,-0.39776314662579926,-4.456,-4.4559999999999995,8.881784197001252e-16,True
2019-12-19,Unconstrained,-0.49068459467148906,-5.0139999999999985,-5.013999999999999,-8.881784197001252e-16,True
2019-12-20,Unconstrained,-0.43836565426351937,-4.716999999999999,-4.717,-8.881784197001252e-16,True
2019-12-23,Unconstrained,-0.3882794778965272,-4.391,-4.391,0.0,True
2019-12-24,Unconstrained,-0.38812632048395507,-4.3870000000000005,-4.387,8.881784197001252e-16,True
2019-12-26,Unconstrained,-0.37629502869846926,-4.3069999999999995,-4.306999999999999,8.881784197001252e-16,True
2019-12-27,Unconstrained,-0.3420360269414632,-4.028999999999999,-4.028999999999999,0.0,True
2019-12-30,Unconstrained,-0.2611446572263992,-3.3560000000000003,-3.356,4.440892098500626e-16,True
2019-12-31,Unconstrained,-0.3334443445236764,-3.952000000000001,-3.9520000000000013,-4.440892098500626e-16,True
2020-01-02,Unconstrained,-0.30370790381327284,-3.7699999999999987,-3.7699999999999987,0.0,True
2020-01-03,Unconstrained,-0.2575154587821134,-3.346000000000001,-3.346000000000002,-8.881784197001252e-16,True
2020-01-06,Unconstrained,-0.24589781993451965,-3.250999999999999,-3.251,-8.881784197001252e-16,True
2020-01-07,Unconstrained,-0.21488428792251893,-2.978,-2.978,0.0,True
2020-01-08,Unconstrained,-0.291616000323023,-3.6419999999999986,-3.642000000000001,-2.220446049250313e-15,True
2020-01-09,Unconstrained,-0.25369574175727366,-3.347,-3.347,0.0,True
2020-01-10,Unconstrained,-0.1958081373737566,-2.8150000000000004,-2.815,4.440892098500626e-16,True
2020-01-13,Unconstrained,-0.22873253800827967,-3.127000000000001,-3.1270000000000007,4.440892098500626e-16,True
2020-01-14,Unconstrained,-0.22396434478726462,-3.0819999999999994,-3.0820000000000003,-8.881784197001252e-16,True
2020-01-15,Unconstrained,-0.27725830746493774,-3.553,-3.552999999999999,8.881784197001252e-16,True
2020-01-16,Unconstrained,-0.24931998456985066,-3.3129999999999997,-3.3130000000000006,-8.881784197001252e-16,True
2020-01-17,Unconstrained,-0.265709187480744,-3.4620000000000006,-3.462000000000002,-1.3322676295501878e-15,True
2020-01-21,Unconstrained,-0.24568724811351603,-3.2699999999999987,-3.2699999999999982,4.440892098500626e-16,True
2020-01-22,Unconstrained,-0.21514885649914078,-2.9930000000000008,-2.9930000000000008,0.0,True
2020-01-23,Unconstrained,-0.23539145093926755,-3.1759999999999993,-3.175999999999999,4.440892098500626e-16,True
2020-01-24,Unconstrained,-0.1858354957294093,-2.7019999999999995,-2.7019999999999995,0.0,True
2020-01-27,Unconstrained,-0.19366557779108107,-2.720999999999999,-2.720999999999999,0.0,True
2020-01-28,Unconstrained,-0.17231911242076936,-2.561,-2.5609999999999995,4.440892098500626e-16,True
2020-01-29,Unconstrained,-0.1673901491980442,-2.5150000000000006,-2.5150000000000006,0.0,True
2020-01-30,Unconstrained,-0.21999583046940865,-2.9949999999999988,-2.994999999999999,-4.440892098500626e-16,True
2020-01-31,Unconstrained,-0.30910662316462945,-3.572999999999999,-3.573,-8.881784197001252e-16,True
2020-02-03,Unconstrained,-0.19893721262689593,-2.7700000000000005,-2.7699999999999996,8.881784197001252e-16,True
2020-02-04,Unconstrained,-0.2061231469244661,-2.8650000000000007,-2.865000000000001,-4.440892098500626e-16,True
2020-02-05,Unconstrained,-0.21733583967889963,-2.978,-2.978000000000001,-8.881784197001252e-16,True
2020-02-06,Unconstrained,-0.27299710596790333,-3.447999999999999,-3.447999999999999,0.0,True
2020-02-07,Unconstrained,-0.24671360390538322,-3.221000000000001,-3.221000000000002,-8.881784197001252e-16,True
2020-02-10,Unconstrained,-0.2585455004764873,-3.3289999999999993,-3.328999999999999,4.440892098500626e-16,True
2020-02-11,Unconstrained,-0.2548330138232632,-3.294999999999999,-3.294999999999999,0.0,True
2020-02-12,Unconstrained,-0.2536653063948454,-3.319999999999999,-3.319999999999999,0.0,True
2020-02-13,Unconstrained,-0.2528993731309956,-3.3039999999999994,-3.3039999999999985,8.881784197001252e-16,True
2020-02-14,Unconstrained,-0.24732971781754567,-3.2669999999999986,-3.266999999999999,-4.440892098500626e-16,True
2020-02-18,Unconstrained,-0.3137210380774018,-3.7659999999999996,-3.7659999999999987,8.881784197001252e-16,True
2020-02-19,Unconstrained,-0.3698573576285086,-4.181,-4.181,0.0,True
2020-02-20,Unconstrained,-0.310103950702651,-3.7120000000000006,-3.7120000000000006,0.0,True
2020-02-21,Unconstrained,-0.290678800036132,-3.5139999999999985,-3.513999999999998,4.440892098500626e-16,True
2020-02-24,Unconstrained,-0.26748651374672067,-3.047999999999999,-3.0479999999999987,4.440892098500626e-16,True
2020-02-25,Unconstrained,-0.29410213802375285,-3.0789999999999993,-3.0789999999999997,-4.440892098500626e-16,True
2020-02-26,Unconstrained,-0.2891143447220855,-3.0650000000000004,-3.065,4.440892098500626e-16,True
2020-02-27,Unconstrained,-0.3695921802000622,-2.8930000000000007,-2.893000000000001,-4.440892098500626e-16,True
2020-02-28,Unconstrained,-0.43783506554513896,-3.0819999999999994,-3.082,-4.440892098500626e-16,True
2020-03-02,Unconstrained,-0.2633222192377761,-2.684,-2.6839999999999997,4.440892098500626e-16,True
2020-03-03,Unconstrained,-0.21272413556696912,-2.306,-2.306,0.0,True
2020-03-04,Unconstrained,-0.262747267573429,-2.7379999999999995,-2.7379999999999995,0.0,True
2020-03-05,Unconstrained,-0.24383267085337929,-2.3609999999999998,-2.3609999999999998,0.0,True
2020-03-06,Unconstrained,-0.3240745686047026,-2.6079999999999997,-2.607999999999999,4.440892098500626e-16,True
2020-03-09,Unconstrained,-0.31812219168455336,-2.156999999999999,-2.1569999999999983,8.881784197001252e-16,True
2020-03-10,Unconstrained,-0.25071173287884274,-2.1379999999999995,-2.137999999999999,4.440892098500626e-16,True
2020-03-11,Unconstrained,-0.31753474054206743,-2.1719999999999997,-2.1719999999999993,4.440892098500626e-16,True
2020-03-12,Unconstrained,-0.29488133027461394,-1.5790000000000006,-1.5790000000000008,-2.220446049250313e-16,True
2020-03-13,Unconstrained,-0.7846498509209864,-3.2370000000000005,-3.2370000000000014,-8.881784197001252e-16,True
2020-03-16,Unconstrained,-0.3030231891678962,-1.4659999999999997,-1.466,-2.220446049250313e-16,True
2020-03-17,Unconstrained,-0.33237445314762587,-1.6670000000000003,-1.6670000000000007,-4.440892098500626e-16,True
2020-03-18,Unconstrained,-0.2152185782901021,-1.3540000000000005,-1.3540000000000003,2.220446049250313e-16,True
2020-03-19,Unconstrained,-0.256119128327668,-1.5439999999999998,-1.544,-2.220446049250313e-16,True
2020-03-20,Unconstrained,-0.3060797529225047,-1.8120000000000005,-1.812,4.440892098500626e-16,True
2020-03-23,Unconstrained,-0.23585834504968506,-1.7049999999999996,-1.7049999999999998,-2.220446049250313e-16,True
2020-03-24,Unconstrained,-0.2587783744446542,-1.775,-1.7749999999999997,2.220446049250313e-16,True
2020-03-25,Unconstrained,-0.23839367159511596,-1.6599999999999995,-1.6599999999999997,-2.220446049250313e-16,True
2020-03-26,Unconstrained,-0.29302214521647685,-1.8969999999999998,-1.8969999999999998,0.0,True
2020-03-27,Unconstrained,-0.2774770463062519,-1.7409999999999997,-1.7410000000000003,-6.661338147750939e-16,True
2020-03-30,Unconstrained,-0.36298492594788884,-2.218000000000001,-2.2180000000000004,4.440892098500626e-16,True
2020-03-31,Unconstrained,-0.43710604076057985,-2.5489999999999995,-2.5489999999999986,8.881784197001252e-16,True
2020-04-01,Unconstrained,-0.16048465794800607,-1.5480000000000005,-1.5480000000000003,2.220446049250313e-16,True
2020-04-02,Unconstrained,-0.20120869485889187,-1.8430000000000006,-1.8430000000000004,2.220446049250313e-16,True
2020-04-03,Unconstrained,-0.22656162666998952,-2.0569999999999995,-2.057,-4.440892098500626e-16,True
2020-04-06,Unconstrained,-0.22595300829207596,-2.1010000000000004,-2.101,4.440892098500626e-16,True
2020-04-07,Unconstrained,-0.17633334882147628,-1.8480000000000003,-1.848,2.220446049250313e-16,True
2020-04-08,Unconstrained,-0.1752442975659967,-1.9299999999999997,-1.9299999999999997,0.0,True
2020-04-09,Unconstrained,-0.19827899518416855,-2.0849999999999995,-2.0849999999999995,0.0,True
2020-04-13,Unconstrained,-0.16947669157951464,-1.9599999999999995,-1.9599999999999993,2.220446049250313e-16,True
2020-04-14,Unconstrained,-0.20426286240514233,-2.2329999999999997,-2.2329999999999997,0.0,True
2020-04-15,Unconstrained,-0.22667155145470907,-2.242,-2.2419999999999995,4.440892098500626e-16,True
2020-04-16,Unconstrained,-0.219621997670965,-2.2329999999999997,-2.2329999999999997,0.0,True
2020-04-17,Unconstrained,-0.29542522628821893,-2.6430000000000007,-2.6430000000000007,0.0,True
2020-04-20,Unconstrained,-0.32366909803086497,-2.5340000000000003,-2.5340000000000003,0.0,True
2020-04-21,Unconstrained,-0.2953052355128169,-2.3709999999999996,-2.3709999999999996,0.0,True
2020-04-22,Unconstrained,-0.32739701110540986,-2.6189999999999998,-2.6189999999999998,0.0,True
2020-04-23,Unconstrained,-0.29652051669532686,-2.522,-2.5220000000000002,-4.440892098500626e-16,True
2020-04-24,Unconstrained,-0.2772306640393636,-2.6510000000000007,-2.651,8.881784197001252e-16,True
2020-04-27,Unconstrained,-0.31363067602529815,-2.9289999999999994,-2.9289999999999994,0.0,True
2020-04-28,Unconstrained,-0.31508510630694897,-2.922999999999999,-2.9229999999999996,-4.440892098500626e-16,True
2020-04-29,Unconstrained,-0.36668577968713817,-3.2599999999999993,-3.26,-4.440892098500626e-16,True
2020-04-30,Unconstrained,-0.34794566162132534,-3.0379999999999994,-3.0379999999999994,0.0,True
2020-05-01,Unconstrained,-0.37370557038201946,-2.997,-2.996999999999999,8.881784197001252e-16,True
2020-05-04,Unconstrained,-0.3938472347299203,-3.128999999999999,-3.1289999999999996,-4.440892098500626e-16,True
2020-05-05,Unconstrained,-0.2943006819325154,-2.825999999999999,-2.826,-8.881784197001252e-16,True
2020-05-06,Unconstrained,-0.3062727094216093,-2.8590000000000004,-2.859000000000001,-4.440892098500626e-16,True
2020-05-07,Unconstrained,-0.3252132481984306,-3.066999999999999,-3.066999999999998,8.881784197001252e-16,True
2020-05-08,Unconstrained,-0.3226732907743654,-3.221000000000001,-3.221,8.881784197001252e-16,True
2020-05-11,Unconstrained,-0.26158220441694946,-2.9099999999999993,-2.9099999999999993,0.0,True
2020-05-12,Unconstrained,-0.24346198444482517,-2.597,-2.5969999999999995,4.440892098500626e-16,True
2020-05-13,Unconstrained,-0.21014706223830382,-2.343000000000001,-2.343000000000001,0.0,True
2020-05-14,Unconstrained,-0.2108414780464569,-2.4349999999999996,-2.435,-4.440892098500626e-16,True
2020-05-15,Unconstrained,-0.2087588758561271,-2.447,-2.4469999999999996,4.440892098500626e-16,True
2020-05-18,Unconstrained,-0.2768154463004101,-2.922999999999999,-2.9229999999999987,4.440892098500626e-16,True
2020-05-19,Unconstrained,-0.2537268060415044,-2.748,-2.748,0.0,True
2020-05-20,Unconstrained,-0.21197440983021576,-2.595,-2.595,0.0,True
2020-05-21,Unconstrained,-0.19713685356372557,-2.4530000000000003,-2.453,4.440892098500626e-16,True
2020-05-22,Unconstrained,-0.21015649694314725,-2.5780000000000003,-2.5780000000000003,0.0,True
2020-05-26,Unconstrained,-0.26487986441575817,-2.9110000000000014,-2.9110000000000014,0.0,True
2020-05-27,Unconstrained,-0.2770858430518855,-2.996000000000001,-2.9960000000000018,-8.881784197001252e-16,True
2020-05-28,Unconstrained,-0.3002784498949128,-3.0780000000000003,-3.0780000000000007,-4.440892098500626e-16,True
2020-05-29,Unconstrained,-0.3087146241439786,-3.1719999999999997,-3.1719999999999993,4.440892098500626e-16,True
2020-06-01,Unconstrained,-0.3227053183283058,-3.2090000000000005,-3.209000000000001,-4.440892098500626e-16,True
2020-06-02,Unconstrained,-0.31964068990977396,-3.2610000000000015,-3.261000000000001,4.440892098500626e-16,True
2020-06-03,Unconstrained,-0.2892515618749863,-3.15,-3.15,0.0,True
2020-06-04,Unconstrained,-0.27776567559088444,-3.077000000000001,-3.0770000000000013,-4.440892098500626e-16,True
2020-06-05,Unconstrained,-0.25447030461824993,-2.9870000000000005,-2.987,4.440892098500626e-16,True
2020-06-08,Unconstrained,-0.2501903436383027,-2.9110000000000014,-2.911000000000001,4.440892098500626e-16,True
2020-06-09,Unconstrained,-0.19411529476077286,-2.4930000000000008,-2.4930000000000008,0.0,True
2020-06-10,Unconstrained,-0.23858454192972475,-2.7739999999999996,-2.774,-4.440892098500626e-16,True
2020-06-11,Unconstrained,-0.4632613139986689,-3.128999999999999,-3.1289999999999987,4.440892098500626e-16,True
2020-06-12,Unconstrained,-0.46199368412005715,-3.353999999999999,-3.3540000000000005,-1.3322676295501878e-15,True
2020-06-15,Unconstrained,-0.5633057098466412,-3.7330000000000014,-3.7330000000000023,-8.881784197001252e-16,True
2020-06-16,Unconstrained,-0.4328987052195491,-3.3849999999999993,-3.385,-4.440892098500626e-16,True
2020-06-17,Unconstrained,-0.4793808600034473,-3.549000000000001,-3.549000000000001,0.0,True
2020-06-18,Unconstrained,-0.452064554151164,-3.4900000000000007,-3.4900000000000007,0.0,True
2020-06-19,Unconstrained,-0.2470885094926898,-2.5379999999999994,-2.538,-4.440892098500626e-16,True
2020-06-22,Unconstrained,-0.4516166301515216,-3.5539999999999994,-3.5539999999999994,0.0,True
2020-06-23,Unconstrained,-0.4354407360836557,-3.5199999999999987,-3.5199999999999982,4.440892098500626e-16,True
2020-06-24,Unconstrained,-0.4413780531405015,-3.405000000000001,-3.4050000000000002,8.881784197001252e-16,True
2020-06-25,Unconstrained,-0.3624275008557274,-3.191999999999999,-3.191999999999999,0.0,True
2020-06-26,Unconstrained,-0.576408909877807,-3.747,-3.7469999999999994,4.440892098500626e-16,True
2020-06-29,Unconstrained,-0.45797054350785704,-3.575,-3.575,0.0,True
2020-06-30,Unconstrained,-0.9937498722644426,-4.827000000000001,-4.827000000000002,-8.881784197001252e-16,True
2020-07-01,Unconstrained,-0.6261266858390172,-4.244,-4.244000000000001,-8.881784197001252e-16,True
2020-07-02,Unconstrained,-0.8213640172512355,-4.634,-4.634,0.0,True
2020-07-06,Unconstrained,-0.5496026831115725,-4.097999999999999,-4.097999999999998,8.881784197001252e-16,True
2020-07-07,Unconstrained,-0.4940905595198533,-3.8340000000000005,-3.834,4.440892098500626e-16,True
2020-07-08,Unconstrained,-0.709328910217413,-4.446000000000001,-4.445999999999999,1.7763568394002505e-15,True
2020-07-09,Unconstrained,-0.5065640778947825,-3.8840000000000003,-3.884,4.440892098500626e-16,True
2020-07-10,Unconstrained,-0.3889264358438421,-3.5680000000000005,-3.568000000000001,-4.440892098500626e-16,True
2020-07-13,Unconstrained,-0.287041036565531,-2.852000000000001,-2.8520000000000008,4.440892098500626e-16,True
2020-07-14,Unconstrained,-0.31517673877036173,-3.1099999999999994,-3.1099999999999994,0.0,True
2020-07-15,Unconstrained,-0.8439343533393637,-4.6530000000000005,-4.653,8.881784197001252e-16,True
2020-07-16,Unconstrained,-0.6074741329474139,-4.244,-4.244,0.0,True
2020-07-17,Unconstrained,-0.49468090712341073,-4.081,-4.081000000000001,-8.881784197001252e-16,True
2020-07-20,Unconstrained,-0.6434041951853953,-4.590000000000001,-4.59,8.881784197001252e-16,True
2020-07-21,Unconstrained,-0.34318270904950793,-3.4840000000000004,-3.4840000000000004,0.0,True
2020-07-22,Unconstrained,-0.45834688586591266,-4.038999999999999,-4.039,-8.881784197001252e-16,True
2020-07-23,Unconstrained,-0.5006391549567446,-4.074000000000001,-4.074000000000002,-8.881784197001252e-16,True
2020-07-24,Unconstrained,-0.4585839372101905,-3.9400000000000004,-3.9400000000000017,-1.3322676295501878e-15,True
2020-07-27,Unconstrained,-0.4456781574321011,-3.961000000000001,-3.9610000000000007,4.440892098500626e-16,True
2020-07-28,Unconstrained,-0.45804767201157487,-3.9639999999999986,-3.963999999999997,1.7763568394002505e-15,True
2020-07-29,Unconstrained,-0.46661313291601175,-4.086000000000001,-4.086000000000002,-8.881784197001252e-16,True
2020-07-30,Unconstrained,-0.4308866952040912,-3.899000000000001,-3.899000000000001,0.0,True
2020-07-31,Unconstrained,-0.4920936213282018,-4.156000000000001,-4.155999999999999,1.7763568394002505e-15,True
2020-08-03,Unconstrained,-0.4944576909610589,-4.177000000000001,-4.177000000000001,0.0,True
2020-08-04,Unconstrained,-0.48097555273299925,-4.163999999999999,-4.163999999999999,0.0,True
2020-08-05,Unconstrained,-0.4190014680302095,-3.9590000000000005,-3.959,4.440892098500626e-16,True
2020-08-06,Unconstrained,-0.46412618659314325,-4.175,-4.175000000000001,-8.881784197001252e-16,True
2020-08-07,Unconstrained,-0.411906901876178,-3.975,-3.9749999999999988,1.3322676295501878e-15,True
2020-08-10,Unconstrained,-0.3660752149778251,-3.75,-3.7500000000000004,-4.440892098500626e-16,True
2020-08-11,Unconstrained,-0.3649775269962907,-3.6389999999999985,-3.638999999999998,4.440892098500626e-16,True
2020-08-12,Unconstrained,-0.35844630679808315,-3.700999999999999,-3.700999999999999,0.0,True
2020-08-13,Unconstrained,-0.3406689761997907,-3.6110000000000015,-3.611000000000002,-4.440892098500626e-16,True
2020-08-14,Unconstrained,-0.3526765424430825,-3.6819999999999995,-3.681999999999999,4.440892098500626e-16,True
2020-08-17,Unconstrained,-0.35730186587627144,-3.7449999999999988,-3.7449999999999997,-8.881784197001252e-16,True
2020-08-18,Unconstrained,-0.3704787297177543,-3.808000000000001,-3.808000000000001,0.0,True
2020-08-19,Unconstrained,-0.384154090313793,-3.819999999999999,-3.8199999999999994,-4.440892098500626e-16,True
2020-08-20,Unconstrained,-0.5275778898372657,-4.405000000000001,-4.405000000000003,-1.7763568394002505e-15,True
2020-08-21,Unconstrained,-0.6133253393642049,-4.672999999999999,-4.673,-8.881784197001252e-16,True
2020-08-24,Unconstrained,-0.6276117744362576,-4.722999999999999,-4.722999999999998,8.881784197001252e-16,True
2020-08-25,Unconstrained,-0.5903852081662442,-4.6530000000000005,-4.6530000000000005,0.0,True
2020-08-26,Unconstrained,-0.4838433019412232,-4.2090000000000005,-4.209000000000002,-1.7763568394002505e-15,True
2020-08-27,Unconstrained,-0.6086515942192602,-4.507,-4.507000000000001,-8.881784197001252e-16,True
2020-08-28,Unconstrained,-0.5885717751146271,-4.572999999999999,-4.572999999999999,0.0,True
2020-08-31,Unconstrained,-0.6559934550847732,-4.466999999999999,-4.466999999999999,0.0,True
2020-09-01,Unconstrained,-0.5508291688732931,-4.228,-4.228,0.0,True
2020-09-02,Unconstrained,-0.52210990460083,-4.109999999999999,-4.11,-8.881784197001252e-16,True
2020-09-03,Unconstrained,-0.9689201361261265,-4.465999999999999,-4.465999999999999,0.0,True
2020-09-04,Unconstrained,-0.3769765972724843,-3.3280000000000003,-3.3280000000000003,0.0,True
2020-09-08,Unconstrained,-0.36734688591760006,-3.250999999999999,-3.250999999999999,0.0,True
2020-09-09,Unconstrained,-0.3519705114587373,-3.319999999999999,-3.32,-8.881784197001252e-16,True
2020-09-10,Unconstrained,-0.2980964494097865,-3.0159999999999996,-3.016000000000001,-1.3322676295501878e-15,True
2020-09-11,Unconstrained,-0.19837217317828548,-2.5420000000000003,-2.5420000000000003,0.0,True
2020-09-14,Unconstrained,-0.2811497901431642,-3.094999999999999,-3.0949999999999984,4.440892098500626e-16,True
2020-09-15,Unconstrained,-0.3146629352640995,-3.294999999999999,-3.294999999999999,0.0,True
2020-09-16,Unconstrained,-0.3815747793903628,-3.6060000000000003,-3.606000000000001,-8.881784197001252e-16,True
2020-09-17,Unconstrained,-0.4697444804367349,-3.941,-3.941,0.0,True
2020-09-18,Unconstrained,-0.3010646568536921,-3.2090000000000005,-3.209,4.440892098500626e-16,True
2020-09-21,Unconstrained,-0.2907312501124595,-3.0639999999999987,-3.063999999999999,-4.440892098500626e-16,True
2020-09-22,Unconstrained,-0.27352002842123496,-3.0080000000000013,-3.0080000000000022,-8.881784197001252e-16,True
2020-09-23,Unconstrained,-0.2824203601010524,-2.9840000000000004,-2.984000000000001,-4.440892098500626e-16,True
2020-09-24,Unconstrained,-0.26962474196046726,-2.916999999999999,-2.9169999999999985,4.440892098500626e-16,True
2020-09-25,Unconstrained,-0.25625659930313494,-2.9259999999999993,-2.9259999999999993,0.0,True
2020-09-28,Unconstrained,-0.2143763785028299,-2.6689999999999996,-2.6689999999999996,0.0,True
2020-09-29,Unconstrained,-0.1742318700504697,-2.3930000000000007,-2.393,8.881784197001252e-16,True
2020-09-30,Unconstrained,-0.13356171342928003,-2.094,-2.0939999999999994,4.440892098500626e-16,True
2020-10-01,Unconstrained,-0.0933393449133404,-1.778,-1.7779999999999996,4.440892098500626e-16,True
2020-10-02,Unconstrained,-0.11214874153169298,-1.9120000000000004,-1.912000000000001,-6.661338147750939e-16,True
2020-10-05,Unconstrained,-0.11831536452678212,-1.953,-1.953,0.0,True
2020-10-06,Unconstrained,-0.12930420143476268,-2.005,-2.005,0.0,True
2020-10-07,Unconstrained,-0.13317336664637855,-2.0599999999999996,-2.0599999999999996,0.0,True
2020-10-08,Unconstrained,-0.14518746328011176,-2.181,-2.1809999999999996,4.440892098500626e-16,True
2020-10-09,Unconstrained,-0.1433599525345427,-2.1930000000000005,-2.1930000000000005,0.0,True
2020-10-12,Unconstrained,-0.17032849487395588,-2.3939999999999997,-2.3939999999999997,0.0,True
2020-10-13,Unconstrained,-0.15428362396207732,-2.2540000000000004,-2.254000000000001,-4.440892098500626e-16,True
2020-10-14,Unconstrained,-0.15608166390556757,-2.2599999999999993,-2.2599999999999993,0.0,True
2020-10-15,Unconstrained,-0.1701792248117223,-2.347,-2.3470000000000004,-4.440892098500626e-16,True
2020-10-16,Unconstrained,-0.17513490982241806,-2.37,-2.37,0.0,True
2020-10-19,Unconstrained,-0.19892200024229784,-2.475,-2.4750000000000005,-4.440892098500626e-16,True
2020-10-20,Unconstrained,-0.20883763006268236,-2.531,-2.531,0.0,True
2020-10-21,Unconstrained,-0.1905740010768985,-2.4379999999999997,-2.4379999999999997,0.0,True
2020-10-22,Unconstrained,-0.19674594070558893,-2.4939999999999998,-2.4939999999999998,0.0,True
2020-10-23,Unconstrained,-0.22157264872614565,-2.6700000000000004,-2.67,4.440892098500626e-16,True
2020-10-26,Unconstrained,-0.24088465983550966,-2.6049999999999995,-2.6049999999999995,0.0,True
2020-10-27,Unconstrained,-0.2777579317889937,-2.758,-2.758,0.0,True
2020-10-28,Unconstrained,-0.39403536533785133,-2.930000000000001,-2.930000000000001,0.0,True
2020-10-29,Unconstrained,-0.32885411386715957,-2.805000000000001,-2.8050000000000006,4.440892098500626e-16,True
2020-10-30,Unconstrained,-0.3581717800264246,-2.900999999999999,-2.900999999999999,0.0,True
2020-11-02,Unconstrained,-0.4901383981929609,-3.3860000000000015,-3.386000000000003,-1.3322676295501878e-15,True
2020-11-03,Unconstrained,-0.5535268490979278,-3.6439999999999997,-3.6440000000000006,-8.881784197001252e-16,True
2020-11-04,Unconstrained,-0.36342885262526503,-3.3319999999999994,-3.331999999999999,4.440892098500626e-16,True
2020-11-05,Unconstrained,-0.23715978748561387,-2.7650000000000006,-2.765,4.440892098500626e-16,True
2020-11-06,Unconstrained,-0.17813120536611982,-2.4560000000000004,-2.4560000000000004,0.0,True
2020-11-09,Unconstrained,-0.2231506937218686,-2.7409999999999997,-2.7409999999999997,0.0,True
2020-11-10,Unconstrained,-0.20232749638847017,-2.63,-2.6299999999999994,4.440892098500626e-16,True
2020-11-11,Unconstrained,-0.24233674656959692,-2.947,-2.9469999999999996,4.440892098500626e-16,True
2020-11-12,Unconstrained,-0.2855098102552929,-3.1419999999999986,-3.1419999999999986,0.0,True
2020-11-13,Unconstrained,-0.23847487691062388,-2.933000000000001,-2.9330000000000007,4.440892098500626e-16,True
2020-11-16,Unconstrained,-0.23862834912175854,-2.9560000000000004,-2.956,4.440892098500626e-16,True
2020-11-17,Unconstrained,-0.23052509980475422,-2.8909999999999996,-2.8910000000000005,-8.881784197001252e-16,True
2020-11-18,Unconstrained,-0.31118220689944287,-3.3590000000000004,-3.3590000000000004,0.0,True
2020-11-19,Unconstrained,-0.3046808467925664,-3.3550000000000013,-3.3550000000000004,8.881784197001252e-16,True
2020-11-20,Unconstrained,-0.3091724438635928,-3.353999999999999,-3.353999999999999,0.0,True
2020-11-23,Unconstrained,-0.31313642629339367,-3.4259999999999993,-3.4259999999999997,-4.440892098500626e-16,True
2020-11-24,Unconstrained,-0.30424343864554815,-3.4189999999999996,-3.4189999999999996,0.0,True
2020-11-25,Unconstrained,-0.29690744291614757,-3.3900000000000006,-3.39,4.440892098500626e-16,True
2020-11-27,Unconstrained,-0.2720516863847595,-3.2430000000000008,-3.2430000000000003,4.440892098500626e-16,True
2020-11-30,Unconstrained,-0.29321846507295657,-3.3949999999999987,-3.3949999999999987,0.0,True
2020-12-01,Unconstrained,-0.27416375533778947,-3.2599999999999993,-3.2600000000000002,-8.881784197001252e-16,True
2020-12-02,Unconstrained,-0.3076019811863207,-3.461000000000001,-3.461000000000001,0.0,True
2020-12-03,Unconstrained,-0.2750153619624582,-3.246000000000001,-3.246000000000001,0.0,True
2020-12-04,Unconstrained,-0.2814169958979646,-3.308000000000001,-3.308000000000001,0.0,True
2020-12-07,Unconstrained,-0.27483250008240107,-3.2439999999999998,-3.243999999999999,8.881784197001252e-16,True
2020-12-08,Unconstrained,-0.3087192905773123,-3.4900000000000007,-3.490000000000001,-4.440892098500626e-16,True
2020-12-09,Unconstrained,-0.33556733273183836,-3.575,-3.5750000000000006,-4.440892098500626e-16,True
2020-12-10,Unconstrained,-0.3371054534546277,-3.5710000000000006,-3.571000000000001,-4.440892098500626e-16,True
2020-12-11,Unconstrained,-0.4310151754386988,-3.9919999999999987,-3.9919999999999987,0.0,True
2020-12-14,Unconstrained,-0.4375018868695799,-3.9289999999999994,-3.929,-4.440892098500626e-16,True
2020-12-15,Unconstrained,-0.40383584674300305,-3.8949999999999987,-3.8949999999999987,0.0,True
2020-12-16,Unconstrained,-0.5449827371766849,-4.478999999999999,-4.478999999999999,0.0,True
2020-12-17,Unconstrained,-0.6070874363930383,-4.706999999999999,-4.706999999999998,8.881784197001252e-16,True
2020-12-18,Unconstrained,-0.594377535330367,-4.702000000000001,-4.702,8.881784197001252e-16,True
2020-12-21,Unconstrained,-0.7024502114129382,-4.6530000000000005,-4.6530000000000005,0.0,True
2020-12-22,Unconstrained,-0.6518885041738339,-4.627000000000001,-4.627000000000001,0.0,True
2020-12-23,Unconstrained,-0.6692690693715918,-4.738999999999999,-4.738999999999999,0.0,True
2020-12-24,Unconstrained,-0.6411559156824214,-4.827000000000001,-4.827000000000001,0.0,True
2020-12-28,Unconstrained,-0.5416167410932666,-4.530000000000001,-4.530000000000001,0.0,True
2020-12-29,Unconstrained,-0.49774279136594307,-4.274000000000001,-4.274000000000001,0.0,True
2020-12-30,Unconstrained,-0.49956258557247923,-4.303,-4.302999999999998,1.7763568394002505e-15,True
2020-12-31,Unconstrained,-0.6678766593839452,-4.783000000000001,-4.783000000000001,0.0,True
2021-01-04,Unconstrained,-0.6365270560511784,-4.384,-4.384,0.0,True
2021-01-05,Unconstrained,-0.6567593083792551,-4.55,-4.55,0.0,True
2021-01-06,Unconstrained,-0.7292887367856192,-4.706,-4.706000000000001,-8.881784197001252e-16,True
2021-01-07,Unconstrained,-0.5786423782388886,-4.591999999999999,-4.592,-8.881784197001252e-16,True
2021-01-08,Unconstrained,-0.39355156407345554,-3.925,-3.9249999999999994,4.440892098500626e-16,True
2021-01-11,Unconstrained,-0.33317631331508524,-3.469999999999999,-3.4699999999999984,4.440892098500626e-16,True
2021-01-12,Unconstrained,-0.43292514600392634,-3.999000000000001,-3.9990000000000006,4.440892098500626e-16,True
2021-01-13,Unconstrained,-0.41573791265622984,-3.9930000000000008,-3.9930000000000008,0.0,True
2021-01-14,Unconstrained,-0.3897488784119332,-3.806,-3.8060000000000005,-4.440892098500626e-16,True
2021-01-15,Unconstrained,-0.37472731565115575,-3.669999999999999,-3.6699999999999986,4.440892098500626e-16,True
2021-01-19,Unconstrained,-0.4634674406094408,-4.132,-4.132000000000001,-8.881784197001252e-16,True
2021-01-20,Unconstrained,-0.582118121143507,-4.6659999999999995,-4.665999999999999,8.881784197001252e-16,True
2021-01-21,Unconstrained,-0.5024343960873282,-4.419999999999999,-4.419999999999998,8.881784197001252e-16,True
2021-01-22,Unconstrained,-0.5543924299531818,-4.5550000000000015,-4.555,1.7763568394002505e-15,True
2021-01-25,Unconstrained,-0.5890310141116725,-4.556,-4.556000000000001,-8.881784197001252e-16,True
2021-01-26,Unconstrained,-0.5125009453581217,-4.331,-4.331,0.0,True
2021-01-27,Unconstrained,-0.6579024299603006,-3.7930000000000006,-3.7929999999999993,1.3322676295501878e-15,True
2021-01-28,Unconstrained,-0.9222267267697869,-4.5840000000000005,-4.5840000000000005,0.0,True
2021-01-29,Unconstrained,-0.43688142192306556,-3.430000000000001,-3.43,8.881784197001252e-16,True
2021-02-01,Unconstrained,-0.6389345003096218,-4.162999999999999,-4.163,-8.881784197001252e-16,True
2021-02-02,Unconstrained,-0.5022407401544365,-4.115,-4.115,0.0,True
2021-02-03,Unconstrained,-0.35697879785449466,-3.6590000000000003,-3.6590000000000007,-4.440892098500626e-16,True
2021-02-04,Unconstrained,-0.33570106834031366,-3.600999999999999,-3.600999999999998,8.881784197001252e-16,True
2021-02-05,Unconstrained,-0.31311937898085673,-3.5090000000000003,-3.5090000000000003,0.0,True
2021-02-08,Unconstrained,-0.3421380981122419,-3.6650000000000005,-3.665,4.440892098500626e-16,True
2021-02-09,Unconstrained,-0.4108432775470895,-4.006,-4.005999999999999,8.881784197001252e-16,True
2021-02-10,Unconstrained,-0.40036167743751755,-3.933000000000001,-3.933000000000001,0.0,True
2021-02-11,Unconstrained,-0.35903566447711316,-3.7599999999999993,-3.76,-4.440892098500626e-16,True
2021-02-12,Unconstrained,-0.34829359747868416,-3.7659999999999996,-3.765999999999999,4.440892098500626e-16,True
2021-02-16,Unconstrained,-0.41093262692461063,-4.016999999999999,-4.016999999999999,0.0,True
2021-02-17,Unconstrained,-0.5127940434722961,-4.4449999999999985,-4.444999999999999,-8.881784197001252e-16,True
2021-02-18,Unconstrained,-0.48148689516928483,-4.255000000000001,-4.255,8.881784197001252e-16,True
2021-02-19,Unconstrained,-0.44908621564008555,-4.1530000000000005,-4.1530000000000005,0.0,True
2021-02-22,Unconstrained,-0.4083932746309558,-3.8819999999999992,-3.8819999999999997,-4.440892098500626e-16,True
2021-02-23,Unconstrained,-0.35999312012859624,-3.663999999999999,-3.663999999999998,8.881784197001252e-16,True
2021-02-24,Unconstrained,-0.3769447489245191,-3.852000000000001,-3.852000000000001,0.0,True
2021-02-25,Unconstrained,-0.6179360290517568,-4.206999999999999,-4.206999999999998,8.881784197001252e-16,True
2021-02-26,Unconstrained,-0.41096317202793187,-3.622999999999999,-3.6229999999999984,4.440892098500626e-16,True
2021-03-01,Unconstrained,-0.465604971149699,-4.133000000000001,-4.133,8.881784197001252e-16,True
2021-03-02,Unconstrained,-0.4884625820266913,-4.168000000000001,-4.168000000000001,0.0,True
2021-03-03,Unconstrained,-0.506384606384214,-4.053,-4.053,0.0,True
2021-03-04,Unconstrained,-0.44522576384564033,-3.719,-3.719,0.0,True
2021-03-05,Unconstrained,-0.36212323066024416,-3.5900000000000007,-3.59,8.881784197001252e-16,True
2021-03-08,Unconstrained,-0.3952488897084905,-3.700999999999999,-3.7009999999999987,4.440892098500626e-16,True
2021-03-09,Unconstrained,-0.328136486930152,-3.444999999999999,-3.444999999999998,8.881784197001252e-16,True
2021-03-10,Unconstrained,-0.3918389700442043,-3.8569999999999993,-3.856999999999999,4.440892098500626e-16,True
2021-03-11,Unconstrained,-0.40510821201818126,-3.961000000000001,-3.9610000000000016,-4.440892098500626e-16,True
2021-03-12,Unconstrained,-0.40376211307415943,-4.028999999999999,-4.028999999999999,0.0,True
2021-03-15,Unconstrained,-0.4149365655721891,-4.1259999999999994,-4.126,-8.881784197001252e-16,True
2021-03-16,Unconstrained,-0.43842315023404627,-4.256,-4.256,0.0,True
2021-03-17,Unconstrained,-0.44382956073345203,-4.319,-4.319000000000001,-8.881784197001252e-16,True
2021-03-18,Unconstrained,-0.6363049321471603,-4.811000000000002,-4.811000000000001,8.881784197001252e-16,True
2021-03-19,Unconstrained,-0.43145950427368324,-4.147,-4.147,0.0,True
2021-03-22,Unconstrained,-0.5051120303258851,-4.613999999999999,-4.613999999999997,1.7763568394002505e-15,True
2021-03-23,Unconstrained,-0.465479848413475,-4.343999999999999,-4.3439999999999985,8.881784197001252e-16,True
2021-03-24,Unconstrained,-0.4872412471442481,-4.369999999999999,-4.369999999999999,0.0,True
2021-03-25,Unconstrained,-0.40441867003455034,-4.086000000000001,-4.086000000000001,0.0,True
2021-03-26,Unconstrained,-0.48839460029169696,-4.546000000000001,-4.546000000000001,0.0,True
2021-03-29,Unconstrained,-0.47829622407799194,-4.366999999999999,-4.366999999999999,0.0,True
2021-03-30,Unconstrained,-0.4285147141060744,-4.219999999999999,-4.22,-8.881784197001252e-16,True
2021-03-31,Unconstrained,-0.4010211540353844,-4.093000000000001,-4.093,8.881784197001252e-16,True
2021-04-01,Unconstrained,-0.30813961150367136,-3.628999999999999,-3.6289999999999987,4.440892098500626e-16,True
2021-04-05,Unconstrained,-0.3634065022006403,-3.9629999999999996,-3.9629999999999987,8.881784197001252e-16,True
2021-04-06,Unconstrained,-0.41478773854104245,-4.244,-4.243999999999999,8.881784197001252e-16,True
2021-04-07,Unconstrained,-0.3728929044177371,-4.06,-4.06,0.0,True
2021-04-08,Unconstrained,-0.34644697045571826,-3.903999999999999,-3.903999999999999,0.0,True
2021-04-09,Unconstrained,-0.2590752371490822,-3.2879999999999994,-3.288,-4.440892098500626e-16,True
2021-04-12,Unconstrained,-0.27837867790266024,-3.4289999999999994,-3.4289999999999994,0.0,True
2021-04-13,Unconstrained,-0.28295189307555463,-3.472,-3.4719999999999986,1.3322676295501878e-15,True
2021-04-14,Unconstrained,-0.3261156359252616,-3.7669999999999986,-3.766999999999998,4.440892098500626e-16,True
2021-04-15,Unconstrained,-0.34752943142636245,-3.9289999999999994,-3.9289999999999994,0.0,True
2021-04-16,Unconstrained,-0.3310929200024145,-3.833000000000001,-3.8330000000000006,4.440892098500626e-16,True
2021-04-19,Unconstrained,-0.3203670326771713,-3.7150000000000007,-3.7150000000000007,0.0,True
2021-04-20,Unconstrained,-0.2954455079511285,-3.4870000000000005,-3.4870000000000005,0.0,True
2021-04-21,Unconstrained,-0.3567658153446199,-3.9430000000000005,-3.9430000000000005,0.0,True
2021-04-22,Unconstrained,-0.3449050790832399,-3.809,-3.809,0.0,True
2021-04-23,Unconstrained,-0.3660116349575653,-4.009,-4.009,0.0,True
2021-04-26,Unconstrained,-0.3524544758466417,-3.9090000000000003,-3.9090000000000003,0.0,True
2021-04-27,Unconstrained,-0.3524614341402723,-3.9129999999999994,-3.912999999999999,4.440892098500626e-16,True
2021-04-28,Unconstrained,-0.35407277344884064,-3.9370000000000003,-3.9370000000000007,-4.440892098500626e-16,True
2021-04-29,Unconstrained,-0.35556757951845114,-3.930000000000001,-3.9300000000000006,4.440892098500626e-16,True
2021-04-30,Unconstrained,-0.5044965554328094,-4.632,-4.631999999999998,1.7763568394002505e-15,True
2021-05-03,Unconstrained,-0.4427172142203843,-4.375,-4.375,0.0,True
2021-05-04,Unconstrained,-0.3708904386767595,-3.922999999999999,-3.922999999999999,0.0,True
2021-05-05,Unconstrained,-0.421006328399752,-4.212000000000001,-4.212000000000001,0.0,True
2021-05-06,Unconstrained,-0.4588015133142347,-4.447,-4.447,0.0,True
2021-05-07,Unconstrained,-0.46128765082807566,-4.575999999999999,-4.576,-8.881784197001252e-16,True
2021-05-10,Unconstrained,-0.4399773629651589,-4.272,-4.272000000000001,-8.881784197001252e-16,True
2021-05-11,Unconstrained,-0.41484334710551296,-4.0120000000000005,-4.0120000000000005,0.0,True
2021-05-12,Unconstrained,-0.6021641693535373,-4.26,-4.259999999999999,8.881784197001252e-16,True
2021-05-13,Unconstrained,-0.4136777648075041,-3.9259999999999993,-3.926,-8.881784197001252e-16,True
2021-05-14,Unconstrained,-0.3615879599910686,-3.905000000000001,-3.905000000000002,-8.881784197001252e-16,True
2021-05-17,Unconstrained,-0.35784191151519984,-3.8349999999999995,-3.834999999999999,4.440892098500626e-16,True
2021-05-18,Unconstrained,-0.3951089757076359,-3.9460000000000006,-3.9460000000000006,0.0,True
2021-05-19,Unconstrained,-0.5074836250071988,-4.375,-4.374999999999999,8.881784197001252e-16,True
2021-05-20,Unconstrained,-0.46036597490769227,-4.296000000000001,-4.296,8.881784197001252e-16,True
2021-05-21,Unconstrained,-0.48834615085879335,-4.450999999999999,-4.450999999999999,0.0,True
2021-05-24,Unconstrained,-0.4625840025359592,-4.463999999999999,-4.463999999999999,0.0,True
2021-05-25,Unconstrained,-0.4684518533194526,-4.459999999999999,-4.459999999999999,0.0,True
2021-05-26,Unconstrained,-0.5701482392270206,-4.981999999999999,-4.9819999999999975,1.7763568394002505e-15,True
2021-05-27,Unconstrained,-0.5434448579071185,-4.935,-4.934999999999999,8.881784197001252e-16,True
2021-05-28,Unconstrained,-0.756507717047795,-5.531000000000001,-5.531000000000002,-1.7763568394002505e-15,True
2021-06-01,Unconstrained,-0.5609347377262837,-4.903999999999999,-4.903999999999999,0.0,True
2021-06-02,Unconstrained,-0.5393418791419412,-4.859,-4.859000000000001,-8.881784197001252e-16,True
2021-06-03,Unconstrained,-0.46942954626432787,-4.521000000000001,-4.521,8.881784197001252e-16,True
2021-06-04,Unconstrained,-0.49955428227223986,-4.775999999999999,-4.775999999999999,0.0,True
2021-06-07,Unconstrained,-0.5891688271999257,-5.129,-5.129,0.0,True
2021-06-08,Unconstrained,-0.5885863599216072,-5.0699999999999985,-5.069999999999998,8.881784197001252e-16,True
2021-06-09,Unconstrained,-0.6119958157794566,-5.071000000000001,-5.071000000000001,0.0,True
2021-06-10,Unconstrained,-0.7024487868293172,-5.481,-5.481,0.0,True
2021-06-11,Unconstrained,-0.879109661153816,-5.928,-5.927999999999999,8.881784197001252e-16,True
2021-06-14,Unconstrained,-0.9509122828498898,-6.063999999999998,-6.063999999999997,8.881784197001252e-16,True
2021-06-15,Unconstrained,-0.9595181315280334,-6.135,-5.957983427286259,0.1770165727137405,True
2021-06-16,Unconstrained,-0.8739152971456025,-5.5969999999999995,-5.597,-8.881784197001252e-16,True
2021-06-17,Unconstrained,-0.978774738750144,-6.100999999999999,-5.930674373769142,0.17032562623085745,True
2021-06-18,Unconstrained,-0.72666416423396,-5.078,-5.078,0.0,True
2021-06-21,Unconstrained,-0.9506144821630761,-5.836000000000001,-5.835999999999999,1.7763568394002505e-15,True
2021-06-22,Unconstrained,-0.961350156381933,-6.050999999999999,-6.02657213648938,0.024427863510619652,True
2021-06-23,Unconstrained,-0.713789093619623,-5.484999999999999,-5.4849999999999985,8.881784197001252e-16,True
2021-06-24,Unconstrained,-0.9415132135861439,-6.103999999999999,-6.103999999999999,0.0,True
2021-06-25,Unconstrained,-0.9858933158729218,-7.0550000000000015,-7.054999999999998,3.552713678800501e-15,True
2021-06-28,Unconstrained,-0.9512062496511061,-6.2090000000000005,-6.208999999999999,1.7763568394002505e-15,True
2021-06-29,Unconstrained,-0.9826126455557768,-6.384,-6.383999999999998,2.6645352591003757e-15,True
2021-06-30,Unconstrained,-0.9500534899578987,-6.185,-6.184999999999997,2.6645352591003757e-15,True
2021-07-01,Unconstrained,-0.7100992904438223,-5.565,-5.565,0.0,True
2021-07-02,Unconstrained,-0.7884989685870581,-5.794,-5.794,0.0,True
2021-07-06,Unconstrained,-0.6731320157511541,-5.375,-5.375000000000001,-8.881784197001252e-16,True
2021-07-07,Unconstrained,-0.6092294097458664,-5.215000000000001,-5.215000000000001,0.0,True
2021-07-08,Unconstrained,-0.7500717008933655,-5.281999999999999,-5.282,-8.881784197001252e-16,True
2021-07-09,Unconstrained,-0.7448214374074181,-5.5699999999999985,-5.5699999999999985,0.0,True
2021-07-12,Unconstrained,-0.8501347899329443,-5.793000000000001,-5.792999999999999,1.7763568394002505e-15,True
2021-07-13,Unconstrained,-0.7315207969117362,-5.44,-5.44,0.0,True
2021-07-14,Unconstrained,-0.6914797362599555,-5.431,-5.431000000000001,-8.881784197001252e-16,True
2021-07-15,Unconstrained,-0.7146283058661785,-5.415000000000001,-5.415000000000001,0.0,True
2021-07-16,Unconstrained,-0.6787135560440065,-5.194,-5.194,0.0,True
2021-07-19,Unconstrained,-0.9848504816268571,-5.574000000000001,-5.574,8.881784197001252e-16,True
2021-07-20,Unconstrained,-0.8914470239418516,-5.45,-5.45,0.0,True
2021-07-21,Unconstrained,-0.8255391520990509,-5.534000000000001,-5.533999999999998,2.6645352591003757e-15,True
2021-07-22,Unconstrained,-0.6770363259942697,-5.263,-5.262999999999999,8.881784197001252e-16,True
2021-07-23,Unconstrained,-0.9600396193292281,-5.944,-5.9319097385103925,0.012090261489607457,True
2021-07-26,Unconstrained,-0.697391928552449,-5.3199999999999985,-5.3199999999999985,0.0,True
2021-07-27,Unconstrained,-0.6768531535840747,-5.103999999999999,-5.103999999999999,0.0,True
2021-07-28,Unconstrained,-0.6856268621087228,-5.222999999999999,-5.222999999999999,0.0,True
2021-07-29,Unconstrained,-0.5828286861957445,-4.996,-4.996,0.0,True
2021-07-30,Unconstrained,-0.7559928471434555,-5.371,-5.3709999999999996,8.881784197001252e-16,True
2021-08-02,Unconstrained,-0.8057963908530441,-5.330000000000001,-5.330000000000001,0.0,True
2021-08-03,Unconstrained,-0.6887440879587816,-5.256,-5.256,0.0,True
2021-08-04,Unconstrained,-0.6388681422400585,-5.140000000000001,-5.14,8.881784197001252e-16,True
2021-08-05,Unconstrained,-0.5809309326150387,-5.025999999999999,-5.025999999999998,8.881784197001252e-16,True
2021-08-06,Unconstrained,-0.5731257150812207,-5.096000000000001,-5.096000000000001,0.0,True
2021-08-09,Unconstrained,-0.6595751499082512,-5.313,-5.313000000000001,-8.881784197001252e-16,True
2021-08-10,Unconstrained,-0.6699952307607572,-5.333000000000001,-5.333,8.881784197001252e-16,True
2021-08-11,Unconstrained,-0.6809292003484335,-5.4319999999999995,-5.431999999999999,8.881784197001252e-16,True
2021-08-12,Unconstrained,-0.7818881633796391,-5.718000000000001,-5.7180000000000035,-2.6645352591003757e-15,True
2021-08-13,Unconstrained,-0.8829515882779737,-5.965999999999999,-5.966,-8.881784197001252e-16,True
2021-08-16,Unconstrained,-0.6192587261222988,-5.254,-5.254,0.0,True
2021-08-17,Unconstrained,-0.5614551867243986,-4.905000000000001,-4.905,8.881784197001252e-16,True
2021-08-18,Unconstrained,-0.6541839212872844,-4.853999999999999,-4.853999999999999,0.0,True
2021-08-19,Unconstrained,-0.8126071314236859,-5.119,-5.119,0.0,True
2021-08-20,Unconstrained,-0.7632814058853634,-5.350999999999999,-5.350999999999997,1.7763568394002505e-15,True
2021-08-23,Unconstrained,-0.9417450016909756,-5.902000000000001,-5.902000000000001,0.0,True
2021-08-24,Unconstrained,-0.875842559546039,-5.712999999999999,-5.712999999999998,8.881784197001252e-16,True
2021-08-25,Unconstrained,-0.9400010144277566,-5.950999999999999,-5.950999999999999,0.0,True
2021-08-26,Unconstrained,-0.9493168999127514,-5.725,-5.724999999999997,2.6645352591003757e-15,True
2021-08-27,Unconstrained,-0.9658256239766764,-6.243,-6.099234578250364,0.14376542174963625,True
2021-08-30,Unconstrained,-0.854230316621397,-5.799000000000001,-5.799,8.881784197001252e-16,True
2021-08-31,Unconstrained,-0.7707346608979955,-5.590999999999999,-5.590999999999999,0.0,True
2021-09-01,Unconstrained,-0.700372279082599,-5.475,-5.4750000000000005,-8.881784197001252e-16,True
2021-09-02,Unconstrained,-0.8200186345023105,-5.697999999999999,-5.697999999999997,1.7763568394002505e-15,True
2021-09-03,Unconstrained,-0.9653672695550674,-6.227000000000001,-6.0928847941489215,0.13411520585107972,True
2021-09-07,Unconstrained,-0.8077124376469518,-5.475999999999999,-5.475999999999998,8.881784197001252e-16,True
2021-09-08,Unconstrained,-0.7247153382095544,-5.338999999999999,-5.3389999999999995,-8.881784197001252e-16,True
2021-09-09,Unconstrained,-0.614519345147087,-4.997,-4.996999999999999,8.881784197001252e-16,True
2021-09-10,Unconstrained,-0.7646004172807325,-5.116,-5.116,0.0,True
2021-09-13,Unconstrained,-0.5820063992370024,-4.85,-4.85,0.0,True
2021-09-14,Unconstrained,-0.5320763487602131,-4.672999999999999,-4.672999999999998,8.881784197001252e-16,True
2021-09-15,Unconstrained,-0.7862379983761494,-5.433000000000002,-5.433000000000002,0.0,True
2021-09-16,Unconstrained,-0.7363905683631645,-5.287999999999999,-5.2879999999999985,8.881784197001252e-16,True
2021-09-17,Unconstrained,-0.668028709337499,-4.952000000000001,-4.952000000000002,-8.881784197001252e-16,True
2021-09-20,Unconstrained,-0.5181359589761526,-4.156999999999999,-4.156999999999999,0.0,True
2021-09-21,Unconstrained,-0.44871706881092216,-3.997999999999999,-3.997999999999998,8.881784197001252e-16,True
2021-09-22,Unconstrained,-0.49177492153791386,-4.412000000000001,-4.412,8.881784197001252e-16,True
2021-09-23,Unconstrained,-0.5185813472730323,-4.687,-4.687,0.0,True
2021-09-24,Unconstrained,-0.4749414626029563,-4.566999999999998,-4.566999999999999,-8.881784197001252e-16,True
2021-09-27,Unconstrained,-0.46852840218633535,-4.465999999999999,-4.465999999999998,8.881784197001252e-16,True
2021-09-28,Unconstrained,-0.43381150862374146,-4.008000000000001,-4.008000000000001,0.0,True
2021-09-29,Unconstrained,-0.3802171293589897,-3.799000000000001,-3.799000000000001,0.0,True
2021-09-30,Unconstrained,-0.3399486743873708,-3.555000000000001,-3.5550000000000015,-4.440892098500626e-16,True
2021-10-01,Unconstrained,-0.31455320084289273,-3.5050000000000012,-3.5050000000000017,-4.440892098500626e-16,True
2021-10-04,Unconstrained,-0.2607587933953174,-3.0870000000000006,-3.0870000000000015,-8.881784197001252e-16,True
2021-10-05,Unconstrained,-0.2635630594041554,-3.1680000000000006,-3.1679999999999997,8.881784197001252e-16,True
2021-10-06,Unconstrained,-0.25950708256462046,-3.150999999999999,-3.150999999999999,0.0,True
2021-10-07,Unconstrained,-0.2778613240001137,-3.3319999999999994,-3.331999999999999,4.440892098500626e-16,True
2021-10-08,Unconstrained,-0.2900305175602597,-3.4460000000000006,-3.446,4.440892098500626e-16,True
2021-10-11,Unconstrained,-0.3009994114395358,-3.469999999999999,-3.4699999999999998,-8.881784197001252e-16,True
2021-10-12,Unconstrained,-0.2910220254661343,-3.4099999999999993,-3.4099999999999984,8.881784197001252e-16,True
2021-10-13,Unconstrained,-0.30843575731734596,-3.577000000000001,-3.5770000000000004,4.440892098500626e-16,True
2021-10-14,Unconstrained,-0.4252116561092226,-4.378,-4.378000000000002,-1.7763568394002505e-15,True
2021-10-15,Unconstrained,-0.48694472088827717,-4.727000000000001,-4.727000000000001,0.0,True
2021-10-18,Unconstrained,-0.4189013828474918,-4.377000000000001,-4.377,8.881784197001252e-16,True
2021-10-19,Unconstrained,-0.367494379875787,-4.100999999999999,-4.100999999999999,0.0,True
2021-10-20,Unconstrained,-0.3692857469009866,-4.122999999999999,-4.123,-8.881784197001252e-16,True
2021-10-21,Unconstrained,-0.36133312413179436,-4.093999999999999,-4.093999999999999,0.0,True
2021-10-22,Unconstrained,-0.3405862937180078,-3.934,-3.9340000000000006,-4.440892098500626e-16,True
2021-10-25,Unconstrained,-0.36298305270320436,-4.093999999999999,-4.093999999999999,0.0,True
2021-10-26,Unconstrained,-0.37426277175275663,-4.130000000000001,-4.13,8.881784197001252e-16,True
2021-10-27,Unconstrained,-0.37134630071442143,-4.06,-4.06,0.0,True
2021-10-28,Unconstrained,-0.43907441300814626,-4.472999999999999,-4.472999999999999,0.0,True
2021-10-29,Unconstrained,-0.5042468714811117,-4.809,-4.808999999999998,1.7763568394002505e-15,True
2021-11-01,Unconstrained,-0.4584730803165682,-4.581,-4.581,0.0,True
2021-11-02,Unconstrained,-0.4706896037375785,-4.668000000000001,-4.668000000000002,-8.881784197001252e-16,True
2021-11-03,Unconstrained,-0.5221622164528803,-4.977000000000001,-4.977000000000001,0.0,True
2021-11-04,Unconstrained,-0.575884806304602,-5.166999999999999,-5.166999999999999,0.0,True
2021-11-05,Unconstrained,-0.5253575593564339,-4.883000000000001,-4.883000000000001,0.0,True
2021-11-08,Unconstrained,-0.550879436216936,-4.924000000000001,-4.924000000000002,-8.881784197001252e-16,True
2021-11-09,Unconstrained,-0.44249166849584093,-4.409000000000001,-4.409000000000002,-8.881784197001252e-16,True
2021-11-10,Unconstrained,-0.4731714665880964,-4.488999999999999,-4.489000000000001,-1.7763568394002505e-15,True
2021-11-11,Unconstrained,-0.4397370645357993,-4.4030000000000005,-4.403000000000001,-8.881784197001252e-16,True
2021-11-12,Unconstrained,-0.42953378730755787,-4.437,-4.437,0.0,True
2021-11-15,Unconstrained,-0.3965193074612921,-4.2379999999999995,-4.2379999999999995,0.0,True
2021-11-16,Unconstrained,-0.3502060642275844,-3.9560000000000004,-3.9560000000000004,0.0,True
2021-11-17,Unconstrained,-0.3953498235520951,-4.196000000000001,-4.1960000000000015,-8.881784197001252e-16,True
2021-11-18,Unconstrained,-0.45425294024069496,-4.480000000000001,-4.480000000000001,0.0,True
2021-11-19,Unconstrained,-0.5446203573635404,-4.843999999999999,-4.844,-8.881784197001252e-16,True
2021-11-22,Unconstrained,-0.5453105353943454,-4.744,-4.744,0.0,True
2021-11-23,Unconstrained,-0.5374696086654788,-4.699000000000001,-4.699,8.881784197001252e-16,True
2021-11-24,Unconstrained,-0.5517412959178312,-4.815,-4.814999999999999,1.7763568394002505e-15,True
2021-11-26,Unconstrained,-0.9754518855789853,-4.827000000000001,-4.827,8.881784197001252e-16,True
2021-11-29,Unconstrained,-0.8075488479274271,-4.993,-4.992999999999998,2.6645352591003757e-15,True
2021-11-30,Unconstrained,-0.9940887848762612,-5.0550000000000015,-5.055000000000001,8.881784197001252e-16,True
2021-12-01,Unconstrained,-0.9886080929829085,-5.521000000000001,-4.683049380746547,0.837950619253454,True
2021-12-02,Unconstrained,-0.9848292970297721,-5.138,-4.90727408067542,0.23072591932457964,True
2021-12-03,Unconstrained,-0.9978782265961629,-4.963999999999999,-4.963999999999993,5.329070518200751e-15,True
2021-12-06,Unconstrained,-0.9959967874775439,-5.163999999999999,-5.163999999999998,8.881784197001252e-16,True
2021-12-07,Unconstrained,-0.8585707593145995,-5.1659999999999995,-5.165999999999999,8.881784197001252e-16,True
2021-12-08,Unconstrained,-0.7089123036105887,-5.119999999999999,-5.119999999999999,0.0,True
2021-12-09,Unconstrained,-0.7089422557928116,-4.965999999999999,-4.965999999999999,0.0,True
2021-12-10,Unconstrained,-0.5320306655479536,-4.734,-4.734,0.0,True
2021-12-13,Unconstrained,-0.5323681913382897,-4.606999999999999,-4.606999999999998,8.881784197001252e-16,True
2021-12-14,Unconstrained,-0.36845845340296746,-3.775999999999999,-3.775999999999999,0.0,True
2021-12-15,Unconstrained,-0.41547315608720775,-4.175,-4.175000000000001,-8.881784197001252e-16,True
2021-12-16,Unconstrained,-0.4023198968983122,-4.028999999999999,-4.028999999999999,0.0,True
2021-12-17,Unconstrained,-0.31595161743679745,-3.4939999999999998,-3.4939999999999998,0.0,True
2021-12-20,Unconstrained,-0.27318880514957816,-3.1710000000000007,-3.171,8.881784197001252e-16,True
2021-12-21,Unconstrained,-0.3346678300626397,-3.6330000000000013,-3.6330000000000013,0.0,True
2021-12-22,Unconstrained,-0.41316906054300756,-4.203999999999999,-4.203999999999999,0.0,True
2021-12-23,Unconstrained,-0.5992583248980545,-5.025999999999999,-5.025999999999999,0.0,True
2021-12-27,Unconstrained,-0.6463416466433741,-5.187,-5.187000000000001,-8.881784197001252e-16,True
2021-12-28,Unconstrained,-0.6960533100443577,-5.321000000000001,-5.321,8.881784197001252e-16,True
2021-12-29,Unconstrained,-0.8142678908679329,-5.6240000000000006,-5.6240000000000006,0.0,True
2021-12-30,Unconstrained,-0.7867906076664739,-5.527000000000001,-5.527,8.881784197001252e-16,True
2021-12-31,Unconstrained,-0.735588058249905,-5.438,-5.437999999999998,1.7763568394002505e-15,True
2022-01-03,Unconstrained,-0.5999460938773006,-5.149000000000001,-5.149000000000001,0.0,True
2022-01-04,Unconstrained,-0.5745798965958281,-5.036000000000001,-5.036000000000001,0.0,True
2022-01-05,Unconstrained,-0.4558692800155349,-4.340999999999999,-4.340999999999998,8.881784197001252e-16,True
2022-01-06,Unconstrained,-0.40038078675178557,-4.077000000000001,-4.077000000000002,-8.881784197001252e-16,True
2022-01-07,Unconstrained,-0.36266090988024796,-3.913999999999999,-3.9139999999999997,-8.881784197001252e-16,True
2022-01-10,Unconstrained,-0.3702958457548994,-3.924000000000001,-3.9240000000000004,4.440892098500626e-16,True
2022-01-11,Unconstrained,-0.34254624431982095,-3.809,-3.8090000000000006,-4.440892098500626e-16,True
2022-01-12,Unconstrained,-0.3017861874091278,-3.572999999999999,-3.572999999999999,0.0,True
2022-01-13,Unconstrained,-0.27936295084154655,-3.3129999999999997,-3.3129999999999993,4.440892098500626e-16,True
2022-01-14,Unconstrained,-0.28357701683144215,-3.3849999999999993,-3.3849999999999985,8.881784197001252e-16,True
2022-01-18,Unconstrained,-0.24263340891492421,-2.972,-2.971999999999999,8.881784197001252e-16,True
2022-01-19,Unconstrained,-0.33159380106083153,-3.472999999999999,-3.4729999999999994,-4.440892098500626e-16,True
2022-01-20,Unconstrained,-0.22492763373542052,-2.758,-2.758,0.0,True
2022-01-21,Unconstrained,-0.422920180507052,-3.6180000000000008,-3.618000000000001,-4.440892098500626e-16,True
2022-01-24,Unconstrained,-0.4359564490445038,-3.6060000000000003,-3.606000000000001,-8.881784197001252e-16,True
2022-01-25,Unconstrained,-0.397716980182618,-3.3900000000000006,-3.3900000000000006,0.0,True
2022-01-26,Unconstrained,-0.3953414913490472,-3.3379999999999996,-3.3379999999999996,0.0,True
2022-01-27,Unconstrained,-0.3492370924928916,-3.222,-3.222,0.0,True
2022-01-28,Unconstrained,-0.334587307923514,-3.2960000000000007,-3.2960000000000003,4.440892098500626e-16,True
2022-01-31,Unconstrained,-0.28203068744354753,-3.1439999999999997,-3.1439999999999992,4.440892098500626e-16,True
2022-02-01,Unconstrained,-0.28752872035045096,-3.3,-3.3,0.0,True
2022-02-02,Unconstrained,-0.2736313622415907,-3.205000000000001,-3.205000000000002,-8.881784197001252e-16,True
2022-02-03,Unconstrained,-0.3007221763750204,-3.275,-3.275,0.0,True
2022-02-04,Unconstrained,-0.23848907643001332,-2.9289999999999994,-2.9290000000000007,-1.3322676295501878e-15,True
2022-02-07,Unconstrained,-0.19430422571537773,-2.625,-2.6250000000000004,-4.440892098500626e-16,True
2022-02-08,Unconstrained,-0.20902139280230897,-2.772,-2.772,0.0,True
2022-02-09,Unconstrained,-0.2309604752265724,-2.978,-2.9780000000000006,-4.440892098500626e-16,True
2022-02-10,Unconstrained,-0.22455968097894022,-2.8110000000000013,-2.8110000000000013,0.0,True
2022-02-11,Unconstrained,-0.22229216681011915,-2.681,-2.681,0.0,True
2022-02-14,Unconstrained,-0.2498450397797319,-2.8120000000000003,-2.8120000000000003,0.0,True
2022-02-15,Unconstrained,-0.2600820577217875,-2.975999999999999,-2.9759999999999995,-4.440892098500626e-16,True
2022-02-16,Unconstrained,-0.3002497772869679,-3.275,-3.2750000000000004,-4.440892098500626e-16,True
2022-02-17,Unconstrained,-0.30623197999592594,-3.1310000000000002,-3.131,4.440892098500626e-16,True
2022-02-18,Unconstrained,-0.25011164104034395,-2.836000000000001,-2.836,1.3322676295501878e-15,True
2022-02-22,Unconstrained,-0.25680116506742307,-2.833000000000001,-2.833000000000001,0.0,True
2022-02-23,Unconstrained,-0.24620638355202842,-2.6879999999999997,-2.688,-4.440892098500626e-16,True
2022-02-24,Unconstrained,-0.3101363596931793,-3.047999999999999,-3.0479999999999996,-4.440892098500626e-16,True
2022-02-25,Unconstrained,-0.32484914370894974,-3.250999999999999,-3.2509999999999986,4.440892098500626e-16,True
2022-02-28,Unconstrained,-0.4775395347744695,-3.7360000000000015,-3.7360000000000015,0.0,True
2022-03-01,Unconstrained,-0.4440148045450078,-3.441999999999999,-3.441999999999998,8.881784197001252e-16,True
2022-03-02,Unconstrained,-0.45099591526232546,-3.6110000000000015,-3.611000000000001,4.440892098500626e-16,True
2022-03-03,Unconstrained,-0.37358522933409427,-3.3280000000000003,-3.3280000000000003,0.0,True
2022-03-04,Unconstrained,-0.4388739210900646,-3.497999999999999,-3.4979999999999984,4.440892098500626e-16,True
2022-03-07,Unconstrained,-0.5832379017547422,-3.6689999999999996,-3.668999999999999,4.440892098500626e-16,True
2022-03-08,Unconstrained,-0.5017106657876987,-3.525,-3.525,0.0,True
2022-03-09,Unconstrained,-0.4220212581575176,-3.4120000000000004,-3.412000000000001,-4.440892098500626e-16,True
2022-03-10,Unconstrained,-0.3187878463525687,-3.094,-3.094,0.0,True
2022-03-11,Unconstrained,-0.3188906308196336,-3.069999999999999,-3.0699999999999994,-4.440892098500626e-16,True
2022-03-14,Unconstrained,-0.35450843395668485,-3.181,-3.1809999999999996,4.440892098500626e-16,True
2022-03-15,Unconstrained,-0.3091834726709703,-3.066,-3.066,0.0,True
2022-03-16,Unconstrained,-0.3065590680075455,-3.2,-3.2000000000000006,-4.440892098500626e-16,True
2022-03-17,Unconstrained,-0.35360068207242,-3.4930000000000008,-3.4930000000000008,0.0,True
2022-03-18,Unconstrained,-0.3681798536819363,-3.663999999999999,-3.6639999999999984,4.440892098500626e-16,True
2022-03-21,Unconstrained,-0.347038111740874,-3.572999999999999,-3.5729999999999995,-4.440892098500626e-16,True
2022-03-22,Unconstrained,-0.42117891625948406,-3.972,-3.9720000000000004,-4.440892098500626e-16,True
2022-03-23,Unconstrained,-0.3662606701039025,-3.6710000000000007,-3.6709999999999994,1.3322676295501878e-15,True
2022-03-24,Unconstrained,-0.3780550481525746,-3.8389999999999986,-3.8389999999999986,0.0,True
2022-03-25,Unconstrained,-0.4046228741824169,-4.025999999999999,-4.025999999999998,8.881784197001252e-16,True
2022-03-28,Unconstrained,-0.3660151734200805,-3.8870000000000005,-3.887000000000001,-4.440892098500626e-16,True
2022-03-29,Unconstrained,-0.37878569728896727,-4.0,-4.0,0.0,True
2022-03-30,Unconstrained,-0.3703253961906196,-3.928,-3.9279999999999995,4.440892098500626e-16,True
2022-03-31,Unconstrained,-0.4109427822026915,-4.072999999999999,-4.072999999999999,0.0,True
2022-04-01,Unconstrained,-0.5035705451457833,-4.550999999999999,-4.550999999999999,0.0,True
2022-04-04,Unconstrained,-0.5076685521334627,-4.647999999999999,-4.648,-8.881784197001252e-16,True
2022-04-05,Unconstrained,-0.4295747045794687,-4.133000000000001,-4.133000000000001,0.0,True
2022-04-06,Unconstrained,-0.5203961769858176,-4.427000000000001,-4.427000000000001,0.0,True
2022-04-07,Unconstrained,-0.39942150864631987,-3.955000000000001,-3.955,8.881784197001252e-16,True
2022-04-08,Unconstrained,-0.43529965858332986,-4.150999999999999,-4.150999999999998,8.881784197001252e-16,True
2022-04-11,Unconstrained,-0.4007114438261613,-3.7909999999999995,-3.7909999999999986,8.881784197001252e-16,True
2022-04-12,Unconstrained,-0.3930212209834507,-3.7620000000000005,-3.7620000000000005,0.0,True
2022-04-13,Unconstrained,-0.4091367822366312,-3.9860000000000015,-3.9860000000000015,0.0,True
2022-04-14,Unconstrained,-0.31566504495376707,-3.4389999999999987,-3.438999999999999,-4.440892098500626e-16,True
2022-04-18,Unconstrained,-0.2573690442052189,-3.094,-3.0940000000000007,-8.881784197001252e-16,True
2022-04-19,Unconstrained,-0.25318068203837996,-3.094,-3.093999999999999,8.881784197001252e-16,True
2022-04-20,Unconstrained,-0.29513256480960415,-3.4180000000000006,-3.418000000000001,-4.440892098500626e-16,True
2022-04-21,Unconstrained,-0.2879259096365649,-3.272,-3.272,0.0,True
2022-04-22,Unconstrained,-0.4144650109776611,-3.622,-3.622,0.0,True
2022-04-25,Unconstrained,-0.33734568151290234,-3.3419999999999987,-3.341999999999999,-4.440892098500626e-16,True
2022-04-26,Unconstrained,-0.5477115284548979,-3.7430000000000008,-3.7430000000000003,4.440892098500626e-16,True
2022-04-27,Unconstrained,-0.5302712829584313,-3.809,-3.8089999999999997,4.440892098500626e-16,True
2022-04-28,Unconstrained,-0.44539579499894394,-3.6349999999999993,-3.634999999999999,4.440892098500626e-16,True
2022-04-29,Unconstrained,-0.5182650282745442,-3.6689999999999996,-3.6690000000000005,-8.881784197001252e-16,True
2022-05-02,Unconstrained,-0.35149867896230147,-3.1400000000000006,-3.140000000000001,-4.440892098500626e-16,True
2022-05-03,Unconstrained,-0.2721546841100854,-2.9,-2.8999999999999995,4.440892098500626e-16,True
2022-05-04,Unconstrained,-0.22664646340799405,-2.775,-2.775,0.0,True
2022-05-05,Unconstrained,-0.2811824415524045,-2.8650000000000007,-2.865,4.440892098500626e-16,True
2022-05-06,Unconstrained,-0.2288141409465087,-2.6209999999999996,-2.6209999999999987,8.881784197001252e-16,True
2022-05-09,Unconstrained,-0.2786454411335755,-2.7049999999999996,-2.704999999999999,4.440892098500626e-16,True
2022-05-10,Unconstrained,-0.24101412756173804,-2.586,-2.5860000000000003,-4.440892098500626e-16,True
2022-05-11,Unconstrained,-0.21339170186978448,-2.4510000000000005,-2.451,4.440892098500626e-16,True
2022-05-12,Unconstrained,-0.13418701934963878,-1.9909999999999997,-1.9909999999999994,2.220446049250313e-16,True
2022-05-13,Unconstrained,-0.15690698081182541,-2.2090000000000005,-2.2090000000000005,0.0,True
2022-05-16,Unconstrained,-0.09119042734907595,-1.7530000000000001,-1.7530000000000006,-4.440892098500626e-16,True
2022-05-17,Unconstrained,-0.09136429303881513,-1.7680000000000007,-1.7680000000000013,-6.661338147750939e-16,True
2022-05-18,Unconstrained,-0.18682762620486779,-2.345999999999999,-2.345999999999999,0.0,True
2022-05-19,Unconstrained,-0.16719636441291086,-2.2659999999999996,-2.2659999999999996,0.0,True
2022-05-20,Unconstrained,-0.16237306487222442,-2.2319999999999993,-2.2319999999999993,0.0,True
2022-05-23,Unconstrained,-0.1336083605288325,-2.0549999999999997,-2.0549999999999993,4.440892098500626e-16,True
2022-05-24,Unconstrained,-0.17216664325532335,-2.2959999999999994,-2.2959999999999994,0.0,True
2022-05-25,Unconstrained,-0.11002570247800023,-1.8849999999999993,-1.8849999999999993,0.0,True
2022-05-26,Unconstrained,-0.15503924514351405,-2.228,-2.228,0.0,True
2022-05-27,Unconstrained,-0.13614541799403904,-2.125,-2.1250000000000004,-4.440892098500626e-16,True
2022-05-31,Unconstrained,-0.10930265481392892,-1.9099999999999995,-1.9099999999999995,0.0,True
2022-06-01,Unconstrained,-0.11103405015167697,-1.9299999999999997,-1.9299999999999997,0.0,True
2022-06-02,Unconstrained,-0.1359063296307973,-2.1400000000000006,-2.140000000000001,-4.440892098500626e-16,True
2022-06-03,Unconstrained,-0.14702810236257843,-2.225,-2.225000000000001,-8.881784197001252e-16,True
2022-06-06,Unconstrained,-0.14916019452816945,-2.2359999999999998,-2.2359999999999998,0.0,True
2022-06-07,Unconstrained,-0.12531647062650578,-2.066,-2.0660000000000003,-4.440892098500626e-16,True
2022-06-08,Unconstrained,-0.10660835744222709,-1.9129999999999996,-1.9130000000000003,-6.661338147750939e-16,True
2022-06-09,Unconstrained,-0.12924159317599687,-2.066,-2.0659999999999994,4.440892098500626e-16,True
2022-06-10,Unconstrained,-0.1467952599690173,-2.164,-2.1639999999999997,4.440892098500626e-16,True
2022-06-13,Unconstrained,-0.21559941185392262,-2.414,-2.4139999999999997,4.440892098500626e-16,True
2022-06-14,Unconstrained,-0.22594392635637184,-2.5159999999999996,-2.515999999999999,4.440892098500626e-16,True
2022-06-15,Unconstrained,-0.10595420133690593,-1.8359999999999999,-1.8359999999999996,2.220446049250313e-16,True
2022-06-16,Unconstrained,-0.1802367614893026,-2.248,-2.248,0.0,True
2022-06-17,Unconstrained,-0.15093643203377183,-2.1150000000000007,-2.115,4.440892098500626e-16,True
2022-06-21,Unconstrained,-0.15102311915427405,-2.1379999999999995,-2.137999999999999,4.440892098500626e-16,True
2022-06-22,Unconstrained,-0.11632335012244596,-1.922,-1.9220000000000002,-2.220446049250313e-16,True
2022-06-23,Unconstrained,-0.14323606534378702,-2.1109999999999998,-2.1109999999999993,4.440892098500626e-16,True
2022-06-24,Unconstrained,-0.12877204773801695,-2.0430000000000006,-2.043,4.440892098500626e-16,True
2022-06-27,Unconstrained,-0.122140121358201,-1.9980000000000004,-1.9980000000000002,2.220446049250313e-16,True
2022-06-28,Unconstrained,-0.13202777158828632,-2.0459999999999994,-2.046,-4.440892098500626e-16,True
2022-06-29,Unconstrained,-0.11510874438803739,-1.9260000000000006,-1.9260000000000004,2.220446049250313e-16,True
2022-06-30,Unconstrained,-0.1257062590486991,-1.9939999999999998,-1.994,-2.220446049250313e-16,True
2022-07-01,Unconstrained,-0.1036129481430244,-1.8590000000000004,-1.8590000000000004,0.0,True
2022-07-05,Unconstrained,-0.09979657326305866,-1.8189999999999997,-1.8189999999999997,0.0,True
2022-07-06,Unconstrained,-0.08923255287994108,-1.7450000000000003,-1.7450000000000006,-2.220446049250313e-16,True
2022-07-07,Unconstrained,-0.10482511857905721,-1.8760000000000006,-1.8760000000000003,2.220446049250313e-16,True
2022-07-08,Unconstrained,-0.09531474680503504,-1.8129999999999995,-1.8129999999999995,0.0,True
2022-07-11,Unconstrained,-0.11823314743029352,-1.9799999999999998,-1.98,-2.220446049250313e-16,True
2022-07-12,Unconstrained,-0.14116716575368318,-2.133,-2.133,0.0,True
2022-07-13,Unconstrained,-0.1275569024864164,-2.0409999999999995,-2.0409999999999995,0.0,True
2022-07-14,Unconstrained,-0.1467854244236783,-2.192,-2.192,0.0,True
2022-07-15,Unconstrained,-0.14867905218658628,-2.248,-2.248,0.0,True
2022-07-18,Unconstrained,-0.1262076165210395,-2.0549999999999997,-2.0549999999999993,4.440892098500626e-16,True
2022-07-19,Unconstrained,-0.11841421801230219,-2.0040000000000004,-2.004000000000001,-4.440892098500626e-16,True
2022-07-20,Unconstrained,-0.08423085002028942,-1.7239999999999995,-1.7239999999999998,-2.220446049250313e-16,True
2022-07-21,Unconstrained,-0.10081945632945293,-1.8709999999999993,-1.8709999999999993,0.0,True
2022-07-22,Unconstrained,-0.1058959287100054,-1.9150000000000005,-1.9150000000000005,0.0,True
2022-07-25,Unconstrained,-0.10988592370823909,-1.9459999999999993,-1.9459999999999997,-4.440892098500626e-16,True
2022-07-26,Unconstrained,-0.1344416425866571,-2.1290000000000004,-2.1290000000000004,0.0,True
2022-07-27,Unconstrained,-0.13953886774370947,-2.192,-2.1919999999999997,4.440892098500626e-16,True
2022-07-28,Unconstrained,-0.14708538997837586,-2.2670000000000003,-2.267000000000001,-4.440892098500626e-16,True
2022-07-29,Unconstrained,-0.14085903496502414,-2.2290000000000005,-2.2290000000000005,0.0,True
2022-08-01,Unconstrained,-0.15143148332716067,-2.2939999999999996,-2.294,-4.440892098500626e-16,True
2022-08-02,Unconstrained,-0.13911852202636804,-2.178,-2.178,0.0,True
2022-08-03,Unconstrained,-0.128351428039203,-2.1159999999999997,-2.1159999999999997,0.0,True
2022-08-04,Unconstrained,-0.14722128083612632,-2.281,-2.281,0.0,True
2022-08-05,Unconstrained,-0.18546766987607852,-2.597,-2.5970000000000004,-4.440892098500626e-16,True
2022-08-08,Unconstrained,-0.15756242834664416,-2.3689999999999998,-2.3689999999999998,0.0,True
2022-08-09,Unconstrained,-0.16121848897437321,-2.3909999999999996,-2.390999999999999,4.440892098500626e-16,True
2022-08-10,Unconstrained,-0.17085828700413563,-2.5040000000000004,-2.504,4.440892098500626e-16,True
2022-08-11,Unconstrained,-0.19387003742910958,-2.684,-2.684,0.0,True
2022-08-12,Unconstrained,-0.2236440769394059,-2.934,-2.9339999999999997,4.440892098500626e-16,True
2022-08-15,Unconstrained,-0.20297935629465083,-2.7620000000000005,-2.7619999999999996,8.881784197001252e-16,True
2022-08-16,Unconstrained,-0.18338160157684705,-2.6090000000000004,-2.6090000000000004,0.0,True
2022-08-17,Unconstrained,-0.13643556853019337,-2.2060000000000004,-2.206,4.440892098500626e-16,True
2022-08-18,Unconstrained,-0.1608765428925163,-2.4219999999999997,-2.4219999999999993,4.440892098500626e-16,True
2022-08-19,Unconstrained,-0.15620373713887745,-2.3680000000000008,-2.3680000000000017,-8.881784197001252e-16,True
2022-08-22,Unconstrained,-0.1664243683129311,-2.3930000000000007,-2.3930000000000007,0.0,True
2022-08-23,Unconstrained,-0.16597400519404962,-2.383,-2.383,0.0,True
2022-08-24,Unconstrained,-0.14939587891229322,-2.278,-2.278,0.0,True
2022-08-25,Unconstrained,-0.15131488120408573,-2.3099999999999996,-2.3099999999999996,0.0,True
2022-08-26,Unconstrained,-0.18071697498837339,-2.4569999999999994,-2.4569999999999985,8.881784197001252e-16,True
2022-08-29,Unconstrained,-0.1469452489694777,-2.197,-2.197,0.0,True
2022-08-30,Unconstrained,-0.1341156500943327,-2.1010000000000004,-2.1010000000000004,0.0,True
2022-08-31,Unconstrained,-0.11653410672885996,-1.9709999999999994,-1.9709999999999996,-2.220446049250313e-16,True
2022-09-01,Unconstrained,-0.129163846651958,-2.0739999999999994,-2.074,-4.440892098500626e-16,True
2022-09-02,Unconstrained,-0.11711157377834576,-1.9810000000000003,-1.9810000000000003,0.0,True
2022-09-06,Unconstrained,-0.1202085856056885,-1.9840000000000004,-1.9839999999999995,8.881784197001252e-16,True
2022-09-07,Unconstrained,-0.10644873544671182,-1.9049999999999998,-1.9049999999999996,2.220446049250313e-16,True
2022-09-08,Unconstrained,-0.10563453534239109,-1.908,-1.908,0.0,True
2022-09-09,Unconstrained,-0.11165015288724482,-1.9659999999999997,-1.965999999999999,6.661338147750939e-16,True
2022-09-12,Unconstrained,-0.13001385893677125,-2.1060000000000003,-2.106,4.440892098500626e-16,True
2022-09-13,Unconstrained,-0.20080743234150278,-2.5459999999999994,-2.5459999999999994,0.0,True
2022-09-14,Unconstrained,-0.12326015419561726,-2.0189999999999997,-2.0189999999999992,4.440892098500626e-16,True
2022-09-15,Unconstrained,-0.12062248929438273,-1.9969999999999999,-1.9969999999999992,6.661338147750939e-16,True
2022-09-16,Unconstrained,-0.09196822825256255,-1.7709999999999995,-1.7709999999999997,-2.220446049250313e-16,True
2022-09-19,Unconstrained,-0.07378246820114855,-1.6260000000000006,-1.6260000000000006,0.0,True
2022-09-20,Unconstrained,-0.0801998899175537,-1.6689999999999998,-1.669,-2.220446049250313e-16,True
2022-09-21,Unconstrained,-0.0750149814154036,-1.6209999999999993,-1.6209999999999996,-2.220446049250313e-16,True
2022-09-22,Unconstrained,-0.07004789451455228,-1.5859999999999999,-1.586,-2.220446049250313e-16,True
2022-09-23,Unconstrained,-0.11542475509098017,-1.8989999999999996,-1.8989999999999994,2.220446049250313e-16,True
2022-09-26,Unconstrained,-0.13737238584187964,-2.0010000000000003,-2.0010000000000003,0.0,True
2022-09-27,Unconstrained,-0.14453697680861077,-2.039,-2.0389999999999997,4.440892098500626e-16,True
2022-09-28,Unconstrained,-0.13613393115013406,-2.0379999999999994,-2.038,-4.440892098500626e-16,True
2022-09-29,Unconstrained,-0.1598094011226639,-2.154000000000001,-2.1540000000000012,-4.440892098500626e-16,True
2022-09-30,Unconstrained,-0.19226926095629282,-2.3590000000000004,-2.359,4.440892098500626e-16,True
2022-10-03,Unconstrained,-0.1507039249402408,-2.1379999999999995,-2.1379999999999995,0.0,True
2022-10-04,Unconstrained,-0.1631140254405935,-2.2459999999999996,-2.246,-4.440892098500626e-16,True
2022-10-05,Unconstrained,-0.1513028799402064,-2.178,-2.178,0.0,True
2022-10-06,Unconstrained,-0.1685515325540313,-2.2439999999999998,-2.243999999999999,8.881784197001252e-16,True
2022-10-07,Unconstrained,-0.1621249711546404,-2.181,-2.181,0.0,True
2022-10-10,Unconstrained,-0.138968025033118,-2.0069999999999992,-2.0069999999999997,-4.440892098500626e-16,True
2022-10-11,Unconstrained,-0.14411121546615877,-2.0120000000000005,-2.0120000000000005,0.0,True
2022-10-12,Unconstrained,-0.14178216267138807,-1.9989999999999994,-1.9989999999999994,0.0,True
2022-10-13,Unconstrained,-0.1035636727266082,-1.7819999999999994,-1.7819999999999996,-2.220446049250313e-16,True
2022-10-14,Unconstrained,-0.12573016476037532,-1.9299999999999997,-1.929999999999999,6.661338147750939e-16,True
2022-10-17,Unconstrained,-0.09016002978638223,-1.6969999999999998,-1.6969999999999996,2.220446049250313e-16,True
2022-10-18,Unconstrained,-0.0873060658717039,-1.6879999999999995,-1.6879999999999995,0.0,True
2022-10-19,Unconstrained,-0.09303292903363501,-1.7260000000000004,-1.7260000000000006,-2.220446049250313e-16,True
2022-10-20,Unconstrained,-0.09362831555223841,-1.7409999999999997,-1.7409999999999997,0.0,True
2022-10-21,Unconstrained,-0.0767672936265173,-1.6189999999999998,-1.619,-2.220446049250313e-16,True
2022-10-24,Unconstrained,-0.06094999386145739,-1.4969999999999999,-1.497,-2.220446049250313e-16,True
2022-10-25,Unconstrained,-0.055666497065725275,-1.464,-1.464,0.0,True
2022-10-26,Unconstrained,-0.04566218896899398,-1.386,-1.3859999999999997,2.220446049250313e-16,True
2022-10-27,Unconstrained,-0.038153171187151634,-1.3230000000000004,-1.3230000000000006,-2.220446049250313e-16,True
2022-10-28,Unconstrained,-0.024998281693647116,-1.2060000000000002,-1.2060000000000002,0.0,True
2022-10-31,Unconstrained,-0.02380239117499892,-1.1959999999999993,-1.1959999999999993,0.0,True
2022-11-01,Unconstrained,-0.0179884470325907,-1.1439999999999997,-1.1439999999999997,0.0,True
2022-11-02,Unconstrained,-0.024151741091167137,-1.1989999999999994,-1.198999999999999,4.440892098500626e-16,True
2022-11-03,Unconstrained,-0.006211433497988019,-1.0340000000000003,-1.034,2.220446049250313e-16,True
2022-11-04,Unconstrained,-0.020876226281035574,-1.1620000000000004,-1.1620000000000004,0.0,True
2022-11-07,Unconstrained,-0.02157752674087991,-1.1670000000000003,-1.1670000000000003,0.0,True
2022-11-08,Unconstrained,-0.04200654462354564,-1.3549999999999998,-1.3549999999999995,2.220446049250313e-16,True
2022-11-09,Unconstrained,-0.05138931431431369,-1.436,-1.436,0.0,True
2022-11-10,Unconstrained,-0.019587156324573966,-1.1420000000000001,-1.1420000000000006,-4.440892098500626e-16,True
2022-11-11,Unconstrained,-0.04898266544101987,-1.4090000000000003,-1.4090000000000003,0.0,True
2022-11-14,Unconstrained,-0.04386308747535049,-1.3670000000000002,-1.367,2.220446049250313e-16,True
2022-11-15,Unconstrained,-0.06944200048642125,-1.5939999999999999,-1.5939999999999996,2.220446049250313e-16,True
2022-11-16,Unconstrained,-0.0649823669987253,-1.5560000000000003,-1.5559999999999998,4.440892098500626e-16,True
2022-11-17,Unconstrained,-0.06133791854380605,-1.5239999999999996,-1.5239999999999991,4.440892098500626e-16,True
2022-11-18,Unconstrained,-0.058388840019845505,-1.4969999999999999,-1.4969999999999999,0.0,True
2022-11-21,Unconstrained,-0.053699629013483775,-1.4519999999999995,-1.4519999999999995,0.0,True
2022-11-22,Unconstrained,-0.07260507697312521,-1.6239999999999994,-1.6239999999999994,0.0,True
2022-11-23,Unconstrained,-0.09875380475524674,-1.8650000000000007,-1.8650000000000009,-2.220446049250313e-16,True
2022-11-25,Unconstrained,-0.2109499004008543,-2.8110000000000013,-2.811000000000001,4.440892098500626e-16,True
2022-11-28,Unconstrained,-0.0974470257760865,-1.847,-1.847,0.0,True
2022-11-29,Unconstrained,-0.11915058416798126,-2.0379999999999994,-2.038,-4.440892098500626e-16,True
2022-11-30,Unconstrained,-0.09683422980618088,-1.847,-1.8469999999999993,6.661338147750939e-16,True
2022-12-01,Unconstrained,-0.0894496472113517,-1.7790000000000006,-1.7790000000000001,4.440892098500626e-16,True
2022-12-02,Unconstrained,-0.09294867011818903,-1.811,-1.811,0.0,True
2022-12-05,Unconstrained,-0.08900173752659475,-1.775,-1.7750000000000004,-4.440892098500626e-16,True
2022-12-06,Unconstrained,-0.08213192011660107,-1.7109999999999999,-1.7109999999999996,2.220446049250313e-16,True
2022-12-07,Unconstrained,-0.09017641849363353,-1.7810000000000001,-1.781,2.220446049250313e-16,True
2022-12-08,Unconstrained,-0.08697119756286127,-1.7540000000000007,-1.7540000000000002,4.440892098500626e-16,True
2022-12-09,Unconstrained,-0.10676733858389484,-1.9239999999999995,-1.9239999999999988,6.661338147750939e-16,True
2022-12-12,Unconstrained,-0.1424492581355905,-2.186,-2.186,0.0,True
2022-12-13,Unconstrained,-0.1482401409068762,-2.2730000000000006,-2.2730000000000006,0.0,True
2022-12-14,Unconstrained,-0.163836275144512,-2.4230000000000005,-2.4230000000000005,0.0,True
2022-12-15,Unconstrained,-0.17106873072820405,-2.4489999999999994,-2.4489999999999994,0.0,True
2022-12-16,Unconstrained,-0.1159412971502355,-2.0040000000000004,-2.0040000000000004,0.0,True
2022-12-19,Unconstrained,-0.08195878208960189,-1.7090000000000003,-1.7090000000000003,0.0,True
2022-12-20,Unconstrained,-0.06534028327456093,-1.5569999999999993,-1.5569999999999995,-2.220446049250313e-16,True
2022-12-21,Unconstrained,-0.05228601184420066,-1.425,-1.4249999999999998,2.220446049250313e-16,True
2022-12-22,Unconstrained,-0.052802729229500835,-1.4420000000000002,-1.4420000000000004,-2.220446049250313e-16,True
2022-12-23,Unconstrained,-0.055020192336576276,-1.4569999999999994,-1.4569999999999992,2.220446049250313e-16,True
2022-12-27,Unconstrained,-0.042605226041105955,-1.3439999999999999,-1.3439999999999999,0.0,True
2022-12-28,Unconstrained,-0.027382751654200285,-1.203,-1.2030000000000003,-2.220446049250313e-16,True
2022-12-29,Unconstrained,-0.04098994889504143,-1.3269999999999995,-1.3269999999999993,2.220446049250313e-16,True
2022-12-30,Unconstrained,-0.04395900013956742,-1.3569999999999993,-1.3569999999999993,0.0,True
2023-01-03,Unconstrained,-0.03423830637270646,-1.2739999999999996,-1.2739999999999998,-2.220446049250313e-16,True
2023-01-04,Unconstrained,-0.028661630324559338,-1.214,-1.214,0.0,True
2023-01-05,Unconstrained,-0.03383411510893715,-1.2670000000000001,-1.2670000000000001,0.0,True
2023-01-06,Unconstrained,-0.047404492866964354,-1.386,-1.3859999999999992,6.661338147750939e-16,True
2023-01-09,Unconstrained,-0.052802729229500835,-1.4420000000000002,-1.4420000000000004,-2.220446049250313e-16,True
2023-01-10,Unconstrained,-0.05604675081775035,-1.4650000000000005,-1.4650000000000007,-2.220446049250313e-16,True
2023-01-11,Unconstrained,-0.060482620468593463,-1.5099999999999993,-1.5099999999999991,2.220446049250313e-16,True
2023-01-12,Unconstrained,-0.08548032253693869,-1.739,-1.739,0.0,True
2023-01-13,Unconstrained,-0.1312405631336819,-2.1700000000000004,-2.1700000000000004,0.0,True
2023-01-17,Unconstrained,-0.11329985454928881,-2.0010000000000003,-2.001000000000001,-4.440892098500626e-16,True
2023-01-18,Unconstrained,-0.11262244076884323,-1.9909999999999997,-1.991,-4.440892098500626e-16,True
2023-01-19,Unconstrained,-0.12759626821119163,-2.123,-2.1229999999999998,4.440892098500626e-16,True
2023-01-20,Unconstrained,-0.11547277809356869,-2.0189999999999997,-2.0189999999999997,0.0,True
2023-01-23,Unconstrained,-0.12342716816094026,-2.0909999999999997,-2.091,-4.440892098500626e-16,True
2023-01-24,Unconstrained,-0.12779546349248944,-2.1340000000000003,-2.1340000000000003,0.0,True
2023-01-25,Unconstrained,-0.12442375120929472,-2.1040000000000005,-2.104000000000001,-4.440892098500626e-16,True
2023-01-26,Unconstrained,-0.12915962120996113,-2.1489999999999996,-2.149,-4.440892098500626e-16,True
2023-01-27,Unconstrained,-0.1342846823929486,-2.197,-2.197,0.0,True
2023-01-30,Unconstrained,-0.12106306492662613,-2.069,-2.0689999999999995,4.440892098500626e-16,True
2023-01-31,Unconstrained,-0.14990067690131875,-2.3290000000000006,-2.3290000000000006,0.0,True
2023-02-01,Unconstrained,-0.13629950283067435,-2.219,-2.2190000000000003,-4.440892098500626e-16,True
2023-02-02,Unconstrained,-0.15580421006451461,-2.3879999999999995,-2.387999999999999,4.440892098500626e-16,True
2023-02-03,Unconstrained,-0.1463947118923543,-2.308,-2.3080000000000003,-4.440892098500626e-16,True
2023-02-06,Unconstrained,-0.14673786230242503,-2.3010000000000006,-2.301000000000001,-4.440892098500626e-16,True
2023-02-07,Unconstrained,-0.14984636232503887,-2.336,-2.3360000000000003,-4.440892098500626e-16,True
2023-02-08,Unconstrained,-0.13010436979242299,-2.1519999999999997,-2.1519999999999997,0.0,True
2023-02-09,Unconstrained,-0.12037932192210957,-2.058,-2.0579999999999994,4.440892098500626e-16,True
2023-02-10,Unconstrained,-0.12363055321769305,-2.0879999999999996,-2.0880000000000005,-8.881784197001252e-16,True
2023-02-13,Unconstrained,-0.14174621263283368,-2.248,-2.248,0.0,True
2023-02-14,Unconstrained,-0.12685183476246548,-2.127,-2.1269999999999993,4.440892098500626e-16,True
2023-02-15,Unconstrained,-0.1274970928555083,-2.136,-2.1360000000000006,-4.440892098500626e-16,True
2023-02-16,Unconstrained,-0.14860076801808914,-2.309,-2.309,0.0,True
2023-02-17,Unconstrained,-0.1460815667852059,-2.289,-2.2889999999999997,4.440892098500626e-16,True
2023-02-21,Unconstrained,-0.1660358902858418,-2.4090000000000003,-2.4090000000000003,0.0,True
2023-02-22,Unconstrained,-0.1487261293030931,-2.281,-2.281,0.0,True
2023-02-23,Unconstrained,-0.13542648520727288,-2.1849999999999996,-2.184999999999999,4.440892098500626e-16,True
2023-02-24,Unconstrained,-0.12871017556285502,-2.122,-2.1220000000000003,-4.440892098500626e-16,True
2023-02-27,Unconstrained,-0.12012054402646385,-2.0540000000000007,-2.054000000000001,-4.440892098500626e-16,True
2023-02-28,Unconstrained,-0.11394729078706393,-2.0010000000000003,-2.0010000000000003,0.0,True
2023-03-01,Unconstrained,-0.10144392790292961,-1.889,-1.8889999999999998,2.220446049250313e-16,True
2023-03-02,Unconstrained,-0.08725555968157632,-1.7579999999999998,-1.7579999999999996,2.220446049250313e-16,True
2023-03-03,Unconstrained,-0.0933899692662642,-1.814,-1.8139999999999994,6.661338147750939e-16,True
2023-03-06,Unconstrained,-0.1150339929547971,-2.0189999999999997,-2.0189999999999997,0.0,True
2023-03-07,Unconstrained,-0.11941899147673461,-2.056,-2.0560000000000005,-4.440892098500626e-16,True
2023-03-08,Unconstrained,-0.1057976233513794,-1.9319999999999993,-1.9319999999999995,-2.220446049250313e-16,True
2023-03-09,Unconstrained,-0.1420862179852623,-2.222,-2.222,0.0,True
2023-03-10,Unconstrained,-0.26257417200506733,-3.027000000000001,-3.0270000000000006,4.440892098500626e-16,True
2023-03-13,Unconstrained,-0.3078538473044054,-3.2139999999999986,-3.213999999999998,4.440892098500626e-16,True
2023-03-14,Unconstrained,-0.2954454670779592,-3.272,-3.272,0.0,True
2023-03-15,Unconstrained,-0.3952831074211474,-3.6620000000000004,-3.6620000000000004,0.0,True
2023-03-16,Unconstrained,-0.320464915493147,-3.4530000000000003,-3.4530000000000003,0.0,True
2023-03-17,Unconstrained,-0.28533364274521683,-3.1340000000000003,-3.134000000000001,-4.440892098500626e-16,True
2023-03-20,Unconstrained,-0.25290695550628806,-2.9909999999999997,-2.9909999999999997,0.0,True
2023-03-21,Unconstrained,-0.20537910000855822,-2.7459999999999996,-2.7459999999999987,8.881784197001252e-16,True
2023-03-22,Unconstrained,-0.1529728614624707,-2.316,-2.316,0.0,True
2023-03-23,Unconstrained,-0.1835636587224427,-2.55,-2.5499999999999994,4.440892098500626e-16,True
2023-03-24,Unconstrained,-0.19894182677281913,-2.6879999999999997,-2.6879999999999997,0.0,True
2023-03-27,Unconstrained,-0.1844219748758187,-2.6,-2.6,0.0,True
2023-03-28,Unconstrained,-0.14613313384740453,-2.2900000000000005,-2.2899999999999996,8.881784197001252e-16,True
2023-03-29,Unconstrained,-0.15492759443039913,-2.3760000000000003,-2.376,4.440892098500626e-16,True
2023-03-30,Unconstrained,-0.18459163788066718,-2.6310000000000002,-2.6310000000000002,0.0,True
2023-03-31,Unconstrained,-0.17851533369647699,-2.5849999999999995,-2.5849999999999995,0.0,True
2023-04-03,Unconstrained,-0.1824717132017778,-2.6209999999999996,-2.620999999999999,4.440892098500626e-16,True
2023-04-04,Unconstrained,-0.19321527551071815,-2.7030000000000003,-2.7030000000000007,-4.440892098500626e-16,True
2023-04-05,Unconstrained,-0.19279494159211813,-2.6980000000000004,-2.6980000000000004,0.0,True
2023-04-06,Unconstrained,-0.16152514957355912,-2.442,-2.442,0.0,True
2023-04-10,Unconstrained,-0.19229873349923798,-2.6959999999999993,-2.6959999999999993,0.0,True
2023-04-11,Unconstrained,-0.19820832665578655,-2.742,-2.7419999999999995,4.440892098500626e-16,True
2023-04-12,Unconstrained,-0.23066644387571023,-3.0,-3.0,0.0,True
2023-04-13,Unconstrained,-0.25659975696030646,-3.2360000000000015,-3.236000000000002,-4.440892098500626e-16,True
2023-04-14,Unconstrained,-0.2839496001582967,-3.4650000000000007,-3.4650000000000003,4.440892098500626e-16,True
2023-04-17,Unconstrained,-0.28867337764154355,-3.503999999999999,-3.5039999999999982,8.881784197001252e-16,True
2023-04-18,Unconstrained,-0.31712882553728966,-3.7120000000000006,-3.7120000000000006,0.0,True
2023-04-19,Unconstrained,-0.22857867831339698,-3.047999999999999,-3.0480000000000005,-1.3322676295501878e-15,True
2023-04-20,Unconstrained,-0.2688903537924334,-3.349000000000001,-3.349000000000001,0.0,True
2023-04-21,Unconstrained,-0.2601422430503433,-3.2939999999999996,-3.293999999999999,4.440892098500626e-16,True
2023-04-24,Unconstrained,-0.2536790851397408,-3.2400000000000007,-3.24,4.440892098500626e-16,True
2023-04-25,Unconstrained,-0.2332588601103202,-3.028999999999999,-3.028999999999998,8.881784197001252e-16,True
2023-04-26,Unconstrained,-0.23626322282125928,-3.05,-3.05,0.0,True
2023-04-27,Unconstrained,-0.31084616990939595,-3.6599999999999993,-3.6599999999999997,-4.440892098500626e-16,True
2023-04-28,Unconstrained,-0.3297876841429119,-3.844,-3.843999999999999,8.881784197001252e-16,True
2023-05-01,Unconstrained,-0.2929044559786325,-3.566,-3.5659999999999994,4.440892098500626e-16,True
2023-05-02,Unconstrained,-0.240120856620018,-3.1090000000000004,-3.1090000000000004,0.0,True
2023-05-03,Unconstrained,-0.23335662230424423,-3.0409999999999995,-3.0410000000000004,-8.881784197001252e-16,True
2023-05-04,Unconstrained,-0.24168401396688358,-3.0539999999999994,-3.0539999999999994,0.0,True
2023-05-05,Unconstrained,-0.28004912114769526,-3.4319999999999995,-3.4319999999999995,0.0,True
2023-05-08,Unconstrained,-0.2529826063661587,-3.2319999999999993,-3.2319999999999993,0.0,True
2023-05-09,Unconstrained,-0.27650361150355296,-3.3879999999999995,-3.388,-4.440892098500626e-16,True
2023-05-10,Unconstrained,-0.3401192776048532,-3.8629999999999995,-3.8629999999999995,0.0,True
2023-05-11,Unconstrained,-0.33328422672695,-3.8180000000000005,-3.818000000000001,-4.440892098500626e-16,True
2023-05-12,Unconstrained,-0.3662604645521389,-4.025999999999999,-4.025999999999999,0.0,True
2023-05-15,Unconstrained,-0.3404723583707417,-3.8569999999999993,-3.857,-8.881784197001252e-16,True
2023-05-16,Unconstrained,-0.32749604718793135,-3.7319999999999993,-3.7319999999999993,0.0,True
2023-05-17,Unconstrained,-0.32330892072839706,-3.753,-3.753,0.0,True
2023-05-18,Unconstrained,-0.32596950143878745,-3.806,-3.806,0.0,True
2023-05-19,Unconstrained,-0.2945466612254019,-3.552000000000001,-3.5520000000000014,-4.440892098500626e-16,True
2023-05-22,Unconstrained,-0.3067409865579809,-3.624000000000001,-3.624000000000001,0.0,True
2023-05-23,Unconstrained,-0.31748341906276306,-3.6419999999999986,-3.641999999999998,4.440892098500626e-16,True
2023-05-24,Unconstrained,-0.36104647658753775,-3.8370000000000006,-3.8369999999999997,8.881784197001252e-16,True
2023-05-25,Unconstrained,-0.3944071036129473,-4.072999999999999,-4.072999999999999,0.0,True
2023-05-26,Unconstrained,-0.4959884434025932,-4.646000000000001,-4.646000000000001,0.0,True
2023-05-30,Unconstrained,-0.45941149578100554,-4.5139999999999985,-4.513999999999998,8.881784197001252e-16,True
2023-05-31,Unconstrained,-0.9504359037560594,-5.830000000000001,-5.83,8.881784197001252e-16,True
2023-06-01,Unconstrained,-0.5895529025378995,-5.197999999999999,-5.1979999999999995,-8.881784197001252e-16,True
2023-06-02,Unconstrained,-0.38372012688846296,-4.261000000000001,-4.261000000000001,0.0,True
2023-06-05,Unconstrained,-0.3937690733015127,-4.3180000000000005,-4.318000000000001,-8.881784197001252e-16,True
2023-06-06,Unconstrained,-0.43780946268630655,-4.627000000000001,-4.627000000000001,0.0,True
2023-06-07,Unconstrained,-0.5298695345524598,-5.100999999999999,-5.100999999999997,1.7763568394002505e-15,True
2023-06-08,Unconstrained,-0.6408097783113393,-5.553,-5.553000000000001,-8.881784197001252e-16,True
2023-06-09,Unconstrained,-0.5692891717244069,-5.2780000000000005,-5.278000000000001,-8.881784197001252e-16,True
2023-06-12,Unconstrained,-0.77491645555471,-5.771000000000001,-5.771,8.881784197001252e-16,True
2023-06-13,Unconstrained,-0.7046122420116864,-5.644,-5.643999999999998,1.7763568394002505e-15,True
2023-06-14,Unconstrained,-0.5150129777802707,-5.037000000000001,-5.037000000000002,-8.881784197001252e-16,True
2023-06-15,Unconstrained,-0.4732119364199735,-4.786000000000001,-4.786000000000002,-8.881784197001252e-16,True
2023-06-16,Unconstrained,-0.38260661147946584,-4.3069999999999995,-4.3069999999999995,0.0,True
2023-06-20,Unconstrained,-0.32357296862727003,-3.875,-3.8749999999999996,4.440892098500626e-16,True
2023-06-21,Unconstrained,-0.2582874184118502,-3.372,-3.371999999999999,8.881784197001252e-16,True
2023-06-22,Unconstrained,-0.28631839444994245,-3.6150000000000007,-3.615000000000001,-4.440892098500626e-16,True
2023-06-23,Unconstrained,-0.30967491074559705,-3.7849999999999993,-3.784999999999999,4.440892098500626e-16,True
2023-06-26,Unconstrained,-0.3440238691931291,-4.009,-4.009000000000001,-8.881784197001252e-16,True
2023-06-27,Unconstrained,-0.34757509346617926,-4.056,-4.056,0.0,True
2023-06-28,Unconstrained,-0.31636589050717157,-3.8370000000000006,-3.837000000000001,-4.440892098500626e-16,True
2023-06-29,Unconstrained,-0.38230652079061406,-4.3050000000000015,-4.305000000000002,-8.881784197001252e-16,True
2023-06-30,Unconstrained,-0.5021242688797425,-4.996,-4.996,0.0,True
2023-07-03,Unconstrained,-0.41671792401730706,-4.524000000000001,-4.524000000000001,0.0,True
2023-07-05,Unconstrained,-0.4034317644111117,-4.408000000000001,-4.408000000000001,0.0,True
2023-07-06,Unconstrained,-0.4987505947579753,-4.844999999999999,-4.844999999999999,0.0,True
2023-07-07,Unconstrained,-0.48301892565677784,-4.813,-4.812999999999999,8.881784197001252e-16,True
2023-07-10,Unconstrained,-0.385651845320591,-4.2490000000000006,-4.249,8.881784197001252e-16,True
2023-07-11,Unconstrained,-0.4079229989744954,-4.399000000000001,-4.399000000000001,0.0,True
2023-07-12,Unconstrained,-0.46973399177226516,-4.831999999999999,-4.831999999999999,0.0,True
2023-07-13,Unconstrained,-0.4481841569156791,-4.708000000000001,-4.708000000000001,0.0,True
2023-07-14,Unconstrained,-0.4891309295491616,-4.947999999999999,-4.9479999999999995,-8.881784197001252e-16,True
2023-07-17,Unconstrained,-0.36990653368125925,-4.224000000000001,-4.224000000000002,-8.881784197001252e-16,True
2023-07-18,Unconstrained,-0.3632293520530516,-4.186000000000002,-4.186000000000002,0.0,True
2023-07-19,Unconstrained,-0.35746259830519084,-4.125,-4.124999999999999,8.881784197001252e-16,True
2023-07-20,Unconstrained,-0.38220707056439684,-4.281999999999999,-4.281999999999999,0.0,True
2023-07-21,Unconstrained,-0.3752932408093293,-4.255000000000001,-4.255000000000001,0.0,True
2023-07-24,Unconstrained,-0.39591411471340204,-4.375,-4.374999999999999,8.881784197001252e-16,True
2023-07-25,Unconstrained,-0.37165963944646824,-4.218000000000001,-4.218000000000001,0.0,True
2023-07-26,Unconstrained,-0.3876540536159862,-4.358000000000001,-4.358000000000001,0.0,True
2023-07-27,Unconstrained,-0.47338158261817825,-4.793000000000001,-4.793000000000001,0.0,True
2023-07-28,Unconstrained,-0.3872024742989467,-4.347999999999999,-4.347999999999999,0.0,True
2023-07-31,Unconstrained,-0.4210328180244133,-4.547,-4.547,0.0,True
2023-08-01,Unconstrained,-0.3779793283517718,-4.257,-4.257,0.0,True
2023-08-02,Unconstrained,-0.45309215861487756,-4.575,-4.575,0.0,True
2023-08-03,Unconstrained,-0.4834880499039172,-4.7379999999999995,-4.7379999999999995,0.0,True
2023-08-04,Unconstrained,-0.6832346853461158,-5.334999999999999,-5.334999999999999,0.0,True
2023-08-07,Unconstrained,-0.5060595765767412,-4.853999999999999,-4.853999999999997,1.7763568394002505e-15,True
2023-08-08,Unconstrained,-0.3905292081581863,-4.230000000000001,-4.230000000000002,-8.881784197001252e-16,True
2023-08-09,Unconstrained,-0.3122102928522482,-3.7120000000000006,-3.712000000000001,-4.440892098500626e-16,True
2023-08-10,Unconstrained,-0.30421475681533167,-3.6580000000000013,-3.6580000000000004,8.881784197001252e-16,True
2023-08-11,Unconstrained,-0.28111292067384613,-3.5159999999999996,-3.5159999999999996,0.0,True
2023-08-14,Unconstrained,-0.30353145355603206,-3.6900000000000004,-3.69,4.440892098500626e-16,True
2023-08-15,Unconstrained,-0.30892699542347324,-3.6689999999999996,-3.6690000000000005,-8.881784197001252e-16,True
2023-08-16,Unconstrained,-0.2493699220389671,-3.2090000000000005,-3.2090000000000005,0.0,True
2023-08-17,Unconstrained,-0.2589374302912089,-3.250999999999999,-3.2509999999999994,-4.440892098500626e-16,True
2023-08-18,Unconstrained,-0.2866895153197378,-3.477000000000001,-3.4770000000000016,-4.440892098500626e-16,True
2023-08-21,Unconstrained,-0.2700419787678873,-3.3590000000000004,-3.3590000000000004,0.0,True
2023-08-22,Unconstrained,-0.27558116326576504,-3.406,-3.4060000000000006,-4.440892098500626e-16,True
2023-08-23,Unconstrained,-0.24347568631357938,-3.1819999999999995,-3.181999999999999,4.440892098500626e-16,True
2023-08-24,Unconstrained,-0.2558404537740319,-3.247999999999999,-3.247999999999998,8.881784197001252e-16,True
2023-08-25,Unconstrained,-0.24806827121213307,-3.227000000000001,-3.227000000000001,0.0,True
2023-08-28,Unconstrained,-0.2218984725090578,-3.0189999999999997,-3.0189999999999997,0.0,True
2023-08-29,Unconstrained,-0.2805189524776523,-3.522999999999999,-3.5229999999999997,-8.881784197001252e-16,True
2023-08-30,Unconstrained,-0.3712089485872632,-4.213999999999999,-4.213999999999999,0.0,True
2023-08-31,Unconstrained,-0.4080337361674026,-4.469999999999999,-4.469999999999998,8.881784197001252e-16,True
2023-09-01,Unconstrained,-0.397498470261308,-4.428,-4.428000000000001,-8.881784197001252e-16,True
2023-09-05,Unconstrained,-0.3360801298998435,-3.9620000000000006,-3.9620000000000015,-8.881784197001252e-16,True
2023-09-06,Unconstrained,-0.31478400135741486,-3.7879999999999994,-3.7879999999999985,8.881784197001252e-16,True
2023-09-07,Unconstrained,-0.28485327860963705,-3.559,-3.559,0.0,True
2023-09-08,Unconstrained,-0.3158085481157187,-3.8180000000000005,-3.8179999999999996,8.881784197001252e-16,True
2023-09-11,Unconstrained,-0.31601296931388057,-3.8210000000000006,-3.8210000000000006,0.0,True
2023-09-12,Unconstrained,-0.29254240621722094,-3.625,-3.6250000000000004,-4.440892098500626e-16,True
2023-09-13,Unconstrained,-0.3043379037515099,-3.7419999999999987,-3.7419999999999995,-8.881784197001252e-16,True
2023-09-14,Unconstrained,-0.39599257308006924,-4.4319999999999995,-4.4319999999999995,0.0,True
2023-09-15,Unconstrained,-0.38221266080804867,-4.291999999999999,-4.291999999999999,0.0,True
2023-09-18,Unconstrained,-0.3096041238413361,-3.7650000000000006,-3.7650000000000006,0.0,True
2023-09-19,Unconstrained,-0.30567001011988576,-3.7310000000000003,-3.7310000000000008,-4.440892098500626e-16,True
2023-09-20,Unconstrained,-0.2897638801554615,-3.5740000000000007,-3.5740000000000007,0.0,True
2023-09-21,Unconstrained,-0.3043325613657491,-3.594,-3.594,0.0,True
2023-09-22,Unconstrained,-0.32851201997488,-3.774000000000001,-3.7740000000000005,4.440892098500626e-16,True
2023-09-25,Unconstrained,-0.2621845683985829,-3.306,-3.3059999999999996,4.440892098500626e-16,True
2023-09-26,Unconstrained,-0.3184187169510689,-3.6300000000000012,-3.6300000000000012,0.0,True
2023-09-27,Unconstrained,-0.30017888370665213,-3.5379999999999994,-3.5379999999999994,0.0,True
2023-09-28,Unconstrained,-0.26947842901135877,-3.347999999999999,-3.347999999999999,0.0,True
2023-09-29,Unconstrained,-0.28406294065490656,-3.45,-3.45,0.0,True
2023-10-02,Unconstrained,-0.21575570747775216,-2.916999999999999,-2.916999999999999,0.0,True
2023-10-03,Unconstrained,-0.23028465161143002,-2.978,-2.978,0.0,True
2023-10-04,Unconstrained,-0.23766068869690582,-3.0680000000000005,-3.0680000000000005,0.0,True
2023-10-05,Unconstrained,-0.22546703036912108,-2.975,-2.975,0.0,True
2023-10-06,Unconstrained,-0.21764506171915782,-2.9360000000000013,-2.9360000000000017,-4.440892098500626e-16,True
2023-10-09,Unconstrained,-0.27320666174129016,-3.3639999999999985,-3.363999999999998,4.440892098500626e-16,True
2023-10-10,Unconstrained,-0.29084219731340355,-3.5169999999999986,-3.516999999999998,4.440892098500626e-16,True
2023-10-11,Unconstrained,-0.31979967636473144,-3.7610000000000015,-3.761000000000002,-4.440892098500626e-16,True
2023-10-12,Unconstrained,-0.3023532800896659,-3.6129999999999995,-3.6129999999999995,0.0,True
2023-10-13,Unconstrained,-0.46933929561711235,-4.4300000000000015,-4.430000000000002,-8.881784197001252e-16,True
2023-10-16,Unconstrained,-0.3317171435562981,-3.794999999999999,-3.7949999999999995,-4.440892098500626e-16,True
2023-10-17,Unconstrained,-0.3484524575189721,-3.872,-3.8720000000000008,-8.881784197001252e-16,True
2023-10-18,Unconstrained,-0.33297287018433497,-3.7099999999999995,-3.7099999999999986,8.881784197001252e-16,True
2023-10-19,Unconstrained,-0.3628796405146881,-3.772999999999999,-3.7729999999999997,-8.881784197001252e-16,True
2023-10-20,Unconstrained,-0.34799884251930113,-3.674000000000001,-3.674000000000001,0.0,True
2023-10-23,Unconstrained,-0.2915040591944627,-3.3919999999999986,-3.3919999999999986,0.0,True
2023-10-24,Unconstrained,-0.26268330175274374,-3.2439999999999998,-3.2439999999999998,0.0,True
2023-10-25,Unconstrained,-0.2665292984839281,-3.228999999999999,-3.228999999999999,0.0,True
2023-10-26,Unconstrained,-0.2852620618474224,-3.3379999999999996,-3.3379999999999983,1.3322676295501878e-15,True
2023-10-27,Unconstrained,-0.2791724277300792,-3.274000000000001,-3.2740000000000014,-4.440892098500626e-16,True
2023-10-30,Unconstrained,-0.23480466392266203,-3.0129999999999995,-3.012999999999999,4.440892098500626e-16,True
2023-10-31,Unconstrained,-0.20545586337095245,-2.8210000000000006,-2.821000000000001,-4.440892098500626e-16,True
2023-11-01,Unconstrained,-0.22170245130771774,-2.9819999999999993,-2.9819999999999993,0.0,True
2023-11-02,Unconstrained,-0.26698691676023023,-3.3800000000000012,-3.3800000000000012,0.0,True
2023-11-03,Unconstrained,-0.3481337989524262,-4.009,-4.009000000000001,-8.881784197001252e-16,True
2023-11-06,Unconstrained,-0.3171405652486326,-3.788999999999999,-3.7889999999999975,1.3322676295501878e-15,True
2023-11-07,Unconstrained,-0.33933144740730736,-3.952000000000001,-3.9519999999999995,1.3322676295501878e-15,True
2023-11-08,Unconstrained,-0.33566439793018477,-3.941,-3.940999999999999,8.881784197001252e-16,True
2023-11-09,Unconstrained,-0.3388411964772167,-3.928,-3.928000000000001,-8.881784197001252e-16,True
2023-11-10,Unconstrained,-0.33962521136861035,-3.9810000000000003,-3.981,4.440892098500626e-16,True
2023-11-13,Unconstrained,-0.2821976027841913,-3.527000000000001,-3.527000000000001,0.0,True
2023-11-14,Unconstrained,-0.32003123399101335,-3.8379999999999996,-3.838,-4.440892098500626e-16,True
2023-11-15,Unconstrained,-0.3861259293419247,-4.297999999999999,-4.297999999999999,0.0,True
2023-11-16,Unconstrained,-0.6270588548820459,-5.4449999999999985,-5.4449999999999985,0.0,True
2023-11-17,Unconstrained,-0.44674478226864184,-4.688,-4.6880000000000015,-1.7763568394002505e-15,True
2023-11-20,Unconstrained,-0.39236914860789956,-4.378,-4.378,0.0,True
2023-11-21,Unconstrained,-0.3486130565227923,-4.080000000000001,-4.080000000000002,-8.881784197001252e-16,True
2023-11-22,Unconstrained,-0.35605928662815844,-4.155000000000001,-4.155000000000002,-8.881784197001252e-16,True
2023-11-24,Unconstrained,-0.3965407553172798,-4.453999999999999,-4.453999999999999,0.0,True
2023-11-27,Unconstrained,-0.3641642927755131,-4.219999999999999,-4.219999999999999,0.0,True
2023-11-28,Unconstrained,-0.3709665327264693,-4.268000000000001,-4.268000000000001,0.0,True
2023-11-29,Unconstrained,-0.33325961569430124,-3.9819999999999993,-3.9819999999999998,-4.440892098500626e-16,True
2023-11-30,Unconstrained,-0.34764416022851813,-4.090999999999999,-4.090999999999999,0.0,True
2023-12-01,Unconstrained,-0.3086086998950956,-3.8039999999999994,-3.8039999999999994,0.0,True
2023-12-04,Unconstrained,-0.285577248518951,-3.603999999999999,-3.603999999999999,0.0,True
2023-12-05,Unconstrained,-0.26948533025599963,-3.475999999999999,-3.4759999999999995,-4.440892098500626e-16,True
2023-12-06,Unconstrained,-0.24369535712975998,-3.25,-3.2499999999999996,4.440892098500626e-16,True
2023-12-07,Unconstrained,-0.22533163561922803,-3.0840000000000005,-3.0840000000000014,-8.881784197001252e-16,True
2023-12-08,Unconstrained,-0.2604111915709096,-3.4099999999999993,-3.41,-8.881784197001252e-16,True
2023-12-11,Unconstrained,-0.34588063778289235,-4.090000000000001,-4.090000000000001,0.0,True
2023-12-12,Unconstrained,-0.46191504810505574,-4.883000000000001,-4.883,8.881784197001252e-16,True
2023-12-13,Unconstrained,-0.5232621550628974,-5.202000000000001,-5.201999999999999,1.7763568394002505e-15,True
2023-12-14,Unconstrained,-0.8361719310463672,-6.2509999999999994,-6.250999999999998,1.7763568394002505e-15,True
2023-12-15,Unconstrained,-0.551102410303582,-5.325999999999999,-5.325999999999998,8.881784197001252e-16,True
2023-12-18,Unconstrained,-0.32514209251435233,-3.9360000000000013,-3.9360000000000017,-4.440892098500626e-16,True
2023-12-19,Unconstrained,-0.25037722331466933,-3.3180000000000005,-3.318,4.440892098500626e-16,True
2023-12-20,Unconstrained,-0.29801000674014677,-3.6860000000000013,-3.6860000000000017,-4.440892098500626e-16,True
2023-12-21,Unconstrained,-0.31491186887481004,-3.8180000000000005,-3.817999999999999,1.3322676295501878e-15,True
2023-12-22,Unconstrained,-0.2664820651498157,-3.4460000000000006,-3.446000000000001,-4.440892098500626e-16,True
2023-12-26,Unconstrained,-0.2810209184496537,-3.569,-3.569,0.0,True
2023-12-27,Unconstrained,-0.2785917689335954,-3.5639999999999987,-3.563999999999997,1.7763568394002505e-15,True
2023-12-28,Unconstrained,-0.29386962452709675,-3.6900000000000004,-3.690000000000001,-4.440892098500626e-16,True
2023-12-29,Unconstrained,-0.307986255783228,-3.805000000000001,-3.8050000000000006,4.440892098500626e-16,True
2024-01-02,Unconstrained,-0.27102323668242273,-3.4800000000000013,-3.4800000000000004,8.881784197001252e-16,True
2024-01-03,Unconstrained,-0.26680785041402855,-3.422999999999999,-3.4229999999999996,-4.440892098500626e-16,True
2024-01-04,Unconstrained,-0.29659762027267317,-3.6599999999999993,-3.6599999999999997,-4.440892098500626e-16,True
2024-01-05,Unconstrained,-0.2466352456332885,-3.2680000000000007,-3.2680000000000002,4.440892098500626e-16,True
2024-01-08,Unconstrained,-0.29803471645743257,-3.705000000000001,-3.7050000000000005,4.440892098500626e-16,True
2024-01-09,Unconstrained,-0.34728464345814225,-4.094999999999999,-4.094999999999998,8.881784197001252e-16,True
2024-01-10,Unconstrained,-0.30085591950789575,-3.7400000000000007,-3.7399999999999998,8.881784197001252e-16,True
2024-01-11,Unconstrained,-0.33763984702108474,-4.036000000000001,-4.036000000000002,-8.881784197001252e-16,True
2024-01-12,Unconstrained,-0.3874574044948046,-4.381,-4.381000000000001,-8.881784197001252e-16,True
2024-01-16,Unconstrained,-0.33953607487826737,-3.9939999999999998,-3.994,-4.440892098500626e-16,True
2024-01-17,Unconstrained,-0.47512744601780366,-4.775999999999999,-4.776,-8.881784197001252e-16,True
2024-01-18,Unconstrained,-0.4739590883577018,-4.815,-4.815,0.0,True
2024-01-19,Unconstrained,-0.45675944449092465,-4.775999999999999,-4.775999999999999,0.0,True
2024-01-22,Unconstrained,-0.42576738561343225,-4.600999999999999,-4.600999999999997,1.7763568394002505e-15,True
2024-01-23,Unconstrained,-0.4548285252822475,-4.812,-4.812000000000001,-8.881784197001252e-16,True
2024-01-24,Unconstrained,-0.5014790401308941,-5.025,-5.0249999999999995,8.881784197001252e-16,True
2024-01-25,Unconstrained,-0.5681580894782636,-5.3050000000000015,-5.3050000000000015,0.0,True
2024-01-26,Unconstrained,-0.5261746567105395,-5.136000000000001,-5.136000000000001,0.0,True
2024-01-29,Unconstrained,-0.48390643587257626,-4.9030000000000005,-4.9030000000000005,0.0,True
2024-01-30,Unconstrained,-0.47451124658603167,-4.872999999999999,-4.873,-8.881784197001252e-16,True
2024-01-31,Unconstrained,-0.5191774142687023,-5.021000000000001,-5.021000000000001,0.0,True
2024-02-01,Unconstrained,-0.8159986622975368,-6.008000000000001,-6.007999999999999,1.7763568394002505e-15,True
2024-02-02,Unconstrained,-0.8120165479964511,-6.002000000000001,-6.002,8.881784197001252e-16,True
2024-02-05,Unconstrained,-0.640170510824198,-5.549000000000001,-5.549000000000002,-8.881784197001252e-16,True
2024-02-06,Unconstrained,-0.5551525653157606,-5.281999999999999,-5.282,-8.881784197001252e-16,True
2024-02-07,Unconstrained,-0.5204485556836084,-5.141,-5.141,0.0,True
2024-02-08,Unconstrained,-0.4987689257244391,-5.036000000000001,-5.0360000000000005,8.881784197001252e-16,True
2024-02-09,Unconstrained,-0.6525490469761378,-5.662000000000001,-5.662000000000002,-8.881784197001252e-16,True
2024-02-12,Unconstrained,-0.5718820485800603,-5.280000000000001,-5.280000000000002,-8.881784197001252e-16,True
2024-02-13,Unconstrained,-0.9913703923259913,-7.052000000000001,-7.0520000000000005,8.881784197001252e-16,True
2024-02-14,Unconstrained,-0.8591453387537263,-6.040000000000001,-6.04,8.881784197001252e-16,True
2024-02-15,Unconstrained,-0.4869082394748633,-4.890000000000001,-4.890000000000001,0.0,True
2024-02-16,Unconstrained,-0.3810652885549219,-4.2620000000000005,-4.262000000000001,-8.881784197001252e-16,True
2024-02-20,Unconstrained,-0.37215325612152644,-4.144999999999999,-4.144999999999998,8.881784197001252e-16,True
2024-02-21,Unconstrained,-0.39163116676980564,-4.272,-4.272000000000001,-8.881784197001252e-16,True
2024-02-22,Unconstrained,-0.4377163005274095,-4.590999999999999,-4.590999999999999,0.0,True
2024-02-23,Unconstrained,-0.3985069955082455,-4.4,-4.4,0.0,True
2024-02-26,Unconstrained,-0.3922084312744931,-4.359999999999999,-4.360000000000001,-1.7763568394002505e-15,True
2024-02-27,Unconstrained,-0.44990402904846727,-4.728999999999999,-4.728999999999998,8.881784197001252e-16,True
2024-02-28,Unconstrained,-0.4883103899968008,-4.909000000000001,-4.9090000000000025,-1.7763568394002505e-15,True
2024-02-29,Unconstrained,-0.49680759048195794,-4.983000000000001,-4.9830000000000005,8.881784197001252e-16,True
2024-03-01,Unconstrained,-0.504442866137497,-5.041999999999999,-5.042,-8.881784197001252e-16,True
2024-03-04,Unconstrained,-0.42747211292077436,-4.593999999999999,-4.594,-8.881784197001252e-16,True
2024-03-05,Unconstrained,-0.4194917105116447,-4.49,-4.49,0.0,True
2024-03-06,Unconstrained,-0.399155713943965,-4.363999999999999,-4.363999999999999,0.0,True
2024-03-07,Unconstrained,-0.38757689067904133,-4.294,-4.294,0.0,True
2024-03-08,Unconstrained,-0.36301106271613437,-4.118,-4.118000000000001,-8.881784197001252e-16,True
2024-03-11,Unconstrained,-0.3834072654390246,-4.227000000000001,-4.227,8.881784197001252e-16,True
2024-03-12,Unconstrained,-0.37225832493018035,-4.222999999999999,-4.222999999999999,0.0,True
2024-03-13,Unconstrained,-0.4011771535648096,-4.416999999999999,-4.417,-8.881784197001252e-16,True
2024-03-14,Unconstrained,-0.40327214038281534,-4.394999999999999,-4.395,-8.881784197001252e-16,True
2024-03-15,Unconstrained,-0.3285251059588068,-3.8909999999999996,-3.891,-4.440892098500626e-16,True
2024-03-18,Unconstrained,-0.34281168743481855,-3.997,-3.9969999999999994,4.440892098500626e-16,True
2024-03-19,Unconstrained,-0.3630381478207496,-4.161000000000001,-4.161000000000002,-8.881784197001252e-16,True
2024-03-20,Unconstrained,-0.3521956248980517,-4.119,-4.118999999999999,8.881784197001252e-16,True
2024-03-21,Unconstrained,-0.5806574041040096,-5.4,-5.4,0.0,True
2024-03-22,Unconstrained,-0.6332599489173592,-5.5840000000000005,-5.5840000000000005,0.0,True
2024-03-25,Unconstrained,-0.530189044807034,-5.159999999999999,-5.160000000000001,-1.7763568394002505e-15,True
2024-03-26,Unconstrained,-0.6935062545166708,-5.76,-5.760000000000001,-8.881784197001252e-16,True
2024-03-27,Unconstrained,-0.6626704390695474,-5.711000000000001,-5.711000000000001,0.0,True
2024-03-28,Unconstrained,-0.6207036206025914,-5.544,-5.5440000000000005,-8.881784197001252e-16,True
2024-04-01,Unconstrained,-0.43562790098098003,-4.633000000000001,-4.633000000000001,0.0,True
2024-04-02,Unconstrained,-0.3765518091290782,-4.213999999999999,-4.213999999999999,0.0,True
2024-04-03,Unconstrained,-0.32278480358339334,-3.852000000000001,-3.852000000000001,0.0,True
2024-04-04,Unconstrained,-0.3970459457030213,-4.2490000000000006,-4.249,8.881784197001252e-16,True
2024-04-05,Unconstrained,-0.39654840178918976,-4.2639999999999985,-4.263999999999998,8.881784197001252e-16,True
2024-04-08,Unconstrained,-0.3579656856943268,-4.063,-4.063,0.0,True
2024-04-09,Unconstrained,-0.33694808522098846,-3.928,-3.928,0.0,True
2024-04-10,Unconstrained,-0.3519059428399803,-3.9939999999999998,-3.9939999999999998,0.0,True
2024-04-11,Unconstrained,-0.29423479405161984,-3.6159999999999997,-3.6160000000000014,-1.7763568394002505e-15,True
2024-04-12,Unconstrained,-0.4035148350932769,-4.231,-4.231000000000001,-8.881784197001252e-16,True
2024-04-15,Unconstrained,-0.3430758085858954,-3.772,-3.7720000000000007,-8.881784197001252e-16,True
2024-04-16,Unconstrained,-0.30444527366085955,-3.5599999999999996,-3.559999999999999,4.440892098500626e-16,True
2024-04-17,Unconstrained,-0.28587558975963895,-3.4379999999999997,-3.438,-4.440892098500626e-16,True
2024-04-18,Unconstrained,-0.2500576445489239,-3.180000000000001,-3.1800000000000006,4.440892098500626e-16,True
2024-04-19,Unconstrained,-0.2747081674380475,-3.3400000000000007,-3.3400000000000007,0.0,True
2024-04-22,Unconstrained,-0.24475299245522014,-3.1680000000000006,-3.168,4.440892098500626e-16,True
2024-04-23,Unconstrained,-0.29045638470386587,-3.5610000000000013,-3.5610000000000017,-4.440892098500626e-16,True
2024-04-24,Unconstrained,-0.28444445759844267,-3.5060000000000002,-3.5060000000000007,-4.440892098500626e-16,True
2024-04-25,Unconstrained,-0.2694619736668064,-3.4080000000000013,-3.408000000000001,4.440892098500626e-16,True
2024-04-26,Unconstrained,-0.3602779030423918,-4.086000000000001,-4.086000000000001,0.0,True
2024-04-29,Unconstrained,-0.3215739356337004,-3.830000000000001,-3.83,8.881784197001252e-16,True
2024-04-30,Unconstrained,-0.24956519313974318,-3.2400000000000007,-3.2400000000000015,-8.881784197001252e-16,True
2024-05-01,Unconstrained,-0.2604224575539039,-3.3349999999999995,-3.334999999999999,4.440892098500626e-16,True
2024-05-02,Unconstrained,-0.24345055335711985,-3.2120000000000006,-3.212,4.440892098500626e-16,True
2024-05-03,Unconstrained,-0.2765245919118403,-3.5180000000000007,-3.5180000000000007,0.0,True
2024-05-06,Unconstrained,-0.2176979158100621,-3.0080000000000013,-3.0080000000000013,0.0,True
2024-05-07,Unconstrained,-0.2574357471765778,-3.3639999999999985,-3.363999999999999,-4.440892098500626e-16,True
2024-05-08,Unconstrained,-0.2522080885997644,-3.3240000000000007,-3.324000000000001,-4.440892098500626e-16,True
2024-05-09,Unconstrained,-0.28930893726705553,-3.646000000000001,-3.6460000000000017,-8.881784197001252e-16,True
2024-05-10,Unconstrained,-0.2990736046038489,-3.7300000000000013,-3.730000000000002,-8.881784197001252e-16,True
2024-05-13,Unconstrained,-0.33423971755160453,-3.9650000000000007,-3.9650000000000016,-8.881784197001252e-16,True
2024-05-14,Unconstrained,-0.34047336321350474,-4.018000000000001,-4.018000000000001,0.0,True
2024-05-15,Unconstrained,-0.3414122178120218,-4.063999999999998,-4.063999999999998,0.0,True
2024-05-16,Unconstrained,-0.44884758835883143,-4.784999999999999,-4.785,-8.881784197001252e-16,True
2024-05-17,Unconstrained,-0.3716654130657624,-4.3050000000000015,-4.3050000000000015,0.0,True
2024-05-20,Unconstrained,-0.39420962805500726,-4.453999999999999,-4.453999999999999,0.0,True
2024-05-21,Unconstrained,-0.47162388221992163,-4.952000000000001,-4.952,8.881784197001252e-16,True
2024-05-22,Unconstrained,-0.4879995537573905,-5.0139999999999985,-5.013999999999998,8.881784197001252e-16,True
2024-05-23,Unconstrained,-0.561568380322196,-5.333000000000001,-5.333000000000002,-8.881784197001252e-16,True
2024-05-24,Unconstrained,-0.605844206495203,-5.586000000000001,-5.586,8.881784197001252e-16,True
2024-05-28,Unconstrained,-0.5393850882675741,-5.222999999999999,-5.222999999999999,0.0,True
2024-05-29,Unconstrained,-0.5543818954402258,-5.1800000000000015,-5.180000000000001,8.881784197001252e-16,True
2024-05-30,Unconstrained,-0.4494544037772193,-4.661000000000001,-4.661000000000001,0.0,True
2024-05-31,Unconstrained,-0.4585210909502721,-4.81,-4.809999999999999,8.881784197001252e-16,True
2024-06-03,Unconstrained,-0.32321217609827824,-3.900999999999999,-3.9009999999999985,4.440892098500626e-16,True
2024-06-04,Unconstrained,-0.31267625794462905,-3.8180000000000005,-3.818000000000002,-1.3322676295501878e-15,True
2024-06-05,Unconstrained,-0.35269000357254465,-4.140000000000001,-4.14,8.881784197001252e-16,True
2024-06-06,Unconstrained,-0.33597945037089405,-4.018000000000001,-4.017999999999999,1.7763568394002505e-15,True
2024-06-07,Unconstrained,-0.3267614703113864,-3.961000000000001,-3.961000000000002,-8.881784197001252e-16,True
2024-06-10,Unconstrained,-0.3555404401434264,-4.156000000000001,-4.156,8.881784197001252e-16,True
2024-06-11,Unconstrained,-0.402023210015029,-4.469999999999999,-4.469999999999999,0.0,True
2024-06-12,Unconstrained,-0.49453703768979024,-5.066,-5.065999999999998,1.7763568394002505e-15,True
2024-06-13,Unconstrained,-0.8007200880164058,-6.225,-6.225,0.0,True
2024-06-14,Unconstrained,-0.6321643908840525,-5.618,-5.617999999999999,8.881784197001252e-16,True
2024-06-17,Unconstrained,-0.5732714325148331,-5.384,-5.384000000000001,-8.881784197001252e-16,True
2024-06-18,Unconstrained,-0.37154786129848033,-4.290000000000001,-4.29,8.881784197001252e-16,True
2024-06-20,Unconstrained,-0.4717334871349237,-4.859999999999999,-4.86,-8.881784197001252e-16,True
2024-06-21,Unconstrained,-0.5344822927525947,-5.178999999999999,-5.179,-8.881784197001252e-16,True
2024-06-24,Unconstrained,-0.4460382980353011,-4.712999999999999,-4.712999999999999,0.0,True
2024-06-25,Unconstrained,-0.4328028787853254,-4.663999999999999,-4.664,-8.881784197001252e-16,True
2024-06-26,Unconstrained,-0.38169022291713894,-4.349000000000001,-4.349,8.881784197001252e-16,True
2024-06-27,Unconstrained,-0.3734218202606356,-4.306,-4.306,0.0,True
2024-06-28,Unconstrained,-0.35693457093542086,-4.178999999999999,-4.179,-8.881784197001252e-16,True
2024-07-01,Unconstrained,-0.4141306325912763,-4.581999999999999,-4.582,-8.881784197001252e-16,True
2024-07-02,Unconstrained,-0.43363273592827223,-4.715999999999999,-4.715999999999999,0.0,True
2024-07-03,Unconstrained,-0.4621328750308548,-4.883000000000001,-4.883,8.881784197001252e-16,True
2024-07-05,Unconstrained,-0.4915597711446041,-5.019999999999999,-5.019999999999999,0.0,True
2024-07-08,Unconstrained,-0.45998264913621506,-4.853,-4.852999999999999,8.881784197001252e-16,True
2024-07-09,Unconstrained,-0.5092212317284085,-5.109,-5.109000000000001,-8.881784197001252e-16,True
2024-07-10,Unconstrained,-0.6603025330411475,-5.696000000000001,-5.696,8.881784197001252e-16,True
2024-07-11,Unconstrained,-0.5393850882675741,-5.222999999999999,-5.222999999999999,0.0,True
2024-07-12,Unconstrained,-0.5039857974785865,-5.086000000000001,-5.086000000000001,0.0,True
2024-07-15,Unconstrained,-0.44847621216889194,-4.74,-4.739999999999999,8.881784197001252e-16,True
2024-07-16,Unconstrained,-0.5286815154017624,-5.1530000000000005,-5.153,8.881784197001252e-16,True
2024-07-17,Unconstrained,-0.44559753974868005,-4.6389999999999985,-4.638999999999998,8.881784197001252e-16,True
2024-07-18,Unconstrained,-0.5723506781357685,-5.112,-5.111999999999999,8.881784197001252e-16,True
2024-07-19,Unconstrained,-0.484359810189687,-4.699000000000001,-4.699,8.881784197001252e-16,True
2024-07-22,Unconstrained,-0.3672326810735351,-4.138,-4.137999999999999,8.881784197001252e-16,True
2024-07-23,Unconstrained,-0.3043881953997262,-3.7,-3.7,0.0,True
2024-07-24,Unconstrained,-0.32057687803854973,-3.684,-3.684000000000001,-8.881784197001252e-16,True
2024-07-25,Unconstrained,-0.28422541801208456,-3.416999999999999,-3.4169999999999985,4.440892098500626e-16,True
2024-07-26,Unconstrained,-0.24361537952309142,-3.172999999999999,-3.1729999999999987,4.440892098500626e-16,True
2024-07-29,Unconstrained,-0.21049086033805928,-2.8930000000000007,-2.893000000000001,-4.440892098500626e-16,True
2024-07-30,Unconstrained,-0.19373899098638656,-2.7310000000000003,-2.7310000000000008,-4.440892098500626e-16,True
2024-07-31,Unconstrained,-0.3083852423941463,-3.6689999999999996,-3.668999999999999,4.440892098500626e-16,True
2024-08-01,Unconstrained,-0.258142699994354,-3.222999999999999,-3.2229999999999985,4.440892098500626e-16,True
2024-08-02,Unconstrained,-0.426013004258467,-3.9650000000000007,-3.965,8.881784197001252e-16,True
2024-08-05,Unconstrained,-0.9945306925165008,-4.530000000000001,-4.281479774562006,0.24852022543799546,True
2024-08-06,Unconstrained,-0.7534003382524138,-4.543000000000001,-4.543000000000002,-8.881784197001252e-16,True
2024-08-07,Unconstrained,-0.8339806919944233,-4.636000000000001,-4.636,8.881784197001252e-16,True
2024-08-08,Unconstrained,-0.6881318134159646,-4.737,-4.736999999999999,8.881784197001252e-16,True
2024-08-09,Unconstrained,-0.4925914422305952,-4.452000000000001,-4.452000000000002,-8.881784197001252e-16,True
2024-08-12,Unconstrained,-0.4146587603157656,-4.081999999999999,-4.081999999999999,0.0,True
2024-08-13,Unconstrained,-0.44259346042439973,-4.3870000000000005,-4.387000000000001,-8.881784197001252e-16,True
2024-08-14,Unconstrained,-0.3844229272017121,-4.1819999999999995,-4.181999999999998,1.7763568394002505e-15,True
2024-08-15,Unconstrained,-0.40442607471819153,-4.356,-4.356,0.0,True
2024-08-16,Unconstrained,-0.3843877316088554,-4.255000000000001,-4.255000000000001,0.0,True
2024-08-19,Unconstrained,-0.36715472945602784,-4.15,-4.15,0.0,True
2024-08-20,Unconstrained,-0.4602840540678395,-4.6259999999999994,-4.626,-8.881784197001252e-16,True
2024-08-21,Unconstrained,-0.5418645670319769,-4.966999999999999,-4.966999999999998,8.881784197001252e-16,True
2024-08-22,Unconstrained,-0.7418471326988832,-5.4159999999999995,-5.4159999999999995,0.0,True
2024-08-23,Unconstrained,-0.659223312874752,-5.394999999999999,-5.394999999999999,0.0,True
2024-08-26,Unconstrained,-0.5883784585299895,-5.15,-5.150000000000001,-8.881784197001252e-16,True
2024-08-27,Unconstrained,-0.580004607735668,-5.183000000000002,-5.183000000000001,8.881784197001252e-16,True
2024-08-28,Unconstrained,-0.6208257676758964,-5.168000000000001,-5.168,8.881784197001252e-16,True
2024-08-29,Unconstrained,-0.6204681382240138,-5.300999999999999,-5.300999999999999,0.0,True
2024-08-30,Unconstrained,-0.8314877452441355,-5.9,-5.9,0.0,True
2024-09-03,Unconstrained,-0.9745774010188816,-6.359999999999999,-5.561508664549607,0.7984913354503922,True
2024-09-04,Unconstrained,-0.9776201572910619,-6.090000000000001,-5.505742290342075,0.5842577096579253,True
2024-09-05,Unconstrained,-0.9669310865824498,-5.671000000000001,-5.670999999999999,1.7763568394002505e-15,True
2024-09-06,Unconstrained,-0.7103612153324526,-4.897999999999999,-4.897999999999997,1.7763568394002505e-15,True
2024-09-09,Unconstrained,-0.3903812185865783,-4.033000000000001,-4.033000000000001,0.0,True
2024-09-10,Unconstrained,-0.3761507110428508,-3.975,-3.9750000000000005,-4.440892098500626e-16,True
2024-09-11,Unconstrained,-0.3631776668563468,-3.972999999999999,-3.973,-8.881784197001252e-16,True
2024-09-12,Unconstrained,-0.4691608595577232,-4.587999999999999,-4.587999999999998,8.881784197001252e-16,True
2024-09-13,Unconstrained,-0.5562695115248827,-4.9990000000000006,-4.9990000000000006,0.0,True
2024-09-16,Unconstrained,-0.6387981714897919,-5.216999999999999,-5.216999999999999,0.0,True
2024-09-17,Unconstrained,-0.9132038642426011,-5.754,-5.753999999999999,8.881784197001252e-16,True
2024-09-18,Unconstrained,-0.9923361161459152,-6.741999999999999,-6.355275894937389,0.38672410506261023,True
2024-09-19,Unconstrained,-0.9673658061605466,-7.172,-6.1196081028144995,1.0523918971855002,True
2024-09-20,Unconstrained,-0.9849081105305809,-6.575,-6.2493273970443886,0.3256726029556116,True
2024-09-23,Unconstrained,-0.9836072014035759,-6.56,-6.5600000000000005,-8.881784197001252e-16,True
2024-09-24,Unconstrained,-0.9455968638831728,-6.241,-6.2410000000000005,-8.881784197001252e-16,True
2024-09-25,Unconstrained,-0.9087051724243357,-6.047999999999999,-6.047999999999998,8.881784197001252e-16,True
2024-09-26,Unconstrained,-0.8377036857282113,-5.866999999999999,-5.866999999999998,8.881784197001252e-16,True
2024-09-27,Unconstrained,-0.9595538502246906,-6.099000000000001,-5.967793895480191,0.1312061045198103,True
2024-09-30,Unconstrained,-0.7084334964594291,-5.4300000000000015,-5.430000000000002,-8.881784197001252e-16,True
2024-10-01,Unconstrained,-0.9731826328936443,-5.859,-5.858999999999999,8.881784197001252e-16,True
2024-10-02,Unconstrained,-0.9821792126228245,-6.15,-6.15,0.0,True
2024-10-03,Unconstrained,-0.975531435787142,-6.2780000000000005,-5.598005994153971,0.6799940058460292,True
2024-10-04,Unconstrained,-0.940286189885741,-5.643000000000001,-5.642999999999997,3.552713678800501e-15,True
2024-10-07,Unconstrained,-0.9847197366399235,-5.5569999999999995,-5.556999999999999,8.881784197001252e-16,True
2024-10-08,Unconstrained,-0.979140234081756,-5.628,-5.502931767756311,0.1250682322436889,True
2024-10-09,Unconstrained,-0.9745621613826239,-5.6930000000000005,-5.543621087964217,0.14937891203578335,True
2024-10-10,Unconstrained,-0.931965884066006,-5.409000000000001,-5.408999999999999,1.7763568394002505e-15,True
2024-10-11,Unconstrained,-0.9757519040571064,-5.9430000000000005,-5.603549188597953,0.33945081140204714,True
2024-10-14,Unconstrained,-0.8076506118270806,-5.308000000000002,-5.308000000000001,8.881784197001252e-16,True
2024-10-15,Unconstrained,-0.9747717177496402,-5.968999999999999,-5.57311378251764,0.3958862174823592,True
2024-10-16,Unconstrained,-0.9894809566953381,-6.185,-6.184999999999999,8.881784197001252e-16,True
2024-10-17,Unconstrained,-0.9895393461948915,-6.581999999999999,-6.581999999999997,1.7763568394002505e-15,True
2024-10-18,Unconstrained,-0.8443058896958354,-5.5550000000000015,-5.555,1.7763568394002505e-15,True
2024-10-21,Unconstrained,-0.6365821354248619,-5.0969999999999995,-5.0969999999999995,0.0,True
2024-10-22,Unconstrained,-0.5085741139898111,-4.6800000000000015,-4.680000000000002,-8.881784197001252e-16,True
2024-10-23,Unconstrained,-0.5338570246529087,-4.697,-4.697,0.0,True
2024-10-24,Unconstrained,-0.4747572873417353,-4.471000000000001,-4.471000000000002,-8.881784197001252e-16,True
2024-10-25,Unconstrained,-0.6251352019525095,-4.891,-4.891,0.0,True
2024-10-28,Unconstrained,-0.5926815144215364,-4.846000000000001,-4.846000000000001,0.0,True
2024-10-29,Unconstrained,-0.6629523464424608,-5.074000000000001,-5.074000000000002,-8.881784197001252e-16,True
2024-10-30,Unconstrained,-0.8712324778927333,-5.344999999999999,-5.344999999999999,0.0,True
2024-10-31,Unconstrained,-0.9431952446619282,-5.206999999999999,-5.206999999999995,3.552713678800501e-15,True
2024-11-01,Unconstrained,-0.5906505648600264,-4.6659999999999995,-4.666,-8.881784197001252e-16,True
2024-11-04,Unconstrained,-0.6902994336731342,-4.894999999999999,-4.894999999999998,8.881784197001252e-16,True
2024-11-05,Unconstrained,-0.8337044438769576,-5.268000000000001,-5.268000000000002,-8.881784197001252e-16,True
2024-11-06,Unconstrained,-0.5048648796579195,-4.811000000000002,-4.811000000000001,8.881784197001252e-16,True
2024-11-07,Unconstrained,-0.5824935222476832,-5.212000000000001,-5.212000000000001,0.0,True
2024-11-08,Unconstrained,-0.5323600481030091,-5.034000000000001,-5.0340000000000025,-1.7763568394002505e-15,True
2024-11-11,Unconstrained,-0.35187881334760385,-4.031999999999999,-4.032,-8.881784197001252e-16,True
2024-11-12,Unconstrained,-0.36758748882822134,-4.15,-4.150000000000001,-8.881784197001252e-16,True
2024-11-13,Unconstrained,-0.38396012644197,-4.291999999999999,-4.291999999999999,0.0,True
2024-11-14,Unconstrained,-0.47303822814860264,-4.797999999999999,-4.798,-8.881784197001252e-16,True
2024-11-15,Unconstrained,-0.5362839348773967,-4.955000000000001,-4.955000000000001,0.0,True
2024-11-18,Unconstrained,-0.47749916937992926,-4.733000000000001,-4.733000000000002,-8.881784197001252e-16,True
2024-11-19,Unconstrained,-0.5382344178680158,-4.946000000000001,-4.946,8.881784197001252e-16,True
2024-11-20,Unconstrained,-0.6711446917979363,-5.3,-5.3,0.0,True
2024-11-21,Unconstrained,-0.7832779874793878,-5.572,-5.572,0.0,True
2024-11-22,Unconstrained,-0.9318384696411187,-6.163999999999999,-6.163999999999999,0.0,True
2024-11-25,Unconstrained,-0.9719728044293793,-6.728,-6.728,0.0,True
2024-11-26,Unconstrained,-0.9779617736434086,-6.622999999999999,-6.622999999999999,0.0,True
2024-11-27,Unconstrained,-0.9847607990245166,-6.794,-6.677712467849559,0.11628753215044085,True
2024-12-02,Unconstrained,-0.9486762614068057,-7.065,-6.3774565544933495,0.6875434455066509,True
2024-12-03,Unconstrained,-0.9480438186283847,-7.022999999999999,-6.379969636850981,0.643030363149018,True
2024-12-04,Unconstrained,-0.9508890897414345,-7.244999999999999,-6.373735001905641,0.8712649980943583,True
2024-12-05,Unconstrained,-0.9533098792652133,-7.393000000000001,-6.374638842861418,1.0183611571385827,True
2024-12-06,Unconstrained,-0.9287458911176824,-6.8050000000000015,-6.446834033763647,0.35816596623635455,True
2024-12-09,Unconstrained,-0.938807278571726,-6.313999999999998,-6.313999999999998,0.0,True
2024-12-10,Unconstrained,-0.964967802174619,-6.5120000000000005,-6.512000000000001,-8.881784197001252e-16,True
2024-12-11,Unconstrained,-0.9546013423383718,-6.906000000000001,-6.376400769977624,0.5295992300223764,True
2024-12-12,Unconstrained,-0.9742665272541716,-6.743,-6.465031941035428,0.27796805896457233,True
2024-12-13,Unconstrained,-0.965944053551852,-6.991,-6.412940258865437,0.5780597411345623,True
2024-12-16,Unconstrained,-0.9698035276364873,-6.678999999999999,-6.679,-8.881784197001252e-16,True
2024-12-17,Unconstrained,-0.99420749360841,-7.303999999999999,-7.303999999999994,5.329070518200751e-15,True
2024-12-18,Unconstrained,-0.9853608141154798,-6.891999999999999,-4.938426030548646,1.9535739694513525,True
2024-12-19,Unconstrained,-0.9834472776522711,-6.31,-5.237250203344435,1.0727497966555646,True
2024-12-20,Unconstrained,-0.9818165288570493,-6.121,-6.121,0.0,True
2024-12-23,Unconstrained,-0.9602935626086283,-7.065,-6.00092538944273,1.0640746105572703,True
2024-12-24,Unconstrained,-0.9911465816062788,-8.009,-7.174606425412796,0.834393574587204,True
2024-12-26,Unconstrained,-0.9840800595631548,-7.372,-7.372000000000005,-5.329070518200751e-15,True
2024-12-27,Unconstrained,-0.9917510232433479,-6.791999999999999,-6.791999999999996,2.6645352591003757e-15,True
2024-12-30,Unconstrained,-0.9618263462290263,-6.108000000000001,-5.908784945208409,0.1992150547915923,True
2024-12-31,Unconstrained,-0.9612462409210616,-6.9159999999999995,-5.913964313862925,1.0020356861370745,True
2025-01-02,Unconstrained,-0.9161358022624353,-5.719999999999999,-5.719999999999999,0.0,True
2025-01-03,Unconstrained,-0.8199280597751955,-5.731999999999999,-5.731999999999999,0.0,True
2025-01-06,Unconstrained,-0.6201102886331625,-5.2639999999999985,-5.2639999999999985,0.0,True
2025-01-07,Unconstrained,-0.806651126765752,-5.51,-5.510000000000001,-8.881784197001252e-16,True
2025-01-08,Unconstrained,-0.7592743576804052,-5.434,-5.434,0.0,True
2025-01-10,Unconstrained,-0.7043397341134157,-5.144999999999999,-5.144999999999999,0.0,True
2025-01-13,Unconstrained,-0.9929354358418258,-7.0550000000000015,-7.054999999999995,6.217248937900877e-15,True
2025-01-14,Unconstrained,-0.990601441348422,-6.7639999999999985,-6.7639999999999985,0.0,True
2025-01-15,Unconstrained,-0.9950419246643706,-6.353999999999999,-6.354000000000003,-3.552713678800501e-15,True
2025-01-16,Unconstrained,-0.9620682314882821,-6.741,-6.040684703573215,0.7003152964267843,True
2025-01-17,Unconstrained,-0.9866283795974089,-6.534999999999999,-6.534999999999992,7.105427357601002e-15,True
2025-01-21,Unconstrained,-0.9831230135477161,-7.3,-7.300000000000003,-3.552713678800501e-15,True
2025-01-22,Unconstrained,-0.9883847516120183,-7.997999999999999,-7.998000000000008,-8.881784197001252e-15,True
2025-01-23,Unconstrained,-0.98781522699511,-7.9319999999999995,-7.932000000000011,-1.1546319456101628e-14,True
2025-01-24,Unconstrained,-0.9831065677375599,-7.316,-7.3160000000000025,-2.6645352591003757e-15,True
2025-01-27,Unconstrained,-0.9835672759140465,-6.855000000000001,-5.982305811620059,0.872694188379942,True
2025-01-28,Unconstrained,-0.9653672624065204,-6.363999999999999,-6.0928847941489135,0.2711152058510855,True
2025-01-29,Unconstrained,-0.8494871167329174,-5.743,-5.742999999999999,8.881784197001252e-16,True
2025-01-30,Unconstrained,-0.7734152723772266,-5.669999999999999,-5.669999999999999,0.0,True
2025-01-31,Unconstrained,-0.8875191583136052,-5.8469999999999995,-5.846999999999999,8.881784197001252e-16,True
2025-02-03,Unconstrained,-0.8755203980923737,-5.544999999999999,-5.544999999999999,0.0,True
2025-02-04,Unconstrained,-0.9600971127652411,-5.944,-5.930605434777774,0.013394565222226262,True
2025-02-05,Unconstrained,-0.9586446639022148,-6.2639999999999985,-6.2639999999999985,0.0,True
2025-02-06,Unconstrained,-0.9601925501843573,-6.356999999999999,-6.356999999999998,8.881784197001252e-16,True
2025-02-07,Unconstrained,-0.9629282176949956,-6.6530000000000005,-6.055808171903771,0.5971918280962294,True
2025-02-10,Unconstrained,-0.984429485848118,-6.6949999999999985,-6.6949999999999985,0.0,True
2025-02-11,Unconstrained,-0.9966131332503485,-6.881,-6.8809999999999985,1.7763568394002505e-15,True
2025-02-12,Unconstrained,-0.985095473720839,-6.609999999999999,-6.610000000000002,-2.6645352591003757e-15,True
2025-02-13,Unconstrained,-0.9507175147956614,-6.336000000000001,-6.335999999999999,1.7763568394002505e-15,True
2025-02-14,Unconstrained,-0.9736886428433608,-6.797,-6.797,0.0,True
2025-02-18,Unconstrained,-0.9913000372300018,-8.312000000000001,-8.312000000000001,0.0,True
2025-02-19,Unconstrained,-0.9865788430666315,-7.575999999999999,-7.575999999999993,5.329070518200751e-15,True
2025-02-20,Unconstrained,-0.9929134781779441,-7.856999999999999,-7.8570000000000055,-6.217248937900877e-15,True
2025-02-21,Unconstrained,-0.9919760492873656,-6.5,-6.317568144884342,0.18243185511565763,True
2025-02-24,Unconstrained,-0.9457581038947652,-5.6930000000000005,-5.6930000000000005,0.0,True
2025-02-25,Unconstrained,-0.9676980264538407,-5.76,-5.759999999999998,1.7763568394002505e-15,True
2025-02-26,Unconstrained,-0.7915091912055298,-5.343999999999999,-5.343999999999999,0.0,True
2025-02-27,Unconstrained,-0.67192060906497,-4.9319999999999995,-4.931999999999999,8.881784197001252e-16,True
2025-02-28,Unconstrained,-0.9746172856098274,-5.794,-5.794,0.0,True
2025-03-03,Unconstrained,-0.9785023053897722,-5.425999999999999,-5.425999999999997,2.6645352591003757e-15,True
2025-03-04,Unconstrained,-0.9305534734859497,-5.138,-5.137999999999997,2.6645352591003757e-15,True
2025-03-05,Unconstrained,-0.3905665525683065,-3.8879999999999995,-3.887999999999999,4.440892098500626e-16,True
2025-03-06,Unconstrained,-0.40157738072925303,-3.7650000000000006,-3.7650000000000006,0.0,True
2025-03-07,Unconstrained,-0.4323653727345865,-3.9939999999999998,-3.9939999999999998,0.0,True
2025-03-10,Unconstrained,-0.8068078293344535,-4.603999999999999,-4.603999999999999,0.0,True
2025-03-11,Unconstrained,-0.32388276759181267,-3.278999999999999,-3.278999999999999,0.0,True
2025-03-12,Unconstrained,-0.2347228655946201,-2.8689999999999998,-2.868999999999999,8.881784197001252e-16,True
2025-03-13,Unconstrained,-0.23958550570042025,-2.8860000000000015,-2.8860000000000006,8.881784197001252e-16,True
2025-03-14,Unconstrained,-0.24596884531814062,-3.030000000000001,-3.030000000000001,0.0,True
2025-03-17,Unconstrained,-0.29207714567444365,-3.3900000000000006,-3.3900000000000006,0.0,True
2025-03-18,Unconstrained,-0.34808371575287367,-3.675,-3.6749999999999994,4.440892098500626e-16,True
2025-03-19,Unconstrained,-0.3277344589606682,-3.6449999999999987,-3.6449999999999987,0.0,True
2025-03-20,Unconstrained,-0.40295335561441253,-4.078999999999999,-4.078999999999998,8.881784197001252e-16,True
2025-03-21,Unconstrained,-0.4149612271490361,-4.172999999999999,-4.172999999999999,0.0,True
2025-03-24,Unconstrained,-0.4370464808772227,-4.400999999999999,-4.400999999999999,0.0,True
2025-03-25,Unconstrained,-0.5348157578472953,-4.868,-4.868,0.0,True
2025-03-26,Unconstrained,-0.46389938029756755,-4.475,-4.474999999999998,1.7763568394002505e-15,True
2025-03-27,Unconstrained,-0.39180352638927146,-4.084999999999999,-4.084999999999998,8.881784197001252e-16,True
2025-03-28,Unconstrained,-0.3904556480748538,-3.903999999999999,-3.9039999999999977,1.3322676295501878e-15,True
2025-03-31,Unconstrained,-0.6848098034037883,-4.858000000000001,-4.858000000000002,-8.881784197001252e-16,True
2025-04-01,Unconstrained,-0.480179355823348,-4.300999999999999,-4.300999999999999,0.0,True
2025-04-02,Unconstrained,-0.5080930064690877,-4.427000000000001,-4.427000000000001,0.0,True
2025-04-03,Unconstrained,-0.5348984646025873,-3.919999999999999,-3.9199999999999986,4.440892098500626e-16,True
2025-04-04,Unconstrained,-0.7836174880463558,-3.653999999999999,-3.6539999999999986,4.440892098500626e-16,True
2025-04-07,Unconstrained,-0.6742924555408439,-3.3819999999999992,-3.3819999999999997,-4.440892098500626e-16,True
2025-04-08,Unconstrained,-0.8766805327780189,-3.5680000000000005,-3.568,4.440892098500626e-16,True
2025-04-09,Unconstrained,-0.795835529372466,-4.222999999999999,-4.222999999999999,0.0,True
2025-04-10,Unconstrained,-0.34991668233598877,-2.7540000000000004,-2.754,4.440892098500626e-16,True
2025-04-11,Unconstrained,-0.34332517594404005,-2.8639999999999985,-2.864,-1.3322676295501878e-15,True
2025-04-14,Unconstrained,-0.44209227983152016,-3.5710000000000006,-3.5710000000000006,0.0,True
2025-04-15,Unconstrained,-0.4312734212714233,-3.575999999999999,-3.5759999999999996,-4.440892098500626e-16,True
2025-04-16,Unconstrained,-0.3530760485147544,-3.1319999999999992,-3.1319999999999992,0.0,True
2025-04-17,Unconstrained,-0.29481895115564466,-3.002000000000001,-3.002000000000002,-8.881784197001252e-16,True
2025-04-21,Unconstrained,-0.24522646174614246,-2.5769999999999995,-2.5770000000000004,-8.881784197001252e-16,True
2025-04-22,Unconstrained,-0.22630213899329657,-2.593000000000001,-2.593000000000001,0.0,True
2025-04-23,Unconstrained,-0.2261482430940034,-2.6670000000000003,-2.6670000000000003,0.0,True
2025-04-24,Unconstrained,-0.25286340171318483,-2.902000000000001,-2.902000000000001,0.0,True
2025-04-25,Unconstrained,-0.29800543535632285,-3.2370000000000005,-3.2370000000000014,-8.881784197001252e-16,True
2025-04-28,Unconstrained,-0.28164715285281816,-3.128,-3.1280000000000006,-4.440892098500626e-16,True
2025-04-29,Unconstrained,-0.32649340657092524,-3.4289999999999994,-3.4290000000000003,-8.881784197001252e-16,True
2025-04-30,Unconstrained,-0.303172207658956,-3.272999999999999,-3.2729999999999975,1.3322676295501878e-15,True
2025-05-01,Unconstrained,-0.32637849965041194,-3.406999999999999,-3.4069999999999996,-4.440892098500626e-16,True
2025-05-02,Unconstrained,-0.32219264606302817,-3.478,-3.4779999999999993,8.881784197001252e-16,True
2025-05-05,Unconstrained,-0.3187944346339506,-3.4120000000000004,-3.4120000000000013,-8.881784197001252e-16,True
2025-05-06,Unconstrained,-0.312713061738275,-3.3240000000000007,-3.3240000000000007,0.0,True
2025-05-07,Unconstrained,-0.28569516857520383,-3.221000000000001,-3.221000000000002,-8.881784197001252e-16,True
2025-05-08,Unconstrained,-0.267867602283228,-3.152000000000001,-3.152000000000001,0.0,True
2025-05-09,Unconstrained,-0.21991250744670637,-2.8400000000000007,-2.8400000000000003,4.440892098500626e-16,True
2025-05-12,Unconstrained,-0.335755826896019,-3.7669999999999986,-3.766999999999999,-4.440892098500626e-16,True
2025-05-13,Unconstrained,-0.38124589463429676,-4.052000000000001,-4.0520000000000005,8.881784197001252e-16,True
2025-05-14,Unconstrained,-0.3580878701371187,-3.8939999999999997,-3.893999999999999,8.881784197001252e-16,True
2025-05-15,Unconstrained,-0.38319793604348906,-4.084999999999999,-4.084999999999999,0.0,True
2025-05-16,Unconstrained,-0.3036445319261785,-3.600999999999999,-3.600999999999999,0.0,True
2025-05-19,Unconstrained,-0.3078580058395274,-3.594,-3.5939999999999994,4.440892098500626e-16,True
2025-05-20,Unconstrained,-0.3274222445164579,-3.727000000000001,-3.727000000000001,0.0,True
2025-05-21,Unconstrained,-0.34977255974537014,-3.728,-3.728,0.0,True
2025-05-22,Unconstrained,-0.37545427897474104,-3.903999999999999,-3.9039999999999995,-4.440892098500626e-16,True
2025-05-23,Unconstrained,-0.40433408735672516,-3.934,-3.934,0.0,True
2025-05-27,Unconstrained,-0.3954030362625679,-4.088999999999999,-4.088999999999999,0.0,True
2025-05-28,Unconstrained,-0.3425799404376153,-3.7650000000000006,-3.7650000000000006,0.0,True
2025-05-29,Unconstrained,-0.3352282419476674,-3.725999999999999,-3.725999999999999,0.0,True
2025-05-30,Unconstrained,-0.34637156511553785,-3.825,-3.825000000000001,-8.881784197001252e-16,True
2025-06-02,Unconstrained,-0.3917875606594836,-4.103999999999999,-4.104,-8.881784197001252e-16,True
2025-06-03,Unconstrained,-0.39486822855355375,-4.159999999999999,-4.159999999999998,8.881784197001252e-16,True
2025-06-04,Unconstrained,-0.32704009554025193,-3.746000000000001,-3.7460000000000013,-4.440892098500626e-16,True
2025-06-05,Unconstrained,-0.3762962850504542,-4.009,-4.009,0.0,True
2025-06-06,Unconstrained,-0.34226334712705236,-3.8849999999999993,-3.8849999999999993,0.0,True
2025-06-09,Unconstrained,-0.3501707853223041,-3.9180000000000006,-3.918000000000001,-4.440892098500626e-16,True
2025-06-10,Unconstrained,-0.3812865874464729,-4.122,-4.122,0.0,True
2025-06-11,Unconstrained,-0.3870146522679405,-4.1389999999999985,-4.138999999999998,8.881784197001252e-16,True
2025-06-12,Unconstrained,-0.4776499798549129,-4.56,-4.5600000000000005,-8.881784197001252e-16,True
2025-06-13,Unconstrained,-0.6743916812659868,-4.965000000000001,-4.965000000000001,0.0,True
2025-06-16,Unconstrained,-0.9414995621676852,-5.659999999999999,-5.659999999999997,2.6645352591003757e-15,True
2025-06-17,Unconstrained,-0.9635754995079291,-5.436000000000002,-5.436000000000001,8.881784197001252e-16,True
2025-06-18,Unconstrained,-0.6009200701010577,-4.840999999999999,-4.841,-8.881784197001252e-16,True
2025-06-20,Unconstrained,-0.6464163006990991,-4.919,-4.918999999999999,8.881784197001252e-16,True
2025-06-23,Unconstrained,-0.9090303362294241,-5.478,-5.4780000000000015,-1.7763568394002505e-15,True
2025-06-24,Unconstrained,-0.779487963559714,-5.497,-5.496999999999999,8.881784197001252e-16,True
2025-06-25,Unconstrained,-0.6288751169523671,-5.224000000000001,-5.224,8.881784197001252e-16,True
2025-06-26,Unconstrained,-0.4957014311685946,-4.746,-4.746,0.0,True
2025-06-27,Unconstrained,-0.4131557482762161,-4.343999999999999,-4.343999999999998,1.7763568394002505e-15,True
2025-06-30,Unconstrained,-0.35424131960392263,-3.9650000000000007,-3.965000000000001,-4.440892098500626e-16,True
2025-07-01,Unconstrained,-0.3616033610348523,-4.007,-4.007000000000001,-8.881784197001252e-16,True
2025-07-02,Unconstrained,-0.3478794743535404,-3.928,-3.9279999999999995,4.440892098500626e-16,True
2025-07-03,Unconstrained,-0.37857446732087213,-4.136000000000001,-4.136,8.881784197001252e-16,True
2025-07-07,Unconstrained,-0.33589265010276337,-3.7960000000000007,-3.7960000000000007,0.0,True
2025-07-08,Unconstrained,-0.3731521805568109,-4.080000000000001,-4.08,8.881784197001252e-16,True
2025-07-09,Unconstrained,-0.38112659425169476,-4.175,-4.175,0.0,True
2025-07-10,Unconstrained,-0.40563535655400407,-4.331999999999999,-4.332,-8.881784197001252e-16,True
2025-07-11,Unconstrained,-0.44184466723309684,-4.496,-4.496000000000001,-8.881784197001252e-16,True
2025-07-14,Unconstrained,-0.49554581384525354,-4.7,-4.700000000000001,-8.881784197001252e-16,True
2025-07-15,Unconstrained,-0.4302269290294484,-4.372,-4.371999999999999,8.881784197001252e-16,True
2025-07-16,Unconstrained,-0.4883968371728455,-4.671000000000001,-4.671,8.881784197001252e-16,True
2025-07-17,Unconstrained,-0.5867580809748879,-5.112,-5.112,0.0,True
2025-07-18,Unconstrained,-0.5652318074866216,-5.044999999999999,-5.044999999999998,8.881784197001252e-16,True
2025-07-21,Unconstrained,-0.7283776204576173,-5.483000000000001,-5.483,1.7763568394002505e-15,True
2025-07-22,Unconstrained,-0.6633181138359449,-5.343999999999999,-5.344,-8.881784197001252e-16,True
2025-07-23,Unconstrained,-0.8668134385779869,-5.928999999999999,-5.928999999999999,0.0,True
2025-07-24,Unconstrained,-0.8717489777991564,-5.941,-5.941,0.0,True
2025-07-25,Unconstrained,-0.43595328585597415,-4.5569999999999995,-4.556999999999999,8.881784197001252e-16,True
2025-07-28,Unconstrained,-0.4762256642074475,-4.765000000000001,-4.7650000000000015,-8.881784197001252e-16,True
2025-07-29,Unconstrained,-0.5229345019582885,-4.912000000000001,-4.911999999999999,1.7763568394002505e-15,True
2025-07-30,Unconstrained,-0.6507566485164527,-5.408000000000001,-5.408,8.881784197001252e-16,True
2025-07-31,Unconstrained,-0.6293158252122593,-5.228999999999999,-5.228999999999999,0.0,True
2025-08-01,Unconstrained,-0.9569194665634182,-5.549000000000001,-5.549000000000003,-1.7763568394002505e-15,True
2025-08-04,Unconstrained,-0.9737510994670561,-5.931,-5.900429078603043,0.03057092139695694,True
2025-08-05,Unconstrained,-0.5852587583180487,-4.991,-4.991,0.0,True
2025-08-06,Unconstrained,-0.5534748982908603,-4.971000000000001,-4.970999999999999,1.7763568394002505e-15,True
2025-08-07,Unconstrained,-0.4859943525312066,-4.703,-4.703,0.0,True
2025-08-08,Unconstrained,-0.47549370320554535,-4.753,-4.753,0.0,True
2025-08-11,Unconstrained,-0.514540913834239,-4.855000000000001,-4.854999999999999,2.6645352591003757e-15,True
2025-08-12,Unconstrained,-0.5548319531476222,-5.144999999999999,-5.144999999999999,0.0,True
2025-08-13,Unconstrained,-0.593211753360919,-5.313,-5.313,0.0,True
2025-08-14,Unconstrained,-0.5368560968103216,-5.062,-5.061999999999999,8.881784197001252e-16,True
2025-08-15,Unconstrained,-0.628773725827187,-5.379,-5.3790000000000004,-8.881784197001252e-16,True
2025-08-18,Unconstrained,-0.6309034093202037,-5.394999999999999,-5.395,-8.881784197001252e-16,True
2025-08-19,Unconstrained,-0.6232065832000782,-5.316999999999998,-5.316999999999998,0.0,True
2025-08-20,Unconstrained,-0.4262771020091287,-4.456,-4.456,0.0,True
2025-08-21,Unconstrained,-0.4322086749899519,-4.4319999999999995,-4.4319999999999995,0.0,True
2025-08-22,Unconstrained,-0.4427016968238289,-4.6389999999999985,-4.638999999999999,-8.881784197001252e-16,True
2025-08-25,Unconstrained,-0.5217394354052391,-4.9990000000000006,-4.999,8.881784197001252e-16,True
2025-08-26,Unconstrained,-0.7083735816270175,-5.6530000000000005,-5.6530000000000005,0.0,True
2025-08-27,Unconstrained,-0.5433792037375029,-5.087999999999999,-5.087999999999998,8.881784197001252e-16,True
2025-08-28,Unconstrained,-0.5750087993862024,-5.25,-5.250000000000003,-2.6645352591003757e-15,True
2025-08-29,Unconstrained,-0.5857810537121367,-5.209999999999999,-5.21,-8.881784197001252e-16,True
2025-09-02,Unconstrained,-0.615979199156033,-5.147999999999999,-5.147999999999999,0.0,True
2025-09-03,Unconstrained,-0.5577213211975492,-5.022,-5.021999999999999,8.881784197001252e-16,True
2025-09-04,Unconstrained,-0.6407676383726325,-5.396000000000001,-5.396000000000002,-8.881784197001252e-16,True
2025-09-05,Unconstrained,-0.48868179725916955,-4.816,-4.816000000000001,-8.881784197001252e-16,True
2025-09-08,Unconstrained,-0.5014604034475568,-4.882,-4.882,0.0,True
2025-09-09,Unconstrained,-0.5482980646135631,-5.093000000000001,-5.092999999999999,1.7763568394002505e-15,True
2025-09-10,Unconstrained,-0.5805749635304768,-5.191999999999998,-5.191999999999998,0.0,True
2025-09-11,Unconstrained,-0.47152678029312606,-4.763,-4.762999999999999,8.881784197001252e-16,True
2025-09-12,Unconstrained,-0.5102575640578502,-4.949000000000001,-4.949000000000002,-8.881784197001252e-16,True
2025-09-15,Unconstrained,-0.5943056590489958,-5.211000000000001,-5.211000000000002,-8.881784197001252e-16,True
2025-09-16,Unconstrained,-0.5086702158288599,-4.821000000000001,-4.820999999999999,1.7763568394002505e-15,True
2025-09-17,Unconstrained,-0.46032736983019057,-4.6370000000000005,-4.6370000000000005,0.0,True
2025-09-18,Unconstrained,-0.49727931923965657,-4.819,-4.819,0.0,True
2025-09-19,Unconstrained,-0.46849549932757784,-4.697,-4.697,0.0,True
2025-09-22,Unconstrained,-0.4476459109930614,-4.546000000000001,-4.546000000000002,-8.881784197001252e-16,True
2025-09-23,Unconstrained,-0.476429116555022,-4.6530000000000005,-4.653,8.881784197001252e-16,True
2025-09-24,Unconstrained,-0.4565988788274254,-4.587000000000001,-4.587,8.881784197001252e-16,True
2025-09-25,Unconstrained,-0.4646250860234323,-4.588999999999999,-4.588999999999999,0.0,True
2025-09-26,Unconstrained,-0.37207519511664683,-4.150999999999999,-4.150999999999999,0.0,True
2025-09-29,Unconstrained,-0.40401329763801375,-4.303,-4.303,0.0,True
2025-09-30,Unconstrained,-0.4127384431757279,-4.343999999999999,-4.344,-8.881784197001252e-16,True
2025-10-01,Unconstrained,-0.417083751850144,-4.368,-4.368000000000001,-8.881784197001252e-16,True
2025-10-02,Unconstrained,-0.4638956911393471,-4.593000000000001,-4.593,8.881784197001252e-16,True
2025-10-03,Unconstrained,-0.4390236240673837,-4.465000000000001,-4.465000000000001,0.0,True
2025-10-06,Unconstrained,-0.3974069364196134,-4.25,-4.250000000000001,-8.881784197001252e-16,True
2025-10-07,Unconstrained,-0.4579605647502275,-4.522,-4.522000000000001,-8.881784197001252e-16,True
2025-10-08,Unconstrained,-0.4560213364993577,-4.575999999999999,-4.5760000000000005,-1.7763568394002505e-15,True
2025-10-09,Unconstrained,-0.4495141000873822,-4.534000000000001,-4.534000000000002,-8.881784197001252e-16,True
2025-10-10,Unconstrained,-0.3870358871268049,-3.8860000000000015,-3.8860000000000023,-8.881784197001252e-16,True
2025-10-13,Unconstrained,-0.4332612176808679,-4.281000000000001,-4.281000000000001,0.0,True
2025-10-14,Unconstrained,-0.5560681196299849,-4.647999999999999,-4.648,-8.881784197001252e-16,True
2025-10-15,Unconstrained,-0.5095977711470957,-4.497999999999999,-4.498,-8.881784197001252e-16,True
2025-10-16,Unconstrained,-0.7464983256575753,-4.713999999999999,-4.713999999999999,0.0,True
2025-10-17,Unconstrained,-0.5926865065309053,-4.763,-4.763,0.0,True
2025-10-20,Unconstrained,-0.6445364390277576,-5.131,-5.131000000000001,-8.881784197001252e-16,True
2025-10-21,Unconstrained,-0.587019043423065,-4.994999999999999,-4.995,-8.881784197001252e-16,True
2025-10-22,Unconstrained,-0.7299814457661812,-5.284999999999999,-5.284999999999999,0.0,True
2025-10-23,Unconstrained,-0.7377350282116484,-5.434,-5.434,0.0,True
2025-10-24,Unconstrained,-0.6604448068177654,-5.349000000000001,-5.349,8.881784197001252e-16,True
2025-10-27,Unconstrained,-0.5055069473908018,-4.85,-4.85,0.0,True
2025-10-28,Unconstrained,-0.36310007054293414,-4.037000000000001,-4.037000000000001,0.0,True
2025-10-29,Unconstrained,-0.35256568591030024,-3.944999999999999,-3.944999999999999,0.0,True
2025-10-30,Unconstrained,-0.37976601772175594,-4.115,-4.115,0.0,True
2025-10-31,Unconstrained,-0.41338394234171755,-4.2780000000000005,-4.278000000000001,-8.881784197001252e-16,True
2025-11-03,Unconstrained,-0.39646472081390566,-4.199000000000001,-4.199000000000001,0.0,True
2025-11-04,Unconstrained,-0.45797554611022206,-4.400999999999999,-4.400999999999998,8.881784197001252e-16,True
2025-11-05,Unconstrained,-0.4365548753103562,-4.363999999999999,-4.363999999999999,0.0,True
2025-11-06,Unconstrained,-0.4552494165344934,-4.353999999999999,-4.353999999999998,8.881784197001252e-16,True
2025-11-07,Unconstrained,-0.4037986433323384,-4.127000000000001,-4.127000000000001,0.0,True
2025-11-10,Unconstrained,-0.4181406938371312,-4.294,-4.294000000000001,-1.7763568394002505e-15,True
2025-11-11,Unconstrained,-0.4239449771913149,-4.344999999999999,-4.344999999999999,0.0,True
2025-11-12,Unconstrained,-0.34329089193098417,-3.8569999999999993,-3.8569999999999984,8.881784197001252e-16,True
2025-11-13,Unconstrained,-0.43989239677707626,-4.2490000000000006,-4.249,8.881784197001252e-16,True
2025-11-14,Unconstrained,-0.35164913918086843,-3.7930000000000006,-3.793000000000001,-4.440892098500626e-16,True
2025-11-17,Unconstrained,-0.43961533814372644,-4.090000000000001,-4.09,8.881784197001252e-16,True
2025-11-18,Unconstrained,-0.5397292602661935,-4.297999999999999,-4.297999999999999,0.0,True
2025-11-19,Unconstrained,-0.5185775127842798,-4.3050000000000015,-4.3050000000000015,0.0,True
2025-11-20,Unconstrained,-0.6706488242897263,-4.496,-4.496,0.0,True
2025-11-21,Unconstrained,-0.7253371308775183,-4.8340000000000005,-4.8340000000000005,0.0,True
2025-11-24,Unconstrained,-0.6196547554073576,-4.859999999999999,-4.86,-8.881784197001252e-16,True
2025-11-25,Unconstrained,-0.671971902865939,-5.168000000000001,-5.168000000000001,0.0,True
2025-11-26,Unconstrained,-0.4536251591518515,-4.504,-4.504,0.0,True
2025-11-28,Unconstrained,-0.40578114419684835,-4.3,-4.299999999999999,8.881784197001252e-16,True
2025-12-01,Unconstrained,-0.4506885941517268,-4.4860000000000015,-4.4860000000000015,0.0,True
2025-12-02,Unconstrained,-0.44382205798248436,-4.494,-4.494,0.0,True
2025-12-03,Unconstrained,-0.5273894068932999,-4.922999999999999,-4.922999999999999,0.0,True
2025-12-04,Unconstrained,-0.514523851908573,-4.891,-4.891000000000001,-8.881784197001252e-16,True
2025-12-05,Unconstrained,-0.5064950246555306,-4.883000000000001,-4.883000000000001,0.0,True
2025-12-08,Unconstrained,-0.5761465065358201,-5.063,-5.063,0.0,True
2025-12-09,Unconstrained,-0.5739292640173839,-5.031999999999999,-5.031999999999999,0.0,True
2025-12-10,Unconstrained,-0.48479534744820235,-4.755000000000001,-4.755000000000001,0.0,True
2025-12-11,Unconstrained,-0.4871393377236268,-4.831999999999999,-4.831999999999999,0.0,True
2025-12-12,Unconstrained,-0.6423567761870227,-5.359,-5.358999999999999,8.881784197001252e-16,True
2025-12-15,Unconstrained,-0.9635884239237688,-6.186000000000002,-6.066528840958088,0.11947115904191374,True
2025-12-16,Unconstrained,-0.8243541444851827,-5.699000000000001,-5.699000000000001,0.0,True
2025-12-17,Unconstrained,-0.7128742077418856,-5.349000000000001,-5.349000000000001,0.0,True
2025-12-18,Unconstrained,-0.7658964420307146,-5.537999999999999,-5.537999999999998,1.7763568394002505e-15,True
2025-12-19,Unconstrained,-0.6951025161240287,-5.587000000000001,-5.5870000000000015,-8.881784197001252e-16,True
2025-12-22,Unconstrained,-0.8205822361703502,-5.993,-5.993000000000002,-1.7763568394002505e-15,True
2025-12-23,Unconstrained,-0.841864818560889,-6.053,-6.053000000000001,-8.881784197001252e-16,True
2025-12-24,Unconstrained,-0.8442512529212911,-6.130000000000001,-6.13,8.881784197001252e-16,True
2025-12-26,Unconstrained,-0.5337950448112448,-5.144999999999999,-5.144999999999999,0.0,True
2025-12-29,Unconstrained,-0.5223666780861882,-5.047,-5.0470000000000015,-1.7763568394002505e-15,True
2025-12-30,Unconstrained,-0.4800821101649632,-4.833000000000001,-4.833000000000002,-8.881784197001252e-16,True
2025-12-31,Unconstrained,-0.4964505462624539,-4.869999999999999,-4.869999999999998,8.881784197001252e-16,True
2026-01-02,Unconstrained,-0.37155240695165465,-4.186000000000002,-4.186,1.7763568394002505e-15,True
2026-01-05,Unconstrained,-0.3836294859149188,-4.244999999999999,-4.244999999999999,0.0,True
2026-01-06,Unconstrained,-0.4457877416456566,-4.622999999999999,-4.622999999999999,0.0,True
2026-01-07,Unconstrained,-0.4060083337013796,-4.356999999999999,-4.357,-8.881784197001252e-16,True
2026-01-08,Unconstrained,-0.4706709236501586,-4.708000000000001,-4.708000000000001,0.0,True
2026-01-09,Unconstrained,-0.43946848808751016,-4.603999999999999,-4.603999999999999,0.0,True
2026-01-12,Unconstrained,-0.5220591095337214,-4.975,-4.9750000000000005,-8.881784197001252e-16,True
2026-01-13,Unconstrained,-0.586966175012835,-5.159999999999999,-5.16,-8.881784197001252e-16,True
2026-01-14,Unconstrained,-0.6382627338434899,-5.252000000000001,-5.252,8.881784197001252e-16,True
2026-01-15,Unconstrained,-0.5826515104948864,-5.156999999999999,-5.157,-8.881784197001252e-16,True
2026-01-16,Unconstrained,-0.6463110438763152,-5.359,-5.358999999999999,8.881784197001252e-16,True
2026-01-20,Unconstrained,-0.9289137842018304,-5.496,-5.496,0.0,True
2026-01-21,Unconstrained,-0.4375224131181211,-4.441,-4.441,0.0,True
2026-01-22,Unconstrained,-0.3716950523485389,-4.131,-4.131,0.0,True
2026-01-23,Unconstrained,-0.4209870288320358,-4.402000000000001,-4.402,8.881784197001252e-16,True
2026-01-26,Unconstrained,-0.5026258397096622,-4.81,-4.81,0.0,True
2026-01-27,Unconstrained,-0.4872926010552868,-4.725,-4.725,0.0,True
2026-01-28,Unconstrained,-0.4416105495988205,-4.497999999999999,-4.497999999999999,0.0,True
2026-01-29,Unconstrained,-0.42470251687104177,-4.3740000000000006,-4.373999999999999,1.7763568394002505e-15,True
2026-01-30,Unconstrained,-0.42962052298336717,-4.365,-4.365,0.0,True
2026-02-02,Unconstrained,-0.47265394659313675,-4.656000000000001,-4.6560000000000015,-8.881784197001252e-16,True
2026-02-03,Unconstrained,-0.44059926053889237,-4.385,-4.384999999999998,1.7763568394002505e-15,True
2026-02-04,Unconstrained,-0.4351870995520431,-4.316,-4.315999999999999,8.881784197001252e-16,True
2026-02-05,Unconstrained,-0.35613839086850163,-3.7159999999999997,-3.7159999999999997,0.0,True
2026-02-06,Unconstrained,-0.3733824028412303,-4.031000000000001,-4.031000000000001,0.0,True
2026-02-09,Unconstrained,-0.45985033976750006,-4.522999999999999,-4.523,-8.881784197001252e-16,True
2026-02-10,Unconstrained,-0.4764379947279176,-4.571000000000001,-4.5710000000000015,-8.881784197001252e-16,True
2026-02-11,Unconstrained,-0.434715198096855,-4.378,-4.378000000000001,-8.881784197001252e-16,True
2026-02-12,Unconstrained,-0.45222812414431757,-4.25,-4.25,0.0,True
2026-02-13,Unconstrained,-0.3845813288004418,-3.9349999999999996,-3.9349999999999996,0.0,True
2026-02-17,Unconstrained,-0.3988259024952987,-4.0280000000000005,-4.0280000000000005,0.0,True
2026-02-18,Unconstrained,-0.3711903978623752,-3.916999999999999,-3.917,-8.881784197001252e-16,True
2026-02-19,Unconstrained,-0.4160494024746231,-4.119,-4.119,0.0,True
2026-02-20,Unconstrained,-0.4938620219669381,-4.552000000000001,-4.552000000000001,0.0,True
2026-02-23,Unconstrained,-0.43144060768008996,-4.143000000000001,-4.143,8.881784197001252e-16,True
2026-02-24,Unconstrained,-0.42247655391912675,-4.194,-4.193999999999998,1.7763568394002505e-15,True
2026-02-25,Unconstrained,-0.4862511331915037,-4.605000000000001,-4.605,8.881784197001252e-16,True
2026-02-26,Unconstrained,-0.5110317608183299,-4.656999999999999,-4.656999999999999,0.0,True
2026-02-27,Unconstrained,-0.539236514020768,-4.666999999999999,-4.666999999999999,0.0,True
2026-03-02,Unconstrained,-0.8375287600020818,-5.178,-5.177999999999998,1.7763568394002505e-15,True
2026-03-03,Unconstrained,-0.974125489961033,-5.283000000000001,-5.283000000000001,0.0,True
2026-03-04,Unconstrained,-0.8866652237137951,-5.287000000000001,-5.287000000000002,-8.881784197001252e-16,True
2026-03-05,Unconstrained,-0.9884774295209734,-5.394999999999999,-5.3145850292228705,0.08041497077712823,True
2026-03-06,Unconstrained,-0.9954614030423404,-5.1800000000000015,-5.1800000000000015,0.0,True
2026-03-09,Unconstrained,-0.993466991718511,-5.797999999999999,-5.259328134846151,0.538671865153848,True
2026-03-10,Unconstrained,-0.9845782196184559,-5.446000000000001,-5.166266119455534,0.2797338805444669,True
2026-03-11,Unconstrained,-0.9827883903152954,-5.244,-5.217649722503577,0.026350277496423047,True
2026-03-12,Unconstrained,-0.5010074739698831,-3.9939999999999998,-3.993999999999999,8.881784197001252e-16,True
2026-03-13,Unconstrained,-0.43802393626631536,-3.775999999999999,-3.7759999999999994,-4.440892098500626e-16,True
2026-03-16,Unconstrained,-0.4724979580085798,-4.149000000000001,-4.149000000000001,0.0,True
2026-03-17,Unconstrained,-0.5496602917016963,-4.504,-4.503999999999999,8.881784197001252e-16,True
2026-03-18,Unconstrained,-0.38027633620075385,-3.653999999999999,-3.6539999999999986,4.440892098500626e-16,True
2026-03-19,Unconstrained,-0.40428492709976505,-3.825999999999999,-3.825999999999999,0.0,True
2026-03-20,Unconstrained,-0.4674594411720047,-3.9120000000000004,-3.912000000000001,-4.440892098500626e-16,True
2026-03-23,Unconstrained,-0.5426961481139662,-4.202000000000001,-4.202,8.881784197001252e-16,True
2026-03-24,Unconstrained,-0.5852380667004,-4.263,-4.263000000000001,-8.881784197001252e-16,True
2026-03-25,Unconstrained,-0.48982963326056866,-4.087999999999999,-4.087999999999998,8.881784197001252e-16,True
2026-03-26,Unconstrained,-0.6597399191836972,-4.399000000000001,-4.399,8.881784197001252e-16,True
2026-03-27,Unconstrained,-0.5510475434748434,-3.9,-3.8999999999999995,4.440892098500626e-16,True
2026-03-30,Unconstrained,-0.6810234319372833,-4.222999999999999,-4.223,-8.881784197001252e-16,True
2026-03-31,Unconstrained,-0.6511230787656681,-4.544999999999999,-4.544999999999999,0.0,True
2026-04-01,Unconstrained,-0.5624242212979267,-4.377000000000001,-4.377,8.881784197001252e-16,True
2026-04-02,Unconstrained,-0.670298092138258,-4.6949999999999985,-4.694999999999999,-8.881784197001252e-16,True
2026-04-06,Unconstrained,-0.7180229609433199,-4.76,-4.759999999999999,8.881784197001252e-16,True
2026-04-07,Unconstrained,-0.8770210457482972,-4.844999999999999,-4.844999999999996,2.6645352591003757e-15,True
2026-04-08,Unconstrained,-0.7206076634369638,-5.036000000000001,-5.036,1.7763568394002505e-15,True
2026-04-09,Unconstrained,-0.4492513825822822,-4.327000000000001,-4.327000000000001,0.0,True
2026-04-10,Unconstrained,-0.46522555257037546,-4.418000000000001,-4.418000000000001,0.0,True
2026-04-13,Unconstrained,-0.9498962182779183,-5.6930000000000005,-5.6930000000000005,0.0,True
2026-04-14,Unconstrained,-0.6003209778611012,-4.994,-4.993999999999999,8.881784197001252e-16,True
2026-04-15,Unconstrained,-0.35904149185991996,-3.922999999999999,-3.9229999999999987,4.440892098500626e-16,True
2026-04-16,Unconstrained,-0.3823569713709152,-4.074000000000001,-4.074,8.881784197001252e-16,True
2026-04-17,Unconstrained,-0.3966084668841464,-4.1819999999999995,-4.1819999999999995,0.0,True
2026-04-20,Unconstrained,-0.41332593880009094,-4.19,-4.19,0.0,True
2026-04-21,Unconstrained,-0.40178193215507474,-4.090999999999999,-4.090999999999999,0.0,True
2026-04-22,Unconstrained,-0.39405662663923907,-4.0840000000000005,-4.084000000000001,-8.881784197001252e-16,True
2026-04-23,Unconstrained,-0.37558321967337394,-3.9590000000000005,-3.959,4.440892098500626e-16,True
2026-04-24,Unconstrained,-0.36120885689578985,-3.9080000000000013,-3.9080000000000017,-4.440892098500626e-16,True
2026-04-27,Unconstrained,-0.36451778664086526,-3.9639999999999986,-3.963999999999999,-4.440892098500626e-16,True
2026-04-28,Unconstrained,-0.3392767856711023,-3.816,-3.815999999999999,8.881784197001252e-16,True
2026-04-29,Unconstrained,-0.4122357394793807,-4.188,-4.188,0.0,True
2026-04-30,Unconstrained,-0.4173125960515746,-4.333000000000001,-4.333000000000002,-8.881784197001252e-16,True
2026-05-01,Unconstrained,-0.3843246845425489,-4.138,-4.138,0.0,True
2026-05-04,Unconstrained,-0.4037132281195697,-4.174000000000001,-4.174000000000002,-8.881784197001252e-16,True
2026-05-05,Unconstrained,-0.34496913577112864,-3.874000000000001,-3.874000000000001,0.0,True
2026-05-06,Unconstrained,-0.2961517450939494,-3.541999999999999,-3.541999999999999,0.0,True
2026-05-07,Unconstrained,-0.3041742598384207,-3.6110000000000015,-3.6110000000000007,8.881784197001252e-16,True
2026-05-08,Unconstrained,-0.33549593662817273,-3.8210000000000006,-3.821000000000001,-4.440892098500626e-16,True
2026-05-11,Unconstrained,-0.37741734986010944,-4.021000000000001,-4.021000000000001,0.0,True
2026-05-12,Unconstrained,-0.36047414737765865,-3.941,-3.941,0.0,True
2026-05-13,Unconstrained,-0.39511327294210047,-4.150999999999999,-4.150999999999998,8.881784197001252e-16,True
2026-05-14,Unconstrained,-0.35312900180280354,-3.9319999999999995,-3.931999999999999,4.440892098500626e-16,True
2026-05-15,Unconstrained,-0.48824192850722004,-4.577000000000001,-4.577000000000001,0.0,True
2026-05-18,Unconstrained,-0.3429465932827503,-3.8400000000000007,-3.8400000000000003,4.440892098500626e-16,True
2026-05-19,Unconstrained,-0.300988979979827,-3.55,-3.5499999999999994,4.440892098500626e-16,True
2026-05-20,Unconstrained,-0.25455018716952593,-3.2310000000000003,-3.2310000000000016,-1.3322676295501878e-15,True
2026-05-21,Unconstrained,-0.31442666959880156,-3.6960000000000006,-3.6959999999999997,8.881784197001252e-16,True
2026-05-22,Unconstrained,-0.32024054537527236,-3.7389999999999985,-3.7389999999999985,0.0,True
2026-05-26,Unconstrained,-0.3468849854578384,-3.903999999999999,-3.903999999999999,0.0,True
2026-05-27,Unconstrained,-0.33485724739605865,-3.8569999999999993,-3.8569999999999998,-4.440892098500626e-16,True
2026-05-28,Unconstrained,-0.3452389552479467,-3.952000000000001,-3.9520000000000026,-1.7763568394002505e-15,True
2026-05-29,Unconstrained,-0.41576988052750635,-4.418000000000001,-4.418000000000001,0.0,True
2026-06-01,Unconstrained,-0.39372750611946955,-4.246,-4.246,0.0,True
2026-06-02,Unconstrained,-0.4041823279146323,-4.324000000000001,-4.324,8.881784197001252e-16,True
2026-06-03,Unconstrained,-0.30914196979261516,-3.6860000000000013,-3.686,1.3322676295501878e-15,True
2026-06-04,Unconstrained,-0.3829929658767762,-4.215000000000001,-4.215000000000002,-8.881784197001252e-16,True
2026-06-05,Unconstrained,-0.8717633464840958,-5.225,-5.225,0.0,True
2026-06-08,Unconstrained,-0.47874810181863,-4.5,-4.499999999999999,8.881784197001252e-16,True
2026-06-09,Unconstrained,-0.4272449963882548,-4.197,-4.196999999999999,8.881784197001252e-16,True
2026-06-10,Unconstrained,-0.4902580976400098,-4.308000000000002,-4.308000000000001,8.881784197001252e-16,True
2026-06-11,Unconstrained,-0.442366940660033,-4.297999999999999,-4.297999999999998,8.881784197001252e-16,True
2026-06-12,Unconstrained,-0.4127572118112699,-4.26,-4.26,0.0,True
2026-06-15,Unconstrained,-0.42759978438864915,-4.4319999999999995,-4.4319999999999995,0.0,True
2026-06-16,Unconstrained,-0.4005220322966212,-4.266,-4.266,0.0,True
2026-06-17,Unconstrained,-0.4220104045166013,-4.2620000000000005,-4.2620000000000005,0.0,True
2026-06-18,Unconstrained,-0.47684434411675286,-4.672,-4.672000000000001,-8.881784197001252e-16,True
2026-06-22,Unconstrained,-0.39512558734392644,-4.185,-4.1850000000000005,-8.881784197001252e-16,True
2026-06-23,Unconstrained,-0.4464685347118923,-4.313999999999998,-4.313999999999998,0.0,True
2026-06-24,Unconstrained,-0.4808066618117238,-4.530000000000001,-4.530000000000001,0.0,True
2026-06-25,Unconstrained,-0.37675689634846626,-3.9889999999999985,-3.988999999999999,-4.440892098500626e-16,True
2026-06-26,Unconstrained,-0.3639294341701972,-3.9400000000000004,-3.94,4.440892098500626e-16,True
2026-06-29,Unconstrained,-0.4481742066856183,-4.446000000000001,-4.446000000000001,0.0,True
2026-06-30,Unconstrained,-0.5437929346756877,-4.959999999999999,-4.959999999999999,0.0,True
2011-01-07,No-arbitrage enforced,-0.3504681627367989,-2.122,-2.122,0.0,True
2011-01-10,No-arbitrage enforced,-0.35573663306121434,-2.147,-2.147,0.0,True
2011-01-11,No-arbitrage enforced,-0.37223199924001416,-2.2290000000000005,-2.229,4.440892098500626e-16,True
2011-01-12,No-arbitrage enforced,-0.36465225047151384,-2.194,-2.1939999999999995,4.440892098500626e-16,True
2011-01-13,No-arbitrage enforced,-0.3515388334441697,-2.1290000000000004,-2.129000000000001,-4.440892098500626e-16,True
2011-01-14,No-arbitrage enforced,-0.39655534404474463,-2.3519999999999994,-2.3519999999999994,0.0,True
2011-01-18,No-arbitrage enforced,-0.49800895553759394,-2.816,-2.8160000000000007,-8.881784197001252e-16,True
2011-01-19,No-arbitrage enforced,-0.3958648394137438,-2.3409999999999997,-2.341,-4.440892098500626e-16,True
2011-01-20,No-arbitrage enforced,-0.4568079889843609,-2.6189999999999998,-2.6189999999999998,0.0,True
2011-01-21,No-arbitrage enforced,-0.6499231370567434,-3.399000000000001,-3.3990000000000014,-4.440892098500626e-16,True
2011-01-24,No-arbitrage enforced,-0.5910573018701456,-3.1860000000000013,-3.1860000000000013,0.0,True
2011-01-25,No-arbitrage enforced,-0.6639302443308249,-3.461000000000001,-3.4610000000000003,8.881784197001252e-16,True
2011-01-26,No-arbitrage enforced,-0.5858241013781715,-3.1759999999999993,-3.1760000000000006,-1.3322676295501878e-15,True
2011-01-27,No-arbitrage enforced,-0.5549842699296168,-3.056,-3.056,0.0,True
2011-01-28,No-arbitrage enforced,-0.5068034939909049,-2.822999999999999,-2.8229999999999995,-4.440892098500626e-16,True
2011-01-31,No-arbitrage enforced,-0.5563001314518742,-3.030000000000001,-3.0300000000000016,-4.440892098500626e-16,True
2011-02-01,No-arbitrage enforced,-0.5208055952894927,-2.9,-2.9000000000000004,-4.440892098500626e-16,True
2011-02-02,No-arbitrage enforced,-0.4858499061878229,-2.752,-2.752,0.0,True
2011-02-03,No-arbitrage enforced,-0.4760662791942588,-2.7129999999999996,-2.713,-4.440892098500626e-16,True
2011-02-04,No-arbitrage enforced,-0.4820351134873818,-2.745,-2.745,0.0,True
2011-02-07,No-arbitrage enforced,-0.4866885203792648,-2.7629999999999995,-2.7629999999999995,0.0,True
2011-02-08,No-arbitrage enforced,-0.5298595636684238,-2.9539999999999993,-2.9539999999999993,0.0,True
2011-02-10,No-arbitrage enforced,-0.5234114942078254,-2.924000000000001,-2.924000000000001,0.0,True
2011-02-11,No-arbitrage enforced,-0.5721122904199514,-3.1310000000000002,-3.1310000000000007,-4.440892098500626e-16,True
2011-02-14,No-arbitrage enforced,-0.48116981756910326,-2.7409999999999997,-2.740999999999999,4.440892098500626e-16,True
2011-02-15,No-arbitrage enforced,-0.5855971460694711,-3.178,-3.177999999999999,8.881784197001252e-16,True
2011-02-16,No-arbitrage enforced,-0.5595099095713271,-3.069,-3.0690000000000013,-1.3322676295501878e-15,True
2011-02-17,No-arbitrage enforced,-0.566059328385436,-3.097,-3.096999999999999,8.881784197001252e-16,True
2011-02-18,No-arbitrage enforced,-0.7109595642094474,-3.6430000000000007,-3.6430000000000002,4.440892098500626e-16,True
2011-02-22,No-arbitrage enforced,-0.4535963966065175,-2.5900000000000007,-2.5900000000000003,4.440892098500626e-16,True
2011-02-23,No-arbitrage enforced,-0.42399826050204026,-2.4530000000000003,-2.4530000000000003,0.0,True
2011-02-24,No-arbitrage enforced,-0.42661297891421673,-2.468000000000001,-2.468000000000001,0.0,True
2011-02-25,No-arbitrage enforced,-0.5180248663378725,-2.875999999999999,-2.8759999999999986,4.440892098500626e-16,True
2011-02-28,No-arbitrage enforced,-0.5310235830249886,-2.9370000000000003,-2.937,4.440892098500626e-16,True
2011-03-01,No-arbitrage enforced,-0.37728459777826445,-2.2430000000000008,-2.2430000000000008,0.0,True
2011-03-02,No-arbitrage enforced,-0.39063179752333754,-2.306,-2.3059999999999996,4.440892098500626e-16,True
2011-03-03,No-arbitrage enforced,-0.446835966041019,-2.5709999999999993,-2.5709999999999993,0.0,True
2011-03-04,No-arbitrage enforced,-0.4515999014369075,-2.5900000000000007,-2.5900000000000007,0.0,True
2011-03-07,No-arbitrage enforced,-0.38824249545056866,-2.2950000000000004,-2.295000000000001,-4.440892098500626e-16,True
2011-03-08,No-arbitrage enforced,-0.3967628754054453,-2.3370000000000006,-2.337000000000001,-4.440892098500626e-16,True
2011-03-09,No-arbitrage enforced,-0.3805243953786948,-2.2599999999999993,-2.26,-4.440892098500626e-16,True
2011-03-10,No-arbitrage enforced,-0.3112773694519352,-1.9260000000000006,-1.9260000000000006,0.0,True
2011-03-11,No-arbitrage enforced,-0.2968874595495666,-1.8540000000000005,-1.854000000000001,-4.440892098500626e-16,True
2011-03-14,No-arbitrage enforced,-0.3580400102267911,-2.1519999999999997,-2.1519999999999992,4.440892098500626e-16,True
2011-03-15,No-arbitrage enforced,-0.3656854167580365,-2.1819999999999995,-2.1819999999999995,0.0,True
2011-03-16,No-arbitrage enforced,-0.38458351716233324,-2.2459999999999996,-2.246,-4.440892098500626e-16,True
2011-03-17,No-arbitrage enforced,-0.46047409820146346,-2.5849999999999995,-2.585,-4.440892098500626e-16,True
2011-03-18,No-arbitrage enforced,-0.4802281012636864,-2.681,-2.6809999999999996,4.440892098500626e-16,True
2011-03-21,No-arbitrage enforced,-0.4239760342281689,-2.4590000000000005,-2.4590000000000014,-8.881784197001252e-16,True
2011-03-22,No-arbitrage enforced,-0.34340957979175046,-2.0829999999999997,-2.083,-4.440892098500626e-16,True
2011-03-23,No-arbitrage enforced,-0.3415350176340157,-2.075,-2.0749999999999997,4.440892098500626e-16,True
2011-03-24,No-arbitrage enforced,-0.3254832729812258,-1.9969999999999999,-1.9969999999999988,1.1102230246251565e-15,True
2011-03-25,No-arbitrage enforced,-0.3550727726377049,-2.1430000000000007,-2.1430000000000007,0.0,True
2011-03-28,No-arbitrage enforced,-0.38181913506152265,-2.2680000000000007,-2.268000000000001,-4.440892098500626e-16,True
2011-03-29,No-arbitrage enforced,-0.41144273407733056,-2.411,-2.411,0.0,True
2011-03-30,No-arbitrage enforced,-0.39807281427168967,-2.35,-2.3500000000000005,-4.440892098500626e-16,True
2011-03-31,No-arbitrage enforced,-0.42248612442435474,-2.464,-2.4640000000000013,-1.3322676295501878e-15,True
2011-04-01,No-arbitrage enforced,-0.5119029742257163,-2.8639999999999985,-2.8639999999999985,0.0,True
2011-04-04,No-arbitrage enforced,-0.4983483137410773,-2.805000000000001,-2.8050000000000006,4.440892098500626e-16,True
2011-04-05,No-arbitrage enforced,-0.49723488107463887,-2.802000000000001,-2.802,8.881784197001252e-16,True
2011-04-06,No-arbitrage enforced,-0.4332978245817211,-2.5180000000000007,-2.5180000000000007,0.0,True
2011-04-07,No-arbitrage enforced,-0.46168063158033085,-2.6459999999999995,-2.646,-4.440892098500626e-16,True
2011-04-08,No-arbitrage enforced,-0.45065222282521294,-2.592,-2.5919999999999996,4.440892098500626e-16,True
2011-04-11,No-arbitrage enforced,-0.38547895901330925,-2.2939999999999996,-2.293999999999999,4.440892098500626e-16,True
2011-04-12,No-arbitrage enforced,-0.3651479899715712,-2.194,-2.194,0.0,True
2011-04-13,No-arbitrage enforced,-0.41974061249148326,-2.4549999999999996,-2.4550000000000005,-8.881784197001252e-16,True
2011-04-14,No-arbitrage enforced,-0.4306275177739655,-2.5090000000000003,-2.5090000000000003,0.0,True
2011-04-15,No-arbitrage enforced,-0.5503130394226241,-3.044999999999999,-3.044999999999998,8.881784197001252e-16,True
2011-04-18,No-arbitrage enforced,-0.5282596814542561,-2.9370000000000003,-2.937,4.440892098500626e-16,True
2011-04-19,No-arbitrage enforced,-0.526613473133389,-2.9400000000000004,-2.9400000000000004,0.0,True
2011-04-20,No-arbitrage enforced,-0.566058667441232,-3.1129999999999995,-3.1129999999999987,8.881784197001252e-16,True
2011-04-21,No-arbitrage enforced,-0.5808719819514038,-3.178,-3.178000000000001,-8.881784197001252e-16,True
2011-04-25,No-arbitrage enforced,-0.5618118043243002,-3.0879999999999996,-3.087999999999999,4.440892098500626e-16,True
2011-04-26,No-arbitrage enforced,-0.4815044628441754,-2.745,-2.7449999999999997,4.440892098500626e-16,True
2011-04-27,No-arbitrage enforced,-0.4694681887601591,-2.6930000000000005,-2.6930000000000005,0.0,True
2011-04-28,No-arbitrage enforced,-0.4264004710850485,-2.4989999999999997,-2.4989999999999997,0.0,True
2011-04-29,No-arbitrage enforced,-0.47994392865598917,-2.745,-2.7449999999999988,1.3322676295501878e-15,True
2011-05-02,No-arbitrage enforced,-0.41028442756287936,-2.4150000000000005,-2.415,4.440892098500626e-16,True
2011-05-03,No-arbitrage enforced,-0.48421105301158224,-2.7489999999999997,-2.748999999999999,4.440892098500626e-16,True
2011-05-04,No-arbitrage enforced,-0.4358908318552042,-2.529000000000001,-2.529,8.881784197001252e-16,True
2011-05-05,No-arbitrage enforced,-0.4283609756487961,-2.489,-2.489,0.0,True
2011-05-06,No-arbitrage enforced,-0.4224564613450114,-2.461,-2.4609999999999994,4.440892098500626e-16,True
2011-05-09,No-arbitrage enforced,-0.4225606001179229,-2.467,-2.467,0.0,True
2011-05-10,No-arbitrage enforced,-0.4549194793869464,-2.623,-2.6229999999999998,4.440892098500626e-16,True
2011-05-11,No-arbitrage enforced,-0.36199788948777367,-2.1790000000000007,-2.1790000000000003,4.440892098500626e-16,True
2011-05-12,No-arbitrage enforced,-0.37782011276284544,-2.2590000000000003,-2.2590000000000003,0.0,True
2011-05-13,No-arbitrage enforced,-0.3643161415835383,-2.1900000000000004,-2.190000000000001,-4.440892098500626e-16,True
2011-05-16,No-arbitrage enforced,-0.40016920063573364,-2.3579999999999997,-2.3579999999999997,0.0,True
2011-05-17,No-arbitrage enforced,-0.3490073510207607,-2.114,-2.114,0.0,True
2011-05-18,No-arbitrage enforced,-0.44639460200188913,-2.5819999999999994,-2.5819999999999994,0.0,True
2011-05-19,No-arbitrage enforced,-0.4748557381950809,-2.7159999999999997,-2.715999999999999,8.881784197001252e-16,True
2011-05-20,No-arbitrage enforced,-0.5239753456498784,-2.9150000000000005,-2.9149999999999996,8.881784197001252e-16,True
2011-05-23,No-arbitrage enforced,-0.4260320623182114,-2.478,-2.478,0.0,True
2011-05-24,No-arbitrage enforced,-0.39033949844305255,-2.3129999999999997,-2.3129999999999997,0.0,True
2011-05-25,No-arbitrage enforced,-0.3847888969793872,-2.289,-2.289,0.0,True
2011-05-26,No-arbitrage enforced,-0.4377431582757467,-2.5430000000000006,-2.543,4.440892098500626e-16,True
2011-05-27,No-arbitrage enforced,-0.3983028373058208,-2.3579999999999997,-2.358,-4.440892098500626e-16,True
2011-05-31,No-arbitrage enforced,-0.4046780095530847,-2.3909999999999996,-2.390999999999999,4.440892098500626e-16,True
2011-06-01,No-arbitrage enforced,-0.31271401394914067,-1.9329999999999998,-1.9329999999999998,0.0,True
2011-06-02,No-arbitrage enforced,-0.31011300672232966,-1.9200000000000004,-1.920000000000001,-6.661338147750939e-16,True
2011-06-03,No-arbitrage enforced,-0.26317919349227265,-1.6799999999999997,-1.6799999999999995,2.220446049250313e-16,True
2011-06-06,No-arbitrage enforced,-0.24801576259977556,-1.6019999999999996,-1.6019999999999999,-2.220446049250313e-16,True
2011-06-07,No-arbitrage enforced,-0.2491306062153636,-1.6069999999999993,-1.6070000000000002,-8.881784197001252e-16,True
2011-06-08,No-arbitrage enforced,-0.30137710255604117,-1.8760000000000006,-1.876,6.661338147750939e-16,True
2011-06-09,No-arbitrage enforced,-0.2722942169222759,-1.7269999999999996,-1.7269999999999994,2.220446049250313e-16,True
2011-06-10,No-arbitrage enforced,-0.38087187336039036,-2.2650000000000006,-2.265000000000001,-4.440892098500626e-16,True
2011-06-13,No-arbitrage enforced,-0.346574399045872,-2.0989999999999993,-2.098999999999999,4.440892098500626e-16,True
2011-06-14,No-arbitrage enforced,-0.4373997604755571,-2.53,-2.53,0.0,True
2011-06-15,No-arbitrage enforced,-0.4186012241066025,-2.4319999999999995,-2.431999999999999,4.440892098500626e-16,True
2011-06-16,No-arbitrage enforced,-0.3763928532993077,-2.2349999999999994,-2.235,-4.440892098500626e-16,True
2011-06-17,No-arbitrage enforced,-0.3277235720501209,-2.0060000000000002,-2.0060000000000002,0.0,True
2011-06-20,No-arbitrage enforced,-0.27509456527564285,-1.7439999999999998,-1.7439999999999996,2.220446049250313e-16,True
2011-06-21,No-arbitrage enforced,-0.2575014242062217,-1.6519999999999997,-1.651999999999999,6.661338147750939e-16,True
2011-06-22,No-arbitrage enforced,-0.22363802598101468,-1.4739999999999995,-1.4739999999999995,0.0,True
2011-06-23,No-arbitrage enforced,-0.2625897101924182,-1.6790000000000007,-1.6790000000000005,2.220446049250313e-16,True
2011-06-24,No-arbitrage enforced,-0.24492422500840105,-1.592,-1.5920000000000003,-2.220446049250313e-16,True
2011-06-27,No-arbitrage enforced,-0.3153841489636072,-1.9459999999999993,-1.9459999999999997,-4.440892098500626e-16,True
2011-06-28,No-arbitrage enforced,-0.3705262236374422,-2.2150000000000007,-2.2150000000000016,-8.881784197001252e-16,True
2011-06-29,No-arbitrage enforced,-0.5137726538956352,-2.872999999999999,-2.8729999999999993,-4.440892098500626e-16,True
2011-06-30,No-arbitrage enforced,-0.36789240146515945,-2.2090000000000005,-2.2090000000000005,0.0,True
2011-07-01,No-arbitrage enforced,-0.31824080899115026,-1.9629999999999996,-1.9629999999999994,2.220446049250313e-16,True
2011-07-05,No-arbitrage enforced,-0.36128431079829226,-2.178,-2.178,0.0,True
2011-07-06,No-arbitrage enforced,-0.3559668025841481,-2.1510000000000007,-2.1510000000000007,0.0,True
2011-07-07,No-arbitrage enforced,-0.36284069979356937,-2.186,-2.1860000000000004,-4.440892098500626e-16,True
2011-07-08,No-arbitrage enforced,-0.3192480758814072,-1.9680000000000006,-1.9680000000000009,-2.220446049250313e-16,True
2011-07-11,No-arbitrage enforced,-0.38966463623491826,-2.308,-2.3080000000000003,-4.440892098500626e-16,True
2011-07-12,No-arbitrage enforced,-0.31033862302373266,-1.9209999999999994,-1.9209999999999994,0.0,True
2011-07-13,No-arbitrage enforced,-0.42777428923226984,-2.4790000000000005,-2.479000000000001,-4.440892098500626e-16,True
2011-07-14,No-arbitrage enforced,-0.470366568706983,-2.6629999999999994,-2.662999999999999,4.440892098500626e-16,True
2011-07-15,No-arbitrage enforced,-0.53018282602824,-2.924000000000001,-2.9240000000000017,-8.881784197001252e-16,True
2011-07-18,No-arbitrage enforced,-0.40948687976595893,-2.3920000000000003,-2.392,4.440892098500626e-16,True
2011-07-19,No-arbitrage enforced,-0.45672135177696904,-2.6120000000000005,-2.612000000000001,-4.440892098500626e-16,True
2011-07-20,No-arbitrage enforced,-0.3877685832766176,-2.2969999999999997,-2.2970000000000006,-8.881784197001252e-16,True
2011-07-21,No-arbitrage enforced,-0.3753260098825065,-2.242,-2.2419999999999995,4.440892098500626e-16,True
2011-07-22,No-arbitrage enforced,-0.35818438512546635,-2.1590000000000003,-2.159,4.440892098500626e-16,True
2011-07-25,No-arbitrage enforced,-0.31516694843296744,-1.9450000000000003,-1.9450000000000007,-4.440892098500626e-16,True
2011-07-26,No-arbitrage enforced,-0.32881601406964894,-2.0120000000000005,-2.0120000000000005,0.0,True
2011-07-27,No-arbitrage enforced,-0.31495142200397497,-1.9439999999999997,-1.9439999999999995,2.220446049250313e-16,True
2011-07-28,No-arbitrage enforced,-0.3342245692526673,-2.036,-2.0359999999999996,4.440892098500626e-16,True
2011-07-29,No-arbitrage enforced,-0.3407816329033587,-2.0650000000000004,-2.0650000000000004,0.0,True
2011-08-01,No-arbitrage enforced,-0.2984404198052358,-1.864,-1.8640000000000003,-2.220446049250313e-16,True
2011-08-02,No-arbitrage enforced,-0.24629868595197113,-1.6079999999999999,-1.6079999999999999,0.0,True
2011-08-03,No-arbitrage enforced,-0.2706819428061625,-1.7269999999999996,-1.7269999999999994,2.220446049250313e-16,True
2011-08-04,No-arbitrage enforced,-0.1844096353273442,-1.3170000000000002,-1.3170000000000002,0.0,True
2011-08-05,No-arbitrage enforced,-0.31635169178694045,-1.936,-1.9360000000000004,-4.440892098500626e-16,True
2011-08-08,No-arbitrage enforced,-0.41242201053864325,-2.1060000000000003,-2.1060000000000003,0.0,True
2011-08-09,No-arbitrage enforced,-0.4506108787388987,-2.4510000000000005,-2.450999999999999,1.3322676295501878e-15,True
2011-08-10,No-arbitrage enforced,-0.3198844767837775,-1.8650000000000007,-1.8650000000000002,4.440892098500626e-16,True
2011-08-11,No-arbitrage enforced,-0.34355673322529307,-1.9989999999999994,-1.9989999999999997,-2.220446049250313e-16,True
2011-08-12,No-arbitrage enforced,-0.33251993004236174,-1.9790000000000005,-1.979,4.440892098500626e-16,True
2011-08-15,No-arbitrage enforced,-0.37183335043496224,-2.1760000000000006,-2.1760000000000006,0.0,True
2011-08-16,No-arbitrage enforced,-0.38945536331743646,-2.2409999999999997,-2.2409999999999997,0.0,True
2011-08-17,No-arbitrage enforced,-0.4824285557842963,-2.6159999999999997,-2.6159999999999983,1.3322676295501878e-15,True
2011-08-18,No-arbitrage enforced,-0.48948241021897304,-2.444,-2.444,0.0,True
2011-08-19,No-arbitrage enforced,-0.4791336537122769,-2.405,-2.405,0.0,True
2011-08-22,No-arbitrage enforced,-0.3382052864906441,-1.9400000000000006,-1.9400000000000002,4.440892098500626e-16,True
2011-08-23,No-arbitrage enforced,-0.4427274254781669,-2.405,-2.4049999999999994,4.440892098500626e-16,True
2011-08-24,No-arbitrage enforced,-0.4227328386934487,-2.3370000000000006,-2.3370000000000006,0.0,True
2011-08-25,No-arbitrage enforced,-0.36726662039887276,-2.0810000000000004,-2.0810000000000004,0.0,True
2011-08-26,No-arbitrage enforced,-0.4110340069753095,-2.2969999999999997,-2.2969999999999993,4.440892098500626e-16,True
2011-08-29,No-arbitrage enforced,-0.3542462256332111,-2.0989999999999993,-2.098999999999999,4.440892098500626e-16,True
2011-08-30,No-arbitrage enforced,-0.32964849224208737,-1.9900000000000007,-1.9900000000000007,0.0,True
2011-08-31,No-arbitrage enforced,-0.33072755864542985,-2.0010000000000003,-2.001000000000001,-4.440892098500626e-16,True
2011-09-01,No-arbitrage enforced,-0.33597865238191355,-2.0230000000000006,-2.0230000000000006,0.0,True
2011-09-02,No-arbitrage enforced,-0.3177380458686429,-1.9329999999999998,-1.932999999999999,8.881784197001252e-16,True
2011-09-06,No-arbitrage enforced,-0.36510687975032685,-2.1040000000000005,-2.1040000000000005,0.0,True
2011-09-07,No-arbitrage enforced,-0.3038402815627122,-1.875,-1.8749999999999996,4.440892098500626e-16,True
2011-09-08,No-arbitrage enforced,-0.3011593445919627,-1.8590000000000004,-1.8590000000000004,0.0,True
2011-09-09,No-arbitrage enforced,-0.26706008157762545,-1.6900000000000006,-1.6900000000000008,-2.220446049250313e-16,True
2011-09-12,No-arbitrage enforced,-0.2749104643244163,-1.7230000000000003,-1.7229999999999999,4.440892098500626e-16,True
2011-09-13,No-arbitrage enforced,-0.29184948300798874,-1.8049999999999997,-1.8049999999999993,4.440892098500626e-16,True
2011-09-14,No-arbitrage enforced,-0.2376516476202874,-1.5730000000000004,-1.5730000000000004,0.0,True
2011-09-15,No-arbitrage enforced,-0.33087331267465026,-2.0,-1.9999999999999996,4.440892098500626e-16,True
2011-09-16,No-arbitrage enforced,-0.40662738376251245,-2.3269999999999995,-2.3269999999999995,0.0,True
2011-09-19,No-arbitrage enforced,-0.3495035747074076,-2.0760000000000005,-2.076,4.440892098500626e-16,True
2011-09-20,No-arbitrage enforced,-0.34616670431252805,-2.061,-2.060999999999999,8.881784197001252e-16,True
2011-09-21,No-arbitrage enforced,-0.3441825513619412,-2.0180000000000007,-2.018000000000001,-4.440892098500626e-16,True
2011-09-22,No-arbitrage enforced,-0.33404114772689747,-1.9370000000000005,-1.9370000000000005,0.0,True
2011-09-23,No-arbitrage enforced,-0.3046070861191891,-1.8239999999999994,-1.8239999999999994,0.0,True
2011-09-26,No-arbitrage enforced,-0.35263689709903234,-2.0340000000000003,-2.034,4.440892098500626e-16,True
2011-09-27,No-arbitrage enforced,-0.32938588877358477,-1.9549999999999996,-1.9549999999999992,4.440892098500626e-16,True
2011-09-28,No-arbitrage enforced,-0.30344852914644627,-1.8209999999999993,-1.8209999999999997,-4.440892098500626e-16,True
2011-09-29,No-arbitrage enforced,-0.31744813780845527,-1.8969999999999998,-1.8969999999999996,2.220446049250313e-16,True
2011-09-30,No-arbitrage enforced,-0.224099589212781,-1.4829999999999999,-1.4830000000000003,-4.440892098500626e-16,True
2011-10-03,No-arbitrage enforced,-0.18586083706215104,-1.3090000000000004,-1.3090000000000002,2.220446049250313e-16,True
2011-10-04,No-arbitrage enforced,-0.2320458742744399,-1.528,-1.5279999999999998,2.220446049250313e-16,True
2011-10-05,No-arbitrage enforced,-0.1982562376402012,-1.3870000000000005,-1.3870000000000007,-2.220446049250313e-16,True
2011-10-06,No-arbitrage enforced,-0.23156104849225656,-1.5420000000000003,-1.542,2.220446049250313e-16,True
2011-10-07,No-arbitrage enforced,-0.2465688608101471,-1.6099999999999994,-1.6099999999999997,-2.220446049250313e-16,True
2011-10-10,No-arbitrage enforced,-0.2605334084329644,-1.6810000000000003,-1.6809999999999996,6.661338147750939e-16,True
2011-10-11,No-arbitrage enforced,-0.3069721368846492,-1.8909999999999996,-1.8909999999999991,4.440892098500626e-16,True
2011-10-12,No-arbitrage enforced,-0.3670831190338843,-2.1599999999999993,-2.159999999999999,4.440892098500626e-16,True
2011-10-13,No-arbitrage enforced,-0.37519312068654825,-2.1980000000000004,-2.1980000000000004,0.0,True
2011-10-14,No-arbitrage enforced,-0.37029457480588673,-2.1900000000000004,-2.190000000000001,-4.440892098500626e-16,True
2011-10-17,No-arbitrage enforced,-0.4432369868228646,-2.4459999999999993,-2.4459999999999997,-4.440892098500626e-16,True
2011-10-18,No-arbitrage enforced,-0.5334312332274923,-2.7989999999999995,-2.7989999999999986,8.881784197001252e-16,True
2011-10-19,No-arbitrage enforced,-0.39729573595044926,-2.2569999999999992,-2.2569999999999992,0.0,True
2011-10-20,No-arbitrage enforced,-0.39821884769103905,-2.2569999999999992,-2.2569999999999992,0.0,True
2011-10-21,No-arbitrage enforced,-0.5096677428162686,-2.719,-2.718999999999999,8.881784197001252e-16,True
2011-10-24,No-arbitrage enforced,-0.44185920602703255,-2.4849999999999994,-2.484999999999999,4.440892098500626e-16,True
2011-10-25,No-arbitrage enforced,-0.3940119686792415,-2.2650000000000006,-2.265000000000001,-4.440892098500626e-16,True
2011-10-26,No-arbitrage enforced,-0.38972492752367843,-2.2650000000000006,-2.2650000000000006,0.0,True
2011-10-27,No-arbitrage enforced,-0.3885267200699638,-2.281999999999999,-2.282,-8.881784197001252e-16,True
2011-10-28,No-arbitrage enforced,-0.35192455890766133,-2.1180000000000008,-2.1180000000000003,4.440892098500626e-16,True
2011-10-31,No-arbitrage enforced,-0.34452329894422895,-2.069,-2.069,0.0,True
2011-11-01,No-arbitrage enforced,-0.5103842988953141,-2.6650000000000005,-2.665,4.440892098500626e-16,True
2011-11-02,No-arbitrage enforced,-0.4279352547135398,-2.3950000000000005,-2.3950000000000005,0.0,True
2011-11-03,No-arbitrage enforced,-0.42827192539768927,-2.4189999999999996,-2.4189999999999996,0.0,True
2011-11-04,No-arbitrage enforced,-0.41206163661497475,-2.3560000000000003,-2.3560000000000008,-4.440892098500626e-16,True
2011-11-07,No-arbitrage enforced,-0.4452325167403732,-2.4930000000000008,-2.493,8.881784197001252e-16,True
2011-11-08,No-arbitrage enforced,-0.43635750108532684,-2.4769999999999994,-2.477,-4.440892098500626e-16,True
2011-11-09,No-arbitrage enforced,-0.41025126428302994,-2.2870000000000004,-2.287,4.440892098500626e-16,True
2011-11-10,No-arbitrage enforced,-0.4620553290271878,-2.5239999999999996,-2.523999999999999,4.440892098500626e-16,True
2011-11-11,No-arbitrage enforced,-0.4364241977320271,-2.4560000000000004,-2.4560000000000004,0.0,True
2011-11-14,No-arbitrage enforced,-0.43912748663824325,-2.4560000000000004,-2.4560000000000004,0.0,True
2011-11-15,No-arbitrage enforced,-0.4498724963157181,-2.497,-2.4970000000000003,-4.440892098500626e-16,True
2011-11-16,No-arbitrage enforced,-0.40374400946517375,-2.2920000000000003,-2.2920000000000003,0.0,True
2011-11-17,No-arbitrage enforced,-0.3728539809201062,-2.1590000000000003,-2.1590000000000003,0.0,True
2011-11-18,No-arbitrage enforced,-0.33182287643432834,-2.0040000000000004,-2.0040000000000004,0.0,True
2011-11-21,No-arbitrage enforced,-0.2249827710588206,-1.5150000000000006,-1.5150000000000006,0.0,True
2011-11-22,No-arbitrage enforced,-0.22023922764368772,-1.4920000000000002,-1.492,2.220446049250313e-16,True
2011-11-23,No-arbitrage enforced,-0.2603079705244743,-1.6780000000000002,-1.6780000000000004,-2.220446049250313e-16,True
2011-11-25,No-arbitrage enforced,-0.21699334120702837,-1.4769999999999996,-1.4769999999999999,-2.220446049250313e-16,True
2011-11-28,No-arbitrage enforced,-0.3000836659445803,-1.8629999999999995,-1.8629999999999998,-2.220446049250313e-16,True
2011-11-29,No-arbitrage enforced,-0.25237574563412857,-1.6450000000000002,-1.6450000000000002,0.0,True
2011-11-30,No-arbitrage enforced,-0.2549810763155347,-1.6560000000000001,-1.6560000000000001,0.0,True
2011-12-01,No-arbitrage enforced,-0.2620625492067882,-1.6900000000000006,-1.6900000000000004,2.220446049250313e-16,True
2011-12-02,No-arbitrage enforced,-0.2499238235419658,-1.6310000000000002,-1.6310000000000002,0.0,True
2011-12-05,No-arbitrage enforced,-0.24635519116716428,-1.614,-1.6139999999999999,2.220446049250313e-16,True
2011-12-06,No-arbitrage enforced,-0.22631842437228786,-1.5159999999999996,-1.5159999999999996,0.0,True
2011-12-07,No-arbitrage enforced,-0.24059032421206028,-1.5870000000000004,-1.5870000000000002,2.220446049250313e-16,True
2011-12-08,No-arbitrage enforced,-0.229827455593816,-1.5370000000000004,-1.5370000000000004,0.0,True
2011-12-09,No-arbitrage enforced,-0.2608657291489334,-1.6829999999999998,-1.6829999999999994,4.440892098500626e-16,True
2011-12-12,No-arbitrage enforced,-0.3325468127365114,-2.0260000000000007,-2.026000000000001,-4.440892098500626e-16,True
2011-12-13,No-arbitrage enforced,-0.31507093499392363,-1.9439999999999997,-1.9439999999999997,0.0,True
2011-12-14,No-arbitrage enforced,-0.34129083659214143,-2.066,-2.066,0.0,True
2011-12-15,No-arbitrage enforced,-0.3777830803730198,-2.2349999999999994,-2.2349999999999994,0.0,True
2011-12-16,No-arbitrage enforced,-0.31039520599450776,-1.922,-1.9219999999999993,6.661338147750939e-16,True
2011-12-19,No-arbitrage enforced,-0.2562719546791703,-1.658,-1.6579999999999993,6.661338147750939e-16,True
2011-12-20,No-arbitrage enforced,-0.34045227029763053,-2.066,-2.066,0.0,True
2011-12-21,No-arbitrage enforced,-0.23000202335505143,-1.5159999999999996,-1.5159999999999996,0.0,True
2011-12-22,No-arbitrage enforced,-0.2378991815001618,-1.5560000000000003,-1.556,2.220446049250313e-16,True
2011-12-23,No-arbitrage enforced,-0.2689667450055319,-1.714,-1.7139999999999997,2.220446049250313e-16,True
2011-12-27,No-arbitrage enforced,-0.25650324128180074,-1.653,-1.6529999999999994,6.661338147750939e-16,True
2011-12-28,No-arbitrage enforced,-0.2516481406574972,-1.6319999999999992,-1.6319999999999995,-2.220446049250313e-16,True
2011-12-29,No-arbitrage enforced,-0.2569832278371608,-1.6569999999999994,-1.6569999999999991,2.220446049250313e-16,True
2011-12-30,No-arbitrage enforced,-0.2495191503599696,-1.6209999999999993,-1.620999999999999,2.220446049250313e-16,True
2012-01-03,No-arbitrage enforced,-0.26740990054362296,-1.7099999999999995,-1.71,-4.440892098500626e-16,True
2012-01-04,No-arbitrage enforced,-0.27824827846446165,-1.7629999999999995,-1.7629999999999992,2.220446049250313e-16,True
2012-01-05,No-arbitrage enforced,-0.28104439390626057,-1.7760000000000005,-1.776000000000001,-4.440892098500626e-16,True
2012-01-06,No-arbitrage enforced,-0.2918117410351231,-1.8290000000000006,-1.8290000000000008,-2.220446049250313e-16,True
2012-01-09,No-arbitrage enforced,-0.30745575094904093,-1.9069999999999994,-1.906999999999999,4.440892098500626e-16,True
2012-01-10,No-arbitrage enforced,-0.3058643356470433,-1.8989999999999996,-1.8989999999999991,4.440892098500626e-16,True
2012-01-11,No-arbitrage enforced,-0.33054086000114896,-2.0200000000000005,-2.0200000000000005,0.0,True
2012-01-12,No-arbitrage enforced,-0.3424288426623441,-2.0780000000000003,-2.0780000000000007,-4.440892098500626e-16,True
2012-01-13,No-arbitrage enforced,-0.3664032952686119,-2.192,-2.192,0.0,True
2012-01-17,No-arbitrage enforced,-0.44905455463015165,-2.5629999999999997,-2.5629999999999984,1.3322676295501878e-15,True
2012-01-18,No-arbitrage enforced,-0.5717425486782932,-3.0780000000000003,-3.0780000000000003,0.0,True
2012-01-19,No-arbitrage enforced,-0.5396724207449697,-2.9599999999999995,-2.9599999999999995,0.0,True
2012-01-20,No-arbitrage enforced,-0.5277647876051755,-2.924000000000001,-2.9240000000000004,4.440892098500626e-16,True
2012-01-23,No-arbitrage enforced,-0.44958766133793415,-2.5829999999999997,-2.5829999999999997,0.0,True
2012-01-24,No-arbitrage enforced,-0.4850759770184233,-2.7379999999999995,-2.7379999999999995,0.0,True
2012-01-25,No-arbitrage enforced,-0.435694038702494,-2.522,-2.5220000000000002,-4.440892098500626e-16,True
2012-01-26,No-arbitrage enforced,-0.38724232518784957,-2.2959999999999994,-2.296,-4.440892098500626e-16,True
2012-01-27,No-arbitrage enforced,-0.35675411178751587,-2.15,-2.15,0.0,True
2012-01-30,No-arbitrage enforced,-0.3672774078450234,-2.1989999999999994,-2.1989999999999994,0.0,True
2012-01-31,No-arbitrage enforced,-0.3666663913778545,-2.1959999999999993,-2.1959999999999993,0.0,True
2012-02-01,No-arbitrage enforced,-0.3544949665737924,-2.1390000000000002,-2.1390000000000002,0.0,True
2012-02-02,No-arbitrage enforced,-0.372237116715856,-2.2260000000000004,-2.226000000000001,-4.440892098500626e-16,True
2012-02-03,No-arbitrage enforced,-0.3692667669127046,-2.214,-2.2139999999999995,4.440892098500626e-16,True
2012-02-06,No-arbitrage enforced,-0.4008676497631713,-2.3629999999999995,-2.3629999999999995,0.0,True
2012-02-07,No-arbitrage enforced,-0.38791024713496813,-2.3019999999999996,-2.302,-4.440892098500626e-16,True
2012-02-08,No-arbitrage enforced,-0.42549144250683274,-2.4760000000000004,-2.476000000000001,-4.440892098500626e-16,True
2012-02-09,No-arbitrage enforced,-0.464130359336887,-2.6480000000000006,-2.6480000000000006,0.0,True
2012-02-10,No-arbitrage enforced,-0.5413638882456266,-2.9590000000000005,-2.959000000000001,-4.440892098500626e-16,True
2012-02-13,No-arbitrage enforced,-0.4971324063296821,-2.789,-2.789000000000001,-8.881784197001252e-16,True
2012-02-14,No-arbitrage enforced,-0.5478651460665318,-2.996000000000001,-2.996000000000001,0.0,True
2012-02-15,No-arbitrage enforced,-0.5245339317221948,-2.8879999999999995,-2.888,-4.440892098500626e-16,True
2012-02-16,No-arbitrage enforced,-0.5553546534786015,-3.028999999999999,-3.0289999999999995,-4.440892098500626e-16,True
2012-02-17,No-arbitrage enforced,-0.5339750576654925,-2.9539999999999993,-2.9539999999999984,8.881784197001252e-16,True
2012-02-21,No-arbitrage enforced,-0.5090854880386882,-2.846000000000001,-2.846000000000001,0.0,True
2012-02-22,No-arbitrage enforced,-0.49137597158577595,-2.7700000000000005,-2.7700000000000005,0.0,True
2012-02-23,No-arbitrage enforced,-0.49165822079838667,-2.781,-2.781,0.0,True
2012-02-24,No-arbitrage enforced,-0.513612207377165,-2.872,-2.872,0.0,True
2012-02-27,No-arbitrage enforced,-0.4748736236468459,-2.6980000000000004,-2.6980000000000013,-8.881784197001252e-16,True
2012-02-28,No-arbitrage enforced,-0.44478213491822977,-2.5650000000000004,-2.5649999999999995,8.881784197001252e-16,True
2012-02-29,No-arbitrage enforced,-0.42204942159969927,-2.4590000000000005,-2.459000000000001,-4.440892098500626e-16,True
2012-03-01,No-arbitrage enforced,-0.48829839378267675,-2.7629999999999995,-2.7629999999999995,0.0,True
2012-03-02,No-arbitrage enforced,-0.43416743141071934,-2.5200000000000005,-2.5200000000000005,0.0,True
2012-03-05,No-arbitrage enforced,-0.4577767910619262,-2.623,-2.6230000000000007,-4.440892098500626e-16,True
2012-03-06,No-arbitrage enforced,-0.46722070535850685,-2.6489999999999996,-2.6490000000000005,-8.881784197001252e-16,True
2012-03-07,No-arbitrage enforced,-0.4543047489181568,-2.6019999999999994,-2.601999999999999,4.440892098500626e-16,True
2012-03-08,No-arbitrage enforced,-0.43225515773738277,-2.508,-2.5080000000000005,-4.440892098500626e-16,True
2012-03-09,No-arbitrage enforced,-0.42487864258708186,-2.478,-2.477999999999999,1.3322676295501878e-15,True
2012-03-12,No-arbitrage enforced,-0.7930353615516417,-3.925,-3.9249999999999976,2.220446049250313e-15,True
2012-03-13,No-arbitrage enforced,-0.3829277951047032,-2.289,-2.2889999999999997,4.440892098500626e-16,True
2012-03-14,No-arbitrage enforced,-0.3022879198365311,-1.8819999999999992,-1.881999999999999,2.220446049250313e-16,True
2012-03-15,No-arbitrage enforced,-0.7088463839567228,-3.650999999999999,-3.650999999999998,8.881784197001252e-16,True
2012-03-16,No-arbitrage enforced,-0.7545512675153428,-3.843000000000001,-3.821937627941347,0.0210623720586538,True
2012-03-19,No-arbitrage enforced,-0.512156187936004,-2.8849999999999993,-2.884999999999998,1.3322676295501878e-15,True
2012-03-20,No-arbitrage enforced,-0.49428513130902696,-2.802000000000001,-2.8020000000000005,4.440892098500626e-16,True
2012-03-21,No-arbitrage enforced,-0.41881675141209895,-2.4599999999999995,-2.46,-4.440892098500626e-16,True
2012-03-22,No-arbitrage enforced,-0.34868531221426735,-2.117,-2.117,0.0,True
2012-03-23,No-arbitrage enforced,-0.3847893075702556,-2.2980000000000005,-2.298,4.440892098500626e-16,True
2012-03-26,No-arbitrage enforced,-0.28670348940832013,-1.8019999999999996,-1.8019999999999996,0.0,True
2012-03-27,No-arbitrage enforced,-0.34789480047967963,-2.1129999999999995,-2.1129999999999995,0.0,True
2012-03-28,No-arbitrage enforced,-0.35747094450890005,-2.161,-2.161,0.0,True
2012-03-29,No-arbitrage enforced,-0.35909163452115656,-2.1689999999999996,-2.169,-4.440892098500626e-16,True
2012-03-30,No-arbitrage enforced,-0.42712531786226265,-2.497,-2.4970000000000003,-4.440892098500626e-16,True
2012-04-02,No-arbitrage enforced,-0.388637539354276,-2.3129999999999997,-2.3129999999999993,4.440892098500626e-16,True
2012-04-03,No-arbitrage enforced,-0.4034300983933791,-2.3840000000000003,-2.3839999999999995,8.881784197001252e-16,True
2012-04-04,No-arbitrage enforced,-0.3457114228731956,-2.1,-2.0999999999999996,4.440892098500626e-16,True
2012-04-05,No-arbitrage enforced,-0.3379788129040308,-2.061,-2.061,0.0,True
2012-04-09,No-arbitrage enforced,-0.30714685450028284,-1.9049999999999998,-1.9049999999999998,0.0,True
2012-04-10,No-arbitrage enforced,-0.31153666450187845,-1.9269999999999996,-1.9269999999999994,2.220446049250313e-16,True
2012-04-11,No-arbitrage enforced,-0.2946997305715564,-1.8430000000000006,-1.8430000000000009,-2.220446049250313e-16,True
2012-04-12,No-arbitrage enforced,-0.3233272353147989,-1.9870000000000005,-1.9870000000000005,0.0,True
2012-04-13,No-arbitrage enforced,-0.28999710587663674,-1.8189999999999997,-1.8189999999999997,0.0,True
2012-04-16,No-arbitrage enforced,-0.260168831816824,-1.6670000000000003,-1.667000000000001,-6.661338147750939e-16,True
2012-04-17,No-arbitrage enforced,-0.3635464478629791,-2.183,-2.183,0.0,True
2012-04-18,No-arbitrage enforced,-0.31613513374103785,-1.95,-1.9500000000000002,-2.220446049250313e-16,True
2012-04-19,No-arbitrage enforced,-0.2785969474431709,-1.7599999999999993,-1.7599999999999996,-2.220446049250313e-16,True
2012-04-20,No-arbitrage enforced,-0.2874825809646947,-1.8049999999999997,-1.805,-2.220446049250313e-16,True
2012-04-23,No-arbitrage enforced,-0.2704688312173898,-1.7189999999999999,-1.7189999999999996,2.220446049250313e-16,True
2012-04-24,No-arbitrage enforced,-0.2935097202954237,-1.8359999999999999,-1.8359999999999996,2.220446049250313e-16,True
2012-04-25,No-arbitrage enforced,-0.3771424699269517,-2.253,-2.253,0.0,True
2012-04-26,No-arbitrage enforced,-0.346222454312333,-2.103,-2.103,0.0,True
2012-04-27,No-arbitrage enforced,-0.3272701291572636,-2.008,-2.007999999999999,8.881784197001252e-16,True
2012-04-30,No-arbitrage enforced,-0.32251970484200987,-1.9829999999999999,-1.983,-2.220446049250313e-16,True
2012-05-01,No-arbitrage enforced,-0.32934737111997503,-2.0180000000000007,-2.018000000000001,-4.440892098500626e-16,True
2012-05-02,No-arbitrage enforced,-0.32464672221873053,-1.9939999999999998,-1.994,-2.220446049250313e-16,True
2012-05-03,No-arbitrage enforced,-0.2514055598961307,-1.6180000000000008,-1.618,6.661338147750939e-16,True
2012-05-04,No-arbitrage enforced,-0.24409184552395796,-1.5829999999999997,-1.583,-2.220446049250313e-16,True
2012-05-07,No-arbitrage enforced,-0.260569673447524,-1.6680000000000006,-1.6680000000000008,-2.220446049250313e-16,True
2012-05-08,No-arbitrage enforced,-0.27122794595687916,-1.7230000000000003,-1.723000000000001,-6.661338147750939e-16,True
2012-05-09,No-arbitrage enforced,-0.228665008253349,-1.5049999999999997,-1.5050000000000001,-4.440892098500626e-16,True
2012-05-10,No-arbitrage enforced,-0.23048937628148708,-1.511,-1.5110000000000003,-4.440892098500626e-16,True
2012-05-11,No-arbitrage enforced,-0.22208817021690608,-1.4700000000000002,-1.47,2.220446049250313e-16,True
2012-05-14,No-arbitrage enforced,-0.30964375001332567,-1.9180000000000006,-1.9180000000000008,-2.220446049250313e-16,True
2012-05-15,No-arbitrage enforced,-0.3273193763037044,-2.0040000000000004,-2.0039999999999996,8.881784197001252e-16,True
2012-05-16,No-arbitrage enforced,-0.2951603762991819,-1.847,-1.8470000000000004,-4.440892098500626e-16,True
2012-05-17,No-arbitrage enforced,-0.31708468484873475,-1.9540000000000006,-1.9540000000000015,-8.881784197001252e-16,True
2012-05-18,No-arbitrage enforced,-0.31167922486518895,-1.9280000000000002,-1.928,2.220446049250313e-16,True
2012-05-21,No-arbitrage enforced,-0.3174230429675794,-1.9560000000000002,-1.9560000000000004,-2.220446049250313e-16,True
2012-05-22,No-arbitrage enforced,-0.31228018948827685,-1.9310000000000003,-1.9310000000000005,-2.220446049250313e-16,True
2012-05-23,No-arbitrage enforced,-0.3166011126738385,-1.9519999999999995,-1.9519999999999993,2.220446049250313e-16,True
2012-05-24,No-arbitrage enforced,-0.33971903828095246,-2.064,-2.0640000000000005,-4.440892098500626e-16,True
2012-05-25,No-arbitrage enforced,-0.3343459031198061,-2.0379999999999994,-2.0380000000000003,-8.881784197001252e-16,True
2012-05-29,No-arbitrage enforced,-0.3764399984229695,-2.239,-2.239,0.0,True
2012-05-30,No-arbitrage enforced,-0.29633476881861953,-1.8540000000000005,-1.8540000000000003,2.220446049250313e-16,True
2012-05-31,No-arbitrage enforced,-0.3124722104026551,-1.9319999999999993,-1.9319999999999993,0.0,True
2012-06-01,No-arbitrage enforced,-0.2510033001109124,-1.6349999999999993,-1.6349999999999993,0.0,True
2012-06-04,No-arbitrage enforced,-0.25747762957431203,-1.6659999999999997,-1.6659999999999993,4.440892098500626e-16,True
2012-06-05,No-arbitrage enforced,-0.266240903941891,-1.7069999999999994,-1.7069999999999985,8.881784197001252e-16,True
2012-06-06,No-arbitrage enforced,-0.31948253617518935,-1.9659999999999997,-1.966,-2.220446049250313e-16,True
2012-06-07,No-arbitrage enforced,-0.326680548500102,-2.0010000000000003,-2.001000000000001,-4.440892098500626e-16,True
2012-06-08,No-arbitrage enforced,-0.3701360168896542,-2.2090000000000005,-2.209,4.440892098500626e-16,True
2012-06-11,No-arbitrage enforced,-0.3116396290985761,-1.9280000000000002,-1.9280000000000004,-2.220446049250313e-16,True
2012-06-12,No-arbitrage enforced,-0.36472651093502206,-2.1819999999999995,-2.182,-4.440892098500626e-16,True
2012-06-13,No-arbitrage enforced,-0.3345405797714144,-2.0370000000000004,-2.0369999999999995,8.881784197001252e-16,True
2012-06-14,No-arbitrage enforced,-0.22772610766514573,-1.5049999999999997,-1.5050000000000008,-1.1102230246251565e-15,True
2012-06-15,No-arbitrage enforced,-0.45808248257781253,-2.6079999999999997,-2.6079999999999997,0.0,True
2012-06-18,No-arbitrage enforced,-0.35051150539959375,-2.12,-2.12,0.0,True
2012-06-19,No-arbitrage enforced,-0.38986956073918266,-2.309,-2.3089999999999997,4.440892098500626e-16,True
2012-06-20,No-arbitrage enforced,-0.36769812292616594,-2.2060000000000004,-2.206,4.440892098500626e-16,True
2012-06-21,No-arbitrage enforced,-0.29409326332829616,-1.8400000000000005,-1.8400000000000007,-2.220446049250313e-16,True
2012-06-22,No-arbitrage enforced,-0.25486390710435547,-1.6370000000000005,-1.6370000000000002,2.220446049250313e-16,True
2012-06-25,No-arbitrage enforced,-0.2524543516748691,-1.6290000000000007,-1.629000000000001,-2.220446049250313e-16,True
2012-06-26,No-arbitrage enforced,-0.22199987528094164,-1.4689999999999999,-1.4689999999999999,0.0,True
2012-06-27,No-arbitrage enforced,-0.24434701575458442,-1.5849999999999995,-1.5849999999999997,-2.220446049250313e-16,True
2012-06-28,No-arbitrage enforced,-0.2645946672699723,-1.6900000000000006,-1.69,6.661338147750939e-16,True
2012-06-29,No-arbitrage enforced,-0.30785246704160335,-1.9090000000000003,-1.909000000000001,-6.661338147750939e-16,True
2012-07-02,No-arbitrage enforced,-0.30389166331106315,-1.889,-1.8890000000000002,-2.220446049250313e-16,True
2012-07-03,No-arbitrage enforced,-0.2929462033660801,-1.8329999999999997,-1.833000000000001,-1.3322676295501878e-15,True
2012-07-05,No-arbitrage enforced,-0.284751367834121,-1.7909999999999997,-1.7909999999999997,0.0,True
2012-07-06,No-arbitrage enforced,-0.2952964983724737,-1.8450000000000002,-1.8450000000000004,-2.220446049250313e-16,True
2012-07-09,No-arbitrage enforced,-0.31847144824391405,-1.9620000000000004,-1.9620000000000006,-2.220446049250313e-16,True
2012-07-10,No-arbitrage enforced,-0.31293645245603996,-1.9340000000000004,-1.9340000000000006,-2.220446049250313e-16,True
2012-07-11,No-arbitrage enforced,-0.2728405993601991,-1.7299999999999998,-1.7299999999999998,0.0,True
2012-07-12,No-arbitrage enforced,-0.2501845404201044,-1.6129999999999995,-1.6129999999999993,2.220446049250313e-16,True
2012-07-13,No-arbitrage enforced,-0.3085969430661621,-1.9129999999999996,-1.912999999999999,6.661338147750939e-16,True
2012-07-16,No-arbitrage enforced,-0.23093114056586983,-1.5090000000000003,-1.509000000000001,-6.661338147750939e-16,True
2012-07-17,No-arbitrage enforced,-0.2715256212546176,-1.722,-1.7219999999999998,2.220446049250313e-16,True
2012-07-18,No-arbitrage enforced,-0.25955547394634587,-1.6590000000000003,-1.6589999999999998,4.440892098500626e-16,True
2012-07-19,No-arbitrage enforced,-0.214908174199175,-1.4189999999999998,-1.4189999999999996,2.220446049250313e-16,True
2012-07-20,No-arbitrage enforced,-0.25820693240892517,-1.6519999999999997,-1.6519999999999997,0.0,True
2012-07-23,No-arbitrage enforced,-0.33144160204623235,-2.0260000000000007,-2.0260000000000007,0.0,True
2012-07-24,No-arbitrage enforced,-0.3087043931675372,-1.9129999999999996,-1.9129999999999998,-2.220446049250313e-16,True
2012-07-25,No-arbitrage enforced,-0.2977637228057721,-1.8579999999999999,-1.8579999999999999,0.0,True
2012-07-26,No-arbitrage enforced,-0.2655907289507046,-1.6920000000000002,-1.6920000000000006,-4.440892098500626e-16,True
2012-07-27,No-arbitrage enforced,-0.21821102032316064,-1.4400000000000006,-1.4400000000000004,2.220446049250313e-16,True
2012-07-30,No-arbitrage enforced,-0.22616411666934597,-1.486,-1.4859999999999995,4.440892098500626e-16,True
2012-07-31,No-arbitrage enforced,-0.20924592359540237,-1.3989999999999996,-1.3989999999999991,4.440892098500626e-16,True
2012-08-01,No-arbitrage enforced,-0.22055109204356332,-1.4590000000000003,-1.4589999999999994,8.881784197001252e-16,True
2012-08-02,No-arbitrage enforced,-0.21682238226391184,-1.4349999999999994,-1.4349999999999998,-4.440892098500626e-16,True
2012-08-03,No-arbitrage enforced,-0.3303923202645334,-2.025,-2.025,0.0,True
2012-08-06,No-arbitrage enforced,-0.22580374979660528,-1.4790000000000005,-1.4789999999999999,6.661338147750939e-16,True
2012-08-07,No-arbitrage enforced,-0.20285972132751953,-1.3549999999999998,-1.3549999999999998,0.0,True
2012-08-08,No-arbitrage enforced,-0.23662203724187927,-1.536,-1.5359999999999998,2.220446049250313e-16,True
2012-08-09,No-arbitrage enforced,-0.32216701713547635,-1.9840000000000004,-1.9840000000000004,0.0,True
2012-08-10,No-arbitrage enforced,-0.28431285838510706,-1.7890000000000001,-1.7890000000000001,0.0,True
2012-08-13,No-arbitrage enforced,-0.35691909657013715,-2.1650000000000005,-2.165,4.440892098500626e-16,True
2012-08-14,No-arbitrage enforced,-0.36590091058477736,-2.2049999999999996,-2.205,-4.440892098500626e-16,True
2012-08-15,No-arbitrage enforced,-0.3228701253376655,-1.989,-1.9889999999999992,8.881784197001252e-16,True
2012-08-16,No-arbitrage enforced,-0.36322383078112735,-2.194,-2.194,0.0,True
2012-08-17,No-arbitrage enforced,-0.3998258460453628,-2.3790000000000004,-2.379,4.440892098500626e-16,True
2012-08-20,No-arbitrage enforced,-0.4435784006438137,-2.5840000000000005,-2.5840000000000005,0.0,True
2012-08-21,No-arbitrage enforced,-0.5386499202530024,-2.999000000000001,-2.999,8.881784197001252e-16,True
2012-08-22,No-arbitrage enforced,-0.43409245806327157,-2.531999999999999,-2.532,-8.881784197001252e-16,True
2012-08-23,No-arbitrage enforced,-0.374072209956647,-2.2409999999999997,-2.2409999999999997,0.0,True
2012-08-24,No-arbitrage enforced,-0.4008458619686932,-2.3739999999999997,-2.3739999999999997,0.0,True
2012-08-27,No-arbitrage enforced,-0.35637783392565053,-2.153,-2.153,0.0,True
2012-08-28,No-arbitrage enforced,-0.33130497452020335,-2.028,-2.028,0.0,True
2012-08-29,No-arbitrage enforced,-0.33689924357601925,-2.0549999999999997,-2.0549999999999993,4.440892098500626e-16,True
2012-08-30,No-arbitrage enforced,-0.3061333903274782,-1.9,-1.9,0.0,True
2012-08-31,No-arbitrage enforced,-0.34167328060776947,-2.0780000000000003,-2.0780000000000007,-4.440892098500626e-16,True
2012-09-04,No-arbitrage enforced,-0.31787232923924985,-1.9590000000000003,-1.959,2.220446049250313e-16,True
2012-09-05,No-arbitrage enforced,-0.335893789860296,-2.0489999999999995,-2.048999999999999,4.440892098500626e-16,True
2012-09-06,No-arbitrage enforced,-0.31189239347866904,-1.9310000000000003,-1.9310000000000007,-4.440892098500626e-16,True
2012-09-07,No-arbitrage enforced,-0.33863082441553133,-2.0700000000000003,-2.07,4.440892098500626e-16,True
2012-09-10,No-arbitrage enforced,-0.3734787606739154,-2.2370000000000005,-2.2370000000000005,0.0,True
2012-09-11,No-arbitrage enforced,-0.38285346421906485,-2.281999999999999,-2.281999999999999,0.0,True
2012-09-12,No-arbitrage enforced,-0.39396697162769323,-2.3379999999999996,-2.3379999999999996,0.0,True
2012-09-13,No-arbitrage enforced,-0.24299811007090075,-1.5689999999999997,-1.5689999999999997,0.0,True
2012-09-14,No-arbitrage enforced,-0.27233367518668855,-1.7260000000000004,-1.7260000000000002,2.220446049250313e-16,True
2012-09-17,No-arbitrage enforced,-0.37864792649223045,-2.2689999999999997,-2.2689999999999997,0.0,True
2012-09-18,No-arbitrage enforced,-0.4773103329026534,-2.7379999999999995,-2.737999999999998,1.3322676295501878e-15,True
2012-09-19,No-arbitrage enforced,-0.3728941246537885,-2.2439999999999998,-2.244,-4.440892098500626e-16,True
2012-09-20,No-arbitrage enforced,-0.49152260759171135,-2.803,-2.8030000000000004,-4.440892098500626e-16,True
2012-09-21,No-arbitrage enforced,-0.5503855720528571,-3.0599999999999996,-3.0600000000000005,-8.881784197001252e-16,True
2012-09-24,No-arbitrage enforced,-0.5163598422464067,-2.9120000000000004,-2.9119999999999995,8.881784197001252e-16,True
2012-09-25,No-arbitrage enforced,-0.4373144289130166,-2.5450000000000004,-2.545,4.440892098500626e-16,True
2012-09-26,No-arbitrage enforced,-0.4091839818166721,-2.406,-2.406,0.0,True
2012-09-27,No-arbitrage enforced,-0.4825606901488665,-2.7560000000000002,-2.756,4.440892098500626e-16,True
2012-09-28,No-arbitrage enforced,-0.44680550750931125,-2.5870000000000006,-2.587000000000001,-4.440892098500626e-16,True
2012-10-01,No-arbitrage enforced,-0.4990611025170403,-2.816999999999999,-2.8169999999999984,4.440892098500626e-16,True
2012-10-02,No-arbitrage enforced,-0.4738359323763983,-2.7099999999999995,-2.7099999999999995,0.0,True
2012-10-03,No-arbitrage enforced,-0.436239676668152,-2.5400000000000005,-2.5400000000000005,0.0,True
2012-10-04,No-arbitrage enforced,-0.3326284469720336,-2.039,-2.039,0.0,True
2012-10-05,No-arbitrage enforced,-0.4021722293912824,-2.3849999999999993,-2.384999999999999,4.440892098500626e-16,True
2012-10-08,No-arbitrage enforced,-0.3663068669322862,-2.2060000000000004,-2.2060000000000004,0.0,True
2012-10-09,No-arbitrage enforced,-0.34991266212517685,-2.1209999999999996,-2.121,-4.440892098500626e-16,True
2012-10-10,No-arbitrage enforced,-0.33482377736108465,-2.0459999999999994,-2.0459999999999994,0.0,True
2012-10-11,No-arbitrage enforced,-0.34189607913697423,-2.0829999999999997,-2.082999999999999,8.881784197001252e-16,True
2012-10-12,No-arbitrage enforced,-0.3449690269883419,-2.097,-2.0969999999999995,4.440892098500626e-16,True
2012-10-15,No-arbitrage enforced,-0.3743571433708454,-2.245,-2.245,0.0,True
2012-10-16,No-arbitrage enforced,-0.37574386613061284,-2.252,-2.251999999999999,8.881784197001252e-16,True
2012-10-17,No-arbitrage enforced,-0.42615303778824154,-2.495,-2.4949999999999997,4.440892098500626e-16,True
2012-10-18,No-arbitrage enforced,-0.4182718660883915,-2.4579999999999997,-2.4579999999999993,4.440892098500626e-16,True
2012-10-19,No-arbitrage enforced,-0.4380455741431237,-2.539,-2.5390000000000006,-4.440892098500626e-16,True
2012-10-22,No-arbitrage enforced,-0.38654141772029266,-2.2989999999999995,-2.298999999999999,4.440892098500626e-16,True
2012-10-23,No-arbitrage enforced,-0.32945212030110316,-2.0159999999999996,-2.0159999999999996,0.0,True
2012-10-24,No-arbitrage enforced,-0.31271593051386604,-1.9329999999999998,-1.933,-2.220446049250313e-16,True
2012-10-25,No-arbitrage enforced,-0.34411369499020716,-2.089,-2.089,0.0,True
2012-10-26,No-arbitrage enforced,-0.31227786799661755,-1.9310000000000003,-1.9310000000000003,0.0,True
2012-10-31,No-arbitrage enforced,-0.22927814479555012,-1.5040000000000007,-1.504000000000001,-2.220446049250313e-16,True
2012-11-01,No-arbitrage enforced,-0.28363753961430266,-1.7849999999999995,-1.7849999999999993,2.220446049250313e-16,True
2012-11-02,No-arbitrage enforced,-0.24377914431909717,-1.578,-1.578,0.0,True
2012-11-05,No-arbitrage enforced,-0.23849131207730362,-1.5519999999999996,-1.5519999999999996,0.0,True
2012-11-06,No-arbitrage enforced,-0.25445512584051033,-1.6340000000000003,-1.6340000000000003,0.0,True
2012-11-07,No-arbitrage enforced,-0.24931820902696683,-1.6099999999999994,-1.6099999999999994,0.0,True
2012-11-08,No-arbitrage enforced,-0.2609047717490749,-1.6689999999999998,-1.6689999999999996,2.220446049250313e-16,True
2012-11-09,No-arbitrage enforced,-0.23611790234836016,-1.5400000000000005,-1.5400000000000014,-8.881784197001252e-16,True
2012-11-12,No-arbitrage enforced,-0.21505840289318123,-1.4230000000000005,-1.4230000000000007,-2.220446049250313e-16,True
2012-11-13,No-arbitrage enforced,-0.22588310530318204,-1.4810000000000003,-1.4810000000000003,0.0,True
2012-11-14,No-arbitrage enforced,-0.19572627672406362,-1.3230000000000004,-1.3230000000000004,0.0,True
2012-11-15,No-arbitrage enforced,-0.20349246077152108,-1.3650000000000007,-1.3650000000000002,4.440892098500626e-16,True
2012-11-16,No-arbitrage enforced,-0.24549639965746706,-1.5849999999999995,-1.5849999999999995,0.0,True
2012-11-19,No-arbitrage enforced,-0.20161637040725044,-1.3459999999999994,-1.345999999999999,4.440892098500626e-16,True
2012-11-20,No-arbitrage enforced,-0.2721679285116345,-1.725,-1.725,0.0,True
2012-11-21,No-arbitrage enforced,-0.2602385734835673,-1.6620000000000004,-1.662000000000001,-6.661338147750939e-16,True
2012-11-23,No-arbitrage enforced,-0.28302327426148943,-1.7819999999999994,-1.7819999999999996,-2.220446049250313e-16,True
2012-11-26,No-arbitrage enforced,-0.266655277765214,-1.6959999999999993,-1.6959999999999993,0.0,True
2012-11-27,No-arbitrage enforced,-0.26073170083728536,-1.6650000000000005,-1.6650000000000007,-2.220446049250313e-16,True
2012-11-28,No-arbitrage enforced,-0.25079448831592205,-1.6120000000000005,-1.612,4.440892098500626e-16,True
2012-11-29,No-arbitrage enforced,-0.2740655764896342,-1.7349999999999994,-1.7349999999999992,2.220446049250313e-16,True
2012-11-30,No-arbitrage enforced,-0.2687184995237387,-1.7069999999999994,-1.7069999999999994,0.0,True
2012-12-03,No-arbitrage enforced,-0.24788568326096722,-1.5980000000000003,-1.5980000000000005,-2.220446049250313e-16,True
2012-12-04,No-arbitrage enforced,-0.23506820524004038,-1.5310000000000001,-1.5309999999999997,4.440892098500626e-16,True
2012-12-05,No-arbitrage enforced,-0.221118809878318,-1.4549999999999996,-1.4549999999999998,-2.220446049250313e-16,True
2012-12-06,No-arbitrage enforced,-0.24337020647323146,-1.5739999999999994,-1.5739999999999994,0.0,True
2012-12-07,No-arbitrage enforced,-0.23402090437451786,-1.5230000000000004,-1.5230000000000006,-2.220446049250313e-16,True
2012-12-10,No-arbitrage enforced,-0.22539152742237065,-1.4769999999999996,-1.4769999999999994,2.220446049250313e-16,True
2012-12-11,No-arbitrage enforced,-0.24702679916109563,-1.592,-1.5920000000000003,-2.220446049250313e-16,True
2012-12-12,No-arbitrage enforced,-0.2576956184761553,-1.6489999999999996,-1.6489999999999994,2.220446049250313e-16,True
2012-12-13,No-arbitrage enforced,-0.2528314805372366,-1.6239999999999994,-1.623999999999999,4.440892098500626e-16,True
2012-12-14,No-arbitrage enforced,-0.30449987389891653,-1.8920000000000001,-1.8920000000000003,-2.220446049250313e-16,True
2012-12-17,No-arbitrage enforced,-0.287701614171844,-1.8060000000000003,-1.806,2.220446049250313e-16,True
2012-12-18,No-arbitrage enforced,-0.28382075556567715,-1.786,-1.7860000000000005,-4.440892098500626e-16,True
2012-12-19,No-arbitrage enforced,-0.34123193688295156,-2.0760000000000005,-2.0760000000000005,0.0,True
2012-12-20,No-arbitrage enforced,-0.41875155444326845,-2.447,-2.4469999999999996,4.440892098500626e-16,True
2012-12-21,No-arbitrage enforced,-0.4766480577550687,-2.7079999999999997,-2.7079999999999997,0.0,True
2012-12-24,No-arbitrage enforced,-0.4189098180222373,-2.447,-2.4469999999999996,4.440892098500626e-16,True
2012-12-26,No-arbitrage enforced,-0.3712950678219899,-2.218000000000001,-2.2180000000000004,4.440892098500626e-16,True
2012-12-27,No-arbitrage enforced,-0.3181949833464999,-1.9599999999999995,-1.9599999999999997,-2.220446049250313e-16,True
2012-12-28,No-arbitrage enforced,-0.2932619181610128,-1.8379999999999996,-1.8379999999999999,-2.220446049250313e-16,True
2012-12-31,No-arbitrage enforced,-0.351837971858463,-2.127,-2.126999999999999,8.881784197001252e-16,True
2013-01-02,No-arbitrage enforced,-0.36012920631399886,-2.1769999999999996,-2.1769999999999996,0.0,True
2013-01-03,No-arbitrage enforced,-0.2850473548475714,-1.7930000000000006,-1.7930000000000001,4.440892098500626e-16,True
2013-01-04,No-arbitrage enforced,-0.24006859861781854,-1.5530000000000002,-1.553000000000001,-8.881784197001252e-16,True
2013-01-07,No-arbitrage enforced,-0.26326566637778914,-1.6780000000000002,-1.6780000000000004,-2.220446049250313e-16,True
2013-01-08,No-arbitrage enforced,-0.2890050570810102,-1.8150000000000006,-1.8150000000000004,2.220446049250313e-16,True
2013-01-09,No-arbitrage enforced,-0.28413456107598417,-1.7890000000000001,-1.7890000000000008,-6.661338147750939e-16,True
2013-01-10,No-arbitrage enforced,-0.2961730471297352,-1.8530000000000002,-1.8530000000000002,0.0,True
2013-01-11,No-arbitrage enforced,-0.3077520649835495,-1.9140000000000001,-1.9140000000000004,-2.220446049250313e-16,True
2013-01-14,No-arbitrage enforced,-0.270900185433972,-1.7189999999999999,-1.719,-2.220446049250313e-16,True
2013-01-15,No-arbitrage enforced,-0.34198187481301656,-2.0900000000000007,-2.0900000000000007,0.0,True
2013-01-16,No-arbitrage enforced,-0.3268624256983651,-2.0129999999999995,-2.012999999999999,4.440892098500626e-16,True
2013-01-17,No-arbitrage enforced,-0.3347518894477872,-2.053,-2.053000000000001,-8.881784197001252e-16,True
2013-01-18,No-arbitrage enforced,-0.41889529302291184,-2.4790000000000005,-2.479,4.440892098500626e-16,True
2013-01-22,No-arbitrage enforced,-0.45960622452064775,-2.6730000000000005,-2.6729999999999996,8.881784197001252e-16,True
2013-01-23,No-arbitrage enforced,-0.4564653359796218,-2.658,-2.658,0.0,True
2013-01-24,No-arbitrage enforced,-0.4334486156311844,-2.5469999999999997,-2.5469999999999997,0.0,True
2013-01-25,No-arbitrage enforced,-0.41796013096412676,-2.470999999999999,-2.4709999999999996,-4.440892098500626e-16,True
2013-01-28,No-arbitrage enforced,-0.38286006999320027,-2.2950000000000004,-2.2950000000000004,0.0,True
2013-01-29,No-arbitrage enforced,-0.40291847209971643,-2.3950000000000005,-2.3950000000000005,0.0,True
2013-01-30,No-arbitrage enforced,-0.3628481338049682,-2.192,-2.1920000000000006,-4.440892098500626e-16,True
2013-01-31,No-arbitrage enforced,-0.35721069729254207,-2.164,-2.164,0.0,True
2013-02-01,No-arbitrage enforced,-0.3740294591834215,-2.255,-2.255,0.0,True
2013-02-04,No-arbitrage enforced,-0.3768916633830991,-2.2599999999999993,-2.2600000000000002,-8.881784197001252e-16,True
2013-02-05,No-arbitrage enforced,-0.3885168298100861,-2.322,-2.321999999999999,8.881784197001252e-16,True
2013-02-06,No-arbitrage enforced,-0.372605132167668,-2.245,-2.244999999999999,8.881784197001252e-16,True
2013-02-07,No-arbitrage enforced,-0.4323253215627516,-2.5349999999999993,-2.534999999999999,4.440892098500626e-16,True
2013-02-08,No-arbitrage enforced,-0.4382511244918649,-2.567,-2.567,0.0,True
2013-02-11,No-arbitrage enforced,-0.4351588168388399,-2.553,-2.5530000000000004,-4.440892098500626e-16,True
2013-02-12,No-arbitrage enforced,-0.4470511392848768,-2.6120000000000005,-2.6120000000000005,0.0,True
2013-02-13,No-arbitrage enforced,-0.4596852633730158,-2.6680000000000006,-2.6680000000000006,0.0,True
2013-02-14,No-arbitrage enforced,-0.47000805199053547,-2.719,-2.719,0.0,True
2013-02-15,No-arbitrage enforced,-0.5426761718700784,-3.0460000000000007,-3.0460000000000003,4.440892098500626e-16,True
2013-02-19,No-arbitrage enforced,-0.5350598432137121,-3.0150000000000006,-3.0149999999999997,8.881784197001252e-16,True
2013-02-20,No-arbitrage enforced,-0.41552125001610174,-2.447,-2.447,0.0,True
2013-02-21,No-arbitrage enforced,-0.3769688479051228,-2.258,-2.258,0.0,True
2013-02-22,No-arbitrage enforced,-0.433804181709287,-2.5370000000000004,-2.537000000000001,-4.440892098500626e-16,True
2013-02-25,No-arbitrage enforced,-0.3569228377610018,-2.15,-2.1500000000000004,-4.440892098500626e-16,True
2013-02-26,No-arbitrage enforced,-0.38527067909264606,-2.2920000000000003,-2.2920000000000003,0.0,True
2013-02-27,No-arbitrage enforced,-0.4259150243025986,-2.4959999999999996,-2.4959999999999996,0.0,True
2013-02-28,No-arbitrage enforced,-0.4681820626568365,-2.686,-2.6859999999999995,4.440892098500626e-16,True
2013-03-01,No-arbitrage enforced,-0.4977269166356924,-2.819,-2.819000000000001,-8.881784197001252e-16,True
2013-03-04,No-arbitrage enforced,-0.5053351035949483,-2.8650000000000007,-2.8649999999999998,8.881784197001252e-16,True
2013-03-05,No-arbitrage enforced,-0.45937600766161046,-2.6620000000000004,-2.662,4.440892098500626e-16,True
2013-03-06,No-arbitrage enforced,-0.4193743842125924,-2.4730000000000003,-2.473,4.440892098500626e-16,True
2013-03-07,No-arbitrage enforced,-0.43011941271455206,-2.528,-2.528,0.0,True
2013-03-08,No-arbitrage enforced,-0.4123130752549231,-2.4459999999999993,-2.4459999999999993,0.0,True
2013-03-11,No-arbitrage enforced,-0.4258715229516086,-2.5209999999999995,-2.521,-4.440892098500626e-16,True
2013-03-12,No-arbitrage enforced,-0.5012857797220736,-2.8659999999999997,-2.8660000000000005,-8.881784197001252e-16,True
2013-03-13,No-arbitrage enforced,-0.46679896933056714,-2.7129999999999996,-2.7129999999999996,0.0,True
2013-03-14,No-arbitrage enforced,-0.5051745921755632,-2.896000000000001,-2.896000000000001,0.0,True
2013-03-15,No-arbitrage enforced,-0.5087177299045174,-2.9120000000000004,-2.912000000000001,-4.440892098500626e-16,True
2013-03-18,No-arbitrage enforced,-0.4494863098345947,-2.617,-2.6169999999999995,4.440892098500626e-16,True
2013-03-19,No-arbitrage enforced,-0.47109959234548315,-2.7079999999999997,-2.7079999999999997,0.0,True
2013-03-20,No-arbitrage enforced,-0.3975124022124137,-2.373,-2.3730000000000007,-4.440892098500626e-16,True
2013-03-21,No-arbitrage enforced,-0.35796796375764145,-2.1689999999999996,-2.168999999999999,4.440892098500626e-16,True
2013-03-22,No-arbitrage enforced,-0.36736318358848075,-2.218000000000001,-2.2180000000000013,-4.440892098500626e-16,True
2013-03-25,No-arbitrage enforced,-0.36452970770903037,-2.2030000000000003,-2.2030000000000007,-4.440892098500626e-16,True
2013-03-26,No-arbitrage enforced,-0.372276893330025,-2.247,-2.2470000000000008,-8.881784197001252e-16,True
2013-03-27,No-arbitrage enforced,-0.36314551082810065,-2.1989999999999994,-2.199,-4.440892098500626e-16,True
2013-03-28,No-arbitrage enforced,-0.3813937799099356,-2.2930000000000006,-2.293,4.440892098500626e-16,True
2013-04-01,No-arbitrage enforced,-0.34810557597143615,-2.1209999999999996,-2.1209999999999996,0.0,True
2013-04-02,No-arbitrage enforced,-0.3796902719009196,-2.2840000000000003,-2.284,4.440892098500626e-16,True
2013-04-03,No-arbitrage enforced,-0.342859947885194,-2.092,-2.0919999999999996,4.440892098500626e-16,True
2013-04-04,No-arbitrage enforced,-0.3400743120960506,-2.0790000000000006,-2.079,4.440892098500626e-16,True
2013-04-05,No-arbitrage enforced,-0.2927057185197935,-1.8340000000000003,-1.8340000000000007,-4.440892098500626e-16,True
2013-04-08,No-arbitrage enforced,-0.30900254626684065,-1.9209999999999994,-1.9209999999999996,-2.220446049250313e-16,True
2013-04-09,No-arbitrage enforced,-0.29778514595465166,-1.8629999999999995,-1.8629999999999993,2.220446049250313e-16,True
2013-04-10,No-arbitrage enforced,-0.29207525656249256,-1.8340000000000003,-1.8340000000000005,-2.220446049250313e-16,True
2013-04-11,No-arbitrage enforced,-0.2715067749449949,-1.7239999999999995,-1.7239999999999989,6.661338147750939e-16,True
2013-04-12,No-arbitrage enforced,-0.28257649545682945,-1.7840000000000003,-1.784000000000001,-6.661338147750939e-16,True
2013-04-15,No-arbitrage enforced,-0.32433948254105255,-1.9920000000000002,-1.992,2.220446049250313e-16,True
2013-04-16,No-arbitrage enforced,-0.4068852116910486,-2.4099999999999993,-2.4099999999999984,8.881784197001252e-16,True
2013-04-17,No-arbitrage enforced,-0.3397115764880116,-2.0700000000000003,-2.0700000000000003,0.0,True
2013-04-18,No-arbitrage enforced,-0.35186395748425553,-2.128,-2.1280000000000006,-4.440892098500626e-16,True
2013-04-19,No-arbitrage enforced,-0.3773653880319856,-2.261,-2.2609999999999992,8.881784197001252e-16,True
2013-04-22,No-arbitrage enforced,-0.3350923052502695,-2.0519999999999996,-2.051999999999999,4.440892098500626e-16,True
2013-04-23,No-arbitrage enforced,-0.3549360267433485,-2.156,-2.1560000000000006,-4.440892098500626e-16,True
2013-04-24,No-arbitrage enforced,-0.3213617635333573,-1.9840000000000004,-1.9840000000000004,0.0,True
2013-04-25,No-arbitrage enforced,-0.3211740683499214,-1.9829999999999999,-1.9829999999999994,4.440892098500626e-16,True
2013-04-26,No-arbitrage enforced,-0.3025129351433993,-1.886,-1.8860000000000006,-6.661338147750939e-16,True
2013-04-29,No-arbitrage enforced,-0.3023635248231084,-1.8849999999999993,-1.8849999999999998,-4.440892098500626e-16,True
2013-04-30,No-arbitrage enforced,-0.3061071691329394,-1.9049999999999998,-1.9050000000000002,-4.440892098500626e-16,True
2013-05-01,No-arbitrage enforced,-0.2873213016304751,-1.8049999999999997,-1.8049999999999997,0.0,True
2013-05-02,No-arbitrage enforced,-0.2852114353920762,-1.7950000000000004,-1.7950000000000002,2.220446049250313e-16,True
2013-05-03,No-arbitrage enforced,-0.28929376034908677,-1.8180000000000007,-1.8180000000000007,0.0,True
2013-05-06,No-arbitrage enforced,-0.2658845091020448,-1.6930000000000007,-1.6930000000000003,4.440892098500626e-16,True
2013-05-07,No-arbitrage enforced,-0.3193221002661294,-1.9760000000000004,-1.975999999999999,1.3322676295501878e-15,True
2013-05-08,No-arbitrage enforced,-0.2736856412066887,-1.7349999999999994,-1.7349999999999994,0.0,True
2013-05-09,No-arbitrage enforced,-0.3064866080703047,-1.908,-1.908,0.0,True
2013-05-10,No-arbitrage enforced,-0.28524083677007517,-1.797,-1.797,0.0,True
2013-05-13,No-arbitrage enforced,-0.30767588103803534,-1.9159999999999997,-1.9159999999999993,4.440892098500626e-16,True
2013-05-14,No-arbitrage enforced,-0.2516862573758979,-1.6159999999999997,-1.6159999999999997,0.0,True
2013-05-15,No-arbitrage enforced,-0.3126040780057938,-1.9409999999999996,-1.9410000000000003,-6.661338147750939e-16,True
2013-05-16,No-arbitrage enforced,-0.3478587728596886,-2.122,-2.1220000000000008,-8.881784197001252e-16,True
2013-05-17,No-arbitrage enforced,-0.483884663792158,-2.7849999999999993,-2.7849999999999993,0.0,True
2013-05-20,No-arbitrage enforced,-0.27977374312414877,-1.7670000000000001,-1.767,2.220446049250313e-16,True
2013-05-21,No-arbitrage enforced,-0.2688179520645583,-1.7079999999999997,-1.7079999999999993,4.440892098500626e-16,True
2013-05-22,No-arbitrage enforced,-0.27038254483560253,-1.7159999999999997,-1.7159999999999995,2.220446049250313e-16,True
2013-05-23,No-arbitrage enforced,-0.26590521161676556,-1.6920000000000002,-1.692,2.220446049250313e-16,True
2013-05-24,No-arbitrage enforced,-0.28949116583198364,-1.8170000000000002,-1.8170000000000002,0.0,True
2013-05-28,No-arbitrage enforced,-0.1840807466048037,-1.2469999999999999,-1.2470000000000003,-4.440892098500626e-16,True
2013-05-29,No-arbitrage enforced,-0.25239749089540425,-1.6200000000000003,-1.6200000000000003,0.0,True
2013-05-30,No-arbitrage enforced,-0.2816185808857072,-1.775,-1.7750000000000004,-4.440892098500626e-16,True
2013-05-31,No-arbitrage enforced,-0.31599251038860665,-1.9510000000000005,-1.9510000000000005,0.0,True
2013-06-03,No-arbitrage enforced,-0.3091108904289251,-1.9159999999999997,-1.9159999999999988,8.881784197001252e-16,True
2013-06-04,No-arbitrage enforced,-0.2648635386185122,-1.6870000000000005,-1.687,4.440892098500626e-16,True
2013-06-05,No-arbitrage enforced,-0.2588791362985325,-1.6569999999999994,-1.6569999999999998,-4.440892098500626e-16,True
2013-06-06,No-arbitrage enforced,-0.2795856956053863,-1.764,-1.7640000000000002,-2.220446049250313e-16,True
2013-06-07,No-arbitrage enforced,-0.25235737654578777,-1.6200000000000003,-1.620000000000001,-6.661338147750939e-16,True
2013-06-10,No-arbitrage enforced,-0.2523106483201873,-1.6200000000000003,-1.6200000000000006,-2.220446049250313e-16,True
2013-06-11,No-arbitrage enforced,-0.26683666557297825,-1.6980000000000004,-1.698000000000001,-6.661338147750939e-16,True
2013-06-12,No-arbitrage enforced,-0.23917755144575858,-1.5560000000000003,-1.5559999999999998,4.440892098500626e-16,True
2013-06-13,No-arbitrage enforced,-0.2726826787037372,-1.7280000000000002,-1.7279999999999998,4.440892098500626e-16,True
2013-06-14,No-arbitrage enforced,-0.25362576932907455,-1.6290000000000007,-1.6290000000000011,-4.440892098500626e-16,True
2013-06-17,No-arbitrage enforced,-0.2622933160518067,-1.6739999999999995,-1.674,-4.440892098500626e-16,True
2013-06-18,No-arbitrage enforced,-0.3001548325070581,-1.8700000000000003,-1.8700000000000008,-4.440892098500626e-16,True
2013-06-19,No-arbitrage enforced,-0.2834460117526144,-1.7840000000000003,-1.7840000000000011,-8.881784197001252e-16,True
2013-06-20,No-arbitrage enforced,-0.2765381090612057,-1.7519999999999996,-1.752,-4.440892098500626e-16,True
2013-06-21,No-arbitrage enforced,-0.27380196083949754,-1.736,-1.736000000000001,-1.1102230246251565e-15,True
2013-06-24,No-arbitrage enforced,-0.24849365155033246,-1.6079999999999999,-1.6079999999999999,0.0,True
2013-06-25,No-arbitrage enforced,-0.2329508011341604,-1.5230000000000004,-1.5230000000000004,0.0,True
2013-06-26,No-arbitrage enforced,-0.24448517398493944,-1.5810000000000002,-1.5810000000000002,0.0,True
2013-06-27,No-arbitrage enforced,-0.2483892477644017,-1.6010000000000004,-1.6010000000000006,-2.220446049250313e-16,True
2013-06-28,No-arbitrage enforced,-0.2582733460439329,-1.653,-1.6529999999999994,6.661338147750939e-16,True
2013-07-01,No-arbitrage enforced,-0.2267502865077973,-1.4849999999999994,-1.4849999999999994,0.0,True
2013-07-02,No-arbitrage enforced,-0.23364200165606053,-1.5219999999999998,-1.522,-2.220446049250313e-16,True
2013-07-03,No-arbitrage enforced,-0.19502340625455805,-1.3129999999999995,-1.312999999999999,4.440892098500626e-16,True
2013-07-05,No-arbitrage enforced,-0.2697029333553062,-1.7120000000000004,-1.7119999999999997,6.661338147750939e-16,True
2013-07-08,No-arbitrage enforced,-0.2698900251326418,-1.7129999999999996,-1.7129999999999996,0.0,True
2013-07-09,No-arbitrage enforced,-0.23371000589277272,-1.5189999999999997,-1.519,-2.220446049250313e-16,True
2013-07-10,No-arbitrage enforced,-0.26891945207218315,-1.7079999999999997,-1.7080000000000002,-4.440892098500626e-16,True
2013-07-11,No-arbitrage enforced,-0.24004578649225605,-1.5530000000000002,-1.553000000000001,-8.881784197001252e-16,True
2013-07-12,No-arbitrage enforced,-0.19884344946252644,-1.3269999999999995,-1.3269999999999993,2.220446049250313e-16,True
2013-07-15,No-arbitrage enforced,-0.21972461275356275,-1.4420000000000002,-1.442,2.220446049250313e-16,True
2013-07-16,No-arbitrage enforced,-0.23498736713519403,-1.5260000000000005,-1.5259999999999998,6.661338147750939e-16,True
2013-07-17,No-arbitrage enforced,-0.23528843774609887,-1.5269999999999997,-1.527,-2.220446049250313e-16,True
2013-07-18,No-arbitrage enforced,-0.2409972270567351,-1.5579999999999998,-1.5579999999999998,0.0,True
2013-07-19,No-arbitrage enforced,-0.19577489302808437,-1.3069999999999993,-1.3069999999999995,-2.220446049250313e-16,True
2013-07-22,No-arbitrage enforced,-0.1928370142704306,-1.2900000000000005,-1.2900000000000005,0.0,True
2013-07-23,No-arbitrage enforced,-0.19698170053561384,-1.314,-1.3140000000000007,-6.661338147750939e-16,True
2013-07-24,No-arbitrage enforced,-0.2996542439966537,-1.8719999999999999,-1.872000000000001,-1.1102230246251565e-15,True
2013-07-25,No-arbitrage enforced,-0.28313437279057346,-1.7849999999999995,-1.785,-4.440892098500626e-16,True
2013-07-26,No-arbitrage enforced,-0.29017924158705316,-1.8230000000000004,-1.823,4.440892098500626e-16,True
2013-07-29,No-arbitrage enforced,-0.3037521722945744,-1.8930000000000007,-1.8930000000000013,-6.661338147750939e-16,True
2013-07-30,No-arbitrage enforced,-0.3125609168297156,-1.939,-1.9390000000000007,-6.661338147750939e-16,True
2013-07-31,No-arbitrage enforced,-0.28328441261776105,-1.7849999999999995,-1.7849999999999995,0.0,True
2013-08-01,No-arbitrage enforced,-0.23154905761862102,-1.5060000000000002,-1.5060000000000002,0.0,True
2013-08-02,No-arbitrage enforced,-0.2649565051258757,-1.689,-1.689,0.0,True
2013-08-05,No-arbitrage enforced,-0.25830371333881974,-1.653,-1.6530000000000002,-2.220446049250313e-16,True
2013-08-06,No-arbitrage enforced,-0.3064484339804217,-1.9090000000000003,-1.9090000000000003,0.0,True
2013-08-07,No-arbitrage enforced,-0.2917991539955533,-1.8310000000000002,-1.8310000000000008,-6.661338147750939e-16,True
2013-08-08,No-arbitrage enforced,-0.2947071318268772,-1.847,-1.8470000000000004,-4.440892098500626e-16,True
2013-08-09,No-arbitrage enforced,-0.3695996526649126,-2.2299999999999995,-2.2299999999999995,0.0,True
2013-08-12,No-arbitrage enforced,-0.238489170611677,-1.5439999999999998,-1.5439999999999996,2.220446049250313e-16,True
2013-08-13,No-arbitrage enforced,-0.24522729866231138,-1.5810000000000002,-1.5810000000000004,-2.220446049250313e-16,True
2013-08-14,No-arbitrage enforced,-0.31121387637800574,-1.9329999999999998,-1.9329999999999996,2.220446049250313e-16,True
2013-08-15,No-arbitrage enforced,-0.24531691926400845,-1.5819999999999994,-1.5820000000000003,-8.881784197001252e-16,True
2013-08-16,No-arbitrage enforced,-0.27137967355123627,-1.7209999999999994,-1.7209999999999994,0.0,True
2013-08-19,No-arbitrage enforced,-0.2893356980232311,-1.8150000000000006,-1.815000000000001,-4.440892098500626e-16,True
2013-08-20,No-arbitrage enforced,-0.287775270209398,-1.8069999999999993,-1.8069999999999997,-4.440892098500626e-16,True
2013-08-21,No-arbitrage enforced,-0.2706191225933101,-1.717,-1.7169999999999996,4.440892098500626e-16,True
2013-08-22,No-arbitrage enforced,-0.30968964629566736,-1.9209999999999994,-1.9209999999999994,0.0,True
2013-08-23,No-arbitrage enforced,-0.3272125629681423,-2.0129999999999995,-2.013,-4.440892098500626e-16,True
2013-08-26,No-arbitrage enforced,-0.2997011068486403,-1.8689999999999998,-1.8689999999999998,0.0,True
2013-08-27,No-arbitrage enforced,-0.2878968173062007,-1.8069999999999993,-1.8069999999999995,-2.220446049250313e-16,True
2013-08-28,No-arbitrage enforced,-0.277091744200226,-1.7510000000000006,-1.7510000000000008,-2.220446049250313e-16,True
2013-08-29,No-arbitrage enforced,-0.2712935588797236,-1.7209999999999994,-1.7209999999999994,0.0,True
2013-08-30,No-arbitrage enforced,-0.27646660925355393,-1.7480000000000004,-1.7480000000000004,0.0,True
2013-09-03,No-arbitrage enforced,-0.2619481271612926,-1.672,-1.6720000000000004,-4.440892098500626e-16,True
2013-09-04,No-arbitrage enforced,-0.26681414726329883,-1.6969999999999998,-1.697,-2.220446049250313e-16,True
2013-09-05,No-arbitrage enforced,-0.2744454509739,-1.7370000000000005,-1.7370000000000003,2.220446049250313e-16,True
2013-09-06,No-arbitrage enforced,-0.2994798265218193,-1.8670000000000002,-1.8670000000000002,0.0,True
2013-09-09,No-arbitrage enforced,-0.3058542172366461,-1.9,-1.9,0.0,True
2013-09-10,No-arbitrage enforced,-0.3237993711568637,-1.9939999999999998,-1.9939999999999998,0.0,True
2013-09-11,No-arbitrage enforced,-0.3378647430216774,-2.0680000000000005,-2.068,4.440892098500626e-16,True
2013-09-12,No-arbitrage enforced,-0.3184248275576032,-1.967,-1.9670000000000003,-2.220446049250313e-16,True
2013-09-13,No-arbitrage enforced,-0.327120848086086,-2.0120000000000005,-2.0120000000000005,0.0,True
2013-09-16,No-arbitrage enforced,-0.3024185278411418,-1.8840000000000003,-1.8840000000000001,2.220446049250313e-16,True
2013-09-17,No-arbitrage enforced,-0.3564071698068484,-2.1590000000000003,-2.1590000000000003,0.0,True
2013-09-18,No-arbitrage enforced,-0.2161402846555813,-1.422,-1.4220000000000004,-4.440892098500626e-16,True
2013-09-19,No-arbitrage enforced,-0.24306083212118,-1.5689999999999997,-1.5689999999999993,4.440892098500626e-16,True
2013-09-20,No-arbitrage enforced,-0.24636983205291557,-1.5870000000000004,-1.5870000000000009,-4.440892098500626e-16,True
2013-09-23,No-arbitrage enforced,-0.3070154288790313,-1.908,-1.9080000000000008,-8.881784197001252e-16,True
2013-09-24,No-arbitrage enforced,-0.31135872470087955,-1.9310000000000003,-1.9310000000000003,0.0,True
2013-09-25,No-arbitrage enforced,-0.2758638074244544,-1.7450000000000003,-1.7450000000000006,-2.220446049250313e-16,True
2013-09-26,No-arbitrage enforced,-0.3648265663482432,-2.2030000000000003,-2.2030000000000007,-4.440892098500626e-16,True
2013-09-27,No-arbitrage enforced,-0.41667443771109997,-2.4480000000000004,-2.448,4.440892098500626e-16,True
2013-09-30,No-arbitrage enforced,-0.3963412263815905,-2.345999999999999,-2.345999999999999,0.0,True
2013-10-01,No-arbitrage enforced,-0.4012179342537671,-2.3739999999999997,-2.3739999999999997,0.0,True
2013-10-02,No-arbitrage enforced,-0.3975998355688333,-2.3519999999999994,-2.3519999999999994,0.0,True
2013-10-03,No-arbitrage enforced,-0.3731058046762943,-2.2310000000000003,-2.2310000000000008,-4.440892098500626e-16,True
2013-10-04,No-arbitrage enforced,-0.40742285809878964,-2.3980000000000006,-2.398000000000001,-4.440892098500626e-16,True
2013-10-07,No-arbitrage enforced,-0.39350095657377576,-2.3230000000000004,-2.3230000000000004,0.0,True
2013-10-08,No-arbitrage enforced,-0.3411630198497271,-2.072,-2.0720000000000005,-4.440892098500626e-16,True
2013-10-09,No-arbitrage enforced,-0.3806327130144949,-2.2620000000000005,-2.262,4.440892098500626e-16,True
2013-10-10,No-arbitrage enforced,-0.3307036833718257,-2.025,-2.025000000000001,-8.881784197001252e-16,True
2013-10-11,No-arbitrage enforced,-0.5638745948425723,-3.097,-3.0969999999999995,4.440892098500626e-16,True
2013-10-14,No-arbitrage enforced,-0.521029731498804,-2.913999999999999,-2.9140000000000006,-1.7763568394002505e-15,True
2013-10-15,No-arbitrage enforced,-0.5720818396298911,-3.100999999999999,-3.1009999999999986,4.440892098500626e-16,True
2013-10-16,No-arbitrage enforced,-0.43183129511430846,-2.5239999999999996,-2.5240000000000005,-8.881784197001252e-16,True
2013-10-17,No-arbitrage enforced,-0.46067184764945995,-2.6680000000000006,-2.6680000000000006,0.0,True
2013-10-18,No-arbitrage enforced,-0.5654275798894055,-3.1349999999999993,-3.1349999999999993,0.0,True
2013-10-21,No-arbitrage enforced,-0.5496945902282051,-3.066999999999999,-3.0669999999999984,4.440892098500626e-16,True
2013-10-22,No-arbitrage enforced,-0.5155004782910666,-2.916999999999999,-2.916999999999999,0.0,True
2013-10-23,No-arbitrage enforced,-0.6446303935065268,-3.447,-3.4470000000000005,-4.440892098500626e-16,True
2013-10-24,No-arbitrage enforced,-0.6688603787065849,-3.541999999999999,-3.541999999999996,3.1086244689504383e-15,True
2013-10-25,No-arbitrage enforced,-0.6587774727313994,-3.5060000000000002,-3.5060000000000007,-4.440892098500626e-16,True
2013-10-28,No-arbitrage enforced,-0.6134157331566753,-3.327000000000001,-3.3270000000000004,4.440892098500626e-16,True
2013-10-29,No-arbitrage enforced,-0.48014693558915383,-2.758,-2.7579999999999996,4.440892098500626e-16,True
2013-10-30,No-arbitrage enforced,-0.48884116899935726,-2.7950000000000004,-2.7950000000000013,-8.881784197001252e-16,True
2013-10-31,No-arbitrage enforced,-0.5915031468802839,-3.2330000000000014,-3.2330000000000014,0.0,True
2013-11-01,No-arbitrage enforced,-0.530711755995547,-2.9840000000000004,-2.984,4.440892098500626e-16,True
2013-11-04,No-arbitrage enforced,-0.43598238691900004,-2.5569999999999995,-2.557,-4.440892098500626e-16,True
2013-11-05,No-arbitrage enforced,-0.3831138320498211,-2.2980000000000005,-2.298000000000001,-4.440892098500626e-16,True
2013-11-06,No-arbitrage enforced,-0.2988338192449966,-1.8689999999999998,-1.8690000000000007,-8.881784197001252e-16,True
2013-11-07,No-arbitrage enforced,-0.40124344857039096,-2.383,-2.3829999999999996,4.440892098500626e-16,True
2013-11-08,No-arbitrage enforced,-0.45288318675388084,-2.6370000000000005,-2.6370000000000005,0.0,True
2013-11-11,No-arbitrage enforced,-0.4348288274230623,-2.5549999999999997,-2.5549999999999997,0.0,True
2013-11-12,No-arbitrage enforced,-0.5253150651542006,-2.9659999999999997,-2.966,-4.440892098500626e-16,True
2013-11-13,No-arbitrage enforced,-0.5557091052971574,-3.100999999999999,-3.1009999999999986,4.440892098500626e-16,True
2013-11-14,No-arbitrage enforced,-0.6038811749549047,-3.303,-3.3030000000000013,-1.3322676295501878e-15,True
2013-11-15,No-arbitrage enforced,-0.6138555330389175,-3.346000000000001,-3.3460000000000005,4.440892098500626e-16,True
2013-11-18,No-arbitrage enforced,-0.713592010205151,-3.7060000000000004,-3.706000000000001,-4.440892098500626e-16,True
2013-11-19,No-arbitrage enforced,-0.622581423978146,-3.3620000000000005,-3.3620000000000005,0.0,True
2013-11-20,No-arbitrage enforced,-0.6132411205985548,-3.325,-3.325000000000001,-8.881784197001252e-16,True
2013-11-21,No-arbitrage enforced,-0.4159298830963773,-2.4629999999999996,-2.463,-4.440892098500626e-16,True
2013-11-22,No-arbitrage enforced,-0.62167095446446,-3.375999999999999,-3.3759999999999972,1.7763568394002505e-15,True
2013-11-25,No-arbitrage enforced,-0.6358344586895118,-3.422999999999999,-3.422999999999998,1.3322676295501878e-15,True
2013-11-26,No-arbitrage enforced,-0.6208583323742523,-3.3639999999999985,-3.363999999999998,4.440892098500626e-16,True
2013-11-27,No-arbitrage enforced,-0.6260991576189531,-3.3819999999999992,-3.3820000000000006,-1.3322676295501878e-15,True
2013-11-29,No-arbitrage enforced,-0.5548117491929786,-3.0819999999999994,-3.0819999999999994,0.0,True
2013-12-02,No-arbitrage enforced,-0.5760826475699535,-3.163999999999999,-3.1639999999999984,4.440892098500626e-16,True
2013-12-03,No-arbitrage enforced,-0.5953092470657101,-3.2379999999999995,-3.237999999999999,4.440892098500626e-16,True
2013-12-04,No-arbitrage enforced,-0.5772194732422978,-3.1629999999999994,-3.162999999999999,4.440892098500626e-16,True
2013-12-05,No-arbitrage enforced,-0.49311086754708355,-2.8009999999999993,-2.8010000000000006,-1.3322676295501878e-15,True
2013-12-06,No-arbitrage enforced,-0.5913874308516944,-3.2319999999999993,-3.2319999999999993,0.0,True
2013-12-09,No-arbitrage enforced,-0.44801242518509504,-2.6090000000000004,-2.6089999999999995,8.881784197001252e-16,True
2013-12-10,No-arbitrage enforced,-0.46148018128497237,-2.6680000000000006,-2.6680000000000006,0.0,True
2013-12-11,No-arbitrage enforced,-0.46538650020206124,-2.6739999999999995,-2.673999999999999,4.440892098500626e-16,True
2013-12-12,No-arbitrage enforced,-0.4297381430545488,-2.5090000000000003,-2.509,4.440892098500626e-16,True
2013-12-13,No-arbitrage enforced,-0.4544830649613432,-2.622,-2.6220000000000003,-4.440892098500626e-16,True
2013-12-16,No-arbitrage enforced,-0.4994475097498475,-2.8210000000000006,-2.821000000000001,-4.440892098500626e-16,True
2013-12-17,No-arbitrage enforced,-0.5122288038137941,-2.875,-2.8750000000000004,-4.440892098500626e-16,True
2013-12-18,No-arbitrage enforced,-0.675809713838225,-3.558000000000001,-3.558000000000001,0.0,True
2013-12-19,No-arbitrage enforced,-0.7404748500682611,-3.7860000000000014,-3.7803915496574683,0.0056084503425331,True
2013-12-20,No-arbitrage enforced,-0.739430301497125,-4.3199999999999985,-3.783185015026846,0.5368149849731525,True
2013-12-23,No-arbitrage enforced,-0.728791314302835,-3.8110000000000013,-3.760258366792898,0.05074163320710312,True
2013-12-24,No-arbitrage enforced,-0.7035685095826448,-3.7879999999999994,-3.681630291794313,0.10636970820568648,True
2013-12-26,No-arbitrage enforced,-0.6981817083629706,-3.6650000000000005,-3.665000000000001,-4.440892098500626e-16,True
2013-12-27,No-arbitrage enforced,-0.7007894840847044,-3.6719999999999997,-3.671999999999999,8.881784197001252e-16,True
2013-12-30,No-arbitrage enforced,-0.6423176413932903,-3.4360000000000013,-3.436,1.3322676295501878e-15,True
2013-12-31,No-arbitrage enforced,-0.6240663258576171,-3.3629999999999995,-3.362999999999998,1.3322676295501878e-15,True
2014-01-02,No-arbitrage enforced,-0.6284964655882153,-3.372999999999999,-3.3729999999999984,4.440892098500626e-16,True
2014-01-03,No-arbitrage enforced,-0.6457257584054332,-3.4460000000000006,-3.4459999999999997,8.881784197001252e-16,True
2014-01-06,No-arbitrage enforced,-0.58250621046744,-3.1990000000000007,-3.199,8.881784197001252e-16,True
2014-01-07,No-arbitrage enforced,-0.5128592044090368,-2.9099999999999993,-2.9099999999999993,0.0,True
2014-01-08,No-arbitrage enforced,-0.5208904655767239,-2.9460000000000006,-2.9459999999999997,8.881784197001252e-16,True
2014-01-09,No-arbitrage enforced,-0.5535820670033627,-3.0870000000000006,-3.0869999999999997,8.881784197001252e-16,True
2014-01-10,No-arbitrage enforced,-0.4466667479815458,-2.6150000000000007,-2.615000000000001,-4.440892098500626e-16,True
2014-01-13,No-arbitrage enforced,-0.5481676750978447,-3.059,-3.059000000000001,-8.881784197001252e-16,True
2014-01-14,No-arbitrage enforced,-0.6134701663890799,-3.343000000000001,-3.3430000000000004,4.440892098500626e-16,True
2014-01-15,No-arbitrage enforced,-0.595169352041087,-3.2689999999999997,-3.269,-4.440892098500626e-16,True
2014-01-16,No-arbitrage enforced,-0.6909412233403616,-3.6349999999999993,-3.6349999999999993,0.0,True
2014-01-17,No-arbitrage enforced,-0.7116713305218901,-3.9620000000000006,-3.711350674543721,0.2506493254562798,True
2014-01-21,No-arbitrage enforced,-0.7337296390287694,-3.877000000000001,-3.7805023613660724,0.09649763863392868,True
2014-01-22,No-arbitrage enforced,-0.7303024616911064,-3.8919999999999986,-3.769221636194365,0.12277836380563345,True
2014-01-23,No-arbitrage enforced,-0.6792218002062549,-3.5710000000000006,-3.5709999999999993,1.3322676295501878e-15,True
2014-01-24,No-arbitrage enforced,-0.5859778451159305,-3.1610000000000014,-3.161000000000002,-4.440892098500626e-16,True
2014-01-27,No-arbitrage enforced,-0.5140495079891713,-2.872999999999999,-2.872999999999999,0.0,True
2014-01-28,No-arbitrage enforced,-0.5010757743755957,-2.830000000000001,-2.8300000000000005,4.440892098500626e-16,True
2014-01-29,No-arbitrage enforced,-0.46760017845309065,-2.6709999999999994,-2.6710000000000003,-8.881784197001252e-16,True
2014-01-30,No-arbitrage enforced,-0.4947684804797383,-2.7909999999999995,-2.790999999999999,4.440892098500626e-16,True
2014-01-31,No-arbitrage enforced,-0.5073498725486253,-2.8370000000000006,-2.8370000000000006,0.0,True
2014-02-03,No-arbitrage enforced,-0.4605628565512337,-2.617,-2.617000000000001,-8.881784197001252e-16,True
2014-02-04,No-arbitrage enforced,-0.4825965020354802,-2.7260000000000004,-2.7260000000000013,-8.881784197001252e-16,True
2014-02-05,No-arbitrage enforced,-0.4962263670197141,-2.779000000000001,-2.779000000000001,0.0,True
2014-02-06,No-arbitrage enforced,-0.4228466561921457,-2.468000000000001,-2.4680000000000017,-8.881784197001252e-16,True
2014-02-07,No-arbitrage enforced,-0.5163763999646573,-2.900999999999999,-2.900999999999998,8.881784197001252e-16,True
2014-02-10,No-arbitrage enforced,-0.4546101752241399,-2.6260000000000003,-2.626000000000001,-4.440892098500626e-16,True
2014-02-11,No-arbitrage enforced,-0.4629881134190499,-2.6700000000000004,-2.6700000000000013,-8.881784197001252e-16,True
2014-02-12,No-arbitrage enforced,-0.4877553595256181,-2.7840000000000003,-2.784,4.440892098500626e-16,True
2014-02-13,No-arbitrage enforced,-0.5038162405788114,-2.8569999999999993,-2.857,-8.881784197001252e-16,True
2014-02-14,No-arbitrage enforced,-0.5179271060326656,-2.925,-2.9250000000000003,-4.440892098500626e-16,True
2014-02-18,No-arbitrage enforced,-0.40987514252883683,-2.425,-2.4250000000000007,-8.881784197001252e-16,True
2014-02-19,No-arbitrage enforced,-0.5193722890044795,-2.9120000000000004,-2.912000000000001,-4.440892098500626e-16,True
2014-02-20,No-arbitrage enforced,-0.647290744212934,-3.4370000000000003,-3.4370000000000003,0.0,True
2014-02-21,No-arbitrage enforced,-0.745851997799804,-3.878999999999999,-3.7893458677893603,0.08965413221063878,True
2014-02-24,No-arbitrage enforced,-0.6478209114055213,-3.447,-3.4469999999999996,4.440892098500626e-16,True
2014-02-25,No-arbitrage enforced,-0.362266847633912,-2.192,-2.192,0.0,True
2014-02-26,No-arbitrage enforced,-0.5907044165663369,-3.222,-3.222,0.0,True
2014-02-27,No-arbitrage enforced,-0.7234409243273004,-3.724000000000001,-3.724,8.881784197001252e-16,True
2014-02-28,No-arbitrage enforced,-0.7212245685341291,-3.7169999999999987,-3.7169999999999987,0.0,True
2014-03-03,No-arbitrage enforced,-0.5204183871386371,-2.9120000000000004,-2.9120000000000004,0.0,True
2014-03-04,No-arbitrage enforced,-0.575936219848593,-3.1650000000000005,-3.1649999999999996,8.881784197001252e-16,True
2014-03-05,No-arbitrage enforced,-0.5242299672922297,-2.9490000000000007,-2.9490000000000025,-1.7763568394002505e-15,True
2014-03-06,No-arbitrage enforced,-0.6214802964051807,-3.346000000000001,-3.3460000000000005,4.440892098500626e-16,True
2014-03-07,No-arbitrage enforced,-0.5481376633563225,-3.049000000000001,-3.049000000000001,0.0,True
2014-03-10,No-arbitrage enforced,-0.5689535746655919,-3.1349999999999993,-3.1349999999999993,0.0,True
2014-03-11,No-arbitrage enforced,-0.5402365876553978,-3.0080000000000013,-3.0080000000000013,0.0,True
2014-03-12,No-arbitrage enforced,-0.593812388176386,-3.2330000000000014,-3.2330000000000014,0.0,True
2014-03-13,No-arbitrage enforced,-0.48726606511099313,-2.7659999999999996,-2.7659999999999996,0.0,True
2014-03-14,No-arbitrage enforced,-0.45815647838819507,-2.6260000000000003,-2.6260000000000003,0.0,True
2014-03-17,No-arbitrage enforced,-0.5858293981699664,-3.1870000000000003,-3.1870000000000007,-4.440892098500626e-16,True
2014-03-18,No-arbitrage enforced,-0.5229816282881016,-2.9370000000000003,-2.937,4.440892098500626e-16,True
2014-03-19,No-arbitrage enforced,-0.6061545994445422,-3.274000000000001,-3.274,8.881784197001252e-16,True
2014-03-20,No-arbitrage enforced,-0.6370831159152452,-3.402000000000001,-3.402000000000002,-8.881784197001252e-16,True
2014-03-21,No-arbitrage enforced,-0.6078054291338608,-3.281999999999999,-3.282,-8.881784197001252e-16,True
2014-03-24,No-arbitrage enforced,-0.6050463334557139,-3.2699999999999987,-3.2699999999999974,1.3322676295501878e-15,True
2014-03-25,No-arbitrage enforced,-0.36038841137826677,-2.181,-2.181,0.0,True
2014-03-26,No-arbitrage enforced,-0.30664387449551056,-1.9049999999999998,-1.9049999999999998,0.0,True
2014-03-27,No-arbitrage enforced,-0.28562889612057124,-1.7959999999999994,-1.7959999999999998,-4.440892098500626e-16,True
2014-03-28,No-arbitrage enforced,-0.42589771902781715,-2.498,-2.498,0.0,True
2014-03-31,No-arbitrage enforced,-0.3893146818658873,-2.325,-2.3249999999999993,8.881784197001252e-16,True
2014-04-01,No-arbitrage enforced,-0.49048893039456953,-2.808000000000001,-2.8080000000000007,4.440892098500626e-16,True
2014-04-02,No-arbitrage enforced,-0.4733334019866487,-2.7299999999999995,-2.729999999999999,4.440892098500626e-16,True
2014-04-03,No-arbitrage enforced,-0.4922187449963488,-2.8129999999999997,-2.8129999999999997,0.0,True
2014-04-04,No-arbitrage enforced,-0.46005294049088846,-2.661,-2.661000000000002,-1.7763568394002505e-15,True
2014-04-07,No-arbitrage enforced,-0.4050129409082546,-2.3920000000000003,-2.392000000000001,-4.440892098500626e-16,True
2014-04-08,No-arbitrage enforced,-0.41305337064727443,-2.434,-2.4339999999999997,4.440892098500626e-16,True
2014-04-09,No-arbitrage enforced,-0.5544425732263831,-3.0789999999999993,-3.0789999999999997,-4.440892098500626e-16,True
2014-04-10,No-arbitrage enforced,-0.4306014838586943,-2.511,-2.5109999999999997,4.440892098500626e-16,True
2014-04-11,No-arbitrage enforced,-0.3785240860090796,-2.2590000000000003,-2.259,4.440892098500626e-16,True
2014-04-14,No-arbitrage enforced,-0.40219481839282895,-2.3760000000000003,-2.376,4.440892098500626e-16,True
2014-04-15,No-arbitrage enforced,-0.5223996553108388,-2.924000000000001,-2.9240000000000004,4.440892098500626e-16,True
2014-04-16,No-arbitrage enforced,-0.43509358801221004,-2.5430000000000006,-2.543,4.440892098500626e-16,True
2014-04-17,No-arbitrage enforced,-0.4877593938152079,-2.7930000000000006,-2.7930000000000006,0.0,True
2014-04-21,No-arbitrage enforced,-0.30712215040875296,-1.911,-1.9110000000000005,-4.440892098500626e-16,True
2014-04-22,No-arbitrage enforced,-0.45644921616796613,-2.6510000000000007,-2.651,8.881784197001252e-16,True
2014-04-23,No-arbitrage enforced,-0.4480399068734769,-2.6109999999999998,-2.610999999999999,8.881784197001252e-16,True
2014-04-24,No-arbitrage enforced,-0.4203041148801293,-2.4790000000000005,-2.479,4.440892098500626e-16,True
2014-04-25,No-arbitrage enforced,-0.3632236205220812,-2.1950000000000003,-2.1950000000000007,-4.440892098500626e-16,True
2014-04-28,No-arbitrage enforced,-0.39843564158213907,-2.3689999999999998,-2.369,-4.440892098500626e-16,True
2014-04-29,No-arbitrage enforced,-0.39299275449369814,-2.344,-2.3440000000000003,-4.440892098500626e-16,True
2014-04-30,No-arbitrage enforced,-0.4150345085738704,-2.4530000000000003,-2.4530000000000003,0.0,True
2014-05-01,No-arbitrage enforced,-0.4224870452837829,-2.4900000000000007,-2.4900000000000007,0.0,True
2014-05-02,No-arbitrage enforced,-0.4060358798479527,-2.4129999999999994,-2.4129999999999994,0.0,True
2014-05-05,No-arbitrage enforced,-0.3949111469066999,-2.3560000000000003,-2.3560000000000003,0.0,True
2014-05-06,No-arbitrage enforced,-0.34769176323769996,-2.1180000000000008,-2.1180000000000008,0.0,True
2014-05-07,No-arbitrage enforced,-0.3891479639769317,-2.3269999999999995,-2.326999999999999,4.440892098500626e-16,True
2014-05-08,No-arbitrage enforced,-0.40267251530840353,-2.3930000000000007,-2.393000000000001,-4.440892098500626e-16,True
2014-05-09,No-arbitrage enforced,-0.4365958375144843,-2.5599999999999996,-2.5600000000000005,-8.881784197001252e-16,True
2014-05-12,No-arbitrage enforced,-0.4286313120438976,-2.528,-2.5279999999999996,4.440892098500626e-16,True
2014-05-13,No-arbitrage enforced,-0.40827053921622103,-2.4299999999999997,-2.4299999999999997,0.0,True
2014-05-14,No-arbitrage enforced,-0.37708859890314766,-2.275,-2.2749999999999995,4.440892098500626e-16,True
2014-05-15,No-arbitrage enforced,-0.39556735523617026,-2.3599999999999994,-2.36,-4.440892098500626e-16,True
2014-05-16,No-arbitrage enforced,-0.47037906264447227,-2.7230000000000003,-2.7230000000000003,0.0,True
2014-05-19,No-arbitrage enforced,-0.49105600932514315,-2.8180000000000005,-2.8180000000000005,0.0,True
2014-05-20,No-arbitrage enforced,-0.4767585706569774,-2.747,-2.747,0.0,True
2014-05-21,No-arbitrage enforced,-0.39957165181851073,-2.3890000000000002,-2.389000000000001,-8.881784197001252e-16,True
2014-05-22,No-arbitrage enforced,-0.39552389613544875,-2.3680000000000008,-2.3680000000000008,0.0,True
2014-05-23,No-arbitrage enforced,-0.4238160950005634,-2.5129999999999995,-2.5129999999999995,0.0,True
2014-05-27,No-arbitrage enforced,-0.3938651255165495,-2.364,-2.363999999999999,8.881784197001252e-16,True
2014-05-28,No-arbitrage enforced,-0.4050490289799033,-2.4180000000000006,-2.418,4.440892098500626e-16,True
2014-05-29,No-arbitrage enforced,-0.4383236326994112,-2.5810000000000004,-2.581000000000001,-4.440892098500626e-16,True
2014-05-30,No-arbitrage enforced,-0.40555365892616274,-2.4230000000000005,-2.423,4.440892098500626e-16,True
2014-06-02,No-arbitrage enforced,-0.387776495181513,-2.3329999999999997,-2.332999999999999,8.881784197001252e-16,True
2014-06-03,No-arbitrage enforced,-0.35774845730326643,-2.1790000000000007,-2.179000000000001,-4.440892098500626e-16,True
2014-06-04,No-arbitrage enforced,-0.3519387244435709,-2.1480000000000006,-2.148000000000001,-4.440892098500626e-16,True
2014-06-05,No-arbitrage enforced,-0.365737729586222,-2.220999999999999,-2.2209999999999996,-4.440892098500626e-16,True
2014-06-06,No-arbitrage enforced,-0.3774404683629305,-2.2879999999999994,-2.2879999999999994,0.0,True
2014-06-09,No-arbitrage enforced,-0.41399089668646355,-2.467,-2.467000000000001,-8.881784197001252e-16,True
2014-06-10,No-arbitrage enforced,-0.4281558573411886,-2.5379999999999994,-2.5379999999999994,0.0,True
2014-06-11,No-arbitrage enforced,-0.45730068495418275,-2.6709999999999994,-2.6709999999999994,0.0,True
2014-06-12,No-arbitrage enforced,-0.4834924489411182,-2.781999999999999,-2.7819999999999983,8.881784197001252e-16,True
2014-06-13,No-arbitrage enforced,-0.4816952660844709,-2.778,-2.7779999999999996,4.440892098500626e-16,True
2014-06-16,No-arbitrage enforced,-0.48042359635963194,-2.7670000000000003,-2.7670000000000012,-8.881784197001252e-16,True
2014-06-17,No-arbitrage enforced,-0.5349768008439416,-3.0180000000000007,-3.0180000000000007,0.0,True
2014-06-18,No-arbitrage enforced,-0.5155732666127717,-2.9530000000000003,-2.9530000000000007,-4.440892098500626e-16,True
2014-06-19,No-arbitrage enforced,-0.6781567986478987,-3.8610000000000015,-3.6253310131694327,0.2356689868305688,True
2014-06-20,No-arbitrage enforced,-0.6847094783122659,-4.325999999999999,-3.644954787115011,0.6810452128849875,True
2014-06-23,No-arbitrage enforced,-0.6832097359048698,-3.941,-3.636626933697423,0.30437306630257677,True
2014-06-24,No-arbitrage enforced,-0.6438228949512075,-3.4650000000000007,-3.4650000000000007,0.0,True
2014-06-25,No-arbitrage enforced,-0.5716036591252117,-3.1819999999999995,-3.182,-4.440892098500626e-16,True
2014-06-26,No-arbitrage enforced,-0.5955540698035358,-3.281,-3.2809999999999997,4.440892098500626e-16,True
2014-06-27,No-arbitrage enforced,-0.6580970166090254,-3.5360000000000014,-3.536000000000001,4.440892098500626e-16,True
2014-06-30,No-arbitrage enforced,-0.7049726426829016,-3.9349999999999996,-3.7043742316105477,0.23062576838945192,True
2014-07-01,No-arbitrage enforced,-0.6776468748546299,-3.9360000000000013,-3.6123218648116415,0.32367813518835975,True
2014-07-02,No-arbitrage enforced,-0.6611298061643879,-4.037000000000001,-3.5564276736011085,0.48057232639889236,True
2014-07-03,No-arbitrage enforced,-0.6364269013906653,-4.228,-3.470420878471426,0.7575791215285737,True
2014-07-07,No-arbitrage enforced,-0.6881805998994522,-3.775999999999999,-3.6478790077111167,0.12812099228888219,True
2014-07-08,No-arbitrage enforced,-0.6316214604096358,-3.419999999999999,-3.4199999999999977,1.3322676295501878e-15,True
2014-07-09,No-arbitrage enforced,-0.6716657152758946,-3.580000000000001,-3.5799999999999996,1.3322676295501878e-15,True
2014-07-10,No-arbitrage enforced,-0.6401515713376286,-3.4430000000000005,-3.443,4.440892098500626e-16,True
2014-07-11,No-arbitrage enforced,-0.7045053034736307,-3.874000000000001,-3.692586087038459,0.18141391296154197,True
2014-07-14,No-arbitrage enforced,-0.6918566305339483,-3.9939999999999998,-3.651680694256405,0.3423193057435947,True
2014-07-15,No-arbitrage enforced,-0.7028640538267372,-3.691999999999999,-3.68899793143231,0.0030020685676888093,True
2014-07-16,No-arbitrage enforced,-0.6438708391259591,-3.4860000000000015,-3.486,1.3322676295501878e-15,True
2014-07-17,No-arbitrage enforced,-0.5772433598083684,-3.1650000000000005,-3.1650000000000005,0.0,True
2014-07-18,No-arbitrage enforced,-0.7248719556957901,-4.119,-3.765385255837069,0.3536147441629307,True
2014-07-21,No-arbitrage enforced,-0.7440009145345227,-3.875,-3.816842589623325,0.05815741037667488,True
2014-07-22,No-arbitrage enforced,-0.6900291619823508,-3.6370000000000005,-3.6370000000000013,-8.881784197001252e-16,True
2014-07-23,No-arbitrage enforced,-0.5888053255113883,-3.2550000000000012,-3.255,1.3322676295501878e-15,True
2014-07-24,No-arbitrage enforced,-0.6209059076093932,-3.3800000000000012,-3.3800000000000003,8.881784197001252e-16,True
2014-07-25,No-arbitrage enforced,-0.6623107279799264,-3.525999999999999,-3.526,-8.881784197001252e-16,True
2014-07-28,No-arbitrage enforced,-0.6553898313689711,-3.502000000000001,-3.502000000000001,0.0,True
2014-07-29,No-arbitrage enforced,-0.5904240244974126,-3.2349999999999994,-3.2349999999999994,0.0,True
2014-07-30,No-arbitrage enforced,-0.5471387678905228,-3.0539999999999994,-3.0540000000000003,-8.881784197001252e-16,True
2014-07-31,No-arbitrage enforced,-0.5127097105082823,-2.871000000000001,-2.8710000000000004,4.440892098500626e-16,True
2014-08-01,No-arbitrage enforced,-0.5180130292095338,-2.8930000000000007,-2.8929999999999993,1.3322676295501878e-15,True
2014-08-04,No-arbitrage enforced,-0.4675392401856109,-2.686,-2.6859999999999995,4.440892098500626e-16,True
2014-08-05,No-arbitrage enforced,-0.4211903699254402,-2.4620000000000006,-2.4620000000000006,0.0,True
2014-08-06,No-arbitrage enforced,-0.4161877203782381,-2.441,-2.440999999999999,8.881784197001252e-16,True
2014-08-07,No-arbitrage enforced,-0.4222575517627554,-2.468000000000001,-2.4680000000000004,4.440892098500626e-16,True
2014-08-08,No-arbitrage enforced,-0.332626514498812,-2.036,-2.036000000000001,-8.881784197001252e-16,True
2014-08-11,No-arbitrage enforced,-0.4101414645506102,-2.4239999999999995,-2.423999999999999,4.440892098500626e-16,True
2014-08-12,No-arbitrage enforced,-0.3986293213956746,-2.3689999999999998,-2.3689999999999998,0.0,True
2014-08-13,No-arbitrage enforced,-0.46490592234829314,-2.6930000000000005,-2.693000000000001,-4.440892098500626e-16,True
2014-08-14,No-arbitrage enforced,-0.5900735688057175,-3.246000000000001,-3.2460000000000013,-4.440892098500626e-16,True
2014-08-15,No-arbitrage enforced,-0.6689069999540205,-3.5430000000000006,-3.5429999999999997,8.881784197001252e-16,True
2014-08-18,No-arbitrage enforced,-0.7253098539524435,-3.846000000000001,-3.7617914966804147,0.08420850331958629,True
2014-08-19,No-arbitrage enforced,-0.7009776437838428,-3.8689999999999998,-3.6773738070064756,0.19162619299352412,True
2014-08-20,No-arbitrage enforced,-0.6633145083545722,-3.5460000000000007,-3.546000000000001,-4.440892098500626e-16,True
2014-08-21,No-arbitrage enforced,-0.6708923561208232,-3.575,-3.575000000000001,-8.881784197001252e-16,True
2014-08-22,No-arbitrage enforced,-0.652380618512129,-3.5099999999999993,-3.5099999999999993,0.0,True
2014-08-25,No-arbitrage enforced,-0.6618682560725022,-3.541999999999999,-3.541999999999999,0.0,True
2014-08-26,No-arbitrage enforced,-0.6135115380608681,-3.353999999999999,-3.353999999999999,0.0,True
2014-08-27,No-arbitrage enforced,-0.6619977403678436,-3.5409999999999995,-3.5410000000000004,-8.881784197001252e-16,True
2014-08-28,No-arbitrage enforced,-0.6849587229468673,-3.794999999999999,-3.621924449620593,0.17307555037940592,True
2014-08-29,No-arbitrage enforced,-0.46458559401600047,-2.7010000000000005,-2.7009999999999996,8.881784197001252e-16,True
2014-09-02,No-arbitrage enforced,-0.5716182738103762,-3.1719999999999997,-3.1719999999999993,4.440892098500626e-16,True
2014-09-03,No-arbitrage enforced,-0.5679493780384721,-3.155000000000001,-3.1550000000000007,4.440892098500626e-16,True
2014-09-04,No-arbitrage enforced,-0.5360501146774388,-3.0150000000000006,-3.015,4.440892098500626e-16,True
2014-09-05,No-arbitrage enforced,-0.6832097359048698,-3.749000000000001,-3.6147180417139104,0.13428195828609057,True
2014-09-08,No-arbitrage enforced,-0.6020158088658834,-3.2909999999999995,-3.2909999999999986,8.881784197001252e-16,True
2014-09-09,No-arbitrage enforced,-0.7104921828260337,-3.6879999999999997,-3.687999999999997,2.6645352591003757e-15,True
2014-09-10,No-arbitrage enforced,-0.5455820349525451,-3.053,-3.053,0.0,True
2014-09-11,No-arbitrage enforced,-0.5978391382565463,-3.272,-3.271999999999999,8.881784197001252e-16,True
2014-09-12,No-arbitrage enforced,-0.4753293661382376,-2.7370000000000005,-2.7370000000000005,0.0,True
2014-09-15,No-arbitrage enforced,-0.4708157585855015,-2.7090000000000005,-2.7090000000000005,0.0,True
2014-09-16,No-arbitrage enforced,-0.4619629577956479,-2.681,-2.681,0.0,True
2014-09-17,No-arbitrage enforced,-0.7195690737464088,-3.8129999999999997,-3.7353281343658176,0.07767186563418216,True
2014-09-18,No-arbitrage enforced,-0.7021579945708932,-4.209999999999999,-3.6850882716301876,0.5249117283698115,True
2014-09-19,No-arbitrage enforced,-0.6866977834951234,-4.608000000000001,-3.62720423877794,0.9807957612220615,True
2014-09-22,No-arbitrage enforced,-0.7543516142585985,-3.9849999999999994,-3.8352306655296187,0.14976933447038077,True
2014-09-23,No-arbitrage enforced,-0.5984942899380339,-3.246000000000001,-3.246,8.881784197001252e-16,True
2014-09-24,No-arbitrage enforced,-0.4650180871713964,-2.6900000000000004,-2.69,4.440892098500626e-16,True
2014-09-25,No-arbitrage enforced,-0.5950956882581802,-3.224000000000001,-3.2240000000000015,-4.440892098500626e-16,True
2014-09-26,No-arbitrage enforced,-0.5500838741975447,-3.049000000000001,-3.0490000000000004,4.440892098500626e-16,True
2014-09-29,No-arbitrage enforced,-0.5817909083344074,-3.166999999999999,-3.1669999999999994,-4.440892098500626e-16,True
2014-09-30,No-arbitrage enforced,-0.48900680569945165,-2.7730000000000006,-2.773,4.440892098500626e-16,True
2014-10-01,No-arbitrage enforced,-0.39036288385728984,-2.317,-2.3169999999999997,4.440892098500626e-16,True
2014-10-02,No-arbitrage enforced,-0.43610139140591364,-2.5349999999999993,-2.534999999999998,1.3322676295501878e-15,True
2014-10-03,No-arbitrage enforced,-0.375359114592325,-2.253,-2.253,0.0,True
2014-10-06,No-arbitrage enforced,-0.470314192952579,-2.6959999999999993,-2.6959999999999993,0.0,True
2014-10-07,No-arbitrage enforced,-0.34299469907318825,-2.0849999999999995,-2.085,-4.440892098500626e-16,True
2014-10-08,No-arbitrage enforced,-0.49475001665564916,-2.808000000000001,-2.8080000000000007,4.440892098500626e-16,True
2014-10-09,No-arbitrage enforced,-0.40054740508590053,-2.3579999999999997,-2.357999999999999,4.440892098500626e-16,True
2014-10-10,No-arbitrage enforced,-0.5736884776895761,-3.0819999999999994,-3.081999999999999,4.440892098500626e-16,True
2014-10-13,No-arbitrage enforced,-0.571556662534632,-3.0360000000000014,-3.036000000000001,4.440892098500626e-16,True
2014-10-14,No-arbitrage enforced,-0.5007884563508561,-2.778,-2.7780000000000005,-4.440892098500626e-16,True
2014-10-15,No-arbitrage enforced,-0.1520724139531,-1.1310000000000002,-1.1310000000000002,0.0,True
2014-10-16,No-arbitrage enforced,-0.5106160653659777,-2.7969999999999997,-2.797,-4.440892098500626e-16,True
2014-10-17,No-arbitrage enforced,-0.5993971123915636,-3.1710000000000007,-3.1710000000000003,4.440892098500626e-16,True
2014-10-20,No-arbitrage enforced,-0.33873965976240566,-2.0620000000000003,-2.062,4.440892098500626e-16,True
2014-10-21,No-arbitrage enforced,-0.5219858034681473,-2.9180000000000006,-2.918000000000001,-4.440892098500626e-16,True
2014-10-22,No-arbitrage enforced,-0.4757828917956354,-2.7040000000000006,-2.704000000000001,-4.440892098500626e-16,True
2014-10-23,No-arbitrage enforced,-0.5133128601242983,-2.877000000000001,-2.8770000000000024,-1.3322676295501878e-15,True
2014-10-24,No-arbitrage enforced,-0.44080047584592086,-2.5569999999999995,-2.556999999999999,4.440892098500626e-16,True
2014-10-27,No-arbitrage enforced,-0.40233788945502913,-2.377,-2.377,0.0,True
2014-10-28,No-arbitrage enforced,-0.4817027172531022,-2.7560000000000002,-2.756000000000001,-8.881784197001252e-16,True
2014-10-29,No-arbitrage enforced,-0.41000357827707085,-2.4180000000000006,-2.418,4.440892098500626e-16,True
2014-10-30,No-arbitrage enforced,-0.3450490419225835,-2.1019999999999994,-2.1019999999999994,0.0,True
2014-10-31,No-arbitrage enforced,-0.42052250164050364,-2.475,-2.4749999999999996,4.440892098500626e-16,True
2014-11-03,No-arbitrage enforced,-0.4191581478594026,-2.464,-2.4639999999999995,4.440892098500626e-16,True
2014-11-04,No-arbitrage enforced,-0.409911335977146,-2.4189999999999996,-2.4189999999999996,0.0,True
2014-11-05,No-arbitrage enforced,-0.43997543176475995,-2.566,-2.566,0.0,True
2014-11-06,No-arbitrage enforced,-0.42376637766399633,-2.4930000000000008,-2.4930000000000003,4.440892098500626e-16,True
2014-11-07,No-arbitrage enforced,-0.4686128808817207,-2.7079999999999997,-2.708,-4.440892098500626e-16,True
2014-11-10,No-arbitrage enforced,-0.5444817587503563,-3.0509999999999993,-3.051,-8.881784197001252e-16,True
2014-11-11,No-arbitrage enforced,-0.46884120738408885,-2.711,-2.7109999999999994,4.440892098500626e-16,True
2014-11-12,No-arbitrage enforced,-0.4390954709363356,-2.5709999999999993,-2.570999999999999,4.440892098500626e-16,True
2014-11-13,No-arbitrage enforced,-0.5118565996148831,-2.896000000000001,-2.8960000000000012,-4.440892098500626e-16,True
2014-11-14,No-arbitrage enforced,-0.5043739372687728,-2.8680000000000008,-2.8680000000000008,0.0,True
2014-11-17,No-arbitrage enforced,-0.3984600743275869,-2.3689999999999998,-2.3689999999999998,0.0,True
2014-11-18,No-arbitrage enforced,-0.5844776708639183,-3.2030000000000003,-3.2030000000000003,0.0,True
2014-11-19,No-arbitrage enforced,-0.4185391564318304,-2.4659999999999997,-2.4659999999999993,4.440892098500626e-16,True
2014-11-20,No-arbitrage enforced,-0.6960012784509465,-3.6349999999999993,-3.634999999999927,7.238654120556021e-14,True
2014-11-21,No-arbitrage enforced,-0.6876871232508509,-3.846000000000001,-3.6165316388909248,0.2294683611090762,True
2014-11-24,No-arbitrage enforced,-0.7045053034736307,-4.018000000000001,-3.682400020065105,0.33559997993489565,True
2014-11-25,No-arbitrage enforced,-0.6964508092043896,-4.011000000000001,-3.660223621994574,0.35077637800542716,True
2014-11-26,No-arbitrage enforced,-0.7038029732255958,-3.9860000000000015,-3.6902496347220954,0.2957503652779061,True
2014-11-28,No-arbitrage enforced,-0.5793580131322243,-3.1889999999999987,-3.1889999999999983,4.440892098500626e-16,True
2014-12-01,No-arbitrage enforced,-0.49019178496680277,-2.7950000000000004,-2.795,4.440892098500626e-16,True
2014-12-02,No-arbitrage enforced,-0.35590864170235464,-2.164,-2.1640000000000006,-4.440892098500626e-16,True
2014-12-03,No-arbitrage enforced,-0.639896017754817,-3.444,-3.4439999999999973,2.6645352591003757e-15,True
2014-12-04,No-arbitrage enforced,-0.5031358988091635,-2.872999999999999,-2.872999999999999,0.0,True
2014-12-05,No-arbitrage enforced,-0.562752975288623,-3.1409999999999996,-3.140999999999999,4.440892098500626e-16,True
2014-12-08,No-arbitrage enforced,-0.735361362238117,-3.7620000000000005,-3.7619999999999987,1.7763568394002505e-15,True
2014-12-09,No-arbitrage enforced,-0.711632935990068,-3.6689999999999996,-3.6689999999999996,0.0,True
2014-12-10,No-arbitrage enforced,-0.5685004605048889,-3.0879999999999996,-3.088,-4.440892098500626e-16,True
2014-12-11,No-arbitrage enforced,-0.5684353072527041,-3.072999999999999,-3.0729999999999986,4.440892098500626e-16,True
2014-12-12,No-arbitrage enforced,-0.590253040845234,-3.147,-3.1469999999999994,4.440892098500626e-16,True
2014-12-15,No-arbitrage enforced,-0.6897264308353616,-3.5120000000000005,-3.5120000000000005,0.0,True
2014-12-16,No-arbitrage enforced,-0.5910279156225171,-3.121000000000001,-3.121000000000001,0.0,True
2014-12-17,No-arbitrage enforced,-0.4426280289518602,-2.5480000000000005,-2.548,4.440892098500626e-16,True
2014-12-18,No-arbitrage enforced,-0.4563920338712256,-2.6239999999999997,-2.624,-4.440892098500626e-16,True
2014-12-19,No-arbitrage enforced,-0.7604840227513584,-3.8629999999999995,-3.8071426049046093,0.05585739509539023,True
2014-12-22,No-arbitrage enforced,-0.710962324946976,-3.6610000000000014,-3.661000000000002,-4.440892098500626e-16,True
2014-12-23,No-arbitrage enforced,-0.7033338686665894,-3.6930000000000005,-3.641322917082907,0.051677082917093387,True
2014-12-24,No-arbitrage enforced,-0.6801638243661862,-3.5650000000000004,-3.564999999999955,4.529709940470639e-14,True
2014-12-26,No-arbitrage enforced,-0.6638229115354858,-3.503,-3.503,0.0,True
2014-12-29,No-arbitrage enforced,-0.48386243337792545,-2.7599999999999993,-2.7599999999999985,8.881784197001252e-16,True
2014-12-30,No-arbitrage enforced,-0.7075865705015083,-3.6389999999999985,-3.638999999999998,4.440892098500626e-16,True
2014-12-31,No-arbitrage enforced,-0.6483204664885068,-3.3840000000000003,-3.3839999999999995,8.881784197001252e-16,True
2015-01-02,No-arbitrage enforced,-0.5130790951001806,-2.8659999999999997,-2.8659999999999997,0.0,True
2015-01-05,No-arbitrage enforced,-0.4961788806204678,-2.779000000000001,-2.7790000000000004,4.440892098500626e-16,True
2015-01-06,No-arbitrage enforced,-0.43966220772296666,-2.5269999999999997,-2.527,-4.440892098500626e-16,True
2015-01-07,No-arbitrage enforced,-0.40050505240362133,-2.3560000000000003,-2.355999999999999,1.3322676295501878e-15,True
2015-01-08,No-arbitrage enforced,-0.4245591218032543,-2.4769999999999994,-2.477,-4.440892098500626e-16,True
2015-01-09,No-arbitrage enforced,-0.36024907600259687,-2.1689999999999996,-2.168999999999999,4.440892098500626e-16,True
2015-01-12,No-arbitrage enforced,-0.3486359739756075,-2.1090000000000004,-2.1090000000000004,0.0,True
2015-01-13,No-arbitrage enforced,-0.37218914820452664,-2.22,-2.2199999999999998,4.440892098500626e-16,True
2015-01-14,No-arbitrage enforced,-0.6236234160038852,-3.2659999999999996,-3.2660000000000005,-8.881784197001252e-16,True
2015-01-15,No-arbitrage enforced,-0.3425958739896467,-2.0769999999999995,-2.0769999999999986,8.881784197001252e-16,True
2015-01-16,No-arbitrage enforced,-0.5877779874377473,-3.1389999999999985,-3.1389999999999985,0.0,True
2015-01-20,No-arbitrage enforced,-0.40241371878402404,-2.3629999999999995,-2.3629999999999995,0.0,True
2015-01-21,No-arbitrage enforced,-0.659868630780203,-3.430000000000001,-3.4300000000000024,-1.3322676295501878e-15,True
2015-01-22,No-arbitrage enforced,-0.7935237164864251,-3.9129999999999994,-3.9129999999995677,4.3165471197426086e-13,True
2015-01-23,No-arbitrage enforced,-0.5942100735013759,-3.2090000000000005,-3.209000000000001,-4.440892098500626e-16,True
2015-01-26,No-arbitrage enforced,-0.6675365910930543,-3.502000000000001,-3.501999999999999,2.220446049250313e-15,True
2015-01-27,No-arbitrage enforced,-0.50667740147215,-2.843000000000001,-2.8430000000000013,-4.440892098500626e-16,True
2015-01-28,No-arbitrage enforced,-0.4056189075774403,-2.3760000000000003,-2.376000000000002,-1.7763568394002505e-15,True
2015-01-29,No-arbitrage enforced,-0.5582993627377374,-3.044999999999999,-3.044999999999999,0.0,True
2015-01-30,No-arbitrage enforced,-0.44153688023116605,-2.536,-2.5359999999999996,4.440892098500626e-16,True
2015-02-02,No-arbitrage enforced,-0.5481231575915487,-2.997999999999999,-2.997999999999999,0.0,True
2015-02-03,No-arbitrage enforced,-0.5388148393625668,-2.978,-2.9779999999999998,4.440892098500626e-16,True
2015-02-04,No-arbitrage enforced,-0.45745365927782417,-2.62,-2.6200000000000006,-4.440892098500626e-16,True
2015-02-05,No-arbitrage enforced,-0.4855882620077931,-2.7540000000000004,-2.7539999999999996,8.881784197001252e-16,True
2015-02-06,No-arbitrage enforced,-0.4433437952420607,-2.5620000000000003,-2.5620000000000003,0.0,True
2015-02-09,No-arbitrage enforced,-0.5430630401595724,-2.9849999999999994,-2.9850000000000008,-1.3322676295501878e-15,True
2015-02-10,No-arbitrage enforced,-0.46295914479806155,-2.6510000000000007,-2.6510000000000007,0.0,True
2015-02-11,No-arbitrage enforced,-0.505283409939575,-2.8389999999999986,-2.839,-1.3322676295501878e-15,True
2015-02-12,No-arbitrage enforced,-0.5384663482012327,-2.9949999999999988,-2.9949999999999988,0.0,True
2015-02-13,No-arbitrage enforced,-0.44895169125131046,-2.6040000000000005,-2.6039999999999996,8.881784197001252e-16,True
2015-02-17,No-arbitrage enforced,-0.48114062554634374,-2.742,-2.7419999999999995,4.440892098500626e-16,True
2015-02-18,No-arbitrage enforced,-0.6667218592795745,-3.5,-3.499999999999999,8.881784197001252e-16,True
2015-02-19,No-arbitrage enforced,-0.5707949174085121,-3.1300000000000012,-3.1300000000000012,0.0,True
2015-02-20,No-arbitrage enforced,-0.431241178010199,-2.5239999999999996,-2.5239999999999996,0.0,True
2015-02-23,No-arbitrage enforced,-0.654133867667715,-3.4659999999999997,-3.465999999999999,8.881784197001252e-16,True
2015-02-24,No-arbitrage enforced,-0.694009708484566,-3.625999999999999,-3.6259999999999977,1.3322676295501878e-15,True
2015-02-25,No-arbitrage enforced,-0.6966498944828955,-3.6330000000000013,-3.633000000000001,4.440892098500626e-16,True
2015-02-26,No-arbitrage enforced,-0.45111109144395944,-2.62,-2.6200000000000006,-4.440892098500626e-16,True
2015-02-27,No-arbitrage enforced,-0.45437506163996333,-2.6400000000000006,-2.64,4.440892098500626e-16,True
2015-03-02,No-arbitrage enforced,-0.4454854159328734,-2.6010000000000004,-2.6010000000000013,-8.881784197001252e-16,True
2015-03-03,No-arbitrage enforced,-0.38603174501984644,-2.309,-2.309,0.0,True
2015-03-04,No-arbitrage enforced,-0.48872856376572194,-2.789,-2.789,0.0,True
2015-03-05,No-arbitrage enforced,-0.4743951151481834,-2.7260000000000004,-2.726000000000001,-4.440892098500626e-16,True
2015-03-06,No-arbitrage enforced,-0.4199589987080469,-2.4650000000000007,-2.4650000000000007,0.0,True
2015-03-09,No-arbitrage enforced,-0.4094814036840802,-2.4159999999999995,-2.415999999999999,4.440892098500626e-16,True
2015-03-10,No-arbitrage enforced,-0.3978865655221807,-2.353,-2.3529999999999998,4.440892098500626e-16,True
2015-03-11,No-arbitrage enforced,-0.4020418277591505,-2.372,-2.3720000000000008,-8.881784197001252e-16,True
2015-03-12,No-arbitrage enforced,-0.35582685067632525,-2.153,-2.153,0.0,True
2015-03-13,No-arbitrage enforced,-0.33749968875348263,-2.0599999999999996,-2.0600000000000005,-8.881784197001252e-16,True
2015-03-16,No-arbitrage enforced,-0.38242278470969987,-2.283,-2.283,0.0,True
2015-03-17,No-arbitrage enforced,-0.43740523332557907,-2.5439999999999996,-2.5440000000000005,-8.881784197001252e-16,True
2015-03-18,No-arbitrage enforced,-0.5020816910870156,-2.850999999999999,-2.8509999999999986,4.440892098500626e-16,True
2015-03-19,No-arbitrage enforced,-0.48973634427469454,-2.7950000000000004,-2.795000000000001,-4.440892098500626e-16,True
2015-03-20,No-arbitrage enforced,-0.5591812631239986,-3.1090000000000004,-3.1090000000000004,0.0,True
2015-03-23,No-arbitrage enforced,-0.47007979950381834,-2.7120000000000006,-2.7120000000000006,0.0,True
2015-03-24,No-arbitrage enforced,-0.46397281177090716,-2.6819999999999995,-2.6819999999999995,0.0,True
2015-03-25,No-arbitrage enforced,-0.3849519282678086,-2.2959999999999994,-2.296,-4.440892098500626e-16,True
2015-03-26,No-arbitrage enforced,-0.38319900331508633,-2.286,-2.2860000000000005,-4.440892098500626e-16,True
2015-03-27,No-arbitrage enforced,-0.36102549672252954,-2.1799999999999997,-2.18,-4.440892098500626e-16,True
2015-03-30,No-arbitrage enforced,-0.37857176895723404,-2.2689999999999997,-2.2689999999999992,4.440892098500626e-16,True
2015-03-31,No-arbitrage enforced,-0.33221728857977656,-2.0349999999999993,-2.0349999999999997,-4.440892098500626e-16,True
2015-04-01,No-arbitrage enforced,-0.34024852221686,-2.0760000000000005,-2.076,4.440892098500626e-16,True
2015-04-02,No-arbitrage enforced,-0.3234751258284874,-1.9920000000000002,-1.9920000000000007,-4.440892098500626e-16,True
2015-04-06,No-arbitrage enforced,-0.326053011836429,-2.005,-2.0049999999999994,4.440892098500626e-16,True
2015-04-07,No-arbitrage enforced,-0.3515924773841319,-2.1340000000000003,-2.1339999999999995,8.881784197001252e-16,True
2015-04-08,No-arbitrage enforced,-0.4098147078726363,-2.4239999999999995,-2.424,-4.440892098500626e-16,True
2015-04-09,No-arbitrage enforced,-0.44260735792572503,-2.5870000000000006,-2.587,4.440892098500626e-16,True
2015-04-10,No-arbitrage enforced,-0.47047904063594664,-2.722,-2.7219999999999995,4.440892098500626e-16,True
2015-04-13,No-arbitrage enforced,-0.2760412897964309,-1.7459999999999993,-1.7459999999999993,0.0,True
2015-04-14,No-arbitrage enforced,-0.39703614148819133,-2.364,-2.3640000000000008,-8.881784197001252e-16,True
2015-04-15,No-arbitrage enforced,-0.3183691038837406,-1.9709999999999994,-1.9709999999999992,2.220446049250313e-16,True
2015-04-16,No-arbitrage enforced,-0.33089532431017454,-2.0370000000000004,-2.0370000000000013,-8.881784197001252e-16,True
2015-04-17,No-arbitrage enforced,-0.3688814003583612,-2.2239999999999993,-2.223999999999999,4.440892098500626e-16,True
2015-04-20,No-arbitrage enforced,-0.40722331627881664,-2.4159999999999995,-2.4160000000000004,-8.881784197001252e-16,True
2015-04-21,No-arbitrage enforced,-0.3788554462863609,-2.2769999999999997,-2.2769999999999992,4.440892098500626e-16,True
2015-04-22,No-arbitrage enforced,-0.40450469484022034,-2.406999999999999,-2.406999999999999,0.0,True
2015-04-23,No-arbitrage enforced,-0.38773082167651385,-2.3260000000000005,-2.3260000000000005,0.0,True
2015-04-24,No-arbitrage enforced,-0.32256140695557534,-1.9950000000000003,-1.995000000000001,-6.661338147750939e-16,True
2015-04-27,No-arbitrage enforced,-0.3801101994652606,-2.2840000000000003,-2.284,4.440892098500626e-16,True
2015-04-28,No-arbitrage enforced,-0.40301893182193654,-2.4019999999999997,-2.4019999999999992,4.440892098500626e-16,True
2015-04-29,No-arbitrage enforced,-0.43235496588104344,-2.536,-2.5359999999999987,1.3322676295501878e-15,True
2015-04-30,No-arbitrage enforced,-0.2479502022083993,-1.5959999999999994,-1.5959999999999994,0.0,True
2015-05-01,No-arbitrage enforced,-0.37020108306511557,-2.2370000000000005,-2.2370000000000005,0.0,True
2015-05-04,No-arbitrage enforced,-0.35669739873534695,-2.1680000000000006,-2.1680000000000015,-8.881784197001252e-16,True
2015-05-05,No-arbitrage enforced,-0.3688713446755962,-2.222,-2.2220000000000013,-1.3322676295501878e-15,True
2015-05-06,No-arbitrage enforced,-0.3201565992277657,-1.9739999999999995,-1.9739999999999998,-2.220446049250313e-16,True
2015-05-07,No-arbitrage enforced,-0.33966391987447586,-2.0730000000000004,-2.0730000000000004,0.0,True
2015-05-08,No-arbitrage enforced,-0.3815991862907501,-2.2930000000000006,-2.2930000000000006,0.0,True
2015-05-11,No-arbitrage enforced,-0.24801377769265293,-1.5959999999999994,-1.5959999999999992,2.220446049250313e-16,True
2015-05-12,No-arbitrage enforced,-0.40303535991274725,-2.3920000000000003,-2.3920000000000017,-1.3322676295501878e-15,True
2015-05-13,No-arbitrage enforced,-0.44741853602429066,-2.6040000000000005,-2.6040000000000005,0.0,True
2015-05-14,No-arbitrage enforced,-0.4797577604335095,-2.7629999999999995,-2.762999999999999,4.440892098500626e-16,True
2015-05-15,No-arbitrage enforced,-0.477391808824092,-2.7560000000000002,-2.756,4.440892098500626e-16,True
2015-05-18,No-arbitrage enforced,-0.4641147862605011,-2.691,-2.690999999999999,8.881784197001252e-16,True
2015-05-19,No-arbitrage enforced,-0.45086503757351226,-2.628,-2.628,0.0,True
2015-05-20,No-arbitrage enforced,-0.4241738454696814,-2.5010000000000003,-2.5010000000000003,0.0,True
2015-05-21,No-arbitrage enforced,-0.3447666045207761,-2.1109999999999998,-2.111,-4.440892098500626e-16,True
2015-05-22,No-arbitrage enforced,-0.4197548733948938,-2.4859999999999998,-2.4860000000000007,-8.881784197001252e-16,True
2015-05-26,No-arbitrage enforced,-0.385642758115229,-2.306,-2.306,0.0,True
2015-05-27,No-arbitrage enforced,-0.39570073464217104,-2.3599999999999994,-2.3599999999999994,0.0,True
2015-05-28,No-arbitrage enforced,-0.4324322087040791,-2.5370000000000004,-2.5369999999999995,8.881784197001252e-16,True
2015-05-29,No-arbitrage enforced,-0.3740625257599455,-2.25,-2.2500000000000004,-4.440892098500626e-16,True
2015-06-01,No-arbitrage enforced,-0.37278235368603,-2.2430000000000008,-2.243000000000002,-1.3322676295501878e-15,True
2015-06-02,No-arbitrage enforced,-0.3478281334917382,-2.117,-2.117000000000001,-8.881784197001252e-16,True
2015-06-03,No-arbitrage enforced,-0.4166487681987899,-2.4590000000000005,-2.4590000000000005,0.0,True
2015-06-04,No-arbitrage enforced,-0.3643766318510826,-2.1980000000000004,-2.1980000000000004,0.0,True
2015-06-05,No-arbitrage enforced,-0.31741641701142437,-1.9620000000000004,-1.9619999999999997,6.661338147750939e-16,True
2015-06-08,No-arbitrage enforced,-0.29282233192058865,-1.8329999999999997,-1.8329999999999997,0.0,True
2015-06-09,No-arbitrage enforced,-0.31326424430845073,-1.9400000000000006,-1.9400000000000002,4.440892098500626e-16,True
2015-06-10,No-arbitrage enforced,-0.34034711831446757,-2.0829999999999997,-2.0829999999999997,0.0,True
2015-06-11,No-arbitrage enforced,-0.4305937120188863,-2.531999999999999,-2.5319999999999987,4.440892098500626e-16,True
2015-06-12,No-arbitrage enforced,-0.3102591601255005,-1.9260000000000006,-1.9260000000000004,2.220446049250313e-16,True
2015-06-15,No-arbitrage enforced,-0.31066352874129977,-1.925,-1.9250000000000003,-2.220446049250313e-16,True
2015-06-16,No-arbitrage enforced,-0.32962036688328017,-2.0230000000000006,-2.023000000000001,-4.440892098500626e-16,True
2015-06-17,No-arbitrage enforced,-0.30727744111928257,-1.9090000000000003,-1.909000000000001,-6.661338147750939e-16,True
2015-06-18,No-arbitrage enforced,-0.32748027831634763,-2.0170000000000003,-2.0170000000000012,-8.881784197001252e-16,True
2015-06-19,No-arbitrage enforced,-0.3149729939563585,-1.95,-1.9499999999999995,4.440892098500626e-16,True
2015-06-22,No-arbitrage enforced,-0.3339149828218848,-2.0519999999999996,-2.0519999999999996,0.0,True
2015-06-23,No-arbitrage enforced,-0.37760333481112374,-2.278,-2.278,0.0,True
2015-06-24,No-arbitrage enforced,-0.31498515783192294,-1.9519999999999995,-1.9519999999999995,0.0,True
2015-06-25,No-arbitrage enforced,-0.37787255659879415,-2.2680000000000007,-2.268000000000001,-4.440892098500626e-16,True
2015-06-26,No-arbitrage enforced,-0.38580268857174277,-2.3069999999999995,-2.3069999999999986,8.881784197001252e-16,True
2015-06-29,No-arbitrage enforced,-0.42133959548087885,-2.4540000000000006,-2.4540000000000006,0.0,True
2015-06-30,No-arbitrage enforced,-0.40656723549574636,-2.3879999999999995,-2.387999999999999,4.440892098500626e-16,True
2015-07-01,No-arbitrage enforced,-0.32838381680456674,-2.0140000000000002,-2.0140000000000002,0.0,True
2015-07-02,No-arbitrage enforced,-0.3564052593963867,-2.1519999999999997,-2.1519999999999997,0.0,True
2015-07-06,No-arbitrage enforced,-0.29979279808204373,-1.8680000000000008,-1.868,6.661338147750939e-16,True
2015-07-07,No-arbitrage enforced,-0.274431166539826,-1.7370000000000005,-1.7370000000000008,-2.220446049250313e-16,True
2015-07-08,No-arbitrage enforced,-0.2911702822484727,-1.825,-1.8250000000000004,-4.440892098500626e-16,True
2015-07-09,No-arbitrage enforced,-0.3332864711704542,-2.0340000000000003,-2.034,4.440892098500626e-16,True
2015-07-10,No-arbitrage enforced,-0.29665502840715574,-1.8519999999999996,-1.8520000000000008,-1.1102230246251565e-15,True
2015-07-13,No-arbitrage enforced,-0.3555024499521025,-2.156999999999999,-2.156999999999999,0.0,True
2015-07-14,No-arbitrage enforced,-0.38586473094357515,-2.311,-2.3110000000000004,-4.440892098500626e-16,True
2015-07-15,No-arbitrage enforced,-0.38468194408012196,-2.306,-2.3059999999999996,4.440892098500626e-16,True
2015-07-16,No-arbitrage enforced,-0.4158104765362388,-2.467,-2.4669999999999996,4.440892098500626e-16,True
2015-07-17,No-arbitrage enforced,-0.4839479913711455,-2.7909999999999995,-2.7909999999999986,8.881784197001252e-16,True
2015-07-20,No-arbitrage enforced,-0.4241049268042407,-2.5060000000000002,-2.5060000000000007,-4.440892098500626e-16,True
2015-07-21,No-arbitrage enforced,-0.42074272459580103,-2.4900000000000007,-2.4900000000000007,0.0,True
2015-07-22,No-arbitrage enforced,-0.5406861222025617,-3.041999999999999,-3.0419999999999976,1.3322676295501878e-15,True
2015-07-23,No-arbitrage enforced,-0.38634103731545477,-2.3180000000000005,-2.318,4.440892098500626e-16,True
2015-07-24,No-arbitrage enforced,-0.45339214555037094,-2.6319999999999992,-2.6319999999999997,-4.440892098500626e-16,True
2015-07-27,No-arbitrage enforced,-0.46412884076697847,-2.6670000000000003,-2.6670000000000003,0.0,True
2015-07-28,No-arbitrage enforced,-0.39428949088786264,-2.3519999999999994,-2.351999999999999,4.440892098500626e-16,True
2015-07-29,No-arbitrage enforced,-0.34360664693861115,-2.103,-2.1029999999999998,4.440892098500626e-16,True
2015-07-30,No-arbitrage enforced,-0.3633713718954785,-2.2060000000000004,-2.205999999999999,1.3322676295501878e-15,True
2015-07-31,No-arbitrage enforced,-0.40621450040048485,-2.4200000000000004,-2.4200000000000004,0.0,True
2015-08-03,No-arbitrage enforced,-0.31072640616981256,-1.9319999999999993,-1.9319999999999988,4.440892098500626e-16,True
2015-08-04,No-arbitrage enforced,-0.3200140568215576,-1.9790000000000005,-1.979,4.440892098500626e-16,True
2015-08-05,No-arbitrage enforced,-0.30651116995080246,-1.9099999999999995,-1.9099999999999993,2.220446049250313e-16,True
2015-08-06,No-arbitrage enforced,-0.4485066956148686,-2.6090000000000004,-2.609000000000001,-4.440892098500626e-16,True
2015-08-07,No-arbitrage enforced,-0.28270203703946184,-1.7819999999999994,-1.7819999999999996,-2.220446049250313e-16,True
2015-08-10,No-arbitrage enforced,-0.35328048738886125,-2.154000000000001,-2.1540000000000012,-4.440892098500626e-16,True
2015-08-11,No-arbitrage enforced,-0.41214570093415975,-2.4370000000000003,-2.437,4.440892098500626e-16,True
2015-08-12,No-arbitrage enforced,-0.3238803216983263,-1.9969999999999999,-1.997,-2.220446049250313e-16,True
2015-08-13,No-arbitrage enforced,-0.32361238747433546,-1.9959999999999993,-1.9959999999999998,-4.440892098500626e-16,True
2015-08-14,No-arbitrage enforced,-0.31185225933172667,-1.9370000000000005,-1.9369999999999998,6.661338147750939e-16,True
2015-08-17,No-arbitrage enforced,-0.3292934962186052,-2.0269999999999997,-2.027,-4.440892098500626e-16,True
2015-08-18,No-arbitrage enforced,-0.41163398186300665,-2.434,-2.4339999999999993,8.881784197001252e-16,True
2015-08-19,No-arbitrage enforced,-0.36803549008052844,-2.214,-2.2139999999999995,4.440892098500626e-16,True
2015-08-20,No-arbitrage enforced,-0.3013597709238459,-1.8760000000000006,-1.8760000000000012,-6.661338147750939e-16,True
2015-08-21,No-arbitrage enforced,-0.5759393732367767,-3.003999999999999,-3.003999999999999,0.0,True
2015-08-24,No-arbitrage enforced,-0.6593975075613452,-2.9460000000000006,-2.9460000000000015,-8.881784197001252e-16,True
2015-08-25,No-arbitrage enforced,-0.5213547044495027,-2.678,-2.6780000000000004,-4.440892098500626e-16,True
2015-08-26,No-arbitrage enforced,-0.4318398083295174,-2.4349999999999996,-2.434999999999999,4.440892098500626e-16,True
2015-08-27,No-arbitrage enforced,-0.47119565790952084,-2.6310000000000002,-2.6309999999999993,8.881784197001252e-16,True
2015-08-28,No-arbitrage enforced,-0.5771968682454806,-3.0379999999999994,-3.037999999999999,4.440892098500626e-16,True
2015-08-31,No-arbitrage enforced,-0.5583339906079583,-2.9360000000000013,-2.936000000000001,4.440892098500626e-16,True
2015-09-01,No-arbitrage enforced,-0.46028482249755015,-2.5349999999999993,-2.5349999999999993,0.0,True
2015-09-02,No-arbitrage enforced,-0.44789961815632773,-2.5349999999999993,-2.534999999999999,4.440892098500626e-16,True
2015-09-03,No-arbitrage enforced,-0.6342680228602128,-3.2430000000000008,-3.2430000000000003,4.440892098500626e-16,True
2015-09-04,No-arbitrage enforced,-0.9517815541967406,-4.218999999999999,-3.9975094028059366,0.22149059719406283,True
2015-09-08,No-arbitrage enforced,-0.6290680865124919,-3.2370000000000005,-3.237000000000001,-4.440892098500626e-16,True
2015-09-09,No-arbitrage enforced,-0.7939743266677651,-3.7030000000000003,-3.703000000000001,-8.881784197001252e-16,True
2015-09-10,No-arbitrage enforced,-0.5997067251740373,-3.1419999999999986,-3.1419999999999986,0.0,True
2015-09-11,No-arbitrage enforced,-0.28911443811878934,-1.8180000000000007,-1.8180000000000007,0.0,True
2015-09-14,No-arbitrage enforced,-0.9360846611846468,-4.293000000000001,-4.095819813292583,0.19718018670741788,True
2015-09-15,No-arbitrage enforced,-0.7278574276463327,-3.6,-3.600000000000001,-8.881784197001252e-16,True
2015-09-16,No-arbitrage enforced,-0.9146112751522321,-4.215999999999999,-4.136608294850862,0.07939170514913751,True
2015-09-17,No-arbitrage enforced,-0.7679379791598215,-3.749000000000001,-3.7489999999999997,1.3322676295501878e-15,True
2015-09-18,No-arbitrage enforced,-0.3155725184717637,-1.9469999999999998,-1.9470000000000005,-6.661338147750939e-16,True
2015-09-21,No-arbitrage enforced,-0.6982777723303882,-3.544999999999999,-3.5449999999999977,1.3322676295501878e-15,True
2015-09-22,No-arbitrage enforced,-0.725326443889481,-3.594,-3.5939999999999994,4.440892098500626e-16,True
2015-09-23,No-arbitrage enforced,-0.7484503040587149,-3.6710000000000007,-3.6710000000000016,-8.881784197001252e-16,True
2015-09-24,No-arbitrage enforced,-0.6715148618533551,-3.403,-3.402999999999999,8.881784197001252e-16,True
2015-09-25,No-arbitrage enforced,-0.7074505126339147,-3.5159999999999996,-3.516,-4.440892098500626e-16,True
2015-09-28,No-arbitrage enforced,-0.7031269261201835,-3.4180000000000006,-3.4179999999999997,8.881784197001252e-16,True
2015-09-29,No-arbitrage enforced,-0.7879995027268115,-3.6710000000000007,-3.6710000000000007,0.0,True
2015-09-30,No-arbitrage enforced,-0.203526418246036,-1.3900000000000006,-1.3900000000000003,2.220446049250313e-16,True
2015-10-01,No-arbitrage enforced,-0.4307210999039756,-2.4810000000000003,-2.4810000000000003,0.0,True
2015-10-02,No-arbitrage enforced,-0.2416993782512814,-1.575,-1.5750000000000006,-6.661338147750939e-16,True
2015-10-05,No-arbitrage enforced,-0.6218835955541349,-3.2830000000000013,-3.2830000000000013,0.0,True
2015-10-06,No-arbitrage enforced,-0.5318731377259549,-2.9319999999999995,-2.932,-4.440892098500626e-16,True
2015-10-07,No-arbitrage enforced,-0.6068108054583036,-3.2389999999999985,-3.238999999999999,-4.440892098500626e-16,True
2015-10-08,No-arbitrage enforced,-0.7230015579982463,-3.6689999999999996,-3.6689999999999996,0.0,True
2015-10-09,No-arbitrage enforced,-0.6634604204218155,-3.4659999999999997,-3.4659999999999997,0.0,True
2015-10-12,No-arbitrage enforced,-0.7339267206942414,-3.725,-3.724999999999998,2.220446049250313e-15,True
2015-10-13,No-arbitrage enforced,-0.6423017363742414,-3.3810000000000002,-3.3810000000000002,0.0,True
2015-10-14,No-arbitrage enforced,-0.7000321003169268,-3.5819999999999994,-3.581999999999999,4.440892098500626e-16,True
2015-10-15,No-arbitrage enforced,-0.762047837050987,-4.4719999999999995,-3.8195332981373618,0.6524667018626378,True
2015-10-16,No-arbitrage enforced,-0.6662629610180115,-3.503999999999999,-3.5039999999999987,4.440892098500626e-16,True
2015-10-19,No-arbitrage enforced,-0.7624376113192574,-3.9919999999999987,-3.8390004457000924,0.1529995542999063,True
2015-10-20,No-arbitrage enforced,-0.7839159615015768,-4.0699999999999985,-3.8944835919321084,0.17551640806789015,True
2015-10-21,No-arbitrage enforced,-0.6195422490501753,-3.3069999999999995,-3.306999999999999,4.440892098500626e-16,True
2015-10-22,No-arbitrage enforced,-0.3450021087886718,-2.1019999999999994,-2.101999999999999,4.440892098500626e-16,True
2015-10-23,No-arbitrage enforced,-0.6797196070466982,-3.5620000000000003,-3.562,4.440892098500626e-16,True
2015-10-26,No-arbitrage enforced,-0.5953187834249887,-3.228999999999999,-3.2289999999999996,-4.440892098500626e-16,True
2015-10-27,No-arbitrage enforced,-0.5927228816900492,-3.2169999999999987,-3.2169999999999983,4.440892098500626e-16,True
2015-10-28,No-arbitrage enforced,-0.6471477760349447,-3.4430000000000005,-3.442999999999999,1.3322676295501878e-15,True
2015-10-29,No-arbitrage enforced,-0.6537924306499657,-3.4639999999999986,-3.4639999999999977,8.881784197001252e-16,True
2015-10-30,No-arbitrage enforced,-0.4437004990508198,-2.5769999999999995,-2.5770000000000004,-8.881784197001252e-16,True
2015-11-02,No-arbitrage enforced,-0.7587156323401479,-3.878,-3.8413865765421185,0.036613423457881655,True
2015-11-03,No-arbitrage enforced,-0.7305519129562078,-3.7400000000000007,-3.739999999999999,1.7763568394002505e-15,True
2015-11-04,No-arbitrage enforced,-0.6517996787416016,-3.444,-3.443999999999999,8.881784197001252e-16,True
2015-11-05,No-arbitrage enforced,-0.6708951138694687,-3.521000000000001,-3.521000000000001,0.0,True
2015-11-06,No-arbitrage enforced,-0.7366983101701022,-3.775,-3.7644842794792006,0.010515720520799299,True
2015-11-09,No-arbitrage enforced,-0.6527127512394613,-3.434,-3.4340000000000006,-4.440892098500626e-16,True
2015-11-10,No-arbitrage enforced,-0.5940644231325579,-3.224000000000001,-3.224000000000002,-8.881784197001252e-16,True
2015-11-11,No-arbitrage enforced,-0.6013862293794983,-3.2439999999999998,-3.244,-4.440892098500626e-16,True
2015-11-12,No-arbitrage enforced,-0.7346966565327698,-3.6930000000000005,-3.6929999999999996,8.881784197001252e-16,True
2015-11-13,No-arbitrage enforced,-0.830012613229291,-3.95,-3.9499999999999984,1.7763568394002505e-15,True
2015-11-16,No-arbitrage enforced,-0.590115365185406,-3.177000000000001,-3.177000000000002,-8.881784197001252e-16,True
2015-11-17,No-arbitrage enforced,-0.7382404721236695,-3.697,-3.6969999999999987,1.3322676295501878e-15,True
2015-11-18,No-arbitrage enforced,-0.72546699972677,-3.6860000000000013,-3.686,1.3322676295501878e-15,True
2015-11-19,No-arbitrage enforced,-0.7575312968587137,-3.916999999999999,-3.78935910697202,0.1276408930279791,True
2015-11-20,No-arbitrage enforced,-0.4681171075687892,-2.686,-2.6859999999999995,4.440892098500626e-16,True
2015-11-23,No-arbitrage enforced,-0.7663097547637615,-3.950999999999999,-3.840577432892815,0.11042256710718412,True
2015-11-24,No-arbitrage enforced,-0.760644537543856,-3.816999999999999,-3.8169999999999975,1.3322676295501878e-15,True
2015-11-25,No-arbitrage enforced,-0.7716542695328765,-3.944999999999999,-3.865230057115206,0.07976994288479311,True
2015-11-27,No-arbitrage enforced,-0.7410913483929438,-3.7659999999999996,-3.766,-4.440892098500626e-16,True
2015-11-30,No-arbitrage enforced,-0.47787545240081203,-2.725,-2.724999999999999,8.881784197001252e-16,True
2015-12-01,No-arbitrage enforced,-0.679222920203992,-3.5569999999999995,-3.557,-4.440892098500626e-16,True
2015-12-02,No-arbitrage enforced,-0.606548372138828,-3.2659999999999996,-3.2659999999999987,8.881784197001252e-16,True
2015-12-03,No-arbitrage enforced,-0.6841986537299785,-3.525999999999999,-3.525999999999999,0.0,True
2015-12-04,No-arbitrage enforced,-0.7004554184685867,-3.6310000000000002,-3.631,4.440892098500626e-16,True
2015-12-07,No-arbitrage enforced,-0.7182446049581704,-3.677000000000001,-3.676999999999999,1.7763568394002505e-15,True
2015-12-08,No-arbitrage enforced,-0.5755096821268295,-3.125,-3.1249999999999996,4.440892098500626e-16,True
2015-12-09,No-arbitrage enforced,-0.6615531438136392,-3.4259999999999993,-3.425999999999999,4.440892098500626e-16,True
2015-12-10,No-arbitrage enforced,-0.6799126565891748,-3.4939999999999998,-3.494000000000001,-1.3322676295501878e-15,True
2015-12-11,No-arbitrage enforced,-0.9642367347868678,-4.6530000000000005,-4.148447079379255,0.5045529206207453,True
2015-12-14,No-arbitrage enforced,-0.9124458524282887,-4.091999999999999,-4.091999999999998,8.881784197001252e-16,True
2015-12-15,No-arbitrage enforced,-0.9057596020918696,-4.334999999999999,-4.126266664428024,0.20873333557197515,True
2015-12-16,No-arbitrage enforced,-0.6900762129987092,-3.55,-3.55,0.0,True
2015-12-17,No-arbitrage enforced,-0.57758174205291,-3.1199999999999988,-3.119999999999997,1.7763568394002505e-15,True
2015-12-18,No-arbitrage enforced,-0.855391837546451,-4.0840000000000005,-4.004992053634138,0.07900794636586284,True
2015-12-21,No-arbitrage enforced,-0.43521470663496803,-2.5180000000000007,-2.518000000000001,-4.440892098500626e-16,True
2015-12-22,No-arbitrage enforced,-0.6339577177497405,-3.3629999999999995,-3.3629999999999995,0.0,True
2015-12-23,No-arbitrage enforced,-0.6587536484530815,-3.469,-3.469,0.0,True
2015-12-24,No-arbitrage enforced,-0.5119923193278344,-2.878,-2.878,0.0,True
2015-12-28,No-arbitrage enforced,-0.7089642330892131,-3.628999999999999,-3.6289999999999982,8.881784197001252e-16,True
2015-12-29,No-arbitrage enforced,-0.7789552381023487,-3.9259999999999993,-3.873079330819405,0.05292066918059435,True
2015-12-30,No-arbitrage enforced,-0.8007995290775113,-4.3,-3.919355908966513,0.38064409103348673,True
2015-12-31,No-arbitrage enforced,-0.41838280576656356,-2.4430000000000005,-2.443,4.440892098500626e-16,True
2016-01-04,No-arbitrage enforced,-0.8535063849903467,-4.0,-3.9999999999999982,1.7763568394002505e-15,True
2016-01-05,No-arbitrage enforced,-0.6836696553216228,-3.5069999999999992,-3.5069999999999992,0.0,True
2016-01-06,No-arbitrage enforced,-0.509667925156404,-2.8310000000000004,-2.831,4.440892098500626e-16,True
2016-01-07,No-arbitrage enforced,-0.7427941720140455,-3.594,-3.5940000000000003,-4.440892098500626e-16,True
2016-01-08,No-arbitrage enforced,-0.8799435675882219,-3.8830000000000013,-3.883000000000001,4.440892098500626e-16,True
2016-01-11,No-arbitrage enforced,-0.9203133738827739,-4.252000000000001,-4.060535829135323,0.19146417086467782,True
2016-01-12,No-arbitrage enforced,-0.8194235514027344,-3.8669999999999987,-3.8669999999999987,0.0,True
2016-01-13,No-arbitrage enforced,-0.936673540365298,-4.587999999999999,-4.063799586578257,0.5242004134217426,True
2016-01-14,No-arbitrage enforced,-0.8384342527790822,-3.878999999999999,-3.8789999999999982,8.881784197001252e-16,True
2016-01-15,No-arbitrage enforced,-0.9813576275533976,-4.503,-4.08120910193445,0.4217908980655505,True
2016-01-19,No-arbitrage enforced,-0.8265026604948905,-3.7900000000000005,-3.790000000000001,-4.440892098500626e-16,True
2016-01-20,No-arbitrage enforced,-0.7251783708179821,-3.4819999999999993,-3.481999999999999,4.440892098500626e-16,True
2016-01-21,No-arbitrage enforced,-0.6574147510016503,-3.299000000000001,-3.299,8.881784197001252e-16,True
2016-01-22,No-arbitrage enforced,-0.6546875503943501,-3.3639999999999985,-3.363999999999999,-4.440892098500626e-16,True
2016-01-25,No-arbitrage enforced,-0.6228574070093275,-3.227000000000001,-3.227000000000002,-8.881784197001252e-16,True
2016-01-26,No-arbitrage enforced,-0.5437284692613252,-2.9530000000000003,-2.9530000000000003,0.0,True
2016-01-27,No-arbitrage enforced,-0.5332477980975682,-2.906,-2.906,0.0,True
2016-01-28,No-arbitrage enforced,-0.5359450306734079,-2.922999999999999,-2.922999999999998,1.3322676295501878e-15,True
2016-01-29,No-arbitrage enforced,-0.34402763093572025,-2.086,-2.0860000000000003,-4.440892098500626e-16,True
2016-02-01,No-arbitrage enforced,-0.46355986188843196,-2.6379999999999995,-2.6379999999999986,8.881784197001252e-16,True
2016-02-02,No-arbitrage enforced,-0.3229812638553593,-1.9829999999999999,-1.9829999999999999,0.0,True
2016-02-03,No-arbitrage enforced,-0.36924384075530137,-2.2040000000000006,-2.2040000000000006,0.0,True
2016-02-04,No-arbitrage enforced,-0.38328455370419673,-2.2689999999999997,-2.269000000000001,-1.3322676295501878e-15,True
2016-02-05,No-arbitrage enforced,-0.30607002648435516,-1.9010000000000005,-1.9010000000000005,0.0,True
2016-02-08,No-arbitrage enforced,-0.3324333659819512,-2.025,-2.025000000000001,-8.881784197001252e-16,True
2016-02-09,No-arbitrage enforced,-0.3432504014629477,-2.0739999999999994,-2.0739999999999994,0.0,True
2016-02-10,No-arbitrage enforced,-0.33490242286943045,-2.036,-2.036,0.0,True
2016-02-11,No-arbitrage enforced,-0.3811524398411836,-2.2379999999999995,-2.237999999999999,4.440892098500626e-16,True
2016-02-12,No-arbitrage enforced,-0.27992122464591795,-1.775,-1.7749999999999995,4.440892098500626e-16,True
2016-02-16,No-arbitrage enforced,-0.45480605018980275,-2.5769999999999995,-2.577,-4.440892098500626e-16,True
2016-02-17,No-arbitrage enforced,-0.4345574446366668,-2.4989999999999997,-2.499,-4.440892098500626e-16,True
2016-02-18,No-arbitrage enforced,-0.4415684559682913,-2.533,-2.533,0.0,True
2016-02-19,No-arbitrage enforced,-0.4024201759951511,-2.3609999999999998,-2.3609999999999998,0.0,True
2016-02-22,No-arbitrage enforced,-0.27564325741594337,-1.7459999999999993,-1.745999999999999,2.220446049250313e-16,True
2016-02-23,No-arbitrage enforced,-0.3196647360245296,-1.967,-1.9669999999999999,2.220446049250313e-16,True
2016-02-24,No-arbitrage enforced,-0.3153835225140446,-1.9459999999999993,-1.9459999999999993,0.0,True
2016-02-25,No-arbitrage enforced,-0.36778079286346116,-2.2019999999999995,-2.201999999999999,4.440892098500626e-16,True
2016-02-26,No-arbitrage enforced,-0.29911419608450196,-1.8650000000000007,-1.8650000000000007,0.0,True
2016-02-29,No-arbitrage enforced,-0.27968922102494115,-1.7680000000000007,-1.7680000000000005,2.220446049250313e-16,True
2016-03-01,No-arbitrage enforced,-0.32222628169419787,-1.9810000000000003,-1.9810000000000005,-2.220446049250313e-16,True
2016-03-02,No-arbitrage enforced,-0.37359373289523745,-2.2349999999999994,-2.235,-4.440892098500626e-16,True
2016-03-03,No-arbitrage enforced,-0.43501905492483117,-2.5269999999999997,-2.527,-4.440892098500626e-16,True
2016-03-04,No-arbitrage enforced,-0.35909003896071945,-2.1650000000000005,-2.165,4.440892098500626e-16,True
2016-03-07,No-arbitrage enforced,-0.40860914839153323,-2.4010000000000007,-2.401000000000001,-4.440892098500626e-16,True
2016-03-08,No-arbitrage enforced,-0.3994147397179522,-2.353,-2.3530000000000006,-4.440892098500626e-16,True
2016-03-09,No-arbitrage enforced,-0.3979007160853801,-2.347,-2.347,0.0,True
2016-03-10,No-arbitrage enforced,-0.5466404532438235,-3.003999999999999,-3.0039999999999987,4.440892098500626e-16,True
2016-03-11,No-arbitrage enforced,-0.5183888913153822,-2.899000000000001,-2.899000000000001,0.0,True
2016-03-14,No-arbitrage enforced,-0.6262607733991326,-3.330000000000001,-3.3300000000000005,4.440892098500626e-16,True
2016-03-15,No-arbitrage enforced,-0.6039073312193473,-3.2449999999999988,-3.2449999999999988,0.0,True
2016-03-16,No-arbitrage enforced,-0.4360663327652092,-2.5420000000000003,-2.5420000000000003,0.0,True
2016-03-17,No-arbitrage enforced,-0.46177530929050864,-2.6650000000000005,-2.665,4.440892098500626e-16,True
2016-03-18,No-arbitrage enforced,-0.46320331429817496,-2.675,-2.675,0.0,True
2016-03-21,No-arbitrage enforced,-0.52076322796229,-2.9349999999999996,-2.934999999999999,4.440892098500626e-16,True
2016-03-22,No-arbitrage enforced,-0.5602028561717115,-3.099000000000001,-3.099000000000002,-8.881784197001252e-16,True
2016-03-23,No-arbitrage enforced,-0.5309426935606046,-2.9669999999999987,-2.966999999999998,8.881784197001252e-16,True
2016-03-24,No-arbitrage enforced,-0.30600500189957036,-1.9019999999999997,-1.9019999999999997,0.0,True
2016-03-28,No-arbitrage enforced,-0.4873332400191741,-2.7739999999999996,-2.7739999999999996,0.0,True
2016-03-29,No-arbitrage enforced,-0.5986764452966832,-3.2610000000000015,-3.2610000000000015,0.0,True
2016-03-30,No-arbitrage enforced,-0.5047462627294956,-2.8669999999999987,-2.866999999999999,-4.440892098500626e-16,True
2016-03-31,No-arbitrage enforced,-0.3647262430210984,-2.2030000000000003,-2.2030000000000003,0.0,True
2016-04-01,No-arbitrage enforced,-0.4042635347016511,-2.403,-2.403,0.0,True
2016-04-04,No-arbitrage enforced,-0.4307619561792609,-2.5230000000000006,-2.523000000000001,-4.440892098500626e-16,True
2016-04-05,No-arbitrage enforced,-0.3306945186140203,-2.0269999999999997,-2.0269999999999997,0.0,True
2016-04-06,No-arbitrage enforced,-0.427126439396881,-2.5060000000000002,-2.5060000000000007,-4.440892098500626e-16,True
2016-04-07,No-arbitrage enforced,-0.43135782030026565,-2.5129999999999995,-2.512999999999999,4.440892098500626e-16,True
2016-04-08,No-arbitrage enforced,-0.2085143902678892,-1.3840000000000003,-1.384000000000001,-6.661338147750939e-16,True
2016-04-11,No-arbitrage enforced,-0.30851930469089467,-1.9129999999999996,-1.9129999999999994,2.220446049250313e-16,True
2016-04-12,No-arbitrage enforced,-0.4520166716990978,-2.617,-2.6169999999999995,4.440892098500626e-16,True
2016-04-13,No-arbitrage enforced,-0.47115445818743645,-2.7129999999999996,-2.7129999999999996,0.0,True
2016-04-14,No-arbitrage enforced,-0.45142189216959266,-2.623,-2.6230000000000007,-4.440892098500626e-16,True
2016-04-15,No-arbitrage enforced,-0.38595949157685405,-2.3099999999999996,-2.309999999999999,4.440892098500626e-16,True
2016-04-18,No-arbitrage enforced,-0.3349816384903324,-2.0549999999999997,-2.054999999999999,8.881784197001252e-16,True
2016-04-19,No-arbitrage enforced,-0.44969169835908,-2.6189999999999998,-2.6189999999999993,4.440892098500626e-16,True
2016-04-20,No-arbitrage enforced,-0.4499797232169767,-2.62,-2.6200000000000006,-4.440892098500626e-16,True
2016-04-21,No-arbitrage enforced,-0.4698353870235133,-2.7060000000000004,-2.706,4.440892098500626e-16,True
2016-04-22,No-arbitrage enforced,-0.38851666543765195,-2.325,-2.3249999999999997,4.440892098500626e-16,True
2016-04-25,No-arbitrage enforced,-0.46396632148215317,-2.678,-2.6779999999999995,4.440892098500626e-16,True
2016-04-26,No-arbitrage enforced,-0.4773190906642195,-2.7400000000000007,-2.74,4.440892098500626e-16,True
2016-04-27,No-arbitrage enforced,-0.4485066956148686,-2.6090000000000004,-2.609000000000001,-4.440892098500626e-16,True
2016-04-28,No-arbitrage enforced,-0.4368140576708314,-2.5439999999999996,-2.5439999999999987,8.881784197001252e-16,True
2016-04-29,No-arbitrage enforced,-0.46031861973814236,-2.6489999999999996,-2.649,-4.440892098500626e-16,True
2016-05-02,No-arbitrage enforced,-0.48471128125853147,-2.7670000000000003,-2.767000000000001,-4.440892098500626e-16,True
2016-05-03,No-arbitrage enforced,-0.4481444347974351,-2.594,-2.594,0.0,True
2016-05-04,No-arbitrage enforced,-0.4137300125506289,-2.431,-2.431,0.0,True
2016-05-05,No-arbitrage enforced,-0.40158387258557415,-2.3739999999999997,-2.374,-4.440892098500626e-16,True
2016-05-06,No-arbitrage enforced,-0.3412125814303653,-2.0819999999999994,-2.0819999999999994,0.0,True
2016-05-09,No-arbitrage enforced,-0.388433231257958,-2.317,-2.3169999999999997,4.440892098500626e-16,True
2016-05-10,No-arbitrage enforced,-0.4064459602914086,-2.4099999999999993,-2.4099999999999993,0.0,True
2016-05-11,No-arbitrage enforced,-0.3685976321242872,-2.219,-2.2190000000000003,-4.440892098500626e-16,True
2016-05-12,No-arbitrage enforced,-0.39545275855293643,-2.3519999999999994,-2.351999999999999,4.440892098500626e-16,True
2016-05-13,No-arbitrage enforced,-0.3541703640791067,-2.1459999999999995,-2.146,-4.440892098500626e-16,True
2016-05-16,No-arbitrage enforced,-0.4084084302434519,-2.4129999999999994,-2.4129999999999994,0.0,True
2016-05-17,No-arbitrage enforced,-0.38506586676283083,-2.2959999999999994,-2.2959999999999994,0.0,True
2016-05-18,No-arbitrage enforced,-0.37017650388464723,-2.222,-2.2220000000000004,-4.440892098500626e-16,True
2016-05-19,No-arbitrage enforced,-0.400300170967923,-2.3659999999999997,-2.3659999999999997,0.0,True
2016-05-20,No-arbitrage enforced,-0.4404399028211148,-2.561,-2.5609999999999995,4.440892098500626e-16,True
2016-05-23,No-arbitrage enforced,-0.4226079642544476,-2.4739999999999993,-2.473999999999999,4.440892098500626e-16,True
2016-05-24,No-arbitrage enforced,-0.42085314346366615,-2.4739999999999993,-2.473999999999999,4.440892098500626e-16,True
2016-05-25,No-arbitrage enforced,-0.47127114040957657,-2.7129999999999996,-2.7129999999999996,0.0,True
2016-05-26,No-arbitrage enforced,-0.5182590634643368,-2.928,-2.928000000000001,-8.881784197001252e-16,True
2016-05-27,No-arbitrage enforced,-0.524991963105109,-2.961000000000001,-2.961000000000002,-8.881784197001252e-16,True
2016-05-31,No-arbitrage enforced,-0.484416400820716,-2.7700000000000005,-2.770000000000001,-4.440892098500626e-16,True
2016-06-01,No-arbitrage enforced,-0.5961908675681595,-3.246000000000001,-3.2459999999999996,1.3322676295501878e-15,True
2016-06-02,No-arbitrage enforced,-0.6371267875676205,-3.4150000000000005,-3.415,4.440892098500626e-16,True
2016-06-03,No-arbitrage enforced,-0.42576206704287634,-2.5040000000000004,-2.504,4.440892098500626e-16,True
2016-06-06,No-arbitrage enforced,-0.437221839183803,-2.5569999999999995,-2.5570000000000004,-8.881784197001252e-16,True
2016-06-07,No-arbitrage enforced,-0.5029376904832777,-2.853999999999999,-2.8539999999999988,4.440892098500626e-16,True
2016-06-08,No-arbitrage enforced,-0.5187158840781673,-2.922999999999999,-2.9229999999999987,4.440892098500626e-16,True
2016-06-09,No-arbitrage enforced,-0.5218728705996397,-2.931,-2.9310000000000005,-4.440892098500626e-16,True
2016-06-10,No-arbitrage enforced,-0.6364287365307816,-3.3669999999999987,-3.366999999999999,-4.440892098500626e-16,True
2016-06-13,No-arbitrage enforced,-0.7668467334542242,-3.749000000000001,-3.7490000000000006,4.440892098500626e-16,True
2016-06-14,No-arbitrage enforced,-0.7815357162474933,-3.802000000000001,-3.8020000000000005,4.440892098500626e-16,True
2016-06-15,No-arbitrage enforced,-0.8833537297585002,-4.090999999999999,-4.090999999999998,8.881784197001252e-16,True
2016-06-16,No-arbitrage enforced,-0.8905968730658124,-4.25,-4.12786500112129,0.12213499887871038,True
2016-06-17,No-arbitrage enforced,-0.7721375778746352,-3.7939999999999996,-3.7939999999999987,8.881784197001252e-16,True
2016-06-20,No-arbitrage enforced,-0.7621173233704159,-3.781,-3.781,0.0,True
2016-06-21,No-arbitrage enforced,-0.7048814055454408,-3.5919999999999987,-3.5919999999999987,0.0,True
2016-06-22,No-arbitrage enforced,-0.7352096710804016,-3.647999999999999,-3.6479999999999984,4.440892098500626e-16,True
2016-06-23,No-arbitrage enforced,-0.8803028445187534,-4.5699999999999985,-4.147642242548916,0.42235775745108217,True
2016-06-24,No-arbitrage enforced,-0.9928086146803544,-4.291999999999999,-4.152718713820467,0.13928128617953206,True
2016-06-27,No-arbitrage enforced,-0.750938417645493,-3.6430000000000007,-3.6430000000000007,0.0,True
2016-06-28,No-arbitrage enforced,-0.8509370242308477,-5.366,-4.036085730601216,1.3299142693987838,True
2016-06-29,No-arbitrage enforced,-0.7127489284553309,-3.646000000000001,-3.646000000000001,0.0,True
2016-06-30,No-arbitrage enforced,-0.7659246163245056,-4.058000000000002,-3.8391629453578036,0.21883705464219805,True
2016-07-01,No-arbitrage enforced,-0.5042686711039563,-2.853,-2.8529999999999993,8.881784197001252e-16,True
2016-07-05,No-arbitrage enforced,-0.4353635276250186,-2.5349999999999993,-2.5349999999999997,-4.440892098500626e-16,True
2016-07-06,No-arbitrage enforced,-0.38820952779822027,-2.314,-2.314,0.0,True
2016-07-07,No-arbitrage enforced,-0.42088276715828055,-2.472,-2.4719999999999995,4.440892098500626e-16,True
2016-07-08,No-arbitrage enforced,-0.4713884470262471,-2.72,-2.7199999999999993,8.881784197001252e-16,True
2016-07-11,No-arbitrage enforced,-0.42566227424440567,-2.503,-2.5030000000000006,-4.440892098500626e-16,True
2016-07-12,No-arbitrage enforced,-0.44833342739703536,-2.6099999999999994,-2.6099999999999994,0.0,True
2016-07-13,No-arbitrage enforced,-0.47300824547641296,-2.7290000000000005,-2.7290000000000005,0.0,True
2016-07-14,No-arbitrage enforced,-0.4942547217333357,-2.8280000000000003,-2.828,4.440892098500626e-16,True
2016-07-15,No-arbitrage enforced,-0.5271794268351971,-2.975999999999999,-2.976,-8.881784197001252e-16,True
2016-07-18,No-arbitrage enforced,-0.4311066416961567,-2.5379999999999994,-2.5379999999999994,0.0,True
2016-07-19,No-arbitrage enforced,-0.528757124390324,-2.9919999999999987,-2.9919999999999987,0.0,True
2016-07-20,No-arbitrage enforced,-0.4961689349918309,-2.849000000000001,-2.849000000000002,-8.881784197001252e-16,True
2016-07-21,No-arbitrage enforced,-0.48809506113422985,-2.8009999999999993,-2.8009999999999997,-4.440892098500626e-16,True
2016-07-22,No-arbitrage enforced,-0.49398573922215844,-2.836000000000001,-2.8360000000000016,-4.440892098500626e-16,True
2016-07-25,No-arbitrage enforced,-0.5252251042809744,-2.9650000000000007,-2.965,8.881784197001252e-16,True
2016-07-26,No-arbitrage enforced,-0.5342316575418673,-3.002000000000001,-3.002000000000002,-8.881784197001252e-16,True
2016-07-27,No-arbitrage enforced,-0.43811666626075213,-2.5680000000000005,-2.568,4.440892098500626e-16,True
2016-07-28,No-arbitrage enforced,-0.4991163465308909,-2.850999999999999,-2.851,-8.881784197001252e-16,True
2016-07-29,No-arbitrage enforced,-0.4911691975331039,-2.825,-2.8250000000000006,-4.440892098500626e-16,True
2016-08-01,No-arbitrage enforced,-0.4873673025628462,-2.8009999999999993,-2.8009999999999984,8.881784197001252e-16,True
2016-08-02,No-arbitrage enforced,-0.5174226287158868,-2.925,-2.9250000000000003,-4.440892098500626e-16,True
2016-08-03,No-arbitrage enforced,-0.533000584731391,-2.999000000000001,-2.9990000000000006,4.440892098500626e-16,True
2016-08-04,No-arbitrage enforced,-0.46666699043033166,-2.7060000000000004,-2.706000000000001,-4.440892098500626e-16,True
2016-08-05,No-arbitrage enforced,-0.5424106382356185,-3.0599999999999996,-3.060000000000001,-1.3322676295501878e-15,True
2016-08-08,No-arbitrage enforced,-0.5981913362169048,-3.2939999999999996,-3.2939999999999996,0.0,True
2016-08-09,No-arbitrage enforced,-0.6653579980715317,-3.556,-3.5559999999999987,1.3322676295501878e-15,True
2016-08-10,No-arbitrage enforced,-0.608063046030976,-3.325,-3.3249999999999993,8.881784197001252e-16,True
2016-08-11,No-arbitrage enforced,-0.5592016102828954,-3.128,-3.128,0.0,True
2016-08-12,No-arbitrage enforced,-0.5788326629853062,-3.2129999999999996,-3.2129999999999987,8.881784197001252e-16,True
2016-08-15,No-arbitrage enforced,-0.6372399338972196,-3.444999999999999,-3.4449999999999985,4.440892098500626e-16,True
2016-08-16,No-arbitrage enforced,-0.5862430881528122,-3.227000000000001,-3.2270000000000008,4.440892098500626e-16,True
2016-08-17,No-arbitrage enforced,-0.6952484340942892,-3.6710000000000007,-3.6569829826073805,0.014017017392620179,True
2016-08-18,No-arbitrage enforced,-0.646240329521852,-3.4870000000000005,-3.4869999999999997,8.881784197001252e-16,True
2016-08-19,No-arbitrage enforced,-0.6605903993818755,-3.6580000000000013,-3.543988953294007,0.11401104670599427,True
2016-08-22,No-arbitrage enforced,-0.6588033585631758,-3.5199999999999987,-3.519999999999998,8.881784197001252e-16,True
2016-08-23,No-arbitrage enforced,-0.5737459935519659,-3.1789999999999994,-3.1790000000000003,-8.881784197001252e-16,True
2016-08-24,No-arbitrage enforced,-0.5449016958857353,-3.0430000000000006,-3.043,4.440892098500626e-16,True
2016-08-25,No-arbitrage enforced,-0.560317337708324,-3.1060000000000003,-3.1059999999999994,8.881784197001252e-16,True
2016-08-26,No-arbitrage enforced,-0.5929010381383567,-3.2400000000000007,-3.239999999999999,1.7763568394002505e-15,True
2016-08-29,No-arbitrage enforced,-0.5639174215637608,-3.1300000000000012,-3.1300000000000003,8.881784197001252e-16,True
2016-08-30,No-arbitrage enforced,-0.6880385476865574,-3.6139999999999985,-3.6139999999999985,0.0,True
2016-08-31,No-arbitrage enforced,-0.5175495816354165,-2.925,-2.9249999999999994,4.440892098500626e-16,True
2016-09-01,No-arbitrage enforced,-0.5310188223132573,-2.9830000000000014,-2.983000000000001,4.440892098500626e-16,True
2016-09-02,No-arbitrage enforced,-0.4947595080925825,-2.8400000000000007,-2.840000000000001,-4.440892098500626e-16,True
2016-09-06,No-arbitrage enforced,-0.5575733970679381,-3.1159999999999997,-3.1160000000000014,-1.7763568394002505e-15,True
2016-09-07,No-arbitrage enforced,-0.552156703749683,-3.094,-3.0939999999999994,4.440892098500626e-16,True
2016-09-08,No-arbitrage enforced,-0.5262644232061621,-2.974000000000001,-2.974,8.881784197001252e-16,True
2016-09-09,No-arbitrage enforced,-0.4354876174515073,-2.525,-2.525000000000001,-8.881784197001252e-16,True
2016-09-12,No-arbitrage enforced,-0.6436067379892609,-3.4180000000000006,-3.418,4.440892098500626e-16,True
2016-09-13,No-arbitrage enforced,-0.5839562248655328,-3.156,-3.1559999999999997,4.440892098500626e-16,True
2016-09-14,No-arbitrage enforced,-0.4843934945389626,-2.7400000000000007,-2.7400000000000007,0.0,True
2016-09-15,No-arbitrage enforced,-0.5555858996114982,-3.0569999999999995,-3.0569999999999986,8.881784197001252e-16,True
2016-09-16,No-arbitrage enforced,-0.43294273200883054,-2.525,-2.525,0.0,True
2016-09-19,No-arbitrage enforced,-0.44522373548483574,-2.5810000000000004,-2.5809999999999995,8.881784197001252e-16,True
2016-09-20,No-arbitrage enforced,-0.46861373920987465,-2.6849999999999996,-2.6849999999999987,8.881784197001252e-16,True
2016-09-21,No-arbitrage enforced,-0.3660883549003702,-2.2129999999999996,-2.2129999999999996,0.0,True
2016-09-22,No-arbitrage enforced,-0.4078787835937454,-2.4290000000000007,-2.4290000000000003,4.440892098500626e-16,True
2016-09-23,No-arbitrage enforced,-0.425628890503324,-2.5129999999999995,-2.513,-4.440892098500626e-16,True
2016-09-26,No-arbitrage enforced,-0.3589859363767082,-2.1719999999999997,-2.172,-4.440892098500626e-16,True
2016-09-27,No-arbitrage enforced,-0.39832808727703556,-2.3739999999999997,-2.3739999999999997,0.0,True
2016-09-28,No-arbitrage enforced,-0.46208882576568994,-2.6849999999999996,-2.6849999999999987,8.881784197001252e-16,True
2016-09-29,No-arbitrage enforced,-0.3776804070279951,-2.2670000000000003,-2.267000000000001,-4.440892098500626e-16,True
2016-09-30,No-arbitrage enforced,-0.4158921315870261,-2.4579999999999997,-2.4579999999999993,4.440892098500626e-16,True
2016-10-03,No-arbitrage enforced,-0.38103908316883933,-2.286,-2.286,0.0,True
2016-10-04,No-arbitrage enforced,-0.318085990870128,-1.967,-1.967,0.0,True
2016-10-05,No-arbitrage enforced,-0.35407802995050314,-2.154000000000001,-2.1540000000000017,-8.881784197001252e-16,True
2016-10-06,No-arbitrage enforced,-0.3332222042233088,-2.0480000000000005,-2.0480000000000005,0.0,True
2016-10-07,No-arbitrage enforced,-0.3234124819431927,-1.9950000000000003,-1.995,2.220446049250313e-16,True
2016-10-10,No-arbitrage enforced,-0.4007572362693784,-2.3840000000000003,-2.3839999999999995,8.881784197001252e-16,True
2016-10-11,No-arbitrage enforced,-0.32121574865612657,-1.9790000000000005,-1.9790000000000005,0.0,True
2016-10-12,No-arbitrage enforced,-0.3726021048602864,-2.2340000000000004,-2.234,4.440892098500626e-16,True
2016-10-13,No-arbitrage enforced,-0.39348299661686337,-2.3319999999999994,-2.331999999999999,4.440892098500626e-16,True
2016-10-14,No-arbitrage enforced,-0.3629478871503404,-2.186,-2.186,0.0,True
2016-10-17,No-arbitrage enforced,-0.4090294578166346,-2.408,-2.408,0.0,True
2016-10-18,No-arbitrage enforced,-0.38070317433902534,-2.2760000000000007,-2.2760000000000025,-1.7763568394002505e-15,True
2016-10-19,No-arbitrage enforced,-0.3758366311624451,-2.2560000000000002,-2.256,4.440892098500626e-16,True
2016-10-20,No-arbitrage enforced,-0.4026869303662524,-2.3909999999999996,-2.3909999999999996,0.0,True
2016-10-21,No-arbitrage enforced,-0.3836020991818782,-2.3,-2.3000000000000007,-8.881784197001252e-16,True
2016-10-24,No-arbitrage enforced,-0.41588979725578723,-2.4599999999999995,-2.459999999999999,4.440892098500626e-16,True
2016-10-25,No-arbitrage enforced,-0.3803078089274191,-2.283,-2.2830000000000004,-4.440892098500626e-16,True
2016-10-26,No-arbitrage enforced,-0.39094903462194286,-2.3310000000000004,-2.331,4.440892098500626e-16,True
2016-10-27,No-arbitrage enforced,-0.37239087596446485,-2.2349999999999994,-2.234999999999999,4.440892098500626e-16,True
2016-10-28,No-arbitrage enforced,-0.4579592957046644,-2.6349999999999993,-2.634999999999999,4.440892098500626e-16,True
2016-10-31,No-arbitrage enforced,-0.45406960485527886,-2.6120000000000005,-2.612000000000001,-4.440892098500626e-16,True
2016-11-01,No-arbitrage enforced,-0.41934379634322505,-2.4459999999999993,-2.445999999999999,4.440892098500626e-16,True
2016-11-02,No-arbitrage enforced,-0.4575297651839568,-2.6150000000000007,-2.615,4.440892098500626e-16,True
2016-11-03,No-arbitrage enforced,-0.9154682785367279,-4.118,-4.118,0.0,True
2016-11-04,No-arbitrage enforced,-0.6378381258093203,-3.303,-3.3029999999999995,4.440892098500626e-16,True
2016-11-07,No-arbitrage enforced,-0.6765613254099017,-3.4909999999999997,-3.491000000000001,-1.3322676295501878e-15,True
2016-11-08,No-arbitrage enforced,-0.6966007386221218,-3.5599999999999996,-3.5599999999999987,8.881784197001252e-16,True
2016-11-09,No-arbitrage enforced,-0.652108206085417,-3.461000000000001,-3.4610000000000016,-4.440892098500626e-16,True
2016-11-10,No-arbitrage enforced,-0.46997001588931964,-2.7,-2.7,0.0,True
2016-11-11,No-arbitrage enforced,-0.3585187113993295,-2.1709999999999994,-2.170999999999999,4.440892098500626e-16,True
2016-11-14,No-arbitrage enforced,-0.3789496633844007,-2.2709999999999995,-2.271,-4.440892098500626e-16,True
2016-11-15,No-arbitrage enforced,-0.32025106145951804,-1.9790000000000005,-1.979,4.440892098500626e-16,True
2016-11-16,No-arbitrage enforced,-0.39976756587357704,-2.377,-2.377,0.0,True
2016-11-17,No-arbitrage enforced,-0.3848279660489174,-2.306,-2.3059999999999996,4.440892098500626e-16,True
2016-11-18,No-arbitrage enforced,-0.45299763770895696,-2.6379999999999995,-2.638,-4.440892098500626e-16,True
2016-11-21,No-arbitrage enforced,-0.40283095271306196,-2.4010000000000007,-2.4010000000000002,4.440892098500626e-16,True
2016-11-22,No-arbitrage enforced,-0.48663508889421225,-2.7980000000000005,-2.7980000000000005,0.0,True
2016-11-23,No-arbitrage enforced,-0.4300453750080546,-2.533,-2.5330000000000004,-4.440892098500626e-16,True
2016-11-25,No-arbitrage enforced,-0.4496215921260898,-2.627,-2.6270000000000002,-4.440892098500626e-16,True
2016-11-28,No-arbitrage enforced,-0.4401744641984047,-2.575,-2.5749999999999997,4.440892098500626e-16,True
2016-11-29,No-arbitrage enforced,-0.4951147001893672,-2.8310000000000004,-2.831,4.440892098500626e-16,True
2016-11-30,No-arbitrage enforced,-0.454141583258541,-2.6390000000000002,-2.639,4.440892098500626e-16,True
2016-12-01,No-arbitrage enforced,-0.49914835776398275,-2.8370000000000006,-2.837000000000001,-4.440892098500626e-16,True
2016-12-02,No-arbitrage enforced,-0.5133167142928756,-2.899000000000001,-2.8990000000000005,4.440892098500626e-16,True
2016-12-05,No-arbitrage enforced,-0.4940826685537129,-2.8349999999999995,-2.834999999999999,4.440892098500626e-16,True
2016-12-06,No-arbitrage enforced,-0.5511813923723055,-3.0919999999999987,-3.091999999999999,-4.440892098500626e-16,True
2016-12-07,No-arbitrage enforced,-0.3944070269976623,-2.3609999999999998,-2.3609999999999993,4.440892098500626e-16,True
2016-12-08,No-arbitrage enforced,-0.3062107846395195,-1.908,-1.9079999999999997,2.220446049250313e-16,True
2016-12-09,No-arbitrage enforced,-0.31373791110598875,-1.9510000000000005,-1.9510000000000007,-2.220446049250313e-16,True
2016-12-12,No-arbitrage enforced,-0.388356851040228,-2.3280000000000003,-2.3280000000000003,0.0,True
2016-12-13,No-arbitrage enforced,-0.311210563798083,-1.9340000000000004,-1.9339999999999993,1.1102230246251565e-15,True
2016-12-14,No-arbitrage enforced,-0.4334917958139431,-2.5430000000000006,-2.543000000000001,-4.440892098500626e-16,True
2016-12-15,No-arbitrage enforced,-0.5202175786286193,-2.944,-2.944,0.0,True
2016-12-16,No-arbitrage enforced,-0.5769429863297904,-3.194999999999999,-3.194999999999998,8.881784197001252e-16,True
2016-12-19,No-arbitrage enforced,-0.5405072992186638,-3.0469999999999997,-3.0470000000000006,-8.881784197001252e-16,True
2016-12-20,No-arbitrage enforced,-0.3630681304575138,-2.2090000000000005,-2.209000000000002,-1.3322676295501878e-15,True
2016-12-21,No-arbitrage enforced,-0.4189207430848954,-2.4900000000000007,-2.49,4.440892098500626e-16,True
2016-12-22,No-arbitrage enforced,-0.48495976549254416,-2.802000000000001,-2.802,8.881784197001252e-16,True
2016-12-23,No-arbitrage enforced,-0.33248375958701154,-2.0510000000000006,-2.051000000000001,-4.440892098500626e-16,True
2016-12-27,No-arbitrage enforced,-0.3948552023564131,-2.3650000000000007,-2.365,4.440892098500626e-16,True
2016-12-28,No-arbitrage enforced,-0.3704929316383525,-2.2370000000000005,-2.2370000000000014,-8.881784197001252e-16,True
2016-12-29,No-arbitrage enforced,-0.4158051886995934,-2.4569999999999994,-2.4569999999999994,0.0,True
2016-12-30,No-arbitrage enforced,-0.47439511514818344,-2.7260000000000004,-2.7260000000000004,0.0,True
2017-01-03,No-arbitrage enforced,-0.4404732412134712,-2.5790000000000006,-2.579,4.440892098500626e-16,True
2017-01-04,No-arbitrage enforced,-0.40982351694325136,-2.4400000000000004,-2.440000000000001,-4.440892098500626e-16,True
2017-01-05,No-arbitrage enforced,-0.4897539963447448,-2.8210000000000006,-2.8210000000000006,0.0,True
2017-01-06,No-arbitrage enforced,-0.39413862705191266,-2.367,-2.3670000000000004,-4.440892098500626e-16,True
2017-01-09,No-arbitrage enforced,-0.3730525402997907,-2.2590000000000003,-2.259000000000001,-4.440892098500626e-16,True
2017-01-10,No-arbitrage enforced,-0.35823783593331415,-2.184,-2.1839999999999997,4.440892098500626e-16,True
2017-01-11,No-arbitrage enforced,-0.38188431042926924,-2.306,-2.306000000000001,-8.881784197001252e-16,True
2017-01-12,No-arbitrage enforced,-0.4468288966569342,-2.622,-2.621999999999999,8.881784197001252e-16,True
2017-01-13,No-arbitrage enforced,-0.5821118628475758,-3.2319999999999993,-3.2319999999999993,0.0,True
2017-01-17,No-arbitrage enforced,-0.5662346985997919,-3.155000000000001,-3.1550000000000016,-4.440892098500626e-16,True
2017-01-18,No-arbitrage enforced,-0.7077620164436776,-4.343000000000001,-3.6966571574282576,0.6463428425717432,True
2017-01-19,No-arbitrage enforced,-0.7125840908109394,-4.103,-3.70824980004697,0.39475019995302985,True
2017-01-20,No-arbitrage enforced,-0.6691073876478092,-4.633000000000001,-3.5724717680385494,1.0605282319614515,True
2017-01-23,No-arbitrage enforced,-0.699079676254594,-3.778,-3.6790172927310834,0.09898270726891667,True
2017-01-24,No-arbitrage enforced,-0.6784114411807528,-3.816,-3.6168228584942916,0.1991771415057082,True
2017-01-25,No-arbitrage enforced,-0.5001397644191865,-2.8800000000000012,-2.880000000000002,-8.881784197001252e-16,True
2017-01-26,No-arbitrage enforced,-0.5167521817598185,-2.958000000000001,-2.958000000000001,0.0,True
2017-01-27,No-arbitrage enforced,-0.5248301448272642,-2.9949999999999988,-2.9949999999999997,-8.881784197001252e-16,True
2017-01-30,No-arbitrage enforced,-0.6342354487458874,-3.4319999999999995,-3.431999999999998,1.3322676295501878e-15,True
2017-01-31,No-arbitrage enforced,-0.7186764904673738,-3.808000000000001,-3.744941601375421,0.06305839862458029,True
2017-02-01,No-arbitrage enforced,-0.6250527379905773,-3.397,-3.3969999999999994,4.440892098500626e-16,True
2017-02-02,No-arbitrage enforced,-0.6960862381532767,-3.6650000000000005,-3.664999999999999,1.3322676295501878e-15,True
2017-02-03,No-arbitrage enforced,-0.6034874326867778,-3.325,-3.3249999999999997,4.440892098500626e-16,True
2017-02-06,No-arbitrage enforced,-0.561120993359229,-3.1409999999999996,-3.140999999999999,4.440892098500626e-16,True
2017-02-07,No-arbitrage enforced,-0.5388572126435138,-3.0460000000000007,-3.046000000000002,-1.3322676295501878e-15,True
2017-02-08,No-arbitrage enforced,-0.6244615977687471,-3.400999999999999,-3.400999999999998,8.881784197001252e-16,True
2017-02-09,No-arbitrage enforced,-0.5089430687487236,-2.9189999999999996,-2.9189999999999996,0.0,True
2017-02-10,No-arbitrage enforced,-0.537531507900543,-3.0469999999999997,-3.046999999999998,1.7763568394002505e-15,True
2017-02-13,No-arbitrage enforced,-0.5299162801029934,-3.0099999999999993,-3.009999999999998,1.3322676295501878e-15,True
2017-02-14,No-arbitrage enforced,-0.6124941070129845,-3.3659999999999997,-3.3659999999999988,8.881784197001252e-16,True
2017-02-15,No-arbitrage enforced,-0.6829590629703451,-3.7550000000000012,-3.616044640556815,0.13895535944318604,True
2017-02-16,No-arbitrage enforced,-0.6768803864365941,-4.141,-3.597438128891612,0.543561871108388,True
2017-02-17,No-arbitrage enforced,-0.6504327955594381,-4.1129999999999995,-3.502109522376194,0.6108904776238053,True
2017-02-21,No-arbitrage enforced,-0.68195431229846,-3.6930000000000005,-3.6200152075861793,0.07298479241382116,True
2017-02-22,No-arbitrage enforced,-0.6862019147087567,-3.8240000000000007,-3.632433932247264,0.19156606775273666,True
2017-02-23,No-arbitrage enforced,-0.6801880138861182,-3.7909999999999995,-3.610724859902841,0.18027514009715828,True
2017-02-24,No-arbitrage enforced,-0.6608602234253821,-3.8659999999999997,-3.5425145105460256,0.32348548945397404,True
2017-02-27,No-arbitrage enforced,-0.636955886855077,-3.4389999999999987,-3.4389999999999983,4.440892098500626e-16,True
2017-02-28,No-arbitrage enforced,-0.5801776360966089,-3.197999999999999,-3.1979999999999995,-4.440892098500626e-16,True
2017-03-01,No-arbitrage enforced,-0.5832182817934396,-3.2159999999999997,-3.2159999999999997,0.0,True
2017-03-02,No-arbitrage enforced,-0.6098049217043922,-3.336000000000001,-3.336000000000001,0.0,True
2017-03-03,No-arbitrage enforced,-0.637011666077384,-3.6099999999999994,-3.459860930484107,0.1501390695158924,True
2017-03-06,No-arbitrage enforced,-0.6677923155369686,-4.016999999999999,-3.573360088532334,0.44363991146766457,True
2017-03-07,No-arbitrage enforced,-0.6822058095535054,-3.8849999999999993,-3.6233181365793325,0.2616818634206668,True
2017-03-08,No-arbitrage enforced,-0.6988416098529049,-3.9629999999999996,-3.6763837015134464,0.28661629848655323,True
2017-03-09,No-arbitrage enforced,-0.7188998745179561,-3.947999999999999,-3.7396467298258527,0.2083532701741464,True
2017-03-10,No-arbitrage enforced,-0.6930722787159634,-3.899000000000001,-3.659271191919456,0.23972880808054509,True
2017-03-13,No-arbitrage enforced,-0.6957299462832535,-4.575,-3.6752427310615805,0.8997572689384197,True
2017-03-14,No-arbitrage enforced,-0.7188998745179561,-4.6110000000000015,-3.7396467298258527,0.8713532701741489,True
2017-03-15,No-arbitrage enforced,-0.6952484340942892,-4.719999999999999,-3.6678297531997384,1.0521702468002605,True
2017-03-16,No-arbitrage enforced,-0.6696318229098893,-4.949000000000001,-3.5809239853420256,1.3680760146579751,True
2017-03-17,No-arbitrage enforced,-0.6730187353405274,-5.434,-3.5923141346957923,1.8416858653042079,True
2017-03-20,No-arbitrage enforced,-0.6822058095535054,-5.293000000000001,-3.62551461626058,1.6674853837394212,True
2017-03-21,No-arbitrage enforced,-0.7693745174527808,-4.102000000000001,-3.9087007632382167,0.1932992367617845,True
2017-03-22,No-arbitrage enforced,-0.6846513363003635,-3.6069999999999993,-3.606999999999999,4.440892098500626e-16,True
2017-03-23,No-arbitrage enforced,-0.5945454212270096,-3.253999999999999,-3.254,-8.881784197001252e-16,True
2017-03-24,No-arbitrage enforced,-0.700534543686011,-3.6620000000000004,-3.662000000000001,-4.440892098500626e-16,True
2017-03-27,No-arbitrage enforced,-0.664361457451492,-3.5370000000000004,-3.5370000000000004,0.0,True
2017-03-28,No-arbitrage enforced,-0.6354473868764345,-3.4430000000000005,-3.4430000000000005,0.0,True
2017-03-29,No-arbitrage enforced,-0.5840716807716372,-3.2370000000000005,-3.2369999999999988,1.7763568394002505e-15,True
2017-03-30,No-arbitrage enforced,-0.6654106958898421,-3.8840000000000003,-3.5584834462474393,0.32551655375256106,True
2017-03-31,No-arbitrage enforced,-0.6675286146572236,-3.8310000000000004,-3.5511968689335585,0.27980313106644195,True
2017-04-03,No-arbitrage enforced,-0.6601024050656614,-3.522999999999999,-3.522999999999997,1.7763568394002505e-15,True
2017-04-04,No-arbitrage enforced,-0.5833521422205259,-3.228,-3.227999999999999,1.3322676295501878e-15,True
2017-04-05,No-arbitrage enforced,-0.5545240709770833,-3.0909999999999997,-3.0909999999999997,0.0,True
2017-04-06,No-arbitrage enforced,-0.5614119938981699,-3.127000000000001,-3.127,1.3322676295501878e-15,True
2017-04-07,No-arbitrage enforced,-0.5976000432689906,-3.2699999999999987,-3.269999999999999,-4.440892098500626e-16,True
2017-04-10,No-arbitrage enforced,-0.6057036245652552,-3.2860000000000014,-3.286,1.3322676295501878e-15,True
2017-04-11,No-arbitrage enforced,-0.6899015516749999,-3.6659999999999995,-3.589468857410362,0.07653114258963756,True
2017-04-12,No-arbitrage enforced,-0.5876930989505982,-3.1930000000000005,-3.1930000000000005,0.0,True
2017-04-13,No-arbitrage enforced,-0.6512697510509537,-3.4360000000000013,-3.436000000000001,4.440892098500626e-16,True
2017-04-17,No-arbitrage enforced,-0.7539519354403402,-3.9629999999999996,-3.8166440665629597,0.1463559334370399,True
2017-04-18,No-arbitrage enforced,-0.7241376783480318,-3.719999999999999,-3.7200000000000006,-1.7763568394002505e-15,True
2017-04-19,No-arbitrage enforced,-0.8049322224694322,-4.019999999999999,-3.974825513945193,0.04517448605480556,True
2017-04-20,No-arbitrage enforced,-0.7985393723610404,-4.685,-3.96959285825586,0.7154071417441394,True
2017-04-21,No-arbitrage enforced,-0.8198268669270371,-4.841999999999999,-4.026057502374779,0.8159424976252199,True
2017-04-24,No-arbitrage enforced,-0.675341600444661,-4.4449999999999985,-3.610052806519893,0.8349471934801054,True
2017-04-25,No-arbitrage enforced,-0.6711997099414236,-3.903999999999999,-3.5960721288548405,0.3079278711451585,True
2017-04-26,No-arbitrage enforced,-0.6709389573902474,-4.212999999999999,-3.5932039769329407,0.6197960230670585,True
2017-04-27,No-arbitrage enforced,-0.6562400039741673,-4.255000000000001,-3.5472320364813967,0.707767963518604,True
2017-04-28,No-arbitrage enforced,-0.6611298061643879,-4.697999999999999,-3.5564276736011085,1.1415723263988902,True
2017-05-01,No-arbitrage enforced,-0.49049151463959056,-2.846000000000001,-2.846,8.881784197001252e-16,True
2017-05-02,No-arbitrage enforced,-0.471214806709392,-2.7489999999999997,-2.749,-4.440892098500626e-16,True
2017-05-03,No-arbitrage enforced,-0.5127077066674529,-2.9389999999999987,-2.9389999999999987,0.0,True
2017-05-04,No-arbitrage enforced,-0.5363198811156185,-3.047999999999999,-3.0479999999999996,-4.440892098500626e-16,True
2017-05-05,No-arbitrage enforced,-0.5568815216869791,-3.1360000000000015,-3.1360000000000023,-8.881784197001252e-16,True
2017-05-08,No-arbitrage enforced,-0.4820724587701514,-2.8120000000000003,-2.8119999999999994,8.881784197001252e-16,True
2017-05-09,No-arbitrage enforced,-0.48612562463680103,-2.8280000000000003,-2.828,4.440892098500626e-16,True
2017-05-10,No-arbitrage enforced,-0.4867295521407383,-2.827000000000001,-2.827,8.881784197001252e-16,True
2017-05-11,No-arbitrage enforced,-0.48666365371917125,-2.8210000000000006,-2.8209999999999997,8.881784197001252e-16,True
2017-05-12,No-arbitrage enforced,-0.5175039782872196,-2.9650000000000007,-2.965000000000001,-4.440892098500626e-16,True
2017-05-15,No-arbitrage enforced,-0.5129247458934392,-2.944,-2.944,0.0,True
2017-05-16,No-arbitrage enforced,-0.5544238686494709,-3.124000000000001,-3.124,8.881784197001252e-16,True
2017-05-17,No-arbitrage enforced,-0.6274802711858433,-3.350999999999999,-3.3510000000000004,-1.3322676295501878e-15,True
2017-05-18,No-arbitrage enforced,-0.7197812475922645,-3.700999999999999,-3.7009999999999987,4.440892098500626e-16,True
2017-05-19,No-arbitrage enforced,-0.5630543711219781,-3.1389999999999985,-3.138999999999998,4.440892098500626e-16,True
2017-05-22,No-arbitrage enforced,-0.4954837013739884,-2.8569999999999993,-2.8569999999999993,0.0,True
2017-05-23,No-arbitrage enforced,-0.4104715460966228,-2.4540000000000006,-2.454000000000001,-4.440892098500626e-16,True
2017-05-24,No-arbitrage enforced,-0.38063308197130236,-2.311,-2.3109999999999995,4.440892098500626e-16,True
2017-05-25,No-arbitrage enforced,-0.3911764715636216,-2.3650000000000007,-2.3650000000000007,0.0,True
2017-05-26,No-arbitrage enforced,-0.4259209489353825,-2.5409999999999995,-2.5409999999999995,0.0,True
2017-05-30,No-arbitrage enforced,-0.42653827420791507,-2.5370000000000004,-2.537,4.440892098500626e-16,True
2017-05-31,No-arbitrage enforced,-0.42131995917636034,-2.511,-2.511000000000001,-8.881784197001252e-16,True
2017-06-01,No-arbitrage enforced,-0.40881699950318245,-2.4549999999999996,-2.4549999999999996,0.0,True
2017-06-02,No-arbitrage enforced,-0.40211482009261135,-2.4230000000000005,-2.4230000000000005,0.0,True
2017-06-05,No-arbitrage enforced,-0.4192944255809829,-2.505,-2.505,0.0,True
2017-06-06,No-arbitrage enforced,-0.4338695615712181,-2.572,-2.5720000000000005,-4.440892098500626e-16,True
2017-06-07,No-arbitrage enforced,-0.4390671369712761,-2.5980000000000003,-2.598,4.440892098500626e-16,True
2017-06-08,No-arbitrage enforced,-0.4615197003709069,-2.7090000000000005,-2.7089999999999996,8.881784197001252e-16,True
2017-06-09,No-arbitrage enforced,-0.555081867790099,-3.125999999999999,-3.125999999999998,8.881784197001252e-16,True
2017-06-12,No-arbitrage enforced,-0.6992908689823795,-3.6860000000000013,-3.6860000000000013,0.0,True
2017-06-13,No-arbitrage enforced,-0.659237642868563,-3.6409999999999996,-3.557533158019168,0.08346684198083176,True
2017-06-14,No-arbitrage enforced,-0.6686718738678302,-3.5889999999999986,-3.5889999999999986,0.0,True
2017-06-15,No-arbitrage enforced,-0.6246651027947483,-3.4120000000000004,-3.4119999999999995,8.881784197001252e-16,True
2017-06-16,No-arbitrage enforced,-0.630216133130496,-3.502000000000001,-3.444467446194338,0.057532553805663245,True
2017-06-19,No-arbitrage enforced,-0.6358409812134019,-3.877000000000001,-3.4670578264290084,0.4099421735709927,True
2017-06-20,No-arbitrage enforced,-0.6059278391097089,-3.3370000000000006,-3.3369999999999997,8.881784197001252e-16,True
2017-06-21,No-arbitrage enforced,-0.5240846671622601,-2.9889999999999985,-2.9889999999999977,8.881784197001252e-16,True
2017-06-22,No-arbitrage enforced,-0.5450341239506153,-3.086000000000001,-3.0860000000000007,4.440892098500626e-16,True
2017-06-23,No-arbitrage enforced,-0.5873378096699329,-3.275999999999999,-3.2759999999999985,4.440892098500626e-16,True
2017-06-26,No-arbitrage enforced,-0.4927992709162238,-2.8599999999999994,-2.8600000000000003,-8.881784197001252e-16,True
2017-06-27,No-arbitrage enforced,-0.4299564507360391,-2.5459999999999994,-2.546,-4.440892098500626e-16,True
2017-06-28,No-arbitrage enforced,-0.45820781691420265,-2.6950000000000003,-2.6950000000000007,-4.440892098500626e-16,True
2017-06-29,No-arbitrage enforced,-0.509811865278217,-2.9150000000000005,-2.915,4.440892098500626e-16,True
2017-06-30,No-arbitrage enforced,-0.5170220956648025,-2.950999999999999,-2.950999999999999,0.0,True
2017-07-03,No-arbitrage enforced,-0.4546925727483045,-2.6629999999999994,-2.6629999999999985,8.881784197001252e-16,True
2017-07-05,No-arbitrage enforced,-0.4980957152927082,-2.8669999999999987,-2.8669999999999987,0.0,True
2017-07-06,No-arbitrage enforced,-0.471038252599115,-2.725,-2.7249999999999996,4.440892098500626e-16,True
2017-07-07,No-arbitrage enforced,-0.5644279950707082,-3.1580000000000013,-3.158,1.3322676295501878e-15,True
2017-07-10,No-arbitrage enforced,-0.6077845035414717,-3.3400000000000007,-3.3400000000000007,0.0,True
2017-07-11,No-arbitrage enforced,-0.5910118084287503,-3.275,-3.2750000000000004,-4.440892098500626e-16,True
2017-07-12,No-arbitrage enforced,-0.6220338800009421,-3.4949999999999988,-3.413269706865893,0.08173029313410574,True
2017-07-13,No-arbitrage enforced,-0.6204933457050931,-3.8349999999999995,-3.415381461524021,0.41961853847597874,True
2017-07-14,No-arbitrage enforced,-0.6059262664962882,-3.771000000000001,-3.3641296834090304,0.4068703165909704,True
2017-07-17,No-arbitrage enforced,-0.6320039840986272,-3.9870000000000005,-3.46349912705871,0.5235008729412907,True
2017-07-18,No-arbitrage enforced,-0.6334856444141742,-3.753,-3.467891287863105,0.2851087121368949,True
2017-07-19,No-arbitrage enforced,-0.6155085144984415,-3.6879999999999997,-3.397453146927003,0.29054685307299666,True
2017-07-20,No-arbitrage enforced,-0.5418246870868952,-3.0879999999999996,-3.0879999999999996,0.0,True
2017-07-21,No-arbitrage enforced,-0.5909320946583831,-3.4530000000000003,-3.3047802230724286,0.1482197769275717,True
2017-07-24,No-arbitrage enforced,-0.5823594635666547,-3.2669999999999986,-3.266999999999997,1.7763568394002505e-15,True
2017-07-25,No-arbitrage enforced,-0.6161362801014404,-3.5610000000000013,-3.4079224099912846,0.15307759000871668,True
2017-07-26,No-arbitrage enforced,-0.6223410191820694,-3.5610000000000013,-3.4294100240920384,0.13158997590796284,True
2017-07-27,No-arbitrage enforced,-0.6504327955594381,-4.081,-3.5300522115079778,0.5509477884920226,True
2017-07-28,No-arbitrage enforced,-0.6367194278570382,-3.9909999999999997,-3.472207828696836,0.5187921713031636,True
2017-07-31,No-arbitrage enforced,-0.661399148073956,-3.9819999999999993,-3.5693278533180632,0.4126721466819361,True
2017-08-01,No-arbitrage enforced,-0.647627380800862,-3.872,-3.5195048376532614,0.3524951623467385,True
2017-08-02,No-arbitrage enforced,-0.6404962666130852,-4.202000000000001,-3.4873631082755114,0.7146368917244894,True
2017-08-03,No-arbitrage enforced,-0.6581510451852969,-3.8319999999999994,-3.5529122510235447,0.2790877489764547,True
2017-08-04,No-arbitrage enforced,-0.6375952802739314,-3.9810000000000003,-3.481216312612043,0.49978368738795753,True
2017-08-07,No-arbitrage enforced,-0.6331899054551832,-3.8909999999999996,-3.4658382082817334,0.4251617917182662,True
2017-08-08,No-arbitrage enforced,-0.688919331262564,-4.005000000000001,-3.658268159181023,0.3467318408189777,True
2017-08-09,No-arbitrage enforced,-0.6942831494658853,-4.119999999999999,-3.6749052194700114,0.44509478052998785,True
2017-08-10,No-arbitrage enforced,-0.7107078995618755,-3.647999999999999,-3.6479999999999984,4.440892098500626e-16,True
2017-08-11,No-arbitrage enforced,-0.6787754308231775,-3.5430000000000006,-3.5429999999999993,1.3322676295501878e-15,True
2017-08-14,No-arbitrage enforced,-0.7155322782124843,-4.206999999999999,-3.727157413935634,0.47984258606436514,True
2017-08-15,No-arbitrage enforced,-0.6866977834951234,-4.322999999999999,-3.628520786877742,0.6944792131222566,True
2017-08-16,No-arbitrage enforced,-0.6693697186716722,-4.862,-3.569646050379178,1.2923539496208223,True
2017-08-17,No-arbitrage enforced,-0.7974910136233305,-4.272999999999999,-3.940460649723211,0.3325393502767877,True
2017-08-18,No-arbitrage enforced,-0.5106719842731675,-2.8860000000000015,-2.8860000000000006,8.881784197001252e-16,True
2017-08-21,No-arbitrage enforced,-0.572137288433525,-3.1610000000000014,-3.1610000000000023,-8.881784197001252e-16,True
2017-08-22,No-arbitrage enforced,-0.6680058973663184,-3.572,-3.5719999999999983,1.7763568394002505e-15,True
2017-08-23,No-arbitrage enforced,-0.5309803647882516,-2.997999999999999,-2.997999999999999,0.0,True
2017-08-24,No-arbitrage enforced,-0.5302341450734637,-2.9949999999999988,-2.9949999999999974,1.3322676295501878e-15,True
2017-08-25,No-arbitrage enforced,-0.5319889454939792,-3.0159999999999996,-3.0159999999999987,8.881784197001252e-16,True
2017-08-28,No-arbitrage enforced,-0.49117982070695826,-2.8319999999999994,-2.832,-4.440892098500626e-16,True
2017-08-29,No-arbitrage enforced,-0.5639717648795751,-3.147999999999999,-3.1479999999999992,-4.440892098500626e-16,True
2017-08-30,No-arbitrage enforced,-0.5402149393994427,-3.053,-3.0530000000000013,-1.3322676295501878e-15,True
2017-08-31,No-arbitrage enforced,-0.6201814354960068,-3.4,-3.4,0.0,True
2017-09-01,No-arbitrage enforced,-0.6183229137002809,-3.4849999999999994,-3.401748962041085,0.08325103795891442,True
2017-09-05,No-arbitrage enforced,-0.6145177895499284,-3.347999999999999,-3.3479999999999985,4.440892098500626e-16,True
2017-09-06,No-arbitrage enforced,-0.68195431229846,-3.647999999999999,-3.618842185419557,0.029157814580441865,True
2017-09-07,No-arbitrage enforced,-0.6603385470312114,-3.538999999999999,-3.538999999999998,8.881784197001252e-16,True
2017-09-08,No-arbitrage enforced,-0.5441534198931334,-3.0569999999999995,-3.0569999999999995,0.0,True
2017-09-11,No-arbitrage enforced,-0.6498738137084225,-3.6960000000000006,-3.5147910790890684,0.18120892091093221,True
2017-09-12,No-arbitrage enforced,-0.656513754691057,-3.9599999999999995,-3.543630495097717,0.41636950490228264,True
2017-09-13,No-arbitrage enforced,-0.6600500254739078,-4.274000000000001,-3.55895866115022,0.7150413388497809,True
2017-09-15,No-arbitrage enforced,-0.629318132677111,-4.453999999999999,-3.445229517557221,1.008770482442778,True
2017-09-18,No-arbitrage enforced,-0.6416487790684978,-4.365,-3.494679840294815,0.8703201597051851,True
2017-09-19,No-arbitrage enforced,-0.6521035066213555,-4.2639999999999985,-3.5350466618120056,0.7289533381879929,True
2017-09-20,No-arbitrage enforced,-0.6481905735502517,-3.8939999999999997,-3.528614538191102,0.36538546180889764,True
2017-09-21,No-arbitrage enforced,-0.633485644414174,-3.7870000000000004,-3.4727638790807562,0.31423612091924413,True
2017-09-22,No-arbitrage enforced,-0.6195651275120208,-3.75,-3.418349575406686,0.33165042459331406,True
2017-09-25,No-arbitrage enforced,-0.6451034634136611,-3.5069999999999992,-3.5069999999999997,-4.440892098500626e-16,True
2017-09-26,No-arbitrage enforced,-0.624280556596013,-3.425,-3.4249999999999994,4.440892098500626e-16,True
2017-09-27,No-arbitrage enforced,-0.5120502558578383,-2.9490000000000007,-2.9490000000000007,0.0,True
2017-09-28,No-arbitrage enforced,-0.5905244597866326,-3.299000000000001,-3.299000000000002,-1.3322676295501878e-15,True
2017-09-29,No-arbitrage enforced,-0.618633961181492,-3.775,-3.416334945128877,0.358665054871123,True
2017-10-02,No-arbitrage enforced,-0.6256985358690056,-3.802000000000001,-3.4463933303160474,0.3556066696839535,True
2017-10-03,No-arbitrage enforced,-0.6214186361906834,-3.7150000000000007,-3.4276741374276987,0.2873258625723021,True
2017-10-04,No-arbitrage enforced,-0.6208021001651721,-4.419,-3.422496147566654,0.9965038524333454,True
2017-10-05,No-arbitrage enforced,-0.6142489245739801,-4.033000000000001,-3.4056504233207434,0.6273495766792578,True
2017-10-06,No-arbitrage enforced,-0.6164496583505813,-4.034999999999999,-3.4043268935508473,0.630673106449152,True
2017-10-09,No-arbitrage enforced,-0.6589663609407229,-3.9830000000000014,-3.5584219114687463,0.4245780885312551,True
2017-10-10,No-arbitrage enforced,-0.6416487790684978,-3.924000000000001,-3.4961886730062863,0.4278113269937145,True
2017-10-11,No-arbitrage enforced,-0.6299171030637504,-3.874000000000001,-3.454476171111858,0.4195238288881429,True
2017-10-12,No-arbitrage enforced,-0.630514860679427,-3.6360000000000015,-3.4555681994301555,0.18043180056984598,True
2017-10-13,No-arbitrage enforced,-0.6211105300774932,-3.8280000000000003,-3.424191816269653,0.4038081837303471,True
2017-10-16,No-arbitrage enforced,-0.6340762372309833,-4.753,-3.4698130295539413,1.2831869704460588,True
2017-10-17,No-arbitrage enforced,-0.6407848136743985,-5.0120000000000005,-3.487870142075509,1.5241298579244913,True
2017-10-18,No-arbitrage enforced,-0.6314092349283816,-4.794999999999999,-3.4557096508694394,1.3392903491305597,True
2017-10-19,No-arbitrage enforced,-0.6462147356890823,-4.616,-3.514832756962769,1.1011672430372306,True
2017-10-20,No-arbitrage enforced,-0.632597539187958,-4.881,-3.4626046558373966,1.4183953441626036,True
2017-10-23,No-arbitrage enforced,-0.6954892840950039,-4.246,-3.680175577858534,0.5658244221414663,True
2017-10-24,No-arbitrage enforced,-0.6884270411511683,-4.215000000000001,-3.6522700373672663,0.5627299626327344,True
2017-10-25,No-arbitrage enforced,-0.7030990501805156,-3.8,-3.704599827124544,0.09540017287545588,True
2017-10-26,No-arbitrage enforced,-0.6582998408546171,-3.5360000000000014,-3.535999999999999,2.220446049250313e-15,True
2017-10-27,No-arbitrage enforced,-0.6384685552564925,-3.569999999999999,-3.4897342705838184,0.0802657294161806,True
2017-10-30,No-arbitrage enforced,-0.584284720277033,-3.253999999999999,-3.253999999999999,0.0,True
2017-10-31,No-arbitrage enforced,-0.5657072971918954,-3.181,-3.1809999999999987,1.3322676295501878e-15,True
2017-11-01,No-arbitrage enforced,-0.5035960265332171,-2.905000000000001,-2.905,1.3322676295501878e-15,True
2017-11-02,No-arbitrage enforced,-0.5009105380465828,-2.897,-2.8969999999999994,4.440892098500626e-16,True
2017-11-03,No-arbitrage enforced,-0.5278632463357779,-3.0340000000000003,-3.0340000000000003,0.0,True
2017-11-06,No-arbitrage enforced,-0.532978962294251,-3.052000000000001,-3.0520000000000005,4.440892098500626e-16,True
2017-11-07,No-arbitrage enforced,-0.5046852922116255,-2.9150000000000005,-2.9150000000000005,0.0,True
2017-11-08,No-arbitrage enforced,-0.5568033788245207,-3.15,-3.1500000000000004,-4.440892098500626e-16,True
2017-11-09,No-arbitrage enforced,-0.5024226162013491,-2.8949999999999987,-2.8949999999999987,0.0,True
2017-11-10,No-arbitrage enforced,-0.5411460615614277,-3.056,-3.055999999999999,8.881784197001252e-16,True
2017-11-13,No-arbitrage enforced,-0.523433330559574,-2.975,-2.974999999999999,8.881784197001252e-16,True
2017-11-14,No-arbitrage enforced,-0.5327896083926802,-3.0150000000000006,-3.0149999999999997,8.881784197001252e-16,True
2017-11-15,No-arbitrage enforced,-0.6629369061166414,-3.521000000000001,-3.5210000000000004,4.440892098500626e-16,True
2017-11-16,No-arbitrage enforced,-0.6422233654403032,-3.6300000000000012,-3.4653306958664096,0.1646693041335916,True
2017-11-17,No-arbitrage enforced,-0.6349599233820161,-3.719,-3.4429111208006185,0.2760888791993814,True
2017-11-20,No-arbitrage enforced,-0.6381777489475325,-3.583000000000001,-3.470585910823844,0.11241408917615692,True
2017-11-21,No-arbitrage enforced,-0.6051052710158493,-3.3560000000000003,-3.3560000000000008,-4.440892098500626e-16,True
2017-11-22,No-arbitrage enforced,-0.5809957851716548,-3.252000000000001,-3.2520000000000002,8.881784197001252e-16,True
2017-11-24,No-arbitrage enforced,-0.5444696554204165,-3.097999999999999,-3.0979999999999994,-4.440892098500626e-16,True
2017-11-27,No-arbitrage enforced,-0.5273146572773958,-3.0180000000000007,-3.0180000000000002,4.440892098500626e-16,True
2017-11-28,No-arbitrage enforced,-0.39977321960098766,-2.408,-2.4079999999999995,4.440892098500626e-16,True
2017-11-29,No-arbitrage enforced,-0.44606793781301013,-2.628,-2.627999999999999,1.3322676295501878e-15,True
2017-11-30,No-arbitrage enforced,-0.5037886990546323,-2.8900000000000006,-2.8900000000000006,0.0,True
2017-12-01,No-arbitrage enforced,-0.5026916728130827,-2.8830000000000013,-2.8830000000000005,8.881784197001252e-16,True
2017-12-04,No-arbitrage enforced,-0.57957099232775,-3.2139999999999986,-3.213999999999999,-4.440892098500626e-16,True
2017-12-05,No-arbitrage enforced,-0.5765460095925463,-3.2069999999999994,-3.206999999999999,4.440892098500626e-16,True
2017-12-06,No-arbitrage enforced,-0.5498325987262996,-3.097999999999999,-3.0979999999999994,-4.440892098500626e-16,True
2017-12-07,No-arbitrage enforced,-0.5433186870766276,-3.0840000000000005,-3.084,4.440892098500626e-16,True
2017-12-08,No-arbitrage enforced,-0.5800384474971865,-3.253999999999999,-3.254,-8.881784197001252e-16,True
2017-12-11,No-arbitrage enforced,-0.6132224865502776,-3.397999999999999,-3.397999999999996,2.6645352591003757e-15,True
2017-12-12,No-arbitrage enforced,-0.5930624307270124,-3.302000000000001,-3.302000000000001,0.0,True
2017-12-13,No-arbitrage enforced,-0.635831603353602,-3.471000000000001,-3.471,8.881784197001252e-16,True
2017-12-14,No-arbitrage enforced,-0.6204356423363564,-3.403,-3.402999999999996,3.9968028886505635e-15,True
2017-12-15,No-arbitrage enforced,-0.6278153651598161,-3.572999999999999,-3.455638768413642,0.11736123158635703,True
2017-12-18,No-arbitrage enforced,-0.5840321826078633,-3.272,-3.2719999999999976,2.220446049250313e-15,True
2017-12-19,No-arbitrage enforced,-0.5393980309281651,-3.069,-3.068999999999998,1.7763568394002505e-15,True
2017-12-20,No-arbitrage enforced,-0.5951899342407226,-3.3150000000000004,-3.3150000000000004,0.0,True
2017-12-21,No-arbitrage enforced,-0.5823502847089729,-3.2629999999999995,-3.262999999999998,1.3322676295501878e-15,True
2017-12-22,No-arbitrage enforced,-0.6046244613951769,-3.4400000000000004,-3.350449617428401,0.08955038257159931,True
2017-12-26,No-arbitrage enforced,-0.6346656542181744,-3.5599999999999996,-3.464890263741756,0.0951097362582436,True
2017-12-27,No-arbitrage enforced,-0.6688448294050929,-3.843000000000001,-3.593296039586881,0.24970396041311993,True
2017-12-28,No-arbitrage enforced,-0.6570605093076135,-3.781999999999999,-3.5543145980718642,0.2276854019281349,True
2017-12-29,No-arbitrage enforced,-0.6869454176269346,-3.705000000000001,-3.6492712295582197,0.05572877044178126,True
2018-01-02,No-arbitrage enforced,-0.6364269013906653,-3.5370000000000004,-3.4822758982306516,0.05472410176934872,True
2018-01-03,No-arbitrage enforced,-0.5989259383877,-3.343000000000001,-3.3429999999999995,1.3322676295501878e-15,True
2018-01-04,No-arbitrage enforced,-0.5483661523033087,-3.124000000000001,-3.1240000000000014,-4.440892098500626e-16,True
2018-01-05,No-arbitrage enforced,-0.4573586124080586,-2.7030000000000003,-2.7029999999999994,8.881784197001252e-16,True
2018-01-08,No-arbitrage enforced,-0.47867545919775717,-2.8,-2.799999999999999,8.881784197001252e-16,True
2018-01-09,No-arbitrage enforced,-0.4462947167585535,-2.6370000000000005,-2.637,4.440892098500626e-16,True
2018-01-10,No-arbitrage enforced,-0.5037788043394097,-2.9120000000000004,-2.9120000000000004,0.0,True
2018-01-11,No-arbitrage enforced,-0.44017918319632415,-2.6099999999999994,-2.6099999999999994,0.0,True
2018-01-12,No-arbitrage enforced,-0.4174916941132887,-2.495,-2.495,0.0,True
2018-01-16,No-arbitrage enforced,-0.4993858190969387,-2.8650000000000007,-2.865,4.440892098500626e-16,True
2018-01-17,No-arbitrage enforced,-0.6834506263626406,-3.6189999999999998,-3.6189999999999993,4.440892098500626e-16,True
2018-01-18,No-arbitrage enforced,-0.564148106155139,-3.1409999999999996,-3.141000000000001,-1.3322676295501878e-15,True
2018-01-19,No-arbitrage enforced,-0.5813163677477078,-3.228,-3.2279999999999998,4.440892098500626e-16,True
2018-01-22,No-arbitrage enforced,-0.4658425596388794,-2.718000000000001,-2.718000000000001,0.0,True
2018-01-23,No-arbitrage enforced,-0.37944494794427064,-2.2950000000000004,-2.2950000000000004,0.0,True
2018-01-24,No-arbitrage enforced,-0.3265940660323567,-2.0200000000000005,-2.02,4.440892098500626e-16,True
2018-01-25,No-arbitrage enforced,-0.3589424022057134,-2.1870000000000003,-2.1870000000000007,-4.440892098500626e-16,True
2018-01-26,No-arbitrage enforced,-0.2848018560437904,-1.7989999999999995,-1.7989999999999993,2.220446049250313e-16,True
2018-01-29,No-arbitrage enforced,-0.30145872190830814,-1.8799999999999997,-1.88,-2.220446049250313e-16,True
2018-01-30,No-arbitrage enforced,-0.382100450183823,-2.2849999999999993,-2.2849999999999993,0.0,True
2018-01-31,No-arbitrage enforced,-0.34846663871353983,-2.123,-2.123000000000001,-8.881784197001252e-16,True
2018-02-01,No-arbitrage enforced,-0.33585133251019933,-2.059,-2.059,0.0,True
2018-02-02,No-arbitrage enforced,-0.4617288577989578,-2.6450000000000005,-2.645,4.440892098500626e-16,True
2018-02-05,No-arbitrage enforced,-0.2755727734810329,-1.7329999999999999,-1.7329999999999999,0.0,True
2018-02-06,No-arbitrage enforced,-0.5729272658418777,-2.961000000000001,-2.9610000000000007,4.440892098500626e-16,True
2018-02-07,No-arbitrage enforced,-0.8059872636307626,-3.6900000000000004,-3.6900000000000004,0.0,True
2018-02-08,No-arbitrage enforced,-0.6390117699096284,-3.0919999999999987,-3.092,-1.3322676295501878e-15,True
2018-02-09,No-arbitrage enforced,-0.537141010635234,-2.850999999999999,-2.8509999999999978,1.3322676295501878e-15,True
2018-02-12,No-arbitrage enforced,-0.9512158946528421,-4.802000000000001,-4.078958429505961,0.7230415704940407,True
2018-02-13,No-arbitrage enforced,-0.9333637674901821,-4.3069999999999995,-4.065674711381567,0.24132528861843205,True
2018-02-14,No-arbitrage enforced,-0.49631070560886026,-2.7840000000000003,-2.7840000000000003,0.0,True
2018-02-15,No-arbitrage enforced,-0.5901178730110367,-3.166999999999999,-3.1669999999999985,4.440892098500626e-16,True
2018-02-16,No-arbitrage enforced,-0.7678701925742849,-3.780000000000001,-3.7800000000000025,-1.3322676295501878e-15,True
2018-02-20,No-arbitrage enforced,-0.5931029434016377,-3.1629999999999994,-3.1629999999999994,0.0,True
2018-02-21,No-arbitrage enforced,-0.5506526387947553,-3.003,-3.0030000000000006,-4.440892098500626e-16,True
2018-02-22,No-arbitrage enforced,-0.6596760045525829,-3.431,-3.4310000000000005,-4.440892098500626e-16,True
2018-02-23,No-arbitrage enforced,-0.7833684599284383,-3.919999999999999,-3.879852385215227,0.040147614784772134,True
2018-02-26,No-arbitrage enforced,-0.5825416544470735,-3.1719999999999997,-3.1719999999999993,4.440892098500626e-16,True
2018-02-27,No-arbitrage enforced,-0.6042166895688476,-3.227000000000001,-3.227000000000001,0.0,True
2018-02-28,No-arbitrage enforced,-0.8089202384082621,-3.8949999999999987,-3.8949999999999982,4.440892098500626e-16,True
2018-03-01,No-arbitrage enforced,-0.7450375732742774,-3.653999999999999,-3.6540000000000004,-1.3322676295501878e-15,True
2018-03-02,No-arbitrage enforced,-0.4884057256446159,-2.748,-2.7479999999999998,4.440892098500626e-16,True
2018-03-05,No-arbitrage enforced,-0.5500672919434748,-3.0120000000000005,-3.0120000000000005,0.0,True
2018-03-06,No-arbitrage enforced,-0.5082044793001317,-2.8409999999999997,-2.8409999999999997,0.0,True
2018-03-07,No-arbitrage enforced,-0.5015686961896728,-2.816999999999999,-2.8169999999999984,4.440892098500626e-16,True
2018-03-08,No-arbitrage enforced,-0.5333223678815022,-2.9620000000000006,-2.9619999999999997,8.881784197001252e-16,True
2018-03-09,No-arbitrage enforced,-0.48731443416427844,-2.779000000000001,-2.779000000000001,0.0,True
2018-03-12,No-arbitrage enforced,-0.788083456531773,-4.197999999999999,-3.9070446345255654,0.29095536547443324,True
2018-03-13,No-arbitrage enforced,-0.7902370460191356,-4.043000000000001,-3.9037066503429,0.13929334965710094,True
2018-03-14,No-arbitrage enforced,-0.8229229819867491,-4.1659999999999995,-3.9864187079822986,0.1795812920177009,True
2018-03-15,No-arbitrage enforced,-0.8007995290775113,-4.655000000000001,-3.931948155252925,0.7230518447470762,True
2018-03-16,No-arbitrage enforced,-0.7824539235971656,-4.734999999999999,-3.8889981981695443,0.8460018018304551,True
2018-03-19,No-arbitrage enforced,-0.8913970442837734,-4.396000000000001,-4.138069004162273,0.25793099583772783,True
2018-03-20,No-arbitrage enforced,-0.8174472940732888,-3.952000000000001,-3.9520000000000013,-4.440892098500626e-16,True
2018-03-21,No-arbitrage enforced,-0.6396878134826935,-3.3689999999999998,-3.3689999999999998,0.0,True
2018-03-22,No-arbitrage enforced,-0.5987169820873111,-3.152000000000001,-3.152000000000001,0.0,True
2018-03-23,No-arbitrage enforced,-0.584101355635888,-3.0789999999999993,-3.0789999999999984,8.881784197001252e-16,True
2018-03-26,No-arbitrage enforced,-0.5262805986857039,-2.896000000000001,-2.896000000000002,-1.3322676295501878e-15,True
2018-03-27,No-arbitrage enforced,-0.5216122319598127,-2.8650000000000007,-2.865,4.440892098500626e-16,True
2018-03-28,No-arbitrage enforced,-0.5144468709804241,-2.833000000000001,-2.8330000000000006,4.440892098500626e-16,True
2018-03-29,No-arbitrage enforced,-0.3129577266459015,-1.9340000000000004,-1.9340000000000004,0.0,True
2018-04-02,No-arbitrage enforced,-0.3199513199518352,-1.9680000000000006,-1.9680000000000009,-2.220446049250313e-16,True
2018-04-03,No-arbitrage enforced,-0.29353567119128116,-1.8379999999999996,-1.838,-4.440892098500626e-16,True
2018-04-04,No-arbitrage enforced,-0.3107372888220254,-1.9230000000000005,-1.9229999999999998,6.661338147750939e-16,True
2018-04-05,No-arbitrage enforced,-0.35711185574480253,-2.1510000000000007,-2.1510000000000007,0.0,True
2018-04-06,No-arbitrage enforced,-0.37665463463549964,-2.239,-2.239000000000001,-1.3322676295501878e-15,True
2018-04-09,No-arbitrage enforced,-0.3244143216967596,-1.9900000000000007,-1.990000000000001,-4.440892098500626e-16,True
2018-04-10,No-arbitrage enforced,-0.3521908329972927,-2.125,-2.1249999999999996,4.440892098500626e-16,True
2018-04-11,No-arbitrage enforced,-0.3735312641410528,-2.2269999999999994,-2.2269999999999994,0.0,True
2018-04-12,No-arbitrage enforced,-0.37312713036582956,-2.2290000000000005,-2.229000000000001,-4.440892098500626e-16,True
2018-04-13,No-arbitrage enforced,-0.4518613934920609,-2.6,-2.5999999999999996,4.440892098500626e-16,True
2018-04-16,No-arbitrage enforced,-0.5783570086153865,-3.147,-3.146999999999999,8.881784197001252e-16,True
2018-04-17,No-arbitrage enforced,-0.5530133165701928,-3.0569999999999995,-3.0569999999999995,0.0,True
2018-04-18,No-arbitrage enforced,-0.7770986984227141,-4.6259999999999994,-3.875515886732172,0.7504841132678273,True
2018-04-19,No-arbitrage enforced,-0.7617255011077646,-3.819999999999999,-3.8199999999999967,2.220446049250313e-15,True
2018-04-20,No-arbitrage enforced,-0.6200964119247868,-3.3069999999999995,-3.3070000000000004,-8.881784197001252e-16,True
2018-04-23,No-arbitrage enforced,-0.461045127831349,-2.6480000000000006,-2.648000000000001,-4.440892098500626e-16,True
2018-04-24,No-arbitrage enforced,-0.4637909706853975,-2.65,-2.65,0.0,True
2018-04-25,No-arbitrage enforced,-0.4150339911307343,-2.4290000000000007,-2.429000000000001,-4.440892098500626e-16,True
2018-04-26,No-arbitrage enforced,-0.4742430697094175,-2.7079999999999997,-2.7079999999999993,4.440892098500626e-16,True
2018-04-27,No-arbitrage enforced,-0.5026071815176906,-2.8400000000000007,-2.840000000000001,-4.440892098500626e-16,True
2018-04-30,No-arbitrage enforced,-0.5595397603838265,-3.077000000000001,-3.0770000000000017,-8.881784197001252e-16,True
2018-05-01,No-arbitrage enforced,-0.498431711603997,-2.8210000000000006,-2.8209999999999997,8.881784197001252e-16,True
2018-05-02,No-arbitrage enforced,-0.37428451890355063,-2.242,-2.2420000000000004,-4.440892098500626e-16,True
2018-05-03,No-arbitrage enforced,-0.4672512903243634,-2.6790000000000007,-2.679000000000001,-4.440892098500626e-16,True
2018-05-04,No-arbitrage enforced,-0.47820400133529095,-2.7370000000000005,-2.737000000000001,-4.440892098500626e-16,True
2018-05-07,No-arbitrage enforced,-0.3859503428842771,-2.3040000000000007,-2.3040000000000003,4.440892098500626e-16,True
2018-05-08,No-arbitrage enforced,-0.4288558604106626,-2.5099999999999993,-2.51,-4.440892098500626e-16,True
2018-05-09,No-arbitrage enforced,-0.44703270624570524,-2.6049999999999995,-2.6049999999999986,8.881784197001252e-16,True
2018-05-10,No-arbitrage enforced,-0.5193414863723215,-2.9349999999999996,-2.9350000000000005,-8.881784197001252e-16,True
2018-05-11,No-arbitrage enforced,-0.569885610555889,-3.1590000000000003,-3.1590000000000007,-4.440892098500626e-16,True
2018-05-14,No-arbitrage enforced,-0.6297315827225826,-3.397,-3.3969999999999994,4.440892098500626e-16,True
2018-05-15,No-arbitrage enforced,-0.7124462418150124,-3.6759999999999993,-3.6759999999999984,8.881784197001252e-16,True
2018-05-16,No-arbitrage enforced,-0.644107835777856,-3.444999999999999,-3.444999999999999,0.0,True
2018-05-17,No-arbitrage enforced,-0.6528123501712982,-3.478,-3.4779999999999993,8.881784197001252e-16,True
2018-05-18,No-arbitrage enforced,-0.6150810730321788,-3.3319999999999994,-3.3319999999999994,0.0,True
2018-05-21,No-arbitrage enforced,-0.6316117184432667,-3.402000000000001,-3.401999999999998,3.1086244689504383e-15,True
2018-05-22,No-arbitrage enforced,-0.64747522015335,-3.461000000000001,-3.461000000000001,0.0,True
2018-05-23,No-arbitrage enforced,-0.6711325836012736,-3.5610000000000013,-3.5610000000000013,0.0,True
2018-05-24,No-arbitrage enforced,-0.6847094783122659,-3.924000000000001,-3.6121841059970574,0.3118158940029434,True
2018-05-25,No-arbitrage enforced,-0.7116713305218901,-4.078,-3.6970734630990525,0.3809265369009478,True
2018-05-29,No-arbitrage enforced,-0.8222735212132651,-4.184,-3.9884574137248077,0.1955425862751925,True
2018-05-30,No-arbitrage enforced,-0.7503322689645368,-4.3889999999999985,-3.799843262938158,0.5891567370618405,True
2018-05-31,No-arbitrage enforced,-0.7672706048900929,-4.007,-3.846935108285465,0.16006489171453486,True
2018-06-01,No-arbitrage enforced,-0.6463620250852266,-3.4530000000000003,-3.4530000000000007,-4.440892098500626e-16,True
2018-06-04,No-arbitrage enforced,-0.5971272006375979,-3.2699999999999987,-3.2699999999999996,-8.881784197001252e-16,True
2018-06-05,No-arbitrage enforced,-0.5929288966033311,-3.2580000000000013,-3.2579999999999996,1.7763568394002505e-15,True
2018-06-06,No-arbitrage enforced,-0.69234479438735,-3.656999999999999,-3.656999999999997,2.220446049250313e-15,True
2018-06-07,No-arbitrage enforced,-0.6231458325509459,-3.3840000000000003,-3.3840000000000003,0.0,True
2018-06-08,No-arbitrage enforced,-0.6051166904615534,-3.3110000000000013,-3.3110000000000013,0.0,True
2018-06-11,No-arbitrage enforced,-0.7352174472440013,-3.8930000000000007,-3.795667509342467,0.09733249065753347,True
2018-06-12,No-arbitrage enforced,-0.7244334477379625,-4.281999999999999,-3.7583323054617894,0.5236676945382097,True
2018-06-13,No-arbitrage enforced,-0.7379621477127848,-4.174000000000001,-3.7937342246897034,0.3802657753102978,True
2018-06-14,No-arbitrage enforced,-0.7139482487451644,-4.238999999999999,-3.72560111233178,0.513398887668219,True
2018-06-15,No-arbitrage enforced,-0.6971699934098828,-4.091999999999999,-3.667977740245762,0.4240222597542367,True
2018-06-18,No-arbitrage enforced,-0.7168836642240802,-4.091999999999999,-3.7323278955534263,0.3596721044465725,True
2018-06-19,No-arbitrage enforced,-0.744413194572307,-3.9349999999999996,-3.8080678883147976,0.12693211168520202,True
2018-06-20,No-arbitrage enforced,-0.7272729012073135,-4.081999999999999,-3.759644084954765,0.32235591504523375,True
2018-06-21,No-arbitrage enforced,-0.7756058374222939,-3.9939999999999998,-3.887684721307818,0.10631527869218171,True
2018-06-22,No-arbitrage enforced,-0.7272729012073135,-4.053999999999999,-3.741902109773657,0.3120978902263425,True
2018-06-25,No-arbitrage enforced,-0.6643697823191678,-3.4659999999999997,-3.465999999999999,8.881784197001252e-16,True
2018-06-26,No-arbitrage enforced,-0.6663218665361342,-3.4919999999999987,-3.4919999999999987,0.0,True
2018-06-27,No-arbitrage enforced,-0.5775401540374069,-3.1300000000000012,-3.130000000000002,-8.881784197001252e-16,True
2018-06-28,No-arbitrage enforced,-0.71016203799979,-3.6340000000000003,-3.6339999999999986,1.7763568394002505e-15,True
2018-06-29,No-arbitrage enforced,-0.7824539235971656,-4.172,-3.8839377997031734,0.2880622002968263,True
2018-07-02,No-arbitrage enforced,-0.772976788248298,-4.088999999999999,-3.862356630845504,0.22664336915449468,True
2018-07-03,No-arbitrage enforced,-0.6575921863692167,-3.4569999999999994,-3.4569999999999994,0.0,True
2018-07-05,No-arbitrage enforced,-0.7676541497150363,-3.9860000000000015,-3.856148353218633,0.1298516467813684,True
2018-07-06,No-arbitrage enforced,-0.7123561508038657,-4.102000000000001,-3.696846709858992,0.4051532901410093,True
2018-07-09,No-arbitrage enforced,-0.6959704209825822,-3.896000000000001,-3.650377894763143,0.2456221052368579,True
2018-07-10,No-arbitrage enforced,-0.6928295326057899,-3.9259999999999993,-3.6398852241951967,0.2861147758048026,True
2018-07-11,No-arbitrage enforced,-0.7102771037195098,-3.6849999999999996,-3.6849999999999996,0.0,True
2018-07-12,No-arbitrage enforced,-0.6913690242210214,-3.822,-3.6356532526254193,0.1863467473745808,True
2018-07-13,No-arbitrage enforced,-0.6781567986478987,-4.247999999999999,-3.5943298696269865,0.6536701303730128,True
2018-07-16,No-arbitrage enforced,-0.7125840908109394,-4.816,-3.7073318260583323,1.1086681739416675,True
2018-07-17,No-arbitrage enforced,-0.6903914875180507,-4.958000000000001,-3.6417074617547898,1.3162925382452113,True
2018-07-18,No-arbitrage enforced,-0.6771360968001504,-5.425,-3.592007783775291,1.8329922162247088,True
2018-07-19,No-arbitrage enforced,-0.7045053034736307,-5.097999999999999,-3.6778450857822134,1.4201549142177856,True
2018-07-20,No-arbitrage enforced,-0.7012140738881151,-5.272,-3.666227179601438,1.6057728203985624,True
2018-07-23,No-arbitrage enforced,-0.7089169147636799,-5.378,-3.6981700593112725,1.6798299406887276,True
2018-07-24,No-arbitrage enforced,-0.7045053034736307,-4.593999999999999,-3.6863029184554725,0.9076970815445269,True
2018-07-25,No-arbitrage enforced,-0.7072988546991087,-4.509,-3.6985887887769326,0.8104112112230677,True
2018-07-26,No-arbitrage enforced,-0.7026288793068126,-4.218000000000001,-3.6846695399003146,0.5333304600996862,True
2018-07-27,No-arbitrage enforced,-0.7146281012060279,-4.456999999999999,-3.7109177790853023,0.7460822209146967,True
2018-07-30,No-arbitrage enforced,-0.7565410152123194,-4.156999999999999,-3.8322306387800276,0.3247693612199716,True
2018-07-31,No-arbitrage enforced,-0.7157579147565155,-4.449000000000001,-3.718553310698458,0.7304466893015427,True
2018-08-01,No-arbitrage enforced,-0.7300870254093398,-4.277000000000001,-3.762717915401446,0.514282084598555,True
2018-08-02,No-arbitrage enforced,-0.6891651808206455,-4.383000000000001,-3.634767906705983,0.7482320932940181,True
2018-08-03,No-arbitrage enforced,-0.6654106958898421,-4.619,-3.5565783527706425,1.0624216472293573,True
2018-08-06,No-arbitrage enforced,-0.6696318229098893,-4.200999999999999,-3.579730536545245,0.6212694634547535,True
2018-08-07,No-arbitrage enforced,-0.6532121609210443,-3.8939999999999997,-3.523703012526708,0.37029698747329176,True
2018-08-08,No-arbitrage enforced,-0.6456478006584839,-3.9840000000000004,-3.49590325263403,0.48809674736597053,True
2018-08-09,No-arbitrage enforced,-0.6622057335551822,-3.8610000000000015,-3.5515208498967135,0.3094791501032881,True
2018-08-10,No-arbitrage enforced,-0.7468757628597867,-4.919999999999999,-3.8199462527392547,1.1000537472607443,True
2018-08-13,No-arbitrage enforced,-0.7898790895330293,-5.9030000000000005,-3.930625313043569,1.9723746869564316,True
2018-08-14,No-arbitrage enforced,-0.7371201482537509,-5.241,-3.7839711789931205,1.4570288210068791,True
2018-08-15,No-arbitrage enforced,-0.7839159615015768,-4.840000000000001,-3.914283235851979,0.9257167641480217,True
2018-08-16,No-arbitrage enforced,-0.7433814942508091,-4.844999999999999,-3.802731730082473,1.042268269917526,True
2018-08-17,No-arbitrage enforced,-0.7141750305397673,-4.600999999999999,-3.7164799244276936,0.8845200755723055,True
2018-08-20,No-arbitrage enforced,-0.7107558927544558,-4.5550000000000015,-3.707149422550102,0.8478505774498997,True
2018-08-21,No-arbitrage enforced,-0.7137213022904357,-4.469999999999999,-3.7108077684516845,0.7591922315483144,True
2018-08-22,No-arbitrage enforced,-0.6954892840950039,-4.375,-3.6567301560892926,0.7182698439107074,True
2018-08-23,No-arbitrage enforced,-0.6962107085156807,-4.7379999999999995,-3.656367767153939,1.0816322328460606,True
2018-08-24,No-arbitrage enforced,-0.6806937132274152,-4.8199999999999985,-3.6072756706316156,1.212724329368383,True
2018-08-27,No-arbitrage enforced,-0.6822058095535054,-4.484999999999999,-3.6097053446013647,0.8752946553986347,True
2018-08-28,No-arbitrage enforced,-0.6814506963622636,-4.087999999999999,-3.6007210508529615,0.48727894914703773,True
2018-08-29,No-arbitrage enforced,-0.6704167792237926,-4.075999999999999,-3.5641768046315367,0.511823195368462,True
2018-08-30,No-arbitrage enforced,-0.7123561508038657,-4.1819999999999995,-3.6940563846250454,0.4879436153749541,True
2018-08-31,No-arbitrage enforced,-0.7012140738881151,-4.691,-3.666227179601438,1.024772820398562,True
2018-09-04,No-arbitrage enforced,-0.7231142467418955,-4.218000000000001,-3.7383276707923914,0.4796723292076095,True
2018-09-05,No-arbitrage enforced,-0.7377518569222173,-4.2219999999999995,-3.7753552631628455,0.446644736837154,True
2018-09-06,No-arbitrage enforced,-0.7543516142585985,-4.056,-3.81814027767292,0.2378597223270802,True
2018-09-07,No-arbitrage enforced,-0.7549502025818756,-4.587000000000001,-3.8161489092894842,0.7708510907105164,True
2018-09-10,No-arbitrage enforced,-0.7360645004519414,-4.4879999999999995,-3.765255013504904,0.7227449864950954,True
2018-09-11,No-arbitrage enforced,-0.7009776437838428,-4.787999999999999,-3.6590143513776625,1.1289856486223369,True
2018-09-12,No-arbitrage enforced,-0.6930722787159634,-4.875,-3.631934168892851,1.243065831107149,True
2018-09-13,No-arbitrage enforced,-0.6771360968001504,-5.063999999999998,-3.5870834103250933,1.476916589674905,True
2018-09-14,No-arbitrage enforced,-0.6745692812007155,-5.159000000000001,-3.5829918198896995,1.5760081801103012,True
2018-09-17,No-arbitrage enforced,-0.7551494847336976,-5.094999999999999,-3.838074529745338,1.2569254702546608,True
2018-09-18,No-arbitrage enforced,-0.7180053818739681,-5.1370000000000005,-3.727212921935242,1.4097870780647583,True
2018-09-19,No-arbitrage enforced,-0.7114427227727497,-4.519,-3.724000056461018,0.7949999435389823,True
2018-09-20,No-arbitrage enforced,-0.7019222837541584,-4.484,-3.6887341869369643,0.7952658130630357,True
2018-09-21,No-arbitrage enforced,-0.6921001443664213,-4.155000000000001,-3.6553128033127567,0.4996871966872445,True
2018-09-24,No-arbitrage enforced,-0.7155322782124843,-3.8840000000000003,-3.7296693924394764,0.15433060756052397,True
2018-09-25,No-arbitrage enforced,-0.7184529471778972,-3.7680000000000007,-3.735759441883976,0.032240558116024776,True
2018-09-26,No-arbitrage enforced,-0.7388019225026695,-4.097999999999999,-3.7975579272611597,0.30044207273883927,True
2018-09-27,No-arbitrage enforced,-0.7257471443861004,-4.209999999999999,-3.7615722257721353,0.44842777422786373,True
2018-09-28,No-arbitrage enforced,-0.7049726426829016,-4.4430000000000005,-3.6934958444681185,0.749504155531882,True
2018-10-01,No-arbitrage enforced,-0.7054392798615928,-4.152000000000001,-3.6975008840159815,0.4544991159840195,True
2018-10-02,No-arbitrage enforced,-0.7040372598916028,-3.797999999999999,-3.6914808092077984,0.10651919079220074,True
2018-10-03,No-arbitrage enforced,-0.6856681713695498,-3.6330000000000013,-3.6330000000000013,0.0,True
2018-10-04,No-arbitrage enforced,-0.7096832162716378,-3.672999999999999,-3.673,-8.881784197001252e-16,True
2018-10-05,No-arbitrage enforced,-0.5450157237903677,-3.028,-3.0279999999999996,4.440892098500626e-16,True
2018-10-08,No-arbitrage enforced,-0.5319495742848003,-2.9639999999999986,-2.963999999999999,-4.440892098500626e-16,True
2018-10-09,No-arbitrage enforced,-0.5170535871882755,-2.897999999999999,-2.8979999999999997,-8.881784197001252e-16,True
2018-10-10,No-arbitrage enforced,-0.4979374356572413,-2.7650000000000006,-2.765,4.440892098500626e-16,True
2018-10-11,No-arbitrage enforced,-0.5861651743980539,-3.0849999999999995,-3.0849999999999986,8.881784197001252e-16,True
2018-10-12,No-arbitrage enforced,-0.4452984272785927,-2.5510000000000006,-2.551000000000001,-4.440892098500626e-16,True
2018-10-15,No-arbitrage enforced,-0.5111779532888816,-2.8319999999999994,-2.8319999999999994,0.0,True
2018-10-16,No-arbitrage enforced,-0.5983996924961182,-3.2150000000000007,-3.2150000000000016,-8.881784197001252e-16,True
2018-10-17,No-arbitrage enforced,-0.5601304244878059,-3.0650000000000004,-3.065,4.440892098500626e-16,True
2018-10-18,No-arbitrage enforced,-0.4541020555722433,-2.595999999999999,-2.595999999999999,0.0,True
2018-10-19,No-arbitrage enforced,-0.4310743360324694,-2.4939999999999998,-2.4939999999999993,4.440892098500626e-16,True
2018-10-22,No-arbitrage enforced,-0.4473168139899293,-2.5680000000000005,-2.568000000000001,-4.440892098500626e-16,True
2018-10-23,No-arbitrage enforced,-0.4681664587271681,-2.654000000000001,-2.6540000000000012,-4.440892098500626e-16,True
2018-10-24,No-arbitrage enforced,-0.5348694678203005,-2.8909999999999996,-2.890999999999999,4.440892098500626e-16,True
2018-10-25,No-arbitrage enforced,-0.44299897528765764,-2.5260000000000007,-2.5260000000000002,4.440892098500626e-16,True
2018-10-26,No-arbitrage enforced,-0.36300322924262757,-2.1700000000000004,-2.17,4.440892098500626e-16,True
2018-10-29,No-arbitrage enforced,-0.34446264574489255,-2.0829999999999997,-2.0829999999999997,0.0,True
2018-10-30,No-arbitrage enforced,-0.28766331536461776,-1.811,-1.8109999999999997,2.220446049250313e-16,True
2018-10-31,No-arbitrage enforced,-0.2787182595719343,-1.764,-1.764,0.0,True
2018-11-01,No-arbitrage enforced,-0.29180980693473396,-1.828,-1.828,0.0,True
2018-11-02,No-arbitrage enforced,-0.24201089540187426,-1.5730000000000004,-1.5729999999999997,6.661338147750939e-16,True
2018-11-05,No-arbitrage enforced,-0.30390461210877723,-1.889,-1.8889999999999996,4.440892098500626e-16,True
2018-11-06,No-arbitrage enforced,-0.3249109859914504,-1.9930000000000008,-1.9930000000000008,0.0,True
2018-11-07,No-arbitrage enforced,-0.3368484479049452,-2.056,-2.055999999999999,8.881784197001252e-16,True
2018-11-08,No-arbitrage enforced,-0.36309900721431726,-2.1849999999999996,-2.1849999999999987,8.881784197001252e-16,True
2018-11-09,No-arbitrage enforced,-0.3271569394911192,-2.0060000000000002,-2.006,4.440892098500626e-16,True
2018-11-12,No-arbitrage enforced,-0.3542714676282907,-2.1349999999999993,-2.135,-4.440892098500626e-16,True
2018-11-13,No-arbitrage enforced,-0.3690043704769712,-2.2060000000000004,-2.2060000000000013,-8.881784197001252e-16,True
2018-11-14,No-arbitrage enforced,-0.340500703066853,-2.0680000000000005,-2.0680000000000005,0.0,True
2018-11-15,No-arbitrage enforced,-0.3419168037527462,-2.0760000000000005,-2.076000000000001,-4.440892098500626e-16,True
2018-11-16,No-arbitrage enforced,-0.3004051398754668,-1.8709999999999993,-1.8709999999999998,-4.440892098500626e-16,True
2018-11-19,No-arbitrage enforced,-0.2428877740994259,-1.5790000000000006,-1.5790000000000002,4.440892098500626e-16,True
2018-11-20,No-arbitrage enforced,-0.31721988360891845,-1.9549999999999996,-1.9549999999999998,-2.220446049250313e-16,True
2018-11-21,No-arbitrage enforced,-0.3123356412116468,-1.9310000000000003,-1.9309999999999996,6.661338147750939e-16,True
2018-11-23,No-arbitrage enforced,-0.27009126268141925,-1.7209999999999994,-1.7209999999999992,2.220446049250313e-16,True
2018-11-26,No-arbitrage enforced,-0.27790643383003044,-1.7569999999999992,-1.7569999999999995,-2.220446049250313e-16,True
2018-11-27,No-arbitrage enforced,-0.2441532938940112,-1.5829999999999997,-1.582999999999999,6.661338147750939e-16,True
2018-11-28,No-arbitrage enforced,-0.24686627397733635,-1.5959999999999994,-1.5959999999999994,0.0,True
2018-11-29,No-arbitrage enforced,-0.23774965836251163,-1.5489999999999995,-1.5489999999999993,2.220446049250313e-16,True
2018-11-30,No-arbitrage enforced,-0.22331432931267975,-1.4709999999999994,-1.4709999999999994,0.0,True
2018-12-04,No-arbitrage enforced,-0.2812293916512594,-1.7760000000000005,-1.7760000000000011,-6.661338147750939e-16,True
2018-12-06,No-arbitrage enforced,-0.2597489208494752,-1.6680000000000006,-1.668000000000001,-4.440892098500626e-16,True
2018-12-07,No-arbitrage enforced,-0.2121981708023059,-1.4299999999999997,-1.4299999999999993,4.440892098500626e-16,True
2018-12-10,No-arbitrage enforced,-0.2783337012791211,-1.764,-1.764,0.0,True
2018-12-11,No-arbitrage enforced,-0.26189141970164154,-1.6799999999999997,-1.6800000000000004,-6.661338147750939e-16,True
2018-12-12,No-arbitrage enforced,-0.26161214905200475,-1.6780000000000002,-1.6780000000000002,0.0,True
2018-12-13,No-arbitrage enforced,-0.2668277642161911,-1.703,-1.703,0.0,True
2018-12-14,No-arbitrage enforced,-0.29788632280468635,-1.8599999999999994,-1.8599999999999994,0.0,True
2018-12-17,No-arbitrage enforced,-0.41340906136891165,-2.3959999999999995,-2.396,-4.440892098500626e-16,True
2018-12-18,No-arbitrage enforced,-0.42078958730056937,-2.4230000000000005,-2.423000000000002,-1.3322676295501878e-15,True
2018-12-19,No-arbitrage enforced,-0.4477881717016893,-2.5379999999999994,-2.5379999999999994,0.0,True
2018-12-20,No-arbitrage enforced,-0.4211103253860372,-2.406999999999999,-2.4069999999999996,-4.440892098500626e-16,True
2018-12-21,No-arbitrage enforced,-0.3787939966971602,-2.217,-2.2170000000000005,-4.440892098500626e-16,True
2018-12-24,No-arbitrage enforced,-0.29586157455646467,-1.8269999999999995,-1.8269999999999993,2.220446049250313e-16,True
2018-12-26,No-arbitrage enforced,-0.2527957395538817,-1.6469999999999998,-1.6469999999999996,2.220446049250313e-16,True
2018-12-27,No-arbitrage enforced,-0.2260646623525069,-1.5180000000000007,-1.5180000000000007,0.0,True
2018-12-28,No-arbitrage enforced,-0.26941574710212823,-1.7260000000000004,-1.726,4.440892098500626e-16,True
2018-12-31,No-arbitrage enforced,-0.2809448895614264,-1.7799999999999998,-1.7800000000000005,-6.661338147750939e-16,True
2019-01-02,No-arbitrage enforced,-0.2466344779135808,-1.6060000000000003,-1.6060000000000003,0.0,True
2019-01-03,No-arbitrage enforced,-0.1702832098653618,-1.222,-1.2220000000000002,-2.220446049250313e-16,True
2019-01-04,No-arbitrage enforced,-0.15944964109466234,-1.1439999999999997,-1.1439999999999997,0.0,True
2019-01-07,No-arbitrage enforced,-0.19934473564119315,-1.3560000000000003,-1.3560000000000005,-2.220446049250313e-16,True
2019-01-08,No-arbitrage enforced,-0.23324840187259338,-1.5299999999999998,-1.5299999999999996,2.220446049250313e-16,True
2019-01-09,No-arbitrage enforced,-0.26665694434596754,-1.7010000000000005,-1.7010000000000005,0.0,True
2019-01-10,No-arbitrage enforced,-0.28072404914709836,-1.7719999999999998,-1.7719999999999998,0.0,True
2019-01-11,No-arbitrage enforced,-0.3079322520469493,-1.9090000000000003,-1.9089999999999994,8.881784197001252e-16,True
2019-01-14,No-arbitrage enforced,-0.4360298199886505,-2.5200000000000005,-2.5200000000000014,-8.881784197001252e-16,True
2019-01-15,No-arbitrage enforced,-0.47293799079529375,-2.6870000000000003,-2.6870000000000007,-4.440892098500626e-16,True
2019-01-16,No-arbitrage enforced,-0.589620254136592,-3.1659999999999995,-3.165999999999999,4.440892098500626e-16,True
2019-01-17,No-arbitrage enforced,-0.6223911302221423,-3.302000000000001,-3.302000000000002,-8.881784197001252e-16,True
2019-01-18,No-arbitrage enforced,-0.5745023293870727,-3.1189999999999998,-3.1190000000000007,-8.881784197001252e-16,True
2019-01-22,No-arbitrage enforced,-0.38552787130637123,-2.281999999999999,-2.281999999999999,0.0,True
2019-01-23,No-arbitrage enforced,-0.4075549148590759,-2.3879999999999995,-2.3879999999999995,0.0,True
2019-01-24,No-arbitrage enforced,-0.570369235960843,-3.0919999999999987,-3.0919999999999987,0.0,True
2019-01-25,No-arbitrage enforced,-0.45431060022651004,-2.6109999999999998,-2.6110000000000007,-8.881784197001252e-16,True
2019-01-28,No-arbitrage enforced,-0.389544505312653,-2.306,-2.3059999999999996,4.440892098500626e-16,True
2019-01-29,No-arbitrage enforced,-0.36528514950940055,-2.1900000000000004,-2.1900000000000004,0.0,True
2019-01-30,No-arbitrage enforced,-0.3933871334643316,-2.3280000000000003,-2.3280000000000003,0.0,True
2019-01-31,No-arbitrage enforced,-0.46248310526703995,-2.653,-2.6530000000000005,-4.440892098500626e-16,True
2019-02-01,No-arbitrage enforced,-0.4508618706780235,-2.603,-2.603,0.0,True
2019-02-04,No-arbitrage enforced,-0.5032308127492583,-2.8400000000000007,-2.84,8.881784197001252e-16,True
2019-02-05,No-arbitrage enforced,-0.3945837686042498,-2.342,-2.342,0.0,True
2019-02-06,No-arbitrage enforced,-0.4006376878824259,-2.372,-2.372,0.0,True
2019-02-07,No-arbitrage enforced,-0.41703904188754065,-2.4450000000000003,-2.4450000000000007,-4.440892098500626e-16,True
2019-02-08,No-arbitrage enforced,-0.48775256772311076,-2.772,-2.7720000000000002,-4.440892098500626e-16,True
2019-02-11,No-arbitrage enforced,-0.521991622684349,-2.9189999999999996,-2.9189999999999987,8.881784197001252e-16,True
2019-02-12,No-arbitrage enforced,-0.5072242839805737,-2.8599999999999994,-2.8599999999999994,0.0,True
2019-02-13,No-arbitrage enforced,-0.47418227380176986,-2.7120000000000006,-2.7120000000000006,0.0,True
2019-02-14,No-arbitrage enforced,-0.46996935127059075,-2.689,-2.6889999999999996,4.440892098500626e-16,True
2019-02-15,No-arbitrage enforced,-0.528070106989947,-2.955000000000001,-2.9550000000000005,4.440892098500626e-16,True
2019-02-19,No-arbitrage enforced,-0.4201933001518454,-2.468000000000001,-2.4680000000000013,-4.440892098500626e-16,True
2019-02-20,No-arbitrage enforced,-0.3923382640690531,-2.339,-2.3389999999999995,4.440892098500626e-16,True
2019-02-21,No-arbitrage enforced,-0.3730469960023054,-2.242,-2.242,0.0,True
2019-02-22,No-arbitrage enforced,-0.345487233156036,-2.1079999999999997,-2.1079999999999988,8.881784197001252e-16,True
2019-02-25,No-arbitrage enforced,-0.48503528244640653,-2.7670000000000003,-2.7669999999999995,8.881784197001252e-16,True
2019-02-26,No-arbitrage enforced,-0.4386773652977119,-2.553,-2.553,0.0,True
2019-02-27,No-arbitrage enforced,-0.4576409980861849,-2.6439999999999997,-2.644,-4.440892098500626e-16,True
2019-02-28,No-arbitrage enforced,-0.5115969819714365,-2.8849999999999993,-2.8849999999999993,0.0,True
2019-03-01,No-arbitrage enforced,-0.4671345680825729,-2.697,-2.6969999999999996,4.440892098500626e-16,True
2019-03-04,No-arbitrage enforced,-0.42747306044368183,-2.5040000000000004,-2.5040000000000004,0.0,True
2019-03-05,No-arbitrage enforced,-0.4568362340478714,-2.6400000000000006,-2.640000000000001,-4.440892098500626e-16,True
2019-03-06,No-arbitrage enforced,-0.44529871495109064,-2.5799999999999996,-2.5799999999999987,8.881784197001252e-16,True
2019-03-07,No-arbitrage enforced,-0.3896423092679204,-2.314,-2.314,0.0,True
2019-03-08,No-arbitrage enforced,-0.4441963939804403,-2.5730000000000004,-2.5730000000000004,0.0,True
2019-03-11,No-arbitrage enforced,-0.6084076759976185,-3.2930000000000006,-3.2929999999999993,1.3322676295501878e-15,True
2019-03-12,No-arbitrage enforced,-0.5396984324420004,-3.0169999999999986,-3.0169999999999986,0.0,True
2019-03-13,No-arbitrage enforced,-0.5962923101799885,-3.2569999999999992,-3.2569999999999992,0.0,True
2019-03-14,No-arbitrage enforced,-0.5483315644522986,-3.0569999999999995,-3.0570000000000004,-8.881784197001252e-16,True
2019-03-15,No-arbitrage enforced,-0.5051045579283977,-2.875999999999999,-2.8759999999999986,4.440892098500626e-16,True
2019-03-18,No-arbitrage enforced,-0.46900513423853146,-2.7099999999999995,-2.71,-4.440892098500626e-16,True
2019-03-19,No-arbitrage enforced,-0.3864980610713662,-2.3129999999999997,-2.3129999999999997,0.0,True
2019-03-20,No-arbitrage enforced,-0.33616164815941457,-2.059,-2.059,0.0,True
2019-03-21,No-arbitrage enforced,-0.33753294981527227,-2.067,-2.0670000000000006,-4.440892098500626e-16,True
2019-03-22,No-arbitrage enforced,-0.2778617789562485,-1.7549999999999997,-1.7549999999999992,4.440892098500626e-16,True
2019-03-25,No-arbitrage enforced,-0.2788315410871387,-1.7599999999999993,-1.7600000000000005,-1.1102230246251565e-15,True
2019-03-26,No-arbitrage enforced,-0.28259016801043463,-1.7799999999999998,-1.7799999999999996,2.220446049250313e-16,True
2019-03-27,No-arbitrage enforced,-0.27996962919193075,-1.7659999999999996,-1.7659999999999993,2.220446049250313e-16,True
2019-03-28,No-arbitrage enforced,-0.3103438648866591,-1.925,-1.925,0.0,True
2019-03-29,No-arbitrage enforced,-0.3432846694127792,-2.095999999999999,-2.0959999999999996,-4.440892098500626e-16,True
2019-04-01,No-arbitrage enforced,-0.46246249706631054,-2.6769999999999996,-2.6769999999999996,0.0,True
2019-04-02,No-arbitrage enforced,-0.4741225079752443,-2.7310000000000003,-2.731,4.440892098500626e-16,True
2019-04-03,No-arbitrage enforced,-0.44567312307386725,-2.595999999999999,-2.595999999999999,0.0,True
2019-04-04,No-arbitrage enforced,-0.45117112334520143,-2.623,-2.6230000000000007,-4.440892098500626e-16,True
2019-04-05,No-arbitrage enforced,-0.5047278541415046,-2.875,-2.8749999999999996,4.440892098500626e-16,True
2019-04-08,No-arbitrage enforced,-0.5142104419049816,-2.9129999999999994,-2.9129999999999985,8.881784197001252e-16,True
2019-04-09,No-arbitrage enforced,-0.48370751434387865,-2.7659999999999996,-2.7659999999999987,8.881784197001252e-16,True
2019-04-10,No-arbitrage enforced,-0.4805695800581297,-2.761,-2.761,0.0,True
2019-04-11,No-arbitrage enforced,-0.4501293662918442,-2.623,-2.623,0.0,True
2019-04-12,No-arbitrage enforced,-0.40643575594185005,-2.4219999999999997,-2.4219999999999993,4.440892098500626e-16,True
2019-04-15,No-arbitrage enforced,-0.48007698417642514,-2.7689999999999997,-2.769,-4.440892098500626e-16,True
2019-04-16,No-arbitrage enforced,-0.43959801482435723,-2.5810000000000004,-2.581,4.440892098500626e-16,True
2019-04-17,No-arbitrage enforced,-0.4397914458710716,-2.5780000000000003,-2.5780000000000007,-4.440892098500626e-16,True
2019-04-18,No-arbitrage enforced,-0.3940043782240059,-2.3599999999999994,-2.3599999999999994,0.0,True
2019-04-22,No-arbitrage enforced,-0.40752544649168976,-2.4239999999999995,-2.4239999999999995,0.0,True
2019-04-23,No-arbitrage enforced,-0.41569836664264076,-2.4650000000000007,-2.4650000000000003,4.440892098500626e-16,True
2019-04-24,No-arbitrage enforced,-0.3998138960170104,-2.3810000000000002,-2.3810000000000002,0.0,True
2019-04-25,No-arbitrage enforced,-0.4075635017418823,-2.4180000000000006,-2.418000000000001,-4.440892098500626e-16,True
2019-04-26,No-arbitrage enforced,-0.4508404243407169,-2.6290000000000004,-2.629000000000001,-4.440892098500626e-16,True
2019-04-29,No-arbitrage enforced,-0.44094919307591934,-2.5790000000000006,-2.579000000000001,-4.440892098500626e-16,True
2019-04-30,No-arbitrage enforced,-0.455454599688515,-2.647,-2.6469999999999994,4.440892098500626e-16,True
2019-05-01,No-arbitrage enforced,-0.4336624630176888,-2.531999999999999,-2.531999999999999,0.0,True
2019-05-02,No-arbitrage enforced,-0.4177024885740547,-2.4590000000000005,-2.4590000000000005,0.0,True
2019-05-03,No-arbitrage enforced,-0.36741416828051177,-2.222,-2.2220000000000004,-4.440892098500626e-16,True
2019-05-06,No-arbitrage enforced,-0.39052355083283097,-2.3230000000000004,-2.323,4.440892098500626e-16,True
2019-05-07,No-arbitrage enforced,-0.2643304920876777,-1.6879999999999995,-1.688,-4.440892098500626e-16,True
2019-05-08,No-arbitrage enforced,-0.2821229406289577,-1.7790000000000006,-1.7790000000000006,0.0,True
2019-05-09,No-arbitrage enforced,-0.2800210434142009,-1.7680000000000007,-1.768000000000001,-2.220446049250313e-16,True
2019-05-10,No-arbitrage enforced,-0.2969812618520633,-1.8540000000000005,-1.8540000000000005,0.0,True
2019-05-13,No-arbitrage enforced,-0.31335548819291104,-1.936,-1.9360000000000002,-2.220446049250313e-16,True
2019-05-14,No-arbitrage enforced,-0.3250920537206726,-1.9950000000000003,-1.995,2.220446049250313e-16,True
2019-05-15,No-arbitrage enforced,-0.34309605582288644,-2.0870000000000006,-2.0870000000000006,0.0,True
2019-05-16,No-arbitrage enforced,-0.3469231192359197,-2.1090000000000004,-2.109,4.440892098500626e-16,True
2019-05-17,No-arbitrage enforced,-0.2998844922268005,-1.8689999999999998,-1.8689999999999998,0.0,True
2019-05-20,No-arbitrage enforced,-0.23425189536324248,-1.525,-1.525,0.0,True
2019-05-21,No-arbitrage enforced,-0.2706499528323816,-1.717,-1.7170000000000003,-2.220446049250313e-16,True
2019-05-22,No-arbitrage enforced,-0.23787806291516528,-1.5420000000000003,-1.5420000000000007,-4.440892098500626e-16,True
2019-05-23,No-arbitrage enforced,-0.22389046824091108,-1.4709999999999994,-1.4709999999999985,8.881784197001252e-16,True
2019-05-24,No-arbitrage enforced,-0.21343326806811413,-1.4120000000000004,-1.4120000000000001,2.220446049250313e-16,True
2019-05-28,No-arbitrage enforced,-0.1840167110846573,-1.2579999999999998,-1.258,-2.220446049250313e-16,True
2019-05-29,No-arbitrage enforced,-0.1717482739197494,-1.1930000000000007,-1.193000000000001,-2.220446049250313e-16,True
2019-05-30,No-arbitrage enforced,-0.18600648088134128,-1.2680000000000007,-1.2680000000000002,4.440892098500626e-16,True
2019-05-31,No-arbitrage enforced,-0.18436898660972043,-1.2650000000000006,-1.2650000000000001,4.440892098500626e-16,True
2019-06-03,No-arbitrage enforced,-0.1781282615585112,-1.2319999999999993,-1.231999999999999,2.220446049250313e-16,True
2019-06-04,No-arbitrage enforced,-0.1873488281262514,-1.2739999999999996,-1.273999999999999,6.661338147750939e-16,True
2019-06-05,No-arbitrage enforced,-0.1910637974174117,-1.2909999999999997,-1.2910000000000006,-8.881784197001252e-16,True
2019-06-06,No-arbitrage enforced,-0.20915063727013464,-1.389,-1.3890000000000002,-2.220446049250313e-16,True
2019-06-07,No-arbitrage enforced,-0.22342488948301353,-1.467,-1.4670000000000003,-2.220446049250313e-16,True
2019-06-10,No-arbitrage enforced,-0.2181992602896778,-1.4379999999999995,-1.4379999999999997,-2.220446049250313e-16,True
2019-06-11,No-arbitrage enforced,-0.2076450465539404,-1.3810000000000002,-1.381,2.220446049250313e-16,True
2019-06-12,No-arbitrage enforced,-0.22340435257609229,-1.4659999999999997,-1.4659999999999997,0.0,True
2019-06-13,No-arbitrage enforced,-0.19891842105879132,-1.3329999999999997,-1.3329999999999997,0.0,True
2019-06-14,No-arbitrage enforced,-0.19611956973081712,-1.3159999999999996,-1.3160000000000003,-6.661338147750939e-16,True
2019-06-17,No-arbitrage enforced,-0.23549675304821474,-1.5299999999999998,-1.53,-2.220446049250313e-16,True
2019-06-18,No-arbitrage enforced,-0.25254355177906357,-1.6209999999999993,-1.6209999999999996,-2.220446049250313e-16,True
2019-06-19,No-arbitrage enforced,-0.24741755532383497,-1.5930000000000006,-1.5930000000000006,0.0,True
2019-06-20,No-arbitrage enforced,-0.31007390605683116,-1.9230000000000005,-1.9230000000000012,-6.661338147750939e-16,True
2019-06-21,No-arbitrage enforced,-0.29534507184844344,-1.8459999999999994,-1.8459999999999992,2.220446049250313e-16,True
2019-06-24,No-arbitrage enforced,-0.2691319985343618,-1.7090000000000003,-1.7090000000000003,0.0,True
2019-06-25,No-arbitrage enforced,-0.26409997242573435,-1.6829999999999998,-1.6830000000000005,-6.661338147750939e-16,True
2019-06-26,No-arbitrage enforced,-0.2704051505380395,-1.7159999999999997,-1.7159999999999989,8.881784197001252e-16,True
2019-06-27,No-arbitrage enforced,-0.2769292474397423,-1.75,-1.7500000000000002,-2.220446049250313e-16,True
2019-06-28,No-arbitrage enforced,-0.28875764350262423,-1.8120000000000005,-1.8120000000000007,-2.220446049250313e-16,True
2019-07-01,No-arbitrage enforced,-0.3220015123404864,-1.986,-1.986,0.0,True
2019-07-02,No-arbitrage enforced,-0.3658907085425415,-2.214,-2.213999999999999,8.881784197001252e-16,True
2019-07-03,No-arbitrage enforced,-0.3395875782632397,-2.0819999999999994,-2.0819999999999994,0.0,True
2019-07-08,No-arbitrage enforced,-0.3525721942039918,-2.1420000000000003,-2.142,4.440892098500626e-16,True
2019-07-09,No-arbitrage enforced,-0.3333382635979992,-2.0439999999999996,-2.0440000000000005,-8.881784197001252e-16,True
2019-07-10,No-arbitrage enforced,-0.3368748151566203,-2.066,-2.0660000000000007,-8.881784197001252e-16,True
2019-07-11,No-arbitrage enforced,-0.37206655977983577,-2.245,-2.2449999999999988,1.3322676295501878e-15,True
2019-07-12,No-arbitrage enforced,-0.39547394667580293,-2.3650000000000007,-2.365000000000001,-4.440892098500626e-16,True
2019-07-15,No-arbitrage enforced,-0.44925239226856234,-2.622,-2.6220000000000003,-4.440892098500626e-16,True
2019-07-16,No-arbitrage enforced,-0.4270581288038997,-2.5150000000000006,-2.515000000000001,-4.440892098500626e-16,True
2019-07-17,No-arbitrage enforced,-0.40441530862127606,-2.3980000000000006,-2.3980000000000006,0.0,True
2019-07-18,No-arbitrage enforced,-0.43385114224238525,-2.5420000000000003,-2.5420000000000007,-4.440892098500626e-16,True
2019-07-19,No-arbitrage enforced,-0.43699285449601855,-2.55,-2.55,0.0,True
2019-07-22,No-arbitrage enforced,-0.4325851367890037,-2.536,-2.5360000000000005,-4.440892098500626e-16,True
2019-07-23,No-arbitrage enforced,-0.4162596822358328,-2.4650000000000007,-2.465,8.881784197001252e-16,True
2019-07-24,No-arbitrage enforced,-0.3835323428343963,-2.308,-2.308,0.0,True
2019-07-25,No-arbitrage enforced,-0.36052938401285417,-2.1879999999999997,-2.1879999999999997,0.0,True
2019-07-26,No-arbitrage enforced,-0.3874708259999368,-2.3269999999999995,-2.3269999999999995,0.0,True
2019-07-29,No-arbitrage enforced,-0.42596380200271244,-2.5099999999999993,-2.51,-4.440892098500626e-16,True
2019-07-30,No-arbitrage enforced,-0.36291578259351237,-2.194,-2.194000000000001,-8.881784197001252e-16,True
2019-07-31,No-arbitrage enforced,-0.3598991354522219,-2.1709999999999994,-2.1709999999999994,0.0,True
2019-08-01,No-arbitrage enforced,-0.2684071268203874,-1.7069999999999994,-1.7069999999999992,2.220446049250313e-16,True
2019-08-02,No-arbitrage enforced,-0.27193713809698145,-1.725,-1.7249999999999999,2.220446049250313e-16,True
2019-08-05,No-arbitrage enforced,-0.19182953507842507,-1.3299999999999996,-1.3299999999999994,2.220446049250313e-16,True
2019-08-06,No-arbitrage enforced,-0.21239497911936026,-1.4200000000000004,-1.4200000000000006,-2.220446049250313e-16,True
2019-08-07,No-arbitrage enforced,-0.20830822770114182,-1.3959999999999995,-1.395999999999999,4.440892098500626e-16,True
2019-08-08,No-arbitrage enforced,-0.2809183239269138,-1.7709999999999995,-1.7709999999999995,0.0,True
2019-08-09,No-arbitrage enforced,-0.2543338322575063,-1.6340000000000003,-1.6340000000000001,2.220446049250313e-16,True
2019-08-12,No-arbitrage enforced,-0.2300069422984469,-1.5150000000000006,-1.5150000000000006,0.0,True
2019-08-13,No-arbitrage enforced,-0.27833861201221094,-1.7579999999999998,-1.7580000000000002,-4.440892098500626e-16,True
2019-08-14,No-arbitrage enforced,-0.19727645924650208,-1.3480000000000003,-1.3479999999999994,8.881784197001252e-16,True
2019-08-15,No-arbitrage enforced,-0.17986106481424352,-1.2519999999999996,-1.2519999999999993,2.220446049250313e-16,True
2019-08-16,No-arbitrage enforced,-0.2445778076364535,-1.5840000000000003,-1.584,2.220446049250313e-16,True
2019-08-19,No-arbitrage enforced,-0.25731572262566155,-1.6480000000000004,-1.6480000000000004,0.0,True
2019-08-20,No-arbitrage enforced,-0.22492361304429384,-1.4780000000000002,-1.4780000000000002,0.0,True
2019-08-21,No-arbitrage enforced,-0.22011271736951113,-1.4480000000000004,-1.4480000000000002,2.220446049250313e-16,True
2019-08-22,No-arbitrage enforced,-0.21933834603852517,-1.4459999999999993,-1.4459999999999993,0.0,True
2019-08-23,No-arbitrage enforced,-0.1828608278891259,-1.2620000000000005,-1.2620000000000007,-2.220446049250313e-16,True
2019-08-26,No-arbitrage enforced,-0.19171341834493558,-1.3069999999999993,-1.3069999999999993,0.0,True
2019-08-27,No-arbitrage enforced,-0.1664440523873533,-1.1760000000000006,-1.1760000000000006,0.0,True
2019-08-28,No-arbitrage enforced,-0.20256536291344676,-1.3650000000000007,-1.3650000000000013,-6.661338147750939e-16,True
2019-08-29,No-arbitrage enforced,-0.22925914006736295,-1.5019999999999996,-1.5019999999999993,2.220446049250313e-16,True
2019-08-30,No-arbitrage enforced,-0.23536775862893705,-1.5370000000000004,-1.5370000000000008,-4.440892098500626e-16,True
2019-09-03,No-arbitrage enforced,-0.2218454413027382,-1.4680000000000006,-1.4680000000000006,0.0,True
2019-09-04,No-arbitrage enforced,-0.24786170417137882,-1.5989999999999995,-1.5989999999999998,-2.220446049250313e-16,True
2019-09-05,No-arbitrage enforced,-0.2977832425083286,-1.8579999999999999,-1.8580000000000008,-8.881784197001252e-16,True
2019-09-06,No-arbitrage enforced,-0.30318001038726744,-1.8870000000000005,-1.887,4.440892098500626e-16,True
2019-09-09,No-arbitrage enforced,-0.30169802488950803,-1.8790000000000007,-1.8790000000000004,2.220446049250313e-16,True
2019-09-10,No-arbitrage enforced,-0.3059444693259774,-1.9010000000000005,-1.901,4.440892098500626e-16,True
2019-09-11,No-arbitrage enforced,-0.3240333581339359,-1.9950000000000003,-1.9950000000000017,-1.3322676295501878e-15,True
2019-09-12,No-arbitrage enforced,-0.3238376935311167,-1.9950000000000003,-1.9950000000000003,0.0,True
2019-09-13,No-arbitrage enforced,-0.29379043225760454,-1.8400000000000005,-1.8400000000000003,2.220446049250313e-16,True
2019-09-16,No-arbitrage enforced,-0.30869019872086856,-1.9159999999999997,-1.9159999999999997,0.0,True
2019-09-17,No-arbitrage enforced,-0.2852169067615743,-1.7939999999999998,-1.7940000000000003,-4.440892098500626e-16,True
2019-09-18,No-arbitrage enforced,-0.28796062988764937,-1.8090000000000004,-1.8090000000000002,2.220446049250313e-16,True
2019-09-19,No-arbitrage enforced,-0.3009620708959994,-1.8769999999999996,-1.8769999999999996,0.0,True
2019-09-20,No-arbitrage enforced,-0.2769268361786477,-1.75,-1.7499999999999993,6.661338147750939e-16,True
2019-09-23,No-arbitrage enforced,-0.30141783201511646,-1.8780000000000001,-1.878,2.220446049250313e-16,True
2019-09-24,No-arbitrage enforced,-0.2867244825957237,-1.8010000000000006,-1.8010000000000006,0.0,True
2019-09-25,No-arbitrage enforced,-0.28614623732146643,-1.7980000000000005,-1.7980000000000005,0.0,True
2019-09-26,No-arbitrage enforced,-0.27711408016935346,-1.7510000000000006,-1.7510000000000003,2.220446049250313e-16,True
2019-09-27,No-arbitrage enforced,-0.25971593888553696,-1.661,-1.661,0.0,True
2019-09-30,No-arbitrage enforced,-0.2801809196270314,-1.7670000000000001,-1.7670000000000001,0.0,True
2019-10-01,No-arbitrage enforced,-0.20986031867903726,-1.4010000000000005,-1.4010000000000007,-2.220446049250313e-16,True
2019-10-02,No-arbitrage enforced,-0.16081641912724728,-1.1469999999999998,-1.147,-2.220446049250313e-16,True
2019-10-03,No-arbitrage enforced,-0.18013592626165273,-1.2439999999999998,-1.2440000000000002,-4.440892098500626e-16,True
2019-10-04,No-arbitrage enforced,-0.2206538906089312,-1.4540000000000006,-1.4540000000000006,0.0,True
2019-10-07,No-arbitrage enforced,-0.30139273996250354,-1.8760000000000006,-1.8760000000000008,-2.220446049250313e-16,True
2019-10-08,No-arbitrage enforced,-0.2944639355080872,-1.842,-1.8419999999999992,8.881784197001252e-16,True
2019-10-09,No-arbitrage enforced,-0.3251802954324843,-1.9950000000000003,-1.9950000000000006,-2.220446049250313e-16,True
2019-10-10,No-arbitrage enforced,-0.3431243165350356,-2.0849999999999995,-2.0849999999999995,0.0,True
2019-10-11,No-arbitrage enforced,-0.37358245927691075,-2.2400000000000007,-2.2400000000000007,0.0,True
2019-10-14,No-arbitrage enforced,-0.4233735452864246,-2.4849999999999994,-2.4849999999999994,0.0,True
2019-10-15,No-arbitrage enforced,-0.47143361096045866,-2.717,-2.7169999999999996,4.440892098500626e-16,True
2019-10-16,No-arbitrage enforced,-0.4364235911092053,-2.553,-2.5529999999999995,4.440892098500626e-16,True
2019-10-17,No-arbitrage enforced,-0.4904789897631987,-2.8009999999999993,-2.800999999999999,4.440892098500626e-16,True
2019-10-18,No-arbitrage enforced,-0.4525544650906072,-2.6239999999999997,-2.6239999999999997,0.0,True
2019-10-21,No-arbitrage enforced,-0.5005705802909012,-2.844,-2.8440000000000007,-8.881784197001252e-16,True
2019-10-22,No-arbitrage enforced,-0.44321112772152216,-2.5790000000000006,-2.5790000000000006,0.0,True
2019-10-23,No-arbitrage enforced,-0.4889419050291948,-2.7920000000000003,-2.7920000000000003,0.0,True
2019-10-24,No-arbitrage enforced,-0.42992187028762346,-2.522,-2.5219999999999994,4.440892098500626e-16,True
2019-10-25,No-arbitrage enforced,-0.43820284315763103,-2.5700000000000003,-2.57,4.440892098500626e-16,True
2019-10-28,No-arbitrage enforced,-0.4297850971090641,-2.5260000000000007,-2.5260000000000007,0.0,True
2019-10-29,No-arbitrage enforced,-0.47334961874314924,-2.7290000000000005,-2.729,4.440892098500626e-16,True
2019-10-30,No-arbitrage enforced,-0.52346692411046,-2.9639999999999986,-2.9639999999999986,0.0,True
2019-10-31,No-arbitrage enforced,-0.5508128289773379,-3.0710000000000006,-3.071000000000002,-1.3322676295501878e-15,True
2019-11-01,No-arbitrage enforced,-0.4625324539665802,-2.6879999999999997,-2.688,-4.440892098500626e-16,True
2019-11-04,No-arbitrage enforced,-0.5271731899859011,-2.974000000000001,-2.9740000000000006,4.440892098500626e-16,True
2019-11-05,No-arbitrage enforced,-0.4620815379855315,-2.678,-2.6779999999999995,4.440892098500626e-16,True
2019-11-06,No-arbitrage enforced,-0.4276809507890099,-2.5200000000000005,-2.52,4.440892098500626e-16,True
2019-11-07,No-arbitrage enforced,-0.4170779887459136,-2.468000000000001,-2.4680000000000013,-4.440892098500626e-16,True
2019-11-08,No-arbitrage enforced,-0.3879390406871999,-2.3299999999999996,-2.329999999999999,4.440892098500626e-16,True
2019-11-11,No-arbitrage enforced,-0.3999839436005494,-2.3849999999999993,-2.3849999999999993,0.0,True
2019-11-12,No-arbitrage enforced,-0.38639526920303935,-2.3180000000000005,-2.318000000000002,-1.3322676295501878e-15,True
2019-11-13,No-arbitrage enforced,-0.416065307404896,-2.461,-2.461,0.0,True
2019-11-14,No-arbitrage enforced,-0.4512537865327593,-2.628,-2.6279999999999997,4.440892098500626e-16,True
2019-11-15,No-arbitrage enforced,-0.4214633591700867,-2.495,-2.495000000000001,-8.881784197001252e-16,True
2019-11-18,No-arbitrage enforced,-0.4566787590393555,-2.6590000000000003,-2.6590000000000007,-4.440892098500626e-16,True
2019-11-19,No-arbitrage enforced,-0.476318286923358,-2.7459999999999996,-2.746,-4.440892098500626e-16,True
2019-11-20,No-arbitrage enforced,-0.4371826670517225,-2.564,-2.564,0.0,True
2019-11-21,No-arbitrage enforced,-0.4216701520865853,-2.4870000000000005,-2.487,4.440892098500626e-16,True
2019-11-22,No-arbitrage enforced,-0.43405035626582805,-2.553,-2.5530000000000004,-4.440892098500626e-16,True
2019-11-25,No-arbitrage enforced,-0.4999753572945122,-2.8650000000000007,-2.8650000000000007,0.0,True
2019-11-26,No-arbitrage enforced,-0.5355903235951417,-3.028,-3.0279999999999982,1.7763568394002505e-15,True
2019-11-27,No-arbitrage enforced,-0.5383425593285589,-3.0370000000000004,-3.0369999999999995,8.881784197001252e-16,True
2019-11-29,No-arbitrage enforced,-0.5286380545346124,-2.9830000000000014,-2.9830000000000028,-1.3322676295501878e-15,True
2019-12-02,No-arbitrage enforced,-0.4560231941420103,-2.6349999999999993,-2.635,-4.440892098500626e-16,True
2019-12-03,No-arbitrage enforced,-0.38167889349948125,-2.278,-2.2779999999999996,4.440892098500626e-16,True
2019-12-04,No-arbitrage enforced,-0.3915475960737355,-2.3310000000000004,-2.331000000000001,-4.440892098500626e-16,True
2019-12-05,No-arbitrage enforced,-0.3980516282292439,-2.364,-2.3639999999999994,4.440892098500626e-16,True
2019-12-06,No-arbitrage enforced,-0.570357597919555,-3.147999999999999,-3.147999999999999,0.0,True
2019-12-09,No-arbitrage enforced,-0.712232143210215,-3.656,-3.6559999999999993,8.881784197001252e-16,True
2019-12-10,No-arbitrage enforced,-0.6676019607356672,-3.5,-3.4999999999999996,4.440892098500626e-16,True
2019-12-11,No-arbitrage enforced,-0.6480298574579152,-3.4370000000000003,-3.4370000000000003,0.0,True
2019-12-12,No-arbitrage enforced,-0.6008237838378466,-3.2680000000000007,-3.268000000000001,-4.440892098500626e-16,True
2019-12-13,No-arbitrage enforced,-0.7326626263748316,-4.450999999999999,-3.78138311596811,0.6696168840318886,True
2019-12-16,No-arbitrage enforced,-0.7155322782124843,-4.385,-3.730838701724137,0.6541612982758629,True
2019-12-17,No-arbitrage enforced,-0.7047390609781943,-3.747999999999999,-3.6894059967007027,0.058594003299296205,True
2019-12-18,No-arbitrage enforced,-0.6839605252952744,-4.456,-3.608534743240908,0.8474652567590923,True
2019-12-19,No-arbitrage enforced,-0.6603203335573665,-5.0139999999999985,-3.5217408617843518,1.4922591382156467,True
2019-12-20,No-arbitrage enforced,-0.6570605093076135,-4.716999999999999,-3.5092069494822034,1.2077930505177954,True
2019-12-23,No-arbitrage enforced,-0.6719806265564859,-4.391,-3.563640589323973,0.8273594106760269,True
2019-12-24,No-arbitrage enforced,-0.6648788909888682,-4.3870000000000005,-3.5360104236076317,0.8509895763923687,True
2019-12-26,No-arbitrage enforced,-0.6748269387863514,-4.3069999999999995,-3.5735371152943776,0.7334628847056219,True
2019-12-27,No-arbitrage enforced,-0.7009776437838428,-4.028999999999999,-3.655386300928995,0.37361369907100395,True
2019-12-30,No-arbitrage enforced,-0.6261795891394708,-3.3560000000000003,-3.3560000000000003,0.0,True
2019-12-31,No-arbitrage enforced,-0.7503322689645368,-3.952000000000001,-3.8201529052439294,0.13184709475607148,True
2020-01-02,No-arbitrage enforced,-0.6913690242210214,-3.7699999999999987,-3.6376533067198897,0.13234669328010895,True
2020-01-03,No-arbitrage enforced,-0.6208066297103993,-3.346000000000001,-3.3460000000000014,-4.440892098500626e-16,True
2020-01-06,No-arbitrage enforced,-0.5962899662599719,-3.250999999999999,-3.250999999999999,0.0,True
2020-01-07,No-arbitrage enforced,-0.5306755703436852,-2.978,-2.978,0.0,True
2020-01-08,No-arbitrage enforced,-0.6973380809688164,-3.6419999999999986,-3.641999999999992,6.661338147750939e-15,True
2020-01-09,No-arbitrage enforced,-0.6155094181649895,-3.347,-3.347000000000001,-8.881784197001252e-16,True
2020-01-10,No-arbitrage enforced,-0.49074324749181036,-2.8150000000000004,-2.815000000000001,-4.440892098500626e-16,True
2020-01-13,No-arbitrage enforced,-0.5611778274621704,-3.127000000000001,-3.1270000000000002,8.881784197001252e-16,True
2020-01-14,No-arbitrage enforced,-0.5508366798016674,-3.0819999999999994,-3.0819999999999985,8.881784197001252e-16,True
2020-01-15,No-arbitrage enforced,-0.6682443887406603,-3.553,-3.5529999999999986,1.3322676295501878e-15,True
2020-01-16,No-arbitrage enforced,-0.6061629080677401,-3.3129999999999997,-3.312999999999998,1.7763568394002505e-15,True
2020-01-17,No-arbitrage enforced,-0.6429137621016965,-3.4620000000000006,-3.4620000000000006,0.0,True
2020-01-21,No-arbitrage enforced,-0.5975276093211164,-3.2699999999999987,-3.2699999999999987,0.0,True
2020-01-22,No-arbitrage enforced,-0.5317607976836393,-2.9930000000000008,-2.9929999999999994,1.3322676295501878e-15,True
2020-01-23,No-arbitrage enforced,-0.5750642734244298,-3.1759999999999993,-3.175999999999998,1.3322676295501878e-15,True
2020-01-24,No-arbitrage enforced,-0.47008956534921253,-2.7019999999999995,-2.701999999999999,4.440892098500626e-16,True
2020-01-27,No-arbitrage enforced,-0.4801752416675528,-2.720999999999999,-2.7209999999999988,4.440892098500626e-16,True
2020-01-28,No-arbitrage enforced,-0.4418866882827907,-2.561,-2.5610000000000004,-4.440892098500626e-16,True
2020-01-29,No-arbitrage enforced,-0.43206135651610655,-2.5150000000000006,-2.515,4.440892098500626e-16,True
2020-01-30,No-arbitrage enforced,-0.5388171749843985,-2.9949999999999988,-2.9949999999999988,0.0,True
2020-01-31,No-arbitrage enforced,-0.7008414652418877,-3.572999999999999,-3.5729999999999986,4.440892098500626e-16,True
2020-02-03,No-arbitrage enforced,-0.4910308654452701,-2.7700000000000005,-2.770000000000001,-4.440892098500626e-16,True
2020-02-04,No-arbitrage enforced,-0.5096019394699643,-2.8650000000000007,-2.8650000000000007,0.0,True
2020-02-05,No-arbitrage enforced,-0.5340132481400403,-2.978,-2.978,0.0,True
2020-02-06,No-arbitrage enforced,-0.6508472702979007,-3.447999999999999,-3.447999999999999,0.0,True
2020-02-07,No-arbitrage enforced,-0.5938435020501331,-3.221000000000001,-3.2210000000000014,-4.440892098500626e-16,True
2020-02-10,No-arbitrage enforced,-0.6199532691792969,-3.3289999999999993,-3.328999999999999,4.440892098500626e-16,True
2020-02-11,No-arbitrage enforced,-0.6116904741408844,-3.294999999999999,-3.295000000000001,-1.7763568394002505e-15,True
2020-02-12,No-arbitrage enforced,-0.6132016712961571,-3.319999999999999,-3.3200000000000003,-1.3322676295501878e-15,True
2020-02-13,No-arbitrage enforced,-0.6105814118168262,-3.3039999999999994,-3.303999999999998,1.3322676295501878e-15,True
2020-02-14,No-arbitrage enforced,-0.5996973824505081,-3.2669999999999986,-3.266999999999998,4.440892098500626e-16,True
2020-02-18,No-arbitrage enforced,-0.7396518575179244,-3.7659999999999996,-3.7659999999999982,1.3322676295501878e-15,True
2020-02-19,No-arbitrage enforced,-0.7211250118742348,-4.181,-3.710261706129993,0.4707382938700069,True
2020-02-20,No-arbitrage enforced,-0.7272112025955988,-3.7120000000000006,-3.712,4.440892098500626e-16,True
2020-02-21,No-arbitrage enforced,-0.6768050563832816,-3.5139999999999985,-3.5139999999999985,0.0,True
2020-02-24,No-arbitrage enforced,-0.5761645637150568,-3.047999999999999,-3.048,-8.881784197001252e-16,True
2020-02-25,No-arbitrage enforced,-0.5969041531784857,-3.0789999999999993,-3.0789999999999993,0.0,True
2020-02-26,No-arbitrage enforced,-0.5913883422499956,-3.0650000000000004,-3.0650000000000004,0.0,True
2020-02-27,No-arbitrage enforced,-0.6201837848470279,-2.8930000000000007,-2.8930000000000002,4.440892098500626e-16,True
2020-02-28,No-arbitrage enforced,-0.7111647393216375,-3.0819999999999994,-3.0820000000000003,-8.881784197001252e-16,True
2020-03-02,No-arbitrage enforced,-0.509138065575538,-2.684,-2.6839999999999993,8.881784197001252e-16,True
2020-03-03,No-arbitrage enforced,-0.4176618044358602,-2.306,-2.3060000000000005,-4.440892098500626e-16,True
2020-03-04,No-arbitrage enforced,-0.5179361438153492,-2.7379999999999995,-2.738,-4.440892098500626e-16,True
2020-03-05,No-arbitrage enforced,-0.4453082991669618,-2.3609999999999998,-2.3609999999999998,0.0,True
2020-03-06,No-arbitrage enforced,-0.5404339833367793,-2.6079999999999997,-2.6079999999999988,8.881784197001252e-16,True
2020-03-09,No-arbitrage enforced,-0.477630701111805,-2.156999999999999,-2.157,-8.881784197001252e-16,True
2020-03-10,No-arbitrage enforced,-0.4186565868757636,-2.1379999999999995,-2.1379999999999995,0.0,True
2020-03-11,No-arbitrage enforced,-0.478769010752522,-2.1719999999999997,-2.1719999999999997,0.0,True
2020-03-12,No-arbitrage enforced,-0.40368474780740926,-1.5790000000000006,-1.5790000000000004,2.220446049250313e-16,True
2020-03-13,No-arbitrage enforced,-0.9989999999999999,-3.2370000000000005,-2.9622897505798567,0.2747102494201439,True
2020-03-16,No-arbitrage enforced,-0.40566120677850115,-1.4659999999999997,-1.465999999999999,6.661338147750939e-16,True
2020-03-17,No-arbitrage enforced,-0.44850980094139437,-1.6670000000000003,-1.6670000000000003,0.0,True
2020-03-18,No-arbitrage enforced,-0.311741064958217,-1.3540000000000005,-1.3540000000000005,0.0,True
2020-03-19,No-arbitrage enforced,-0.36291725200745695,-1.5439999999999998,-1.544,-2.220446049250313e-16,True
2020-03-20,No-arbitrage enforced,-0.43225847538905976,-1.8120000000000005,-1.8120000000000007,-2.220446049250313e-16,True
2020-03-23,No-arbitrage enforced,-0.35745362415435544,-1.7049999999999996,-1.7049999999999996,0.0,True
2020-03-24,No-arbitrage enforced,-0.3843309096201616,-1.775,-1.7749999999999997,2.220446049250313e-16,True
2020-03-25,No-arbitrage enforced,-0.35559432410874314,-1.6599999999999995,-1.6599999999999995,0.0,True
2020-03-26,No-arbitrage enforced,-0.42733330593100705,-1.8969999999999998,-1.8969999999999998,0.0,True
2020-03-27,No-arbitrage enforced,-0.39856907676691256,-1.7409999999999997,-1.7409999999999994,2.220446049250313e-16,True
2020-03-30,No-arbitrage enforced,-0.5276606527369837,-2.218000000000001,-2.218000000000001,0.0,True
2020-03-31,No-arbitrage enforced,-0.642403819426917,-2.5489999999999995,-2.5489999999999986,8.881784197001252e-16,True
2020-04-01,No-arbitrage enforced,-0.2803046665735399,-1.5480000000000005,-1.5480000000000007,-2.220446049250313e-16,True
2020-04-02,No-arbitrage enforced,-0.3444170104800284,-1.8430000000000006,-1.8430000000000002,4.440892098500626e-16,True
2020-04-03,No-arbitrage enforced,-0.39015872814992303,-2.0569999999999995,-2.057,-4.440892098500626e-16,True
2020-04-06,No-arbitrage enforced,-0.39566392881244955,-2.1010000000000004,-2.101,4.440892098500626e-16,True
2020-04-07,No-arbitrage enforced,-0.32777443388816385,-1.8480000000000003,-1.8480000000000008,-4.440892098500626e-16,True
2020-04-08,No-arbitrage enforced,-0.3385214548736724,-1.9299999999999997,-1.9299999999999995,2.220446049250313e-16,True
2020-04-09,No-arbitrage enforced,-0.37516134763951453,-2.0849999999999995,-2.085,-4.440892098500626e-16,True
2020-04-13,No-arbitrage enforced,-0.33956543730727523,-1.9599999999999995,-1.9599999999999997,-2.220446049250313e-16,True
2020-04-14,No-arbitrage enforced,-0.40127831969516775,-2.2329999999999997,-2.2329999999999997,0.0,True
2020-04-15,No-arbitrage enforced,-0.41629376219354447,-2.242,-2.2419999999999995,4.440892098500626e-16,True
2020-04-16,No-arbitrage enforced,-0.4104641865461099,-2.2329999999999997,-2.232999999999999,4.440892098500626e-16,True
2020-04-17,No-arbitrage enforced,-0.5238310607441901,-2.6430000000000007,-2.643,8.881784197001252e-16,True
2020-04-20,No-arbitrage enforced,-0.5296553115263026,-2.5340000000000003,-2.534,4.440892098500626e-16,True
2020-04-21,No-arbitrage enforced,-0.48431012031343335,-2.3709999999999996,-2.3709999999999996,0.0,True
2020-04-22,No-arbitrage enforced,-0.5447027762511326,-2.6189999999999998,-2.6189999999999998,0.0,True
2020-04-23,No-arbitrage enforced,-0.5064544011571219,-2.522,-2.5219999999999994,4.440892098500626e-16,True
2020-04-24,No-arbitrage enforced,-0.5125498430213101,-2.6510000000000007,-2.6510000000000007,0.0,True
2020-04-27,No-arbitrage enforced,-0.5829311065413252,-2.9289999999999994,-2.9289999999999994,0.0,True
2020-04-28,No-arbitrage enforced,-0.5829220622259158,-2.922999999999999,-2.9229999999999996,-4.440892098500626e-16,True
2020-04-29,No-arbitrage enforced,-0.6787069522882364,-3.2599999999999993,-3.2600000000000007,-1.3322676295501878e-15,True
2020-04-30,No-arbitrage enforced,-0.6260357019697587,-3.0379999999999994,-3.038,-4.440892098500626e-16,True
2020-05-01,No-arbitrage enforced,-0.6397766208350704,-2.997,-2.996999999999999,8.881784197001252e-16,True
2020-05-04,No-arbitrage enforced,-0.6779947830718264,-3.128999999999999,-3.1289999999999996,-4.440892098500626e-16,True
2020-05-05,No-arbitrage enforced,-0.5525614983694526,-2.825999999999999,-2.825999999999999,0.0,True
2020-05-06,No-arbitrage enforced,-0.5661299317125585,-2.8590000000000004,-2.8590000000000013,-8.881784197001252e-16,True
2020-05-07,No-arbitrage enforced,-0.6146697267211704,-3.066999999999999,-3.066999999999999,0.0,True
2020-05-08,No-arbitrage enforced,-0.6408630687579003,-3.221000000000001,-3.2210000000000014,-4.440892098500626e-16,True
2020-05-11,No-arbitrage enforced,-0.54763025697635,-2.9099999999999993,-2.9099999999999997,-4.440892098500626e-16,True
2020-05-12,No-arbitrage enforced,-0.4828403877635283,-2.597,-2.5970000000000004,-4.440892098500626e-16,True
2020-05-13,No-arbitrage enforced,-0.4222008528713389,-2.343000000000001,-2.343000000000001,0.0,True
2020-05-14,No-arbitrage enforced,-0.4378963302368594,-2.4349999999999996,-2.4349999999999996,0.0,True
2020-05-15,No-arbitrage enforced,-0.4389029140387155,-2.447,-2.447,0.0,True
2020-05-18,No-arbitrage enforced,-0.5585032487465976,-2.922999999999999,-2.9229999999999987,4.440892098500626e-16,True
2020-05-19,No-arbitrage enforced,-0.514498583597706,-2.748,-2.748,0.0,True
2020-05-20,No-arbitrage enforced,-0.4663734979887839,-2.595,-2.5949999999999998,4.440892098500626e-16,True
2020-05-21,No-arbitrage enforced,-0.4345323825891375,-2.4530000000000003,-2.453,4.440892098500626e-16,True
2020-05-22,No-arbitrage enforced,-0.4625155561337743,-2.5780000000000003,-2.578,4.440892098500626e-16,True
2020-05-26,No-arbitrage enforced,-0.549604205718291,-2.9110000000000014,-2.9110000000000014,0.0,True
2020-05-27,No-arbitrage enforced,-0.5718353690351671,-2.996000000000001,-2.9960000000000013,-4.440892098500626e-16,True
2020-05-28,No-arbitrage enforced,-0.6004550319949117,-3.0780000000000003,-3.078,4.440892098500626e-16,True
2020-05-29,No-arbitrage enforced,-0.6229425496530803,-3.1719999999999997,-3.1719999999999997,0.0,True
2020-06-01,No-arbitrage enforced,-0.6386529010931931,-3.2090000000000005,-3.209,4.440892098500626e-16,True
2020-06-02,No-arbitrage enforced,-0.6464445503204554,-3.2610000000000015,-3.261000000000001,4.440892098500626e-16,True
2020-06-03,No-arbitrage enforced,-0.6072682904227004,-3.15,-3.149999999999999,8.881784197001252e-16,True
2020-06-04,No-arbitrage enforced,-0.5871512396287928,-3.077000000000001,-3.0770000000000013,-4.440892098500626e-16,True
2020-06-05,No-arbitrage enforced,-0.5580411973206583,-2.9870000000000005,-2.9870000000000005,0.0,True
2020-06-08,No-arbitrage enforced,-0.5418583209403066,-2.9110000000000014,-2.9110000000000014,0.0,True
2020-06-09,No-arbitrage enforced,-0.44038245969288087,-2.4930000000000008,-2.4930000000000003,4.440892098500626e-16,True
2020-06-10,No-arbitrage enforced,-0.5111295880579086,-2.7739999999999996,-2.773999999999999,4.440892098500626e-16,True
2020-06-11,No-arbitrage enforced,-0.7440007834247178,-3.128999999999999,-3.128999999999999,0.0,True
2020-06-12,No-arbitrage enforced,-0.7775538494886411,-3.353999999999999,-3.353999999999999,0.0,True
2020-06-15,No-arbitrage enforced,-0.953996544855968,-3.7330000000000014,-3.733000000000001,4.440892098500626e-16,True
2020-06-16,No-arbitrage enforced,-0.755424899391696,-3.3849999999999993,-3.3849999999999985,8.881784197001252e-16,True
2020-06-17,No-arbitrage enforced,-0.8283567242871014,-3.549000000000001,-3.5490000000000004,4.440892098500626e-16,True
2020-06-18,No-arbitrage enforced,-0.7915553048334211,-3.4900000000000007,-3.4900000000000007,0.0,True
2020-06-19,No-arbitrage enforced,-0.4751930803795279,-2.5379999999999994,-2.538,-4.440892098500626e-16,True
2020-06-22,No-arbitrage enforced,-0.8028806322006251,-3.5539999999999994,-3.553999999999997,2.220446049250313e-15,True
2020-06-23,No-arbitrage enforced,-0.7820886361933473,-3.5199999999999987,-3.5199999999999982,4.440892098500626e-16,True
2020-06-24,No-arbitrage enforced,-0.7666156358435684,-3.405000000000001,-3.4050000000000007,4.440892098500626e-16,True
2020-06-25,No-arbitrage enforced,-0.6634151712176621,-3.191999999999999,-3.1919999999999984,4.440892098500626e-16,True
2020-06-26,No-arbitrage enforced,-0.9729046915563531,-3.747,-3.747,0.0,True
2020-06-29,No-arbitrage enforced,-0.8126368095168308,-3.575,-3.574999999999999,1.3322676295501878e-15,True
2020-06-30,No-arbitrage enforced,-0.9765123113369608,-4.827000000000001,-3.9333620665294857,0.8936379334705151,True
2020-07-01,No-arbitrage enforced,-0.9322936312626501,-4.244,-3.92991317710216,0.31408682289783973,True
2020-07-02,No-arbitrage enforced,-0.900472974953923,-4.634,-3.9028391833247786,0.7311608166752217,True
2020-07-06,No-arbitrage enforced,-0.932650685735361,-4.097999999999999,-3.9565361315020624,0.14146386849793657,True
2020-07-07,No-arbitrage enforced,-0.8979693409431745,-3.8340000000000005,-3.8339999999999934,7.105427357601002e-15,True
2020-07-08,No-arbitrage enforced,-0.913610472436985,-4.446000000000001,-3.914587187143654,0.5314128128563467,True
2020-07-09,No-arbitrage enforced,-0.9208249193827789,-3.8840000000000003,-3.884,4.440892098500626e-16,True
2020-07-10,No-arbitrage enforced,-0.7536330279912994,-3.5680000000000005,-3.568,4.440892098500626e-16,True
2020-07-13,No-arbitrage enforced,-0.552279729989107,-2.852000000000001,-2.852000000000001,0.0,True
2020-07-14,No-arbitrage enforced,-0.61565143949754,-3.1099999999999994,-3.1099999999999994,0.0,True
2020-07-15,No-arbitrage enforced,-0.9325317056889194,-4.6530000000000005,-3.9631119626846334,0.6898880373153671,True
2020-07-16,No-arbitrage enforced,-0.939954214400495,-4.244,-3.967968663415328,0.2760313365846718,True
2020-07-17,No-arbitrage enforced,-0.8941836455290454,-4.081,-3.9583963007688676,0.12260369923113279,True
2020-07-20,No-arbitrage enforced,-0.8989109159991703,-4.590000000000001,-4.008266424554464,0.5817335754455364,True
2020-07-21,No-arbitrage enforced,-0.7048295887910774,-3.4840000000000004,-3.484000000000001,-4.440892098500626e-16,True
2020-07-22,No-arbitrage enforced,-0.8873781502444819,-4.038999999999999,-3.9864441925879173,0.052555807412081545,True
2020-07-23,No-arbitrage enforced,-0.9189578760620815,-4.074000000000001,-3.997376934078646,0.0766230659213547,True
2020-07-24,No-arbitrage enforced,-0.8881982454805109,-3.9400000000000004,-3.9400000000000017,-1.3322676295501878e-15,True
2020-07-27,No-arbitrage enforced,-0.8819323615482877,-3.961000000000001,-3.9610000000000025,-1.3322676295501878e-15,True
2020-07-28,No-arbitrage enforced,-0.8931503560038372,-3.9639999999999986,-3.9639999999999977,8.881784197001252e-16,True
2020-07-29,No-arbitrage enforced,-0.8911305193517011,-4.086000000000001,-4.001798960644381,0.08420103935562029,True
2020-07-30,No-arbitrage enforced,-0.8558079518649055,-3.899000000000001,-3.898999999999999,1.7763568394002505e-15,True
2020-07-31,No-arbitrage enforced,-0.8730834159553923,-4.156000000000001,-3.94897521886015,0.20702478113985068,True
2020-08-03,No-arbitrage enforced,-0.8778204633389369,-4.177000000000001,-3.9654864240314605,0.21151357596854092,True
2020-08-04,No-arbitrage enforced,-0.8706908046598857,-4.163999999999999,-3.96386704549784,0.20013295450215862,True
2020-08-05,No-arbitrage enforced,-0.8500391414040245,-3.9590000000000005,-3.934105450744762,0.024894549255238374,True
2020-08-06,No-arbitrage enforced,-0.8556867999443024,-4.175,-3.957376770830981,0.217623229169019,True
2020-08-07,No-arbitrage enforced,-0.8356578119126662,-3.975,-3.9166668473345436,0.05833315266545647,True
2020-08-10,No-arbitrage enforced,-0.775026383691738,-3.75,-3.7500000000000004,-4.440892098500626e-16,True
2020-08-11,No-arbitrage enforced,-0.7509150043596926,-3.6389999999999985,-3.6389999999999993,-8.881784197001252e-16,True
2020-08-12,No-arbitrage enforced,-0.7594325798296914,-3.700999999999999,-3.7009999999999996,-4.440892098500626e-16,True
2020-08-13,No-arbitrage enforced,-0.7289382643482942,-3.6110000000000015,-3.6110000000000007,8.881784197001252e-16,True
2020-08-14,No-arbitrage enforced,-0.7515685307474478,-3.6819999999999995,-3.6819999999999986,8.881784197001252e-16,True
2020-08-17,No-arbitrage enforced,-0.7679711950998894,-3.7449999999999988,-3.744999999999998,8.881784197001252e-16,True
2020-08-18,No-arbitrage enforced,-0.7905601380326285,-3.808000000000001,-3.8080000000000025,-1.3322676295501878e-15,True
2020-08-19,No-arbitrage enforced,-0.8028348300256927,-3.819999999999999,-3.8199999999999985,4.440892098500626e-16,True
2020-08-20,No-arbitrage enforced,-0.8474823935766796,-4.405000000000001,-3.934640384768647,0.47035961523135406,True
2020-08-21,No-arbitrage enforced,-0.8345623373110033,-4.672999999999999,-3.9056444378825184,0.7673555621174808,True
2020-08-24,No-arbitrage enforced,-0.8468780429153228,-4.722999999999999,-3.942039909747254,0.7809600902527452,True
2020-08-25,No-arbitrage enforced,-0.8358140218891409,-4.6530000000000005,-3.921457972601934,0.7315420273980666,True
2020-08-26,No-arbitrage enforced,-0.863845839072285,-4.2090000000000005,-3.9610490543633072,0.2479509456366933,True
2020-08-27,No-arbitrage enforced,-0.8671424012363067,-4.507,-3.9346420410287366,0.5723579589712631,True
2020-08-28,No-arbitrage enforced,-0.8204810429728407,-4.572999999999999,-3.857954835195176,0.7150451648048226,True
2020-08-31,No-arbitrage enforced,-0.8798903207874015,-4.466999999999999,-3.902934009199463,0.5640659908005357,True
2020-09-01,No-arbitrage enforced,-0.8593528613432159,-4.228,-3.8660086772390825,0.3619913227609173,True
2020-09-02,No-arbitrage enforced,-0.8744832783607657,-4.109999999999999,-3.88572156839024,0.22427843160975947,True
2020-09-03,No-arbitrage enforced,-0.9901561099333339,-4.465999999999999,-3.819346085034471,0.6466539149655284,True
2020-09-04,No-arbitrage enforced,-0.6988191826230526,-3.3280000000000003,-3.3280000000000003,0.0,True
2020-09-08,No-arbitrage enforced,-0.6775903961529552,-3.250999999999999,-3.250999999999998,8.881784197001252e-16,True
2020-09-09,No-arbitrage enforced,-0.6790416731397518,-3.319999999999999,-3.319999999999999,0.0,True
2020-09-10,No-arbitrage enforced,-0.5879171268306824,-3.0159999999999996,-3.0159999999999982,1.3322676295501878e-15,True
2020-09-11,No-arbitrage enforced,-0.4509615589963605,-2.5420000000000003,-2.5420000000000007,-4.440892098500626e-16,True
2020-09-14,No-arbitrage enforced,-0.5923892518680794,-3.094999999999999,-3.0949999999999984,4.440892098500626e-16,True
2020-09-15,No-arbitrage enforced,-0.6498361909344305,-3.294999999999999,-3.2949999999999995,-4.440892098500626e-16,True
2020-09-16,No-arbitrage enforced,-0.7558560939047736,-3.6060000000000003,-3.606000000000001,-8.881784197001252e-16,True
2020-09-17,No-arbitrage enforced,-0.8982841020003992,-3.941,-3.941,0.0,True
2020-09-18,No-arbitrage enforced,-0.6252653695691788,-3.2090000000000005,-3.208999999999999,1.3322676295501878e-15,True
2020-09-21,No-arbitrage enforced,-0.5921545811069222,-3.0639999999999987,-3.0639999999999983,4.440892098500626e-16,True
2020-09-22,No-arbitrage enforced,-0.5720378998385103,-3.0080000000000013,-3.0080000000000013,0.0,True
2020-09-23,No-arbitrage enforced,-0.5727211918446684,-2.9840000000000004,-2.984000000000001,-4.440892098500626e-16,True
2020-09-24,No-arbitrage enforced,-0.5533189574613683,-2.916999999999999,-2.916999999999999,0.0,True
2020-09-25,No-arbitrage enforced,-0.5477252290710071,-2.9259999999999993,-2.9260000000000006,-1.3322676295501878e-15,True
2020-09-28,No-arbitrage enforced,-0.4807690148714476,-2.6689999999999996,-2.6690000000000005,-8.881784197001252e-16,True
2020-09-29,No-arbitrage enforced,-0.41469253264755845,-2.3930000000000007,-2.393000000000001,-4.440892098500626e-16,True
2020-09-30,No-arbitrage enforced,-0.34752964368185824,-2.094,-2.0940000000000007,-8.881784197001252e-16,True
2020-10-01,No-arbitrage enforced,-0.2803646780506503,-1.778,-1.778,0.0,True
2020-10-02,No-arbitrage enforced,-0.30866518578087243,-1.9120000000000004,-1.9120000000000006,-2.220446049250313e-16,True
2020-10-05,No-arbitrage enforced,-0.31758612429266025,-1.953,-1.9530000000000003,-2.220446049250313e-16,True
2020-10-06,No-arbitrage enforced,-0.32978134637602596,-2.005,-2.0050000000000003,-4.440892098500626e-16,True
2020-10-07,No-arbitrage enforced,-0.3410196417697096,-2.0599999999999996,-2.0599999999999996,0.0,True
2020-10-08,No-arbitrage enforced,-0.36667885622316104,-2.181,-2.1810000000000005,-4.440892098500626e-16,True
2020-10-09,No-arbitrage enforced,-0.36845535943643937,-2.1930000000000005,-2.1929999999999996,8.881784197001252e-16,True
2020-10-12,No-arbitrage enforced,-0.41352638299382893,-2.3939999999999997,-2.393999999999999,8.881784197001252e-16,True
2020-10-13,No-arbitrage enforced,-0.38275567359137486,-2.2540000000000004,-2.2540000000000004,0.0,True
2020-10-14,No-arbitrage enforced,-0.3843967842043457,-2.2599999999999993,-2.26,-4.440892098500626e-16,True
2020-10-15,No-arbitrage enforced,-0.4049011145768582,-2.347,-2.347,0.0,True
2020-10-16,No-arbitrage enforced,-0.410838761296621,-2.37,-2.37,0.0,True
2020-10-19,No-arbitrage enforced,-0.439206925393232,-2.475,-2.4749999999999996,4.440892098500626e-16,True
2020-10-20,No-arbitrage enforced,-0.453566581500344,-2.531,-2.5309999999999997,4.440892098500626e-16,True
2020-10-21,No-arbitrage enforced,-0.42907241819158953,-2.4379999999999997,-2.4379999999999997,0.0,True
2020-10-22,No-arbitrage enforced,-0.4416560172421357,-2.4939999999999998,-2.4940000000000007,-8.881784197001252e-16,True
2020-10-23,No-arbitrage enforced,-0.4842211915057422,-2.6700000000000004,-2.6699999999999995,8.881784197001252e-16,True
2020-10-26,No-arbitrage enforced,-0.48273885938371747,-2.6049999999999995,-2.605,-4.440892098500626e-16,True
2020-10-27,No-arbitrage enforced,-0.5304805078944815,-2.758,-2.758,0.0,True
2020-10-28,No-arbitrage enforced,-0.6471873970605692,-2.930000000000001,-2.9300000000000006,4.440892098500626e-16,True
2020-10-29,No-arbitrage enforced,-0.5737702150244102,-2.805000000000001,-2.805000000000001,0.0,True
2020-10-30,No-arbitrage enforced,-0.611899278108833,-2.900999999999999,-2.900999999999998,8.881784197001252e-16,True
2020-11-02,No-arbitrage enforced,-0.811639086934207,-3.3860000000000015,-3.386,1.3322676295501878e-15,True
2020-11-03,No-arbitrage enforced,-0.9263959702803943,-3.6439999999999997,-3.6440000000000006,-8.881784197001252e-16,True
2020-11-04,No-arbitrage enforced,-0.6894598116089397,-3.3319999999999994,-3.332,-4.440892098500626e-16,True
2020-11-05,No-arbitrage enforced,-0.5088010350890659,-2.7650000000000006,-2.7650000000000006,0.0,True
2020-11-06,No-arbitrage enforced,-0.42754847450605815,-2.4560000000000004,-2.4560000000000004,0.0,True
2020-11-09,No-arbitrage enforced,-0.49778065455556897,-2.7409999999999997,-2.7410000000000005,-8.881784197001252e-16,True
2020-11-10,No-arbitrage enforced,-0.4685298761687066,-2.63,-2.6299999999999994,4.440892098500626e-16,True
2020-11-11,No-arbitrage enforced,-0.54456191996665,-2.947,-2.947000000000001,-8.881784197001252e-16,True
2020-11-12,No-arbitrage enforced,-0.6036396445223495,-3.1419999999999986,-3.1419999999999977,8.881784197001252e-16,True
2020-11-13,No-arbitrage enforced,-0.5400888600293682,-2.933000000000001,-2.933000000000001,0.0,True
2020-11-16,No-arbitrage enforced,-0.5443716299231868,-2.9560000000000004,-2.9560000000000004,0.0,True
2020-11-17,No-arbitrage enforced,-0.5285527560316391,-2.8909999999999996,-2.8909999999999987,8.881784197001252e-16,True
2020-11-18,No-arbitrage enforced,-0.6601154505061209,-3.3590000000000004,-3.358999999999999,1.3322676295501878e-15,True
2020-11-19,No-arbitrage enforced,-0.6554609883352577,-3.3550000000000013,-3.3550000000000004,8.881784197001252e-16,True
2020-11-20,No-arbitrage enforced,-0.65793632011158,-3.353999999999999,-3.3539999999999988,4.440892098500626e-16,True
2020-11-23,No-arbitrage enforced,-0.674440268325499,-3.4259999999999993,-3.425999999999999,4.440892098500626e-16,True
2020-11-24,No-arbitrage enforced,-0.667705171390001,-3.4189999999999996,-3.418999999999999,4.440892098500626e-16,True
2020-11-25,No-arbitrage enforced,-0.6576679531325,-3.3900000000000006,-3.390000000000001,-4.440892098500626e-16,True
2020-11-27,No-arbitrage enforced,-0.6151963046404397,-3.2430000000000008,-3.243,8.881784197001252e-16,True
2020-11-30,No-arbitrage enforced,-0.6564175953649476,-3.3949999999999987,-3.3949999999999987,0.0,True
2020-12-01,No-arbitrage enforced,-0.619587270842901,-3.2599999999999993,-3.2599999999999985,8.881784197001252e-16,True
2020-12-02,No-arbitrage enforced,-0.6779800919419308,-3.461000000000001,-3.4610000000000016,-4.440892098500626e-16,True
2020-12-03,No-arbitrage enforced,-0.6174507065384727,-3.246000000000001,-3.246000000000001,0.0,True
2020-12-04,No-arbitrage enforced,-0.6328290259153753,-3.308000000000001,-3.308000000000001,0.0,True
2020-12-07,No-arbitrage enforced,-0.6169708385292523,-3.2439999999999998,-3.2440000000000007,-8.881784197001252e-16,True
2020-12-08,No-arbitrage enforced,-0.6843725834162038,-3.4900000000000007,-3.490000000000001,-4.440892098500626e-16,True
2020-12-09,No-arbitrage enforced,-0.7182813432409911,-3.575,-3.575000000000001,-8.881784197001252e-16,True
2020-12-10,No-arbitrage enforced,-0.7184522678125532,-3.5710000000000006,-3.5709999999999993,1.3322676295501878e-15,True
2020-12-11,No-arbitrage enforced,-0.8708319978347826,-3.9919999999999987,-3.9770200365697037,0.014979963430294951,True
2020-12-14,No-arbitrage enforced,-0.8679107749086744,-3.9289999999999994,-3.9289999999999954,3.9968028886505635e-15,True
2020-12-15,No-arbitrage enforced,-0.8338505144169589,-3.8949999999999987,-3.8949999999999987,0.0,True
2020-12-16,No-arbitrage enforced,-0.8467267895855529,-4.478999999999999,-3.9383462437462566,0.5406537562537426,True
2020-12-17,No-arbitrage enforced,-0.8439928108029783,-4.706999999999999,-3.945482503350997,0.7615174966490019,True
2020-12-18,No-arbitrage enforced,-0.8133812019896948,-4.702000000000001,-3.8712359586479974,0.8307640413520034,True
2020-12-21,No-arbitrage enforced,-0.8861636040358266,-4.6530000000000005,-3.9574466954862344,0.6955533045137661,True
2020-12-22,No-arbitrage enforced,-0.8631250655986277,-4.627000000000001,-3.932078596282517,0.6949214037174838,True
2020-12-23,No-arbitrage enforced,-0.8527258290351208,-4.738999999999999,-3.9323284631296516,0.8066715368703474,True
2020-12-24,No-arbitrage enforced,-0.8203176177677635,-4.827000000000001,-3.8912994853534824,0.9357005146465185,True
2020-12-28,No-arbitrage enforced,-0.8651394984542847,-4.530000000000001,-4.005912635994539,0.524087364005462,True
2020-12-29,No-arbitrage enforced,-0.8849449027786687,-4.274000000000001,-4.0175158357250105,0.25648416427499043,True
2020-12-30,No-arbitrage enforced,-0.8827679606609838,-4.303,-4.0210769790418865,0.2819230209581134,True
2020-12-31,No-arbitrage enforced,-0.8812635371163787,-4.783000000000001,-4.018002432380591,0.7649975676194103,True
2021-01-04,No-arbitrage enforced,-0.9575036242996514,-4.384,-4.040082707046278,0.343917292953722,True
2021-01-05,No-arbitrage enforced,-0.9212960581378787,-4.55,-4.027853637996514,0.5221463620034861,True
2021-01-06,No-arbitrage enforced,-0.9148610480423397,-4.706,-4.023363731406015,0.6826362685939857,True
2021-01-07,No-arbitrage enforced,-0.8559815119814943,-4.591999999999999,-3.9654173416835716,0.6265826583164271,True
2021-01-08,No-arbitrage enforced,-0.8329573622791525,-3.925,-3.9250000000000016,-1.7763568394002505e-15,True
2021-01-11,No-arbitrage enforced,-0.6955873564663344,-3.469999999999999,-3.469999999999999,0.0,True
2021-01-12,No-arbitrage enforced,-0.8736440282659882,-3.999000000000001,-3.983269455763498,0.015730544236502997,True
2021-01-13,No-arbitrage enforced,-0.8483869388487152,-3.9930000000000008,-3.9499849787155137,0.04301502128448709,True
2021-01-14,No-arbitrage enforced,-0.8038220607093021,-3.806,-3.8059999999999996,4.440892098500626e-16,True
2021-01-15,No-arbitrage enforced,-0.7641371231867138,-3.669999999999999,-3.6699999999999986,4.440892098500626e-16,True
2021-01-19,No-arbitrage enforced,-0.8904633369894465,-4.132,-4.02595411155751,0.1060458884424893,True
2021-01-20,No-arbitrage enforced,-0.8474823935766796,-4.6659999999999995,-3.9631780550384503,0.7028219449615491,True
2021-01-21,No-arbitrage enforced,-0.837993500589418,-4.419999999999999,-3.944146137659103,0.4758538623408959,True
2021-01-22,No-arbitrage enforced,-0.8409293466088416,-4.5550000000000015,-3.937907603886967,0.6170923961130343,True
2021-01-25,No-arbitrage enforced,-0.873784042101215,-4.556,-3.9875609412783026,0.5684390587216974,True
2021-01-26,No-arbitrage enforced,-0.870973134333186,-4.331,-3.9854607886760927,0.34553921132390775,True
2021-01-27,No-arbitrage enforced,-0.9989999999999999,-3.7930000000000006,-3.6852043889029718,0.10779561109702884,True
2021-01-28,No-arbitrage enforced,-0.9855226544824532,-4.5840000000000005,-3.9568940750657546,0.6271059249342459,True
2021-01-29,No-arbitrage enforced,-0.7669499952861399,-3.430000000000001,-3.430000000000001,0.0,True
2021-02-01,No-arbitrage enforced,-0.9749191861399319,-4.162999999999999,-3.9387392390736453,0.22426076092635405,True
2021-02-02,No-arbitrage enforced,-0.8978657683516019,-4.115,-3.9703944675016865,0.14460553249831376,True
2021-02-03,No-arbitrage enforced,-0.7496408085876082,-3.6590000000000003,-3.6589999999999994,8.881784197001252e-16,True
2021-02-04,No-arbitrage enforced,-0.7236775896608667,-3.600999999999999,-3.6009999999999973,1.7763568394002505e-15,True
2021-02-05,No-arbitrage enforced,-0.6908615351044531,-3.5090000000000003,-3.5090000000000003,0.0,True
2021-02-08,No-arbitrage enforced,-0.741050388840863,-3.6650000000000005,-3.6650000000000005,0.0,True
2021-02-09,No-arbitrage enforced,-0.8198268669270371,-4.006,-3.88768095466949,0.11831904533051008,True
2021-02-10,No-arbitrage enforced,-0.8293500205869245,-3.933000000000001,-3.9051623176382915,0.027837682361709692,True
2021-02-11,No-arbitrage enforced,-0.7723442721729793,-3.7599999999999993,-3.7599999999999993,0.0,True
2021-02-12,No-arbitrage enforced,-0.7663011572169108,-3.7659999999999996,-3.7659999999999982,1.3322676295501878e-15,True
2021-02-16,No-arbitrage enforced,-0.8545054433195639,-4.016999999999999,-3.9844830514616563,0.032516948538342305,True
2021-02-17,No-arbitrage enforced,-0.840775453598574,-4.4449999999999985,-3.947348301812784,0.49765169818721455,True
2021-02-18,No-arbitrage enforced,-0.8565701869116694,-4.255000000000001,-3.9638009769024523,0.2911990230975485,True
2021-02-19,No-arbitrage enforced,-0.8395418172465615,-4.1530000000000005,-3.9308346365791595,0.22216536342084092,True
2021-02-22,No-arbitrage enforced,-0.8343937871080361,-3.8819999999999992,-3.8819999999999997,-4.440892098500626e-16,True
2021-02-23,No-arbitrage enforced,-0.7527168154194506,-3.663999999999999,-3.6639999999999975,1.3322676295501878e-15,True
2021-02-24,No-arbitrage enforced,-0.8047141013394296,-3.852000000000001,-3.8520000000000008,4.440892098500626e-16,True
2021-02-25,No-arbitrage enforced,-0.9947146662710775,-4.206999999999999,-4.024077809120773,0.1829221908792258,True
2021-02-26,No-arbitrage enforced,-0.7816127422607816,-3.622999999999999,-3.6229999999999984,4.440892098500626e-16,True
2021-03-01,No-arbitrage enforced,-0.9012514747542136,-4.133000000000001,-4.047782337434941,0.0852176625650598,True
2021-03-02,No-arbitrage enforced,-0.9072924168505986,-4.168000000000001,-4.038364086439508,0.12963591356049342,True
2021-03-03,No-arbitrage enforced,-0.9517815541967197,-4.053,-4.040772454462381,0.012227545537618845,True
2021-03-04,No-arbitrage enforced,-0.8293896226760963,-3.719,-3.7189999999999985,1.3322676295501878e-15,True
2021-03-05,No-arbitrage enforced,-0.7388833529529812,-3.5900000000000007,-3.5900000000000007,0.0,True
2021-03-08,No-arbitrage enforced,-0.7854827925477285,-3.700999999999999,-3.7009999999999987,4.440892098500626e-16,True
2021-03-09,No-arbitrage enforced,-0.6874362478176366,-3.444999999999999,-3.444999999999999,0.0,True
2021-03-10,No-arbitrage enforced,-0.8165192720851931,-3.8569999999999993,-3.8570000000000007,-1.3322676295501878e-15,True
2021-03-11,No-arbitrage enforced,-0.8497421716379983,-3.961000000000001,-3.9610000000000016,-4.440892098500626e-16,True
2021-03-12,No-arbitrage enforced,-0.825025162738881,-4.028999999999999,-3.9229748746623274,0.10602512533767161,True
2021-03-15,No-arbitrage enforced,-0.8303036679515267,-4.1259999999999994,-3.9518768846607126,0.17412311533928682,True
2021-03-16,No-arbitrage enforced,-0.8333060464807972,-4.256,-3.9653348835872437,0.2906651164127565,True
2021-03-17,No-arbitrage enforced,-0.8132142933875127,-4.319,-3.91973471240666,0.39926528759334,True
2021-03-18,No-arbitrage enforced,-0.8691339240848311,-4.811000000000002,-4.019117692413843,0.7918823075861585,True
2021-03-19,No-arbitrage enforced,-0.8387685337940608,-4.147,-3.954781594063407,0.19221840593659323,True
2021-03-22,No-arbitrage enforced,-0.8083374524706103,-4.613999999999999,-3.912331921188635,0.7016680788113638,True
2021-03-23,No-arbitrage enforced,-0.8401591902035365,-4.343999999999999,-3.9731801661953163,0.3708198338046831,True
2021-03-24,No-arbitrage enforced,-0.8507875389118585,-4.369999999999999,-3.9810148152632454,0.3889851847367538,True
2021-03-25,No-arbitrage enforced,-0.8209708445741909,-4.086000000000001,-3.9302699096665754,0.15573009033342577,True
2021-03-26,No-arbitrage enforced,-0.8069795220486443,-4.546000000000001,-3.908730389952903,0.637269610047098,True
2021-03-29,No-arbitrage enforced,-0.8474823935766796,-4.366999999999999,-3.9830283199631498,0.38397168003684934,True
2021-03-30,No-arbitrage enforced,-0.8229229819867491,-4.219999999999999,-3.939916793555912,0.280083206444087,True
2021-03-31,No-arbitrage enforced,-0.7948555276992836,-4.093000000000001,-3.8626554477420987,0.23034455225790218,True
2021-04-01,No-arbitrage enforced,-0.7107789515912737,-3.628999999999999,-3.6289999999999987,4.440892098500626e-16,True
2021-04-05,No-arbitrage enforced,-0.7953843041381744,-3.9629999999999996,-3.891778203039326,0.07122179696067343,True
2021-04-06,No-arbitrage enforced,-0.7964393321370796,-4.244,-3.891157295452946,0.3528427045470539,True
2021-04-07,No-arbitrage enforced,-0.7674624339543735,-4.06,-3.8182838869721927,0.24171611302780693,True
2021-04-08,No-arbitrage enforced,-0.7637981346617212,-3.903999999999999,-3.8101316104497065,0.09386838955029253,True
2021-04-09,No-arbitrage enforced,-0.6145660265512046,-3.2879999999999994,-3.2880000000000007,-1.3322676295501878e-15,True
2021-04-12,No-arbitrage enforced,-0.6527241982609622,-3.4289999999999994,-3.4290000000000007,-1.3322676295501878e-15,True
2021-04-13,No-arbitrage enforced,-0.6635444221029817,-3.472,-3.4719999999999973,2.6645352591003757e-15,True
2021-04-14,No-arbitrage enforced,-0.7506227197488434,-3.7669999999999986,-3.766999999999998,4.440892098500626e-16,True
2021-04-15,No-arbitrage enforced,-0.7691838147369171,-3.9289999999999994,-3.833695631269155,0.09530436873084458,True
2021-04-16,No-arbitrage enforced,-0.7444131945723069,-3.833000000000001,-3.758607879356286,0.07439212064371503,True
2021-04-19,No-arbitrage enforced,-0.7362158224094164,-3.7150000000000007,-3.7150000000000007,0.0,True
2021-04-20,No-arbitrage enforced,-0.6753061018403035,-3.4870000000000005,-3.487,4.440892098500626e-16,True
2021-04-21,No-arbitrage enforced,-0.7798795729254729,-3.9430000000000005,-3.851476169186356,0.09152383081364457,True
2021-04-22,No-arbitrage enforced,-0.7729713890670953,-3.809,-3.809000000000001,-8.881784197001252e-16,True
2021-04-23,No-arbitrage enforced,-0.7663097547637615,-4.009,-3.8117697418809575,0.19723025811904282,True
2021-04-26,No-arbitrage enforced,-0.7802485775736617,-3.9090000000000003,-3.850192335184128,0.05880766481587241,True
2021-04-27,No-arbitrage enforced,-0.7754187491020096,-3.9129999999999994,-3.836540666729122,0.0764593332708774,True
2021-04-28,No-arbitrage enforced,-0.7575312968587137,-3.9370000000000003,-3.7845841304572376,0.15241586954276265,True
2021-04-29,No-arbitrage enforced,-0.7641858074698556,-3.930000000000001,-3.8003355419055658,0.12966445809443528,True
2021-04-30,No-arbitrage enforced,-0.7932641122435932,-4.632,-3.872647652255257,0.7593523477447426,True
2021-05-03,No-arbitrage enforced,-0.8044184295706137,-4.375,-3.9115367593766526,0.46346324062334743,True
2021-05-04,No-arbitrage enforced,-0.8160703457742987,-3.922999999999999,-3.922999999999999,0.0,True
2021-05-05,No-arbitrage enforced,-0.827594687751923,-4.212000000000001,-3.9625463398753618,0.24945366012463888,True
2021-05-06,No-arbitrage enforced,-0.8021827984318571,-4.447,-3.9033976873758265,0.5436023126241736,True
2021-05-07,No-arbitrage enforced,-0.7666944363768665,-4.575999999999999,-3.8237349940895,0.7522650059104987,True
2021-05-10,No-arbitrage enforced,-0.8597902043084406,-4.272,-4.040476330083283,0.2315236699167169,True
2021-05-11,No-arbitrage enforced,-0.8689523938883627,-4.0120000000000005,-4.011999999999999,1.7763568394002505e-15,True
2021-05-12,No-arbitrage enforced,-0.9808338687290813,-4.26,-4.057483585027703,0.20251641497229667,True
2021-05-13,No-arbitrage enforced,-0.8483047868526917,-3.9259999999999993,-3.925999999999999,4.440892098500626e-16,True
2021-05-14,No-arbitrage enforced,-0.8053876754714788,-3.905000000000001,-3.9050000000000007,4.440892098500626e-16,True
2021-05-17,No-arbitrage enforced,-0.7875976430359551,-3.8349999999999995,-3.8349999999999995,0.0,True
2021-05-18,No-arbitrage enforced,-0.8388589855185218,-3.9460000000000006,-3.9459999999999975,3.1086244689504383e-15,True
2021-05-19,No-arbitrage enforced,-0.8814005667226829,-4.375,-4.033991148139174,0.34100885186082586,True
2021-05-20,No-arbitrage enforced,-0.8430766361634475,-4.296000000000001,-3.9727966002947483,0.3232033997052528,True
2021-05-21,No-arbitrage enforced,-0.8203176177677632,-4.450999999999999,-3.9213557036832176,0.5296442963167811,True
2021-05-24,No-arbitrage enforced,-0.7776567677335459,-4.463999999999999,-3.8289044231597567,0.635095576840242,True
2021-05-25,No-arbitrage enforced,-0.797840834564055,-4.459999999999999,-3.8820812409976213,0.5779187590023778,True
2021-05-26,No-arbitrage enforced,-0.7618527735770223,-4.981999999999999,-3.7970910248671603,1.184908975132839,True
2021-05-27,No-arbitrage enforced,-0.7456468507643162,-4.935,-3.7547830673550067,1.180216932644993,True
2021-05-28,No-arbitrage enforced,-0.739430301497125,-5.531000000000001,-3.733984757835245,1.7970152421647554,True
2021-06-01,No-arbitrage enforced,-0.7837335623671352,-4.903999999999999,-3.856409206404781,1.047590793595218,True
2021-06-02,No-arbitrage enforced,-0.7591094462622446,-4.859,-3.7863383916036946,1.0726616083963054,True
2021-06-03,No-arbitrage enforced,-0.7870013617980792,-4.521000000000001,-3.863952633181331,0.6570473668186696,True
2021-06-04,No-arbitrage enforced,-0.7388019225026695,-4.775999999999999,-3.7372994611865704,1.0387005388134285,True
2021-06-07,No-arbitrage enforced,-0.7632157535545839,-5.129,-3.8171087049894536,1.311891295010546,True
2021-06-08,No-arbitrage enforced,-0.7914868457770173,-5.0699999999999985,-3.8948766155211394,1.1751233844788591,True
2021-06-09,No-arbitrage enforced,-0.8198268669270371,-5.071000000000001,-3.964860408967583,1.1061395910324174,True
2021-06-10,No-arbitrage enforced,-0.7616575923319523,-5.481,-3.81743375952096,1.6635662404790397,True
2021-06-11,No-arbitrage enforced,-0.7462618972852503,-5.928,-3.7744881320829964,2.1535118679170036,True
2021-06-14,No-arbitrage enforced,-0.7822707101302483,-6.063999999999998,-3.878149572270251,2.1858504277297475,True
2021-06-15,No-arbitrage enforced,-0.8001057316691985,-6.135,-3.922113375827899,2.212886624172101,True
2021-06-16,No-arbitrage enforced,-0.8334633360548569,-5.5969999999999995,-3.999232886101158,1.5977671138988416,True
2021-06-17,No-arbitrage enforced,-0.8128802270647132,-6.100999999999999,-3.947067911602166,2.1539320883978332,True
2021-06-18,No-arbitrage enforced,-0.8664283929177342,-5.078,-4.03391274494919,1.04408725505081,True
2021-06-21,No-arbitrage enforced,-0.8155435021696761,-5.836000000000001,-3.95229879494709,1.8837012050529114,True
2021-06-22,No-arbitrage enforced,-0.7759796927789825,-6.050999999999999,-3.853710247403918,2.197289752596081,True
2021-06-23,No-arbitrage enforced,-0.7577289884954305,-5.484999999999999,-3.80104887075309,1.6839511292469096,True
2021-06-24,No-arbitrage enforced,-0.7402662143931474,-6.103999999999999,-3.74936678012624,2.3546332198737594,True
2021-06-25,No-arbitrage enforced,-0.7206812443528029,-7.0550000000000015,-3.6887726926049975,3.366227307395004,True
2021-06-28,No-arbitrage enforced,-0.7220106707808124,-6.2090000000000005,-3.691130781870905,2.5178692181290954,True
2021-06-29,No-arbitrage enforced,-0.7206812443528029,-6.384,-3.682553609957447,2.701446390042553,True
2021-06-30,No-arbitrage enforced,-0.7035685095826448,-6.185,-3.626359494840734,2.5586405051592656,True
2021-07-01,No-arbitrage enforced,-0.7109850041618638,-5.565,-3.6575112606472993,1.9074887393527011,True
2021-07-02,No-arbitrage enforced,-0.686449949308192,-5.794,-3.5770994713019624,2.216900528698037,True
2021-07-06,No-arbitrage enforced,-0.760288012643158,-5.375,-3.807340431171262,1.5676595688287378,True
2021-07-07,No-arbitrage enforced,-0.7464666501103098,-5.215000000000001,-3.766191555986806,1.4488084440131948,True
2021-07-08,No-arbitrage enforced,-0.8222735212132651,-5.281999999999999,-3.9503836824691905,1.3316163175308087,True
2021-07-09,No-arbitrage enforced,-0.7454415719495683,-5.5699999999999985,-3.7631346580770093,1.8068653419229892,True
2021-07-12,No-arbitrage enforced,-0.7555476791268422,-5.793000000000001,-3.79643837816747,1.996561621832531,True
2021-07-13,No-arbitrage enforced,-0.7833684599284404,-5.44,-3.8689111492681665,1.571088850731834,True
2021-07-14,No-arbitrage enforced,-0.7541518369575709,-5.431,-3.789254714099911,1.6417452859000892,True
2021-07-15,No-arbitrage enforced,-0.7754187491020096,-5.415000000000001,-3.845959519597801,1.5690404804022,True
2021-07-16,No-arbitrage enforced,-0.8066391757647519,-5.194,-3.915498963874696,1.278501036125304,True
2021-07-19,No-arbitrage enforced,-0.8940514403287444,-5.574000000000001,-4.055711149267161,1.5182888507328398,True
2021-07-20,No-arbitrage enforced,-0.8322029830768646,-5.45,-3.963528734153908,1.4864712658460921,True
2021-07-21,No-arbitrage enforced,-0.7772848273965313,-5.534000000000001,-3.8363102074664974,1.6976897925335033,True
2021-07-22,No-arbitrage enforced,-0.7663097547637615,-5.263,-3.8057117301113585,1.4572882698886414,True
2021-07-23,No-arbitrage enforced,-0.7423464469955606,-5.944,-3.7365997504919224,2.2074002495080776,True
2021-07-26,No-arbitrage enforced,-0.7651529641083875,-5.3199999999999985,-3.8039040972773157,1.5160959027226828,True
2021-07-27,No-arbitrage enforced,-0.8209708445741909,-5.103999999999999,-3.9394452175065267,1.1645547824934726,True
2021-07-28,No-arbitrage enforced,-0.7804329241486133,-5.222999999999999,-3.839034903897053,1.383965096102946,True
2021-07-29,No-arbitrage enforced,-0.7581240084054969,-4.996,-3.7795471610709965,1.216452838929004,True
2021-07-30,No-arbitrage enforced,-0.7718435298908476,-5.371,-3.8136840820569495,1.557315917943051,True
2021-08-02,No-arbitrage enforced,-0.8051033110953034,-5.330000000000001,-3.891648263414782,1.438351736585219,True
2021-08-03,No-arbitrage enforced,-0.7587156323401493,-5.256,-3.775782549889906,1.4802174501100942,True
2021-08-04,No-arbitrage enforced,-0.7575312968587137,-5.140000000000001,-3.7731793593562855,1.3668206406437151,True
2021-08-05,No-arbitrage enforced,-0.7501299741831245,-5.025999999999999,-3.760698600211696,1.265301399788303,True
2021-08-06,No-arbitrage enforced,-0.7000301144924667,-5.096000000000001,-3.6092356856409173,1.4867643143590836,True
2021-08-09,No-arbitrage enforced,-0.739848532384351,-5.313,-3.7360024694224294,1.5769975305775703,True
2021-08-10,No-arbitrage enforced,-0.7497250012427618,-5.333000000000001,-3.7673185210567808,1.5656814789432203,True
2021-08-11,No-arbitrage enforced,-0.7144016479387653,-5.4319999999999995,-3.6604284319814653,1.7715715680185342,True
2021-08-12,No-arbitrage enforced,-0.7134941909104099,-5.718000000000001,-3.6645060063359653,2.0534939936640355,True
2021-08-13,No-arbitrage enforced,-0.7059052173399779,-5.965999999999999,-3.640278359663282,2.325721640336717,True
2021-08-16,No-arbitrage enforced,-0.7464666501103098,-5.254,-3.7674898167187756,1.486510183281224,True
2021-08-17,No-arbitrage enforced,-0.8064688725258721,-4.905000000000001,-3.92506091639986,0.9799390836001409,True
2021-08-18,No-arbitrage enforced,-0.9066545310026474,-4.853999999999999,-4.1116691728001955,0.7423308271998037,True
2021-08-19,No-arbitrage enforced,-0.8818113382895841,-5.119,-4.048594874652253,1.0704051253477465,True
2021-08-20,No-arbitrage enforced,-0.7855530137796297,-5.350999999999999,-3.85023627464057,1.500763725359429,True
2021-08-23,No-arbitrage enforced,-0.7653460494605852,-5.902000000000001,-3.8117262487881556,2.0902737512118454,True
2021-08-24,No-arbitrage enforced,-0.7637981346617212,-5.712999999999999,-3.8056265310966797,1.9073734689033195,True
2021-08-25,No-arbitrage enforced,-0.7448249429419446,-5.950999999999999,-3.7512828293124962,2.1997171706875025,True
2021-08-26,No-arbitrage enforced,-0.8201541134162528,-5.725,-3.947456848200012,1.7775431517999878,True
2021-08-27,No-arbitrage enforced,-0.7307328943427384,-6.243,-3.7108275266257813,2.532172473374219,True
2021-08-30,No-arbitrage enforced,-0.7237745384811031,-5.799000000000001,-3.6904516735274546,2.1085483264725466,True
2021-08-31,No-arbitrage enforced,-0.739848532384351,-5.590999999999999,-3.739817633279518,1.8511823667204812,True
2021-09-01,No-arbitrage enforced,-0.7182292443976043,-5.475,-3.672790943329377,1.8022090566706228,True
2021-09-02,No-arbitrage enforced,-0.739430301497125,-5.697999999999999,-3.739544975285663,1.9584550247143357,True
2021-09-03,No-arbitrage enforced,-0.7162087004178171,-6.227000000000001,-3.6613078313932848,2.5656921686067165,True
2021-09-07,No-arbitrage enforced,-0.7896999655606477,-5.475999999999999,-3.870394258495009,1.60560574150499,True
2021-09-08,No-arbitrage enforced,-0.7791403139601335,-5.338999999999999,-3.8411890985735044,1.4978109014264942,True
2021-09-09,No-arbitrage enforced,-0.8108688144505948,-4.997,-3.9212787591787963,1.0757212408212036,True
2021-09-10,No-arbitrage enforced,-0.8996927915290148,-5.116,-4.111506905088126,1.004493094911874,True
2021-09-13,No-arbitrage enforced,-0.8672850285040085,-4.85,-4.066961455313721,0.7830385446862786,True
2021-09-14,No-arbitrage enforced,-0.856128774266398,-4.672999999999999,-4.035050159225698,0.6379498407743007,True
2021-09-15,No-arbitrage enforced,-0.8049322224694339,-5.433000000000002,-3.915482481630554,1.5175175183694476,True
2021-09-16,No-arbitrage enforced,-0.812378503384073,-5.287999999999999,-3.9278061338644736,1.3601938661355257,True
2021-09-17,No-arbitrage enforced,-0.8594987033539746,-4.952000000000001,-4.0132048749752585,0.9387951250247424,True
2021-09-20,No-arbitrage enforced,-0.9609401835092615,-4.156999999999999,-4.094113670646995,0.0628863293530042,True
2021-09-21,No-arbitrage enforced,-0.8929746005176344,-3.997999999999999,-3.997999999999998,8.881784197001252e-16,True
2021-09-22,No-arbitrage enforced,-0.8565701869116694,-4.412000000000001,-4.004091828403935,0.4079081715960662,True
2021-09-23,No-arbitrage enforced,-0.8196631246155245,-4.687,-3.9501499507120053,0.736850049287995,True
2021-09-24,No-arbitrage enforced,-0.788083456531773,-4.566999999999998,-3.8724104740451573,0.6945895259548411,True
2021-09-27,No-arbitrage enforced,-0.8176919912786581,-4.465999999999999,-3.9419092939737603,0.524090706026239,True
2021-09-28,No-arbitrage enforced,-0.8829993518443565,-4.008000000000001,-4.008000000000001,0.0,True
2021-09-29,No-arbitrage enforced,-0.795456046265816,-3.799000000000001,-3.7990000000000004,4.440892098500626e-16,True
2021-09-30,No-arbitrage enforced,-0.7170252417416623,-3.555000000000001,-3.555,8.881784197001252e-16,True
2021-10-01,No-arbitrage enforced,-0.6909594225315061,-3.5050000000000012,-3.5050000000000017,-4.440892098500626e-16,True
2021-10-04,No-arbitrage enforced,-0.5798836063942598,-3.0870000000000006,-3.087,4.440892098500626e-16,True
2021-10-05,No-arbitrage enforced,-0.5964663897445244,-3.1680000000000006,-3.1680000000000006,0.0,True
2021-10-06,No-arbitrage enforced,-0.5910795649823739,-3.150999999999999,-3.1509999999999985,4.440892098500626e-16,True
2021-10-07,No-arbitrage enforced,-0.635176121891903,-3.3319999999999994,-3.3319999999999994,0.0,True
2021-10-08,No-arbitrage enforced,-0.6640586357727628,-3.4460000000000006,-3.446,4.440892098500626e-16,True
2021-10-11,No-arbitrage enforced,-0.6756561382083226,-3.469999999999999,-3.469999999999999,0.0,True
2021-10-12,No-arbitrage enforced,-0.6579345811925903,-3.4099999999999993,-3.4099999999999993,0.0,True
2021-10-13,No-arbitrage enforced,-0.7011577953758389,-3.577000000000001,-3.5770000000000017,-8.881784197001252e-16,True
2021-10-14,No-arbitrage enforced,-0.7800641272096039,-4.378,-3.8631085260439093,0.5148914739560908,True
2021-10-15,No-arbitrage enforced,-0.7499275516691318,-4.727000000000001,-3.775940585912115,0.9510594140878861,True
2021-10-18,No-arbitrage enforced,-0.7632157535545839,-4.377000000000001,-3.8189480492907206,0.55805195070928,True
2021-10-19,No-arbitrage enforced,-0.7519460502917253,-4.100999999999999,-3.7924263910608826,0.30857360893911645,True
2021-10-20,No-arbitrage enforced,-0.7385921866534969,-4.122999999999999,-3.75154189004212,0.3714581099578793,True
2021-10-21,No-arbitrage enforced,-0.7195690737464088,-4.093999999999999,-3.6946064010130093,0.3993935989869901,True
2021-10-22,No-arbitrage enforced,-0.7233344979948014,-3.934,-3.700845988938514,0.23315401106148625,True
2021-10-25,No-arbitrage enforced,-0.7468757628597867,-4.093999999999999,-3.783312713511585,0.3106872864884145,True
2021-10-26,No-arbitrage enforced,-0.7712754184196707,-4.130000000000001,-3.8503864815027633,0.2796135184972375,True
2021-10-27,No-arbitrage enforced,-0.7866398719314635,-4.06,-3.8815008879534374,0.1784991120465622,True
2021-10-28,No-arbitrage enforced,-0.7708961258201933,-4.472999999999999,-3.839823101721552,0.6331768982784469,True
2021-10-29,No-arbitrage enforced,-0.7585185449329691,-4.809,-3.8046034658162395,1.0043965341837606,True
2021-11-01,No-arbitrage enforced,-0.7840982594142364,-4.581,-3.8835265956796063,0.6974734043203941,True
2021-11-02,No-arbitrage enforced,-0.7789552381023487,-4.668000000000001,-3.873944628694234,0.7940553713057672,True
2021-11-03,No-arbitrage enforced,-0.7470801231568619,-4.977000000000001,-3.7863352110919686,1.1906647889080326,True
2021-11-04,No-arbitrage enforced,-0.745851997799804,-5.166999999999999,-3.776589044490179,1.3904109555098199,True
2021-11-05,No-arbitrage enforced,-0.7480999712823784,-4.883000000000001,-3.767024326559946,1.115975673440055,True
2021-11-08,No-arbitrage enforced,-0.7731652820014988,-4.924000000000001,-3.8352885304473934,1.088711469552608,True
2021-11-09,No-arbitrage enforced,-0.787181957998054,-4.409000000000001,-3.869116660648394,0.5398833393516065,True
2021-11-10,No-arbitrage enforced,-0.8006262153713989,-4.488999999999999,-3.8924236749331906,0.5965763250668084,True
2021-11-11,No-arbitrage enforced,-0.7707063136033167,-4.4030000000000005,-3.8200680587895377,0.5829319412104628,True
2021-11-12,No-arbitrage enforced,-0.7235545951615435,-4.437,-3.688159449918008,0.7488405500819924,True
2021-11-15,No-arbitrage enforced,-0.728141460031753,-4.2379999999999995,-3.70055869562771,0.5374413043722894,True
2021-11-16,No-arbitrage enforced,-0.7224525660678872,-3.9560000000000004,-3.683188132187413,0.2728118678125875,True
2021-11-17,No-arbitrage enforced,-0.7128118645569966,-4.196000000000001,-3.6391995217398176,0.556800478260183,True
2021-11-18,No-arbitrage enforced,-0.7330898628271593,-4.480000000000001,-3.6999741987593917,0.7800258012406096,True
2021-11-19,No-arbitrage enforced,-0.7335165238050819,-4.843999999999999,-3.696376169434118,1.1476238305658812,True
2021-11-22,No-arbitrage enforced,-0.8025277195371393,-4.744,-3.8897091860255038,0.854290813974496,True
2021-11-23,No-arbitrage enforced,-0.8074893924798859,-4.699000000000001,-3.9001685578536365,0.7988314421463643,True
2021-11-24,No-arbitrage enforced,-0.7804329241486133,-4.815,-3.834250460309985,0.9807495396900152,True
2021-11-26,No-arbitrage enforced,-0.9916885723755194,-4.827000000000001,-4.032773572005544,0.7942264279944569,True
2021-11-29,No-arbitrage enforced,-0.8844019154495325,-4.993,-4.019641405868404,0.9733585941315965,True
2021-11-30,No-arbitrage enforced,-0.9683721282913337,-5.0550000000000015,-4.0513944867416125,1.003605513258389,True
2021-12-01,No-arbitrage enforced,-0.9989999999999999,-5.521000000000001,-3.929641255390496,1.5913587446095048,True
2021-12-02,No-arbitrage enforced,-0.9646741407355871,-5.138,-4.014808598424993,1.1231914015750073,True
2021-12-03,No-arbitrage enforced,-0.9989999999999999,-4.963999999999999,-3.972471711711043,0.9915282882889556,True
2021-12-06,No-arbitrage enforced,-0.9563884175599414,-5.163999999999999,-4.029950018461518,1.1340499815384808,True
2021-12-07,No-arbitrage enforced,-0.8761558123818564,-5.1659999999999995,-4.028759273267173,1.1372407267328262,True
2021-12-08,No-arbitrage enforced,-0.826472914907756,-5.119999999999999,-3.9439173065966995,1.1760826934032997,True
2021-12-09,No-arbitrage enforced,-0.8713962042910933,-4.965999999999999,-4.024848203028342,0.9411517969716572,True
2021-12-10,No-arbitrage enforced,-0.7962637271795313,-4.734,-3.880167255798219,0.8538327442017808,True
2021-12-13,No-arbitrage enforced,-0.8427707011864422,-4.606999999999999,-3.9800693666656493,0.6269306333343501,True
2021-12-14,No-arbitrage enforced,-0.7822441187030237,-3.775999999999999,-3.775999999999999,0.0,True
2021-12-15,No-arbitrage enforced,-0.8147134936356671,-4.175,-3.9228822164104606,0.2521177835895392,True
2021-12-16,No-arbitrage enforced,-0.8461211116193718,-4.028999999999999,-3.983272495430165,0.04572750456983421,True
2021-12-17,No-arbitrage enforced,-0.6896377776476412,-3.4939999999999998,-3.4939999999999993,4.440892098500626e-16,True
2021-12-20,No-arbitrage enforced,-0.6023002448981885,-3.1710000000000007,-3.1710000000000007,0.0,True
2021-12-21,No-arbitrage enforced,-0.7295685483575785,-3.6330000000000013,-3.633000000000002,-4.440892098500626e-16,True
2021-12-22,No-arbitrage enforced,-0.7793252852392362,-4.203999999999999,-3.829967203547678,0.3740327964523207,True
2021-12-23,No-arbitrage enforced,-0.7593061731044702,-5.025999999999999,-3.7789933604558166,1.2470066395441823,True
2021-12-27,No-arbitrage enforced,-0.7741061193486779,-5.187,-3.8303786580004937,1.3566213419995066,True
2021-12-28,No-arbitrage enforced,-0.7725994733316092,-5.321000000000001,-3.8280562250023986,1.492943774997602,True
2021-12-29,No-arbitrage enforced,-0.7419314855278561,-5.6240000000000006,-3.7392170306062154,1.8847829693937852,True
2021-12-30,No-arbitrage enforced,-0.7622427829123425,-5.527000000000001,-3.7988343090804695,1.7281656909195315,True
2021-12-31,No-arbitrage enforced,-0.7503322689645368,-5.438,-3.762327338236674,1.6756726617633255,True
2022-01-03,No-arbitrage enforced,-0.7555476791268422,-5.149000000000001,-3.7893578495801017,1.3596421504198992,True
2022-01-04,No-arbitrage enforced,-0.7626323224295777,-5.036000000000001,-3.807068188689883,1.2289318113101184,True
2022-01-05,No-arbitrage enforced,-0.8355015304861261,-4.340999999999999,-3.9727108195332126,0.3682891804667867,True
2022-01-06,No-arbitrage enforced,-0.8193354014230799,-4.077000000000001,-3.9297159754499846,0.1472840245500162,True
2022-01-07,No-arbitrage enforced,-0.7909517964606062,-3.913999999999999,-3.8629388275114716,0.05106117248852726,True
2022-01-10,No-arbitrage enforced,-0.8158611767614848,-3.924000000000001,-3.924,8.881784197001252e-16,True
2022-01-11,No-arbitrage enforced,-0.771283226645144,-3.809,-3.8089999999999993,8.881784197001252e-16,True
2022-01-12,No-arbitrage enforced,-0.6957191549332447,-3.572999999999999,-3.573000000000001,-1.7763568394002505e-15,True
2022-01-13,No-arbitrage enforced,-0.6325557061560454,-3.3129999999999997,-3.3129999999999993,4.440892098500626e-16,True
2022-01-14,No-arbitrage enforced,-0.6485622906537206,-3.3849999999999993,-3.3849999999999985,8.881784197001252e-16,True
2022-01-18,No-arbitrage enforced,-0.549302336000373,-2.972,-2.971999999999999,8.881784197001252e-16,True
2022-01-19,No-arbitrage enforced,-0.6951820031404646,-3.472999999999999,-3.472999999999999,0.0,True
2022-01-20,No-arbitrage enforced,-0.5016876930954628,-2.758,-2.758000000000002,-1.7763568394002505e-15,True
2022-01-21,No-arbitrage enforced,-0.7902940630972783,-3.6180000000000008,-3.618,8.881784197001252e-16,True
2022-01-24,No-arbitrage enforced,-0.7989197281270412,-3.6060000000000003,-3.605999999999998,2.220446049250313e-15,True
2022-01-25,No-arbitrage enforced,-0.7264075802817189,-3.3900000000000006,-3.39,4.440892098500626e-16,True
2022-01-26,No-arbitrage enforced,-0.7150612394088375,-3.3379999999999996,-3.3379999999999996,0.0,True
2022-01-27,No-arbitrage enforced,-0.6590777523495465,-3.222,-3.2219999999999995,4.440892098500626e-16,True
2022-01-28,No-arbitrage enforced,-0.6626996783350529,-3.2960000000000007,-3.2960000000000007,0.0,True
2022-01-31,No-arbitrage enforced,-0.6020664494469139,-3.1439999999999997,-3.144,-4.440892098500626e-16,True
2022-02-01,No-arbitrage enforced,-0.6348459749228734,-3.3,-3.2999999999999994,4.440892098500626e-16,True
2022-02-02,No-arbitrage enforced,-0.6089547300843106,-3.205000000000001,-3.2050000000000023,-1.3322676295501878e-15,True
2022-02-03,No-arbitrage enforced,-0.6376527992037789,-3.275,-3.275000000000001,-8.881784197001252e-16,True
2022-02-04,No-arbitrage enforced,-0.5393628857558624,-2.9289999999999994,-2.929,-4.440892098500626e-16,True
2022-02-07,No-arbitrage enforced,-0.4643145634353894,-2.625,-2.6249999999999996,4.440892098500626e-16,True
2022-02-08,No-arbitrage enforced,-0.49697318582234246,-2.772,-2.7720000000000002,-4.440892098500626e-16,True
2022-02-09,No-arbitrage enforced,-0.5443070126186725,-2.978,-2.9779999999999998,4.440892098500626e-16,True
2022-02-10,No-arbitrage enforced,-0.5111738701798821,-2.8110000000000013,-2.8110000000000017,-4.440892098500626e-16,True
2022-02-11,No-arbitrage enforced,-0.48653370034485033,-2.681,-2.6810000000000005,-4.440892098500626e-16,True
2022-02-14,No-arbitrage enforced,-0.5237206985125892,-2.8120000000000003,-2.8120000000000003,0.0,True
2022-02-15,No-arbitrage enforced,-0.5589106541287883,-2.975999999999999,-2.9759999999999986,4.440892098500626e-16,True
2022-02-16,No-arbitrage enforced,-0.6373765495754491,-3.275,-3.2750000000000004,-4.440892098500626e-16,True
2022-02-17,No-arbitrage enforced,-0.6138240373135254,-3.1310000000000002,-3.1310000000000002,0.0,True
2022-02-18,No-arbitrage enforced,-0.5281736676223076,-2.836000000000001,-2.836000000000001,0.0,True
2022-02-22,No-arbitrage enforced,-0.5311907196522742,-2.833000000000001,-2.8330000000000006,4.440892098500626e-16,True
2022-02-23,No-arbitrage enforced,-0.4999135375064382,-2.6879999999999997,-2.6879999999999993,4.440892098500626e-16,True
2022-02-24,No-arbitrage enforced,-0.6012653246344769,-3.047999999999999,-3.048,-8.881784197001252e-16,True
2022-02-25,No-arbitrage enforced,-0.6478747143261894,-3.250999999999999,-3.251,-8.881784197001252e-16,True
2022-02-28,No-arbitrage enforced,-0.8620731471521496,-3.7360000000000015,-3.7360000000000015,0.0,True
2022-03-01,No-arbitrage enforced,-0.7755527273968664,-3.441999999999999,-3.441999999999999,0.0,True
2022-03-02,No-arbitrage enforced,-0.813107567568214,-3.6110000000000015,-3.611000000000001,4.440892098500626e-16,True
2022-03-03,No-arbitrage enforced,-0.6962460774021864,-3.3280000000000003,-3.328000000000001,-8.881784197001252e-16,True
2022-03-04,No-arbitrage enforced,-0.781040878318654,-3.497999999999999,-3.4979999999999976,1.3322676295501878e-15,True
2022-03-07,No-arbitrage enforced,-0.9683348708261528,-3.6689999999999996,-3.669,-4.440892098500626e-16,True
2022-03-08,No-arbitrage enforced,-0.8470703844617001,-3.525,-3.5250000000000004,-4.440892098500626e-16,True
2022-03-09,No-arbitrage enforced,-0.7506456854932372,-3.4120000000000004,-3.4120000000000004,0.0,True
2022-03-10,No-arbitrage enforced,-0.6151345431454316,-3.094,-3.0939999999999994,4.440892098500626e-16,True
2022-03-11,No-arbitrage enforced,-0.6109269548950624,-3.069999999999999,-3.069999999999999,0.0,True
2022-03-14,No-arbitrage enforced,-0.655570105651493,-3.181,-3.1810000000000005,-4.440892098500626e-16,True
2022-03-15,No-arbitrage enforced,-0.6038681154458849,-3.066,-3.066,0.0,True
2022-03-16,No-arbitrage enforced,-0.6268593126794522,-3.2,-3.2000000000000006,-4.440892098500626e-16,True
2022-03-17,No-arbitrage enforced,-0.7135507128202446,-3.4930000000000008,-3.493,8.881784197001252e-16,True
2022-03-18,No-arbitrage enforced,-0.7583167350641177,-3.663999999999999,-3.6639999999999984,4.440892098500626e-16,True
2022-03-21,No-arbitrage enforced,-0.7253035451412001,-3.572999999999999,-3.5729999999999986,4.440892098500626e-16,True
2022-03-22,No-arbitrage enforced,-0.8646147303603057,-3.972,-3.971999999999999,8.881784197001252e-16,True
2022-03-23,No-arbitrage enforced,-0.7584546859144301,-3.6710000000000007,-3.6710000000000003,4.440892098500626e-16,True
2022-03-24,No-arbitrage enforced,-0.8026471683210314,-3.8389999999999986,-3.838999999999998,4.440892098500626e-16,True
2022-03-25,No-arbitrage enforced,-0.8413906119538895,-4.025999999999999,-3.9650587116121176,0.060941288387881265,True
2022-03-28,No-arbitrage enforced,-0.8046517053903298,-3.8870000000000005,-3.8870000000000005,0.0,True
2022-03-29,No-arbitrage enforced,-0.827114381914113,-4.0,-3.966217827118341,0.03378217288165919,True
2022-03-30,No-arbitrage enforced,-0.8167664637927032,-3.928,-3.9279999999999995,4.440892098500626e-16,True
2022-03-31,No-arbitrage enforced,-0.8406214915234578,-4.072999999999999,-3.9686409281629245,0.10435907183707416,True
2022-04-01,No-arbitrage enforced,-0.8014918824169458,-4.550999999999999,-3.8777748982314306,0.6732251017685686,True
2022-04-04,No-arbitrage enforced,-0.7973159647606384,-4.647999999999999,-3.8855355974157755,0.7624644025842233,True
2022-04-05,No-arbitrage enforced,-0.8439928108029783,-4.133000000000001,-3.966977311886941,0.16602268811305976,True
2022-04-06,No-arbitrage enforced,-0.8592069582321703,-4.427000000000001,-3.9805890486291355,0.44641095137086584,True
2022-04-07,No-arbitrage enforced,-0.844107782186957,-3.955000000000001,-3.9550000000000005,4.440892098500626e-16,True
2022-04-08,No-arbitrage enforced,-0.8232472453625493,-4.150999999999999,-3.907684011086291,0.24331598891370776,True
2022-04-11,No-arbitrage enforced,-0.8086640953202888,-3.7909999999999995,-3.7909999999999995,0.0,True
2022-04-12,No-arbitrage enforced,-0.7967270369553469,-3.7620000000000005,-3.761999999999999,1.3322676295501878e-15,True
2022-04-13,No-arbitrage enforced,-0.8519816168134392,-3.9860000000000015,-3.969053746403034,0.01694625359696733,True
2022-04-14,No-arbitrage enforced,-0.6785448300675713,-3.4389999999999987,-3.4389999999999996,-8.881784197001252e-16,True
2022-04-18,No-arbitrage enforced,-0.5793943334149765,-3.094,-3.0940000000000007,-8.881784197001252e-16,True
2022-04-19,No-arbitrage enforced,-0.5771575351108275,-3.094,-3.094,0.0,True
2022-04-20,No-arbitrage enforced,-0.6619980263037057,-3.4180000000000006,-3.418,4.440892098500626e-16,True
2022-04-21,No-arbitrage enforced,-0.6297091552109946,-3.272,-3.2720000000000002,-4.440892098500626e-16,True
2022-04-22,No-arbitrage enforced,-0.7842088442645241,-3.622,-3.622,0.0,True
2022-04-25,No-arbitrage enforced,-0.6732633787286829,-3.3419999999999987,-3.341999999999999,-4.440892098500626e-16,True
2022-04-26,No-arbitrage enforced,-0.93718863811563,-3.7430000000000008,-3.7430000000000017,-8.881784197001252e-16,True
2022-04-27,No-arbitrage enforced,-0.930225403442812,-3.809,-3.8089999999999975,2.6645352591003757e-15,True
2022-04-28,No-arbitrage enforced,-0.8127805094093852,-3.6349999999999993,-3.6349999999999993,0.0,True
2022-04-29,No-arbitrage enforced,-0.8904391952644007,-3.6689999999999996,-3.6689999999999987,8.881784197001252e-16,True
2022-05-02,No-arbitrage enforced,-0.646151465473423,-3.1400000000000006,-3.14,4.440892098500626e-16,True
2022-05-03,No-arbitrage enforced,-0.5517090732350958,-2.9,-2.9000000000000004,-4.440892098500626e-16,True
2022-05-04,No-arbitrage enforced,-0.5055762612156561,-2.775,-2.775,0.0,True
2022-05-05,No-arbitrage enforced,-0.5508865540105047,-2.8650000000000007,-2.865000000000001,-4.440892098500626e-16,True
2022-05-06,No-arbitrage enforced,-0.47905862475907934,-2.6209999999999996,-2.6209999999999996,0.0,True
2022-05-09,No-arbitrage enforced,-0.5222503181591408,-2.7049999999999996,-2.7049999999999996,0.0,True
2022-05-10,No-arbitrage enforced,-0.4795996566936777,-2.586,-2.5859999999999985,1.3322676295501878e-15,True
2022-05-11,No-arbitrage enforced,-0.4419102456645474,-2.4510000000000005,-2.4510000000000005,0.0,True
2022-05-12,No-arbitrage enforced,-0.3286043003372778,-1.9909999999999997,-1.9909999999999994,2.220446049250313e-16,True
2022-05-13,No-arbitrage enforced,-0.3753242954502913,-2.2090000000000005,-2.2090000000000005,0.0,True
2022-05-16,No-arbitrage enforced,-0.2751028432389726,-1.7530000000000001,-1.7530000000000001,0.0,True
2022-05-17,No-arbitrage enforced,-0.27836727692298535,-1.7680000000000007,-1.768000000000001,-2.220446049250313e-16,True
2022-05-18,No-arbitrage enforced,-0.4112416115387065,-2.345999999999999,-2.3459999999999988,4.440892098500626e-16,True
2022-05-19,No-arbitrage enforced,-0.3891986473957861,-2.2659999999999996,-2.2660000000000005,-8.881784197001252e-16,True
2022-05-20,No-arbitrage enforced,-0.38135578210911886,-2.2319999999999993,-2.2319999999999993,0.0,True
2022-05-23,No-arbitrage enforced,-0.3401886062596958,-2.0549999999999997,-2.0549999999999997,0.0,True
2022-05-24,No-arbitrage enforced,-0.3964226869860665,-2.2959999999999994,-2.2959999999999994,0.0,True
2022-05-25,No-arbitrage enforced,-0.30307050879301717,-1.8849999999999993,-1.8849999999999993,0.0,True
2022-05-26,No-arbitrage enforced,-0.378193530133701,-2.228,-2.228,0.0,True
2022-05-27,No-arbitrage enforced,-0.3539682359128522,-2.125,-2.1250000000000004,-4.440892098500626e-16,True
2022-05-31,No-arbitrage enforced,-0.307987660390075,-1.9099999999999995,-1.9099999999999995,0.0,True
2022-06-01,No-arbitrage enforced,-0.3121513380839834,-1.9299999999999997,-1.9300000000000002,-4.440892098500626e-16,True
2022-06-02,No-arbitrage enforced,-0.35675634776112103,-2.1400000000000006,-2.1400000000000006,0.0,True
2022-06-03,No-arbitrage enforced,-0.3753631180020282,-2.225,-2.225,0.0,True
2022-06-06,No-arbitrage enforced,-0.377977023576378,-2.2359999999999998,-2.2359999999999993,4.440892098500626e-16,True
2022-06-07,No-arbitrage enforced,-0.34063713780645644,-2.066,-2.0659999999999994,4.440892098500626e-16,True
2022-06-08,No-arbitrage enforced,-0.3085272628764829,-1.9129999999999996,-1.913,-4.440892098500626e-16,True
2022-06-09,No-arbitrage enforced,-0.34131143216869186,-2.066,-2.0659999999999994,4.440892098500626e-16,True
2022-06-10,No-arbitrage enforced,-0.36396220145790287,-2.164,-2.164,0.0,True
2022-06-13,No-arbitrage enforced,-0.4368461245462507,-2.414,-2.4139999999999997,4.440892098500626e-16,True
2022-06-14,No-arbitrage enforced,-0.4594925128194258,-2.5159999999999996,-2.516,-4.440892098500626e-16,True
2022-06-15,No-arbitrage enforced,-0.29289564293029047,-1.8359999999999999,-1.8360000000000003,-4.440892098500626e-16,True
2022-06-16,No-arbitrage enforced,-0.3914022503543611,-2.248,-2.248,0.0,True
2022-06-17,No-arbitrage enforced,-0.3563828306976567,-2.1150000000000007,-2.1150000000000007,0.0,True
2022-06-21,No-arbitrage enforced,-0.3605303112940121,-2.1379999999999995,-2.1379999999999986,8.881784197001252e-16,True
2022-06-22,No-arbitrage enforced,-0.31125738392789504,-1.922,-1.9220000000000002,-2.220446049250313e-16,True
2022-06-23,No-arbitrage enforced,-0.35317118653043056,-2.1109999999999998,-2.1109999999999998,0.0,True
2022-06-24,No-arbitrage enforced,-0.3368235393074763,-2.0430000000000006,-2.043000000000001,-4.440892098500626e-16,True
2022-06-27,No-arbitrage enforced,-0.32694045529749766,-1.9980000000000004,-1.9980000000000004,0.0,True
2022-06-28,No-arbitrage enforced,-0.3381170664899242,-2.0459999999999994,-2.0459999999999994,0.0,True
2022-06-29,No-arbitrage enforced,-0.3118259208363338,-1.9260000000000006,-1.926000000000001,-4.440892098500626e-16,True
2022-06-30,No-arbitrage enforced,-0.32686893518796545,-1.9939999999999998,-1.9939999999999996,2.220446049250313e-16,True
2022-07-01,No-arbitrage enforced,-0.29728661117741284,-1.8590000000000004,-1.8590000000000004,0.0,True
2022-07-05,No-arbitrage enforced,-0.2889165876550374,-1.8189999999999997,-1.8190000000000004,-6.661338147750939e-16,True
2022-07-06,No-arbitrage enforced,-0.2735266991685653,-1.7450000000000003,-1.7450000000000003,0.0,True
2022-07-07,No-arbitrage enforced,-0.3008269336823592,-1.8760000000000006,-1.8760000000000006,0.0,True
2022-07-08,No-arbitrage enforced,-0.2878462697014873,-1.8129999999999995,-1.8129999999999997,-2.220446049250313e-16,True
2022-07-11,No-arbitrage enforced,-0.3228432101845735,-1.9799999999999998,-1.9800000000000004,-6.661338147750939e-16,True
2022-07-12,No-arbitrage enforced,-0.3566752361527615,-2.133,-2.133,0.0,True
2022-07-13,No-arbitrage enforced,-0.3361987502687081,-2.0409999999999995,-2.040999999999999,4.440892098500626e-16,True
2022-07-14,No-arbitrage enforced,-0.36915332395867634,-2.192,-2.192,0.0,True
2022-07-15,No-arbitrage enforced,-0.3800730525046176,-2.248,-2.2480000000000007,-4.440892098500626e-16,True
2022-07-18,No-arbitrage enforced,-0.33865093687143355,-2.0549999999999997,-2.0549999999999993,4.440892098500626e-16,True
2022-07-19,No-arbitrage enforced,-0.3276023970083358,-2.0040000000000004,-2.004,4.440892098500626e-16,True
2022-07-20,No-arbitrage enforced,-0.26992192325803277,-1.7239999999999995,-1.724,-4.440892098500626e-16,True
2022-07-21,No-arbitrage enforced,-0.29993449030480546,-1.8709999999999993,-1.8709999999999996,-2.220446049250313e-16,True
2022-07-22,No-arbitrage enforced,-0.30896983529897926,-1.9150000000000005,-1.9150000000000007,-2.220446049250313e-16,True
2022-07-25,No-arbitrage enforced,-0.3153682885595626,-1.9459999999999993,-1.9459999999999993,0.0,True
2022-07-26,No-arbitrage enforced,-0.35436273900351833,-2.1290000000000004,-2.1290000000000004,0.0,True
2022-07-27,No-arbitrage enforced,-0.3673433054781559,-2.192,-2.1920000000000006,-4.440892098500626e-16,True
2022-07-28,No-arbitrage enforced,-0.38311620582382955,-2.2670000000000003,-2.267000000000001,-4.440892098500626e-16,True
2022-07-29,No-arbitrage enforced,-0.37444186080440606,-2.2290000000000005,-2.229000000000001,-4.440892098500626e-16,True
2022-08-01,No-arbitrage enforced,-0.38930010162814116,-2.2939999999999996,-2.293999999999999,4.440892098500626e-16,True
2022-08-02,No-arbitrage enforced,-0.36463004488351836,-2.178,-2.1780000000000004,-4.440892098500626e-16,True
2022-08-03,No-arbitrage enforced,-0.3506957536407543,-2.1159999999999997,-2.115999999999999,4.440892098500626e-16,True
2022-08-04,No-arbitrage enforced,-0.38565965551238585,-2.281,-2.2810000000000006,-4.440892098500626e-16,True
2022-08-05,No-arbitrage enforced,-0.4556085672424943,-2.597,-2.5969999999999995,4.440892098500626e-16,True
2022-08-08,No-arbitrage enforced,-0.40469446361467776,-2.3689999999999998,-2.369,-4.440892098500626e-16,True
2022-08-09,No-arbitrage enforced,-0.4098891213932087,-2.3909999999999996,-2.3909999999999996,0.0,True
2022-08-10,No-arbitrage enforced,-0.4331474673690177,-2.5040000000000004,-2.5040000000000004,0.0,True
2022-08-11,No-arbitrage enforced,-0.4744180185493297,-2.684,-2.684000000000001,-8.881784197001252e-16,True
2022-08-12,No-arbitrage enforced,-0.5326161904378619,-2.934,-2.9340000000000006,-4.440892098500626e-16,True
2022-08-15,No-arbitrage enforced,-0.4922276398116512,-2.7620000000000005,-2.762000000000001,-4.440892098500626e-16,True
2022-08-16,No-arbitrage enforced,-0.45661322404054755,-2.6090000000000004,-2.6090000000000004,0.0,True
2022-08-17,No-arbitrage enforced,-0.3689545177644608,-2.2060000000000004,-2.206,4.440892098500626e-16,True
2022-08-18,No-arbitrage enforced,-0.41496867294613005,-2.4219999999999997,-2.4219999999999993,4.440892098500626e-16,True
2022-08-19,No-arbitrage enforced,-0.4039905954428848,-2.3680000000000008,-2.368000000000002,-1.3322676295501878e-15,True
2022-08-22,No-arbitrage enforced,-0.4120348560138817,-2.3930000000000007,-2.3930000000000002,4.440892098500626e-16,True
2022-08-23,No-arbitrage enforced,-0.41006559852094426,-2.383,-2.383,0.0,True
2022-08-24,No-arbitrage enforced,-0.3857891093617151,-2.278,-2.2779999999999996,4.440892098500626e-16,True
2022-08-25,No-arbitrage enforced,-0.3921392541935171,-2.3099999999999996,-2.3099999999999996,0.0,True
2022-08-26,No-arbitrage enforced,-0.4286695676726634,-2.4569999999999994,-2.456999999999999,4.440892098500626e-16,True
2022-08-29,No-arbitrage enforced,-0.3701268044639403,-2.197,-2.1970000000000005,-4.440892098500626e-16,True
2022-08-30,No-arbitrage enforced,-0.34897729760520674,-2.1010000000000004,-2.1010000000000004,0.0,True
2022-08-31,No-arbitrage enforced,-0.32085891758919854,-1.9709999999999994,-1.970999999999999,4.440892098500626e-16,True
2022-09-01,No-arbitrage enforced,-0.34283065222741504,-2.0739999999999994,-2.0739999999999994,0.0,True
2022-09-02,No-arbitrage enforced,-0.32290483386355523,-1.9810000000000003,-1.9810000000000003,0.0,True
2022-09-06,No-arbitrage enforced,-0.3239099269488337,-1.9840000000000004,-1.9840000000000002,2.220446049250313e-16,True
2022-09-07,No-arbitrage enforced,-0.3068596510922181,-1.9049999999999998,-1.905,-2.220446049250313e-16,True
2022-09-08,No-arbitrage enforced,-0.30750268177610107,-1.908,-1.9080000000000006,-6.661338147750939e-16,True
2022-09-09,No-arbitrage enforced,-0.31949864662456323,-1.9659999999999997,-1.965999999999999,6.661338147750939e-16,True
2022-09-12,No-arbitrage enforced,-0.34911860414256923,-2.1060000000000003,-2.106,4.440892098500626e-16,True
2022-09-13,No-arbitrage enforced,-0.45270084272990413,-2.5459999999999994,-2.5459999999999976,1.7763568394002505e-15,True
2022-09-14,No-arbitrage enforced,-0.3311953608738048,-2.0189999999999997,-2.019,-4.440892098500626e-16,True
2022-09-15,No-arbitrage enforced,-0.3265066286227611,-1.9969999999999999,-1.9969999999999997,2.220446049250313e-16,True
2022-09-16,No-arbitrage enforced,-0.2789589342241159,-1.7709999999999995,-1.7709999999999992,2.220446049250313e-16,True
2022-09-19,No-arbitrage enforced,-0.24950486226900978,-1.6260000000000006,-1.6260000000000003,2.220446049250313e-16,True
2022-09-20,No-arbitrage enforced,-0.2578003386950958,-1.6689999999999998,-1.669,-2.220446049250313e-16,True
2022-09-21,No-arbitrage enforced,-0.24774692572219378,-1.6209999999999993,-1.6209999999999996,-2.220446049250313e-16,True
2022-09-22,No-arbitrage enforced,-0.24081081180442715,-1.5859999999999999,-1.5859999999999999,0.0,True
2022-09-23,No-arbitrage enforced,-0.3066867912683246,-1.8989999999999996,-1.8989999999999987,8.881784197001252e-16,True
2022-09-26,No-arbitrage enforced,-0.33142983624536565,-2.0010000000000003,-2.0010000000000003,0.0,True
2022-09-27,No-arbitrage enforced,-0.34064997343483466,-2.039,-2.0389999999999997,4.440892098500626e-16,True
2022-09-28,No-arbitrage enforced,-0.3377224418553837,-2.0379999999999994,-2.038,-4.440892098500626e-16,True
2022-09-29,No-arbitrage enforced,-0.366556437844458,-2.154000000000001,-2.154000000000001,0.0,True
2022-09-30,No-arbitrage enforced,-0.41592734451755986,-2.3590000000000004,-2.359,4.440892098500626e-16,True
2022-10-03,No-arbitrage enforced,-0.36042344427859685,-2.1379999999999995,-2.138,-4.440892098500626e-16,True
2022-10-04,No-arbitrage enforced,-0.3841368124869626,-2.2459999999999996,-2.2459999999999987,8.881784197001252e-16,True
2022-10-05,No-arbitrage enforced,-0.3678781694003968,-2.178,-2.178,0.0,True
2022-10-06,No-arbitrage enforced,-0.38579202513254535,-2.2439999999999998,-2.2439999999999998,0.0,True
2022-10-07,No-arbitrage enforced,-0.3721925216563622,-2.181,-2.181,0.0,True
2022-10-10,No-arbitrage enforced,-0.3330369250867518,-2.0069999999999992,-2.0069999999999983,8.881784197001252e-16,True
2022-10-11,No-arbitrage enforced,-0.3357786696587836,-2.0120000000000005,-2.0120000000000005,0.0,True
2022-10-12,No-arbitrage enforced,-0.3326429318721322,-1.9989999999999994,-1.9989999999999994,0.0,True
2022-10-13,No-arbitrage enforced,-0.28208693618248576,-1.7819999999999994,-1.7819999999999996,-2.220446049250313e-16,True
2022-10-14,No-arbitrage enforced,-0.315015421245831,-1.9299999999999997,-1.9299999999999993,4.440892098500626e-16,True
2022-10-17,No-arbitrage enforced,-0.26349771746496853,-1.6969999999999998,-1.6969999999999996,2.220446049250313e-16,True
2022-10-18,No-arbitrage enforced,-0.26145294331782054,-1.6879999999999995,-1.6879999999999993,2.220446049250313e-16,True
2022-10-19,No-arbitrage enforced,-0.26957762519902406,-1.7260000000000004,-1.7260000000000002,2.220446049250313e-16,True
2022-10-20,No-arbitrage enforced,-0.2726434419525497,-1.7409999999999997,-1.7409999999999992,4.440892098500626e-16,True
2022-10-21,No-arbitrage enforced,-0.2469910776735218,-1.6189999999999998,-1.6189999999999998,0.0,True
2022-10-24,No-arbitrage enforced,-0.22179535706286516,-1.4969999999999999,-1.4969999999999997,2.220446049250313e-16,True
2022-10-25,No-arbitrage enforced,-0.21567271436682625,-1.464,-1.4640000000000002,-2.220446049250313e-16,True
2022-10-26,No-arbitrage enforced,-0.20078735079193868,-1.386,-1.3859999999999997,2.220446049250313e-16,True
2022-10-27,No-arbitrage enforced,-0.18829125345517672,-1.3230000000000004,-1.323,4.440892098500626e-16,True
2022-10-28,No-arbitrage enforced,-0.16693340201545118,-1.2060000000000002,-1.2060000000000004,-2.220446049250313e-16,True
2022-10-31,No-arbitrage enforced,-0.16489128607698716,-1.1959999999999993,-1.1959999999999995,-2.220446049250313e-16,True
2022-11-01,No-arbitrage enforced,-0.15499599693844507,-1.1439999999999997,-1.1439999999999997,0.0,True
2022-11-02,No-arbitrage enforced,-0.16548630349943597,-1.1989999999999994,-1.1989999999999992,2.220446049250313e-16,True
2022-11-03,No-arbitrage enforced,-0.13464705289956694,-1.0340000000000003,-1.0340000000000003,0.0,True
2022-11-04,No-arbitrage enforced,-0.1596754419080545,-1.1620000000000004,-1.1620000000000006,-2.220446049250313e-16,True
2022-11-07,No-arbitrage enforced,-0.1608227947389299,-1.1670000000000003,-1.1669999999999996,6.661338147750939e-16,True
2022-11-08,No-arbitrage enforced,-0.19593907527709412,-1.3549999999999998,-1.3549999999999995,2.220446049250313e-16,True
2022-11-09,No-arbitrage enforced,-0.21143892891176994,-1.436,-1.4360000000000002,-2.220446049250313e-16,True
2022-11-10,No-arbitrage enforced,-0.15691022119290837,-1.1420000000000001,-1.1420000000000006,-4.440892098500626e-16,True
2022-11-11,No-arbitrage enforced,-0.20864759678422953,-1.4090000000000003,-1.4090000000000003,0.0,True
2022-11-14,No-arbitrage enforced,-0.19965098389795405,-1.3670000000000002,-1.3670000000000004,-2.220446049250313e-16,True
2022-11-15,No-arbitrage enforced,-0.24362176392355184,-1.5939999999999999,-1.5939999999999994,4.440892098500626e-16,True
2022-11-16,No-arbitrage enforced,-0.23630147798739679,-1.5560000000000003,-1.5560000000000005,-2.220446049250313e-16,True
2022-11-17,No-arbitrage enforced,-0.2300940029623206,-1.5239999999999996,-1.5239999999999998,-2.220446049250313e-16,True
2022-11-18,No-arbitrage enforced,-0.2252918605125731,-1.4969999999999999,-1.4969999999999994,4.440892098500626e-16,True
2022-11-21,No-arbitrage enforced,-0.2170488651467933,-1.4519999999999995,-1.4519999999999993,2.220446049250313e-16,True
2022-11-22,No-arbitrage enforced,-0.25107946271950715,-1.6239999999999994,-1.6239999999999992,2.220446049250313e-16,True
2022-11-23,No-arbitrage enforced,-0.2990568920531429,-1.8650000000000007,-1.8650000000000015,-8.881784197001252e-16,True
2022-11-25,No-arbitrage enforced,-0.5047200745769292,-2.8110000000000013,-2.8110000000000013,0.0,True
2022-11-28,No-arbitrage enforced,-0.29516979585138575,-1.847,-1.8470000000000002,-2.220446049250313e-16,True
2022-11-29,No-arbitrage enforced,-0.3343629687624033,-2.0379999999999994,-2.038,-4.440892098500626e-16,True
2022-11-30,No-arbitrage enforced,-0.2954208075997986,-1.847,-1.8470000000000004,-4.440892098500626e-16,True
2022-12-01,No-arbitrage enforced,-0.28203131949153215,-1.7790000000000006,-1.7790000000000006,0.0,True
2022-12-02,No-arbitrage enforced,-0.2884880048283314,-1.811,-1.8109999999999997,2.220446049250313e-16,True
2022-12-05,No-arbitrage enforced,-0.28102832982522247,-1.775,-1.7749999999999995,4.440892098500626e-16,True
2022-12-06,No-arbitrage enforced,-0.2678859621018707,-1.7109999999999999,-1.7109999999999999,0.0,True
2022-12-07,No-arbitrage enforced,-0.28174292745720714,-1.7810000000000001,-1.7810000000000006,-4.440892098500626e-16,True
2022-12-08,No-arbitrage enforced,-0.27642659918475915,-1.7540000000000007,-1.7540000000000007,0.0,True
2022-12-09,No-arbitrage enforced,-0.3108297753186343,-1.9239999999999995,-1.9239999999999997,-2.220446049250313e-16,True
2022-12-12,No-arbitrage enforced,-0.3669204773618507,-2.186,-2.1859999999999995,4.440892098500626e-16,True
2022-12-13,No-arbitrage enforced,-0.3845424785692028,-2.2730000000000006,-2.273000000000001,-4.440892098500626e-16,True
2022-12-14,No-arbitrage enforced,-0.4164599138254439,-2.4230000000000005,-2.423,4.440892098500626e-16,True
2022-12-15,No-arbitrage enforced,-0.42375796956985806,-2.4489999999999994,-2.4489999999999985,8.881784197001252e-16,True
2022-12-16,No-arbitrage enforced,-0.3273733569635942,-2.0040000000000004,-2.004000000000001,-4.440892098500626e-16,True
2022-12-19,No-arbitrage enforced,-0.2674010820051109,-1.7090000000000003,-1.7090000000000003,0.0,True
2022-12-20,No-arbitrage enforced,-0.2379223334904073,-1.5569999999999993,-1.556999999999999,2.220446049250313e-16,True
2022-12-21,No-arbitrage enforced,-0.21341133729457393,-1.425,-1.425,0.0,True
2022-12-22,No-arbitrage enforced,-0.215383847244555,-1.4420000000000002,-1.4420000000000002,0.0,True
2022-12-23,No-arbitrage enforced,-0.21899229293661948,-1.4569999999999994,-1.4569999999999996,-2.220446049250313e-16,True
2022-12-27,No-arbitrage enforced,-0.19686831284878875,-1.3439999999999999,-1.3439999999999996,2.220446049250313e-16,True
2022-12-28,No-arbitrage enforced,-0.16976711709501952,-1.203,-1.203,0.0,True
2022-12-29,No-arbitrage enforced,-0.19380612580925777,-1.3269999999999995,-1.326999999999999,4.440892098500626e-16,True
2022-12-30,No-arbitrage enforced,-0.1993271246318501,-1.3569999999999993,-1.3569999999999995,-2.220446049250313e-16,True
2023-01-03,No-arbitrage enforced,-0.1825130619791995,-1.2739999999999996,-1.2739999999999996,0.0,True
2023-01-04,No-arbitrage enforced,-0.17195975137155725,-1.214,-1.2139999999999997,2.220446049250313e-16,True
2023-01-05,No-arbitrage enforced,-0.18156853878165435,-1.2670000000000001,-1.2670000000000001,0.0,True
2023-01-06,No-arbitrage enforced,-0.2052556017678272,-1.386,-1.3859999999999995,4.440892098500626e-16,True
2023-01-09,No-arbitrage enforced,-0.21538384724455506,-1.4420000000000002,-1.4420000000000004,-2.220446049250313e-16,True
2023-01-10,No-arbitrage enforced,-0.22070813397855196,-1.4650000000000005,-1.465000000000001,-4.440892098500626e-16,True
2023-01-11,No-arbitrage enforced,-0.2290423915666219,-1.5099999999999993,-1.5099999999999993,0.0,True
2023-01-12,No-arbitrage enforced,-0.27440378991277425,-1.739,-1.739,0.0,True
2023-01-13,No-arbitrage enforced,-0.36081009871570274,-2.1700000000000004,-2.1700000000000004,0.0,True
2023-01-17,No-arbitrage enforced,-0.32648297432658585,-2.0010000000000003,-2.001000000000001,-4.440892098500626e-16,True
2023-01-18,No-arbitrage enforced,-0.32453574307800864,-1.9909999999999997,-1.990999999999999,6.661338147750939e-16,True
2023-01-19,No-arbitrage enforced,-0.3517874560571949,-2.123,-2.123,0.0,True
2023-01-20,No-arbitrage enforced,-0.33020364067067354,-2.0189999999999997,-2.0190000000000006,-8.881784197001252e-16,True
2023-01-23,No-arbitrage enforced,-0.3449726577501914,-2.0909999999999997,-2.091,-4.440892098500626e-16,True
2023-01-24,No-arbitrage enforced,-0.35368451764269376,-2.1340000000000003,-2.134000000000001,-4.440892098500626e-16,True
2023-01-25,No-arbitrage enforced,-0.3474632321805726,-2.1040000000000005,-2.1040000000000005,0.0,True
2023-01-26,No-arbitrage enforced,-0.35662222393958604,-2.1489999999999996,-2.1489999999999996,0.0,True
2023-01-27,No-arbitrage enforced,-0.36647294520388013,-2.197,-2.1969999999999996,4.440892098500626e-16,True
2023-01-30,No-arbitrage enforced,-0.34046699137913833,-2.069,-2.0689999999999995,4.440892098500626e-16,True
2023-01-31,No-arbitrage enforced,-0.3947774859127357,-2.3290000000000006,-2.3290000000000006,0.0,True
2023-02-01,No-arbitrage enforced,-0.37072538177586206,-2.219,-2.219,0.0,True
2023-02-02,No-arbitrage enforced,-0.40695807301253983,-2.3879999999999995,-2.388,-4.440892098500626e-16,True
2023-02-03,No-arbitrage enforced,-0.38962578822202304,-2.308,-2.3080000000000003,-4.440892098500626e-16,True
2023-02-06,No-arbitrage enforced,-0.3888202352597051,-2.3010000000000006,-2.301,4.440892098500626e-16,True
2023-02-07,No-arbitrage enforced,-0.39578326539698483,-2.336,-2.3359999999999994,4.440892098500626e-16,True
2023-02-08,No-arbitrage enforced,-0.35755864463922504,-2.1519999999999997,-2.1519999999999997,0.0,True
2023-02-09,No-arbitrage enforced,-0.3383363298033221,-2.058,-2.058,0.0,True
2023-02-10,No-arbitrage enforced,-0.34451267593282064,-2.0879999999999996,-2.0879999999999996,0.0,True
2023-02-13,No-arbitrage enforced,-0.37803141931217576,-2.248,-2.2479999999999993,8.881784197001252e-16,True
2023-02-14,No-arbitrage enforced,-0.35214613596428423,-2.127,-2.127,0.0,True
2023-02-15,No-arbitrage enforced,-0.3537609940053704,-2.136,-2.1359999999999997,4.440892098500626e-16,True
2023-02-16,No-arbitrage enforced,-0.39096599601005455,-2.309,-2.309000000000001,-8.881784197001252e-16,True
2023-02-17,No-arbitrage enforced,-0.3865996563340259,-2.289,-2.289,0.0,True
2023-02-21,No-arbitrage enforced,-0.4147965160964734,-2.4090000000000003,-2.4089999999999994,8.881784197001252e-16,True
2023-02-22,No-arbitrage enforced,-0.38613394269308154,-2.281,-2.2809999999999997,4.440892098500626e-16,True
2023-02-23,No-arbitrage enforced,-0.3650087026618249,-2.1849999999999996,-2.184999999999999,4.440892098500626e-16,True
2023-02-24,No-arbitrage enforced,-0.35188452575460516,-2.122,-2.1219999999999994,4.440892098500626e-16,True
2023-02-27,No-arbitrage enforced,-0.3375475315319571,-2.0540000000000007,-2.0540000000000007,0.0,True
2023-02-28,No-arbitrage enforced,-0.3266063491363427,-2.0010000000000003,-2.0010000000000003,0.0,True
2023-03-01,No-arbitrage enforced,-0.30385651947109166,-1.889,-1.8890000000000002,-2.220446049250313e-16,True
2023-03-02,No-arbitrage enforced,-0.2779493089788007,-1.7579999999999998,-1.7579999999999993,4.440892098500626e-16,True
2023-03-03,No-arbitrage enforced,-0.28915155776397694,-1.814,-1.8139999999999992,8.881784197001252e-16,True
2023-03-06,No-arbitrage enforced,-0.33002295568689843,-2.0189999999999997,-2.019000000000001,-1.3322676295501878e-15,True
2023-03-07,No-arbitrage enforced,-0.3377304516852678,-2.056,-2.056,0.0,True
2023-03-08,No-arbitrage enforced,-0.312548808086852,-1.9319999999999993,-1.9319999999999984,8.881784197001252e-16,True
2023-03-09,No-arbitrage enforced,-0.37352554377954134,-2.222,-2.221999999999999,8.881784197001252e-16,True
2023-03-10,No-arbitrage enforced,-0.5696588020631952,-3.027000000000001,-3.0270000000000006,4.440892098500626e-16,True
2023-03-13,No-arbitrage enforced,-0.6302801593537432,-3.2139999999999986,-3.2139999999999977,8.881784197001252e-16,True
2023-03-14,No-arbitrage enforced,-0.6340118395043887,-3.272,-3.272,0.0,True
2023-03-15,No-arbitrage enforced,-0.7774239695670494,-3.6620000000000004,-3.6620000000000004,0.0,True
2023-03-16,No-arbitrage enforced,-0.6842593070765861,-3.4530000000000003,-3.453,4.440892098500626e-16,True
2023-03-17,No-arbitrage enforced,-0.6020375292745707,-3.1340000000000003,-3.1340000000000003,0.0,True
2023-03-20,No-arbitrage enforced,-0.5579837814675485,-2.9909999999999997,-2.990999999999999,4.440892098500626e-16,True
2023-03-21,No-arbitrage enforced,-0.49067727943864264,-2.7459999999999996,-2.7459999999999996,0.0,True
2023-03-22,No-arbitrage enforced,-0.39374823654504926,-2.316,-2.3159999999999994,4.440892098500626e-16,True
2023-03-23,No-arbitrage enforced,-0.44655065136781463,-2.55,-2.5499999999999994,4.440892098500626e-16,True
2023-03-24,No-arbitrage enforced,-0.47751407122761547,-2.6879999999999997,-2.6879999999999997,0.0,True
2023-03-27,No-arbitrage enforced,-0.45564144374577387,-2.6,-2.6000000000000005,-4.440892098500626e-16,True
2023-03-28,No-arbitrage enforced,-0.38678524733143016,-2.2900000000000005,-2.29,4.440892098500626e-16,True
2023-03-29,No-arbitrage enforced,-0.4046698165420897,-2.3760000000000003,-2.376,4.440892098500626e-16,True
2023-03-30,No-arbitrage enforced,-0.46077962009989326,-2.6310000000000002,-2.6310000000000007,-4.440892098500626e-16,True
2023-03-31,No-arbitrage enforced,-0.45006827720013015,-2.5849999999999995,-2.5849999999999995,0.0,True
2023-04-03,No-arbitrage enforced,-0.45794868596624355,-2.6209999999999996,-2.6209999999999996,0.0,True
2023-04-04,No-arbitrage enforced,-0.47714714805576974,-2.7030000000000003,-2.7030000000000003,0.0,True
2023-04-05,No-arbitrage enforced,-0.47611108328220314,-2.6980000000000004,-2.6979999999999995,8.881784197001252e-16,True
2023-04-06,No-arbitrage enforced,-0.41833546942119687,-2.442,-2.442,0.0,True
2023-04-10,No-arbitrage enforced,-0.47550096607432957,-2.6959999999999993,-2.695999999999999,4.440892098500626e-16,True
2023-04-11,No-arbitrage enforced,-0.48628195840899024,-2.742,-2.7419999999999995,4.440892098500626e-16,True
2023-04-12,No-arbitrage enforced,-0.5478863177434833,-3.0,-3.0000000000000004,-4.440892098500626e-16,True
2023-04-13,No-arbitrage enforced,-0.6043231427767637,-3.2360000000000015,-3.236000000000002,-4.440892098500626e-16,True
2023-04-14,No-arbitrage enforced,-0.6631483769025628,-3.4650000000000007,-3.465,8.881784197001252e-16,True
2023-04-17,No-arbitrage enforced,-0.673515398377444,-3.503999999999999,-3.503999999999999,0.0,True
2023-04-18,No-arbitrage enforced,-0.7331396790395085,-3.7120000000000006,-3.711999999999998,2.6645352591003757e-15,True
2023-04-19,No-arbitrage enforced,-0.5537821759789775,-3.047999999999999,-3.0479999999999987,4.440892098500626e-16,True
2023-04-20,No-arbitrage enforced,-0.6320860647639865,-3.349000000000001,-3.349000000000002,-8.881784197001252e-16,True
2023-04-21,No-arbitrage enforced,-0.616367894634975,-3.2939999999999996,-3.294,-4.440892098500626e-16,True
2023-04-24,No-arbitrage enforced,-0.6027674187927605,-3.2400000000000007,-3.240000000000001,-4.440892098500626e-16,True
2023-04-25,No-arbitrage enforced,-0.5543307246130341,-3.028999999999999,-3.0289999999999986,4.440892098500626e-16,True
2023-04-26,No-arbitrage enforced,-0.5597254686180234,-3.05,-3.0499999999999994,4.440892098500626e-16,True
2023-04-27,No-arbitrage enforced,-0.7185782503398843,-3.6599999999999993,-3.6599999999999975,1.7763568394002505e-15,True
2023-04-28,No-arbitrage enforced,-0.7682189106102205,-3.844,-3.843999999999994,5.773159728050814e-15,True
2023-05-01,No-arbitrage enforced,-0.6874810271155731,-3.566,-3.565999999999999,8.881784197001252e-16,True
2023-05-02,No-arbitrage enforced,-0.5719494102058901,-3.1090000000000004,-3.109000000000001,-4.440892098500626e-16,True
2023-05-03,No-arbitrage enforced,-0.556361071487405,-3.0409999999999995,-3.041,-4.440892098500626e-16,True
2023-05-04,No-arbitrage enforced,-0.5636345169633529,-3.0539999999999994,-3.0540000000000007,-1.3322676295501878e-15,True
2023-05-05,No-arbitrage enforced,-0.6545218795347413,-3.4319999999999995,-3.431999999999999,4.440892098500626e-16,True
2023-05-08,No-arbitrage enforced,-0.6009722706170453,-3.2319999999999993,-3.231999999999999,4.440892098500626e-16,True
2023-05-09,No-arbitrage enforced,-0.6443312821161266,-3.3879999999999995,-3.3879999999999995,0.0,True
2023-05-10,No-arbitrage enforced,-0.7761664600895178,-3.8629999999999995,-3.8495076016090293,0.013492398390970273,True
2023-05-11,No-arbitrage enforced,-0.7661587672945978,-3.8180000000000005,-3.8180000000000005,0.0,True
2023-05-12,No-arbitrage enforced,-0.7666944363768665,-4.025999999999999,-3.8180281209847533,0.2079718790152456,True
2023-05-15,No-arbitrage enforced,-0.7770986984227141,-3.8569999999999993,-3.849349013189373,0.007650986810626481,True
2023-05-16,No-arbitrage enforced,-0.7448150321806931,-3.7319999999999993,-3.7319999999999984,8.881784197001252e-16,True
2023-05-17,No-arbitrage enforced,-0.7457399154897051,-3.753,-3.752999999999998,2.220446049250313e-15,True
2023-05-18,No-arbitrage enforced,-0.7578743681122497,-3.806,-3.8059999999999987,1.3322676295501878e-15,True
2023-05-19,No-arbitrage enforced,-0.6864525829173961,-3.552000000000001,-3.5520000000000005,4.440892098500626e-16,True
2023-05-22,No-arbitrage enforced,-0.7087974482140521,-3.624000000000001,-3.624,8.881784197001252e-16,True
2023-05-23,No-arbitrage enforced,-0.7199855670069283,-3.6419999999999986,-3.6419999999999972,1.3322676295501878e-15,True
2023-05-24,No-arbitrage enforced,-0.7902718906789442,-3.8370000000000006,-3.8370000000000015,-8.881784197001252e-16,True
2023-05-25,No-arbitrage enforced,-0.8415442294075511,-4.072999999999999,-4.001923917562204,0.07107608243779495,True
2023-05-26,No-arbitrage enforced,-0.8222735212132651,-4.646000000000001,-3.9708533761349596,0.6751466238650412,True
2023-05-30,No-arbitrage enforced,-0.810195653180552,-4.5139999999999985,-3.9444774682010566,0.5695225317989419,True
2023-05-31,No-arbitrage enforced,-0.815874932904023,-5.830000000000001,-3.952330052293521,1.87766994770648,True
2023-06-01,No-arbitrage enforced,-0.7645730167159227,-5.197999999999999,-3.834452727473596,1.3635472725264028,True
2023-06-02,No-arbitrage enforced,-0.7396394856507901,-4.261000000000001,-3.7698366826619867,0.4911633173380143,True
2023-06-05,No-arbitrage enforced,-0.7676541497150363,-4.3180000000000005,-3.860365144176995,0.45763485582300545,True
2023-06-06,No-arbitrage enforced,-0.7616575923319523,-4.627000000000001,-3.8545309783401214,0.7724690216598793,True
2023-06-07,No-arbitrage enforced,-0.7622427829123424,-5.100999999999999,-3.8568244922881303,1.2441755077118688,True
2023-06-08,No-arbitrage enforced,-0.7569374932301246,-5.553,-3.8445795015753177,1.7084204984246822,True
2023-06-09,No-arbitrage enforced,-0.7509383887054738,-5.2780000000000005,-3.821278763778409,1.4567212362215916,True
2023-06-12,No-arbitrage enforced,-0.7900581163131016,-5.771000000000001,-3.9270073416806905,1.8439926583193103,True
2023-06-13,No-arbitrage enforced,-0.7725994733316092,-5.644,-3.8785262564068455,1.7654737435931547,True
2023-06-14,No-arbitrage enforced,-0.7390115201247974,-5.037000000000001,-3.780166655806699,1.2568333441933017,True
2023-06-15,No-arbitrage enforced,-0.7567393152258347,-4.786000000000001,-3.828650657732956,0.9573493422670452,True
2023-06-16,No-arbitrage enforced,-0.7086862775191419,-4.3069999999999995,-3.680923576793915,0.6260764232060847,True
2023-06-20,No-arbitrage enforced,-0.7433814942508091,-3.875,-3.794971221593982,0.08002877840601785,True
2023-06-21,No-arbitrage enforced,-0.6244065995634444,-3.372,-3.3719999999999994,4.440892098500626e-16,True
2023-06-22,No-arbitrage enforced,-0.6873155283568848,-3.6150000000000007,-3.6149999999999984,2.220446049250313e-15,True
2023-06-23,No-arbitrage enforced,-0.7150805163975859,-3.7849999999999993,-3.7052120537344977,0.07978794626550156,True
2023-06-26,No-arbitrage enforced,-0.7383823123744176,-4.009,-3.7715717495309824,0.23742825046901794,True
2023-06-27,No-arbitrage enforced,-0.7248719556957902,-4.056,-3.7341252636439966,0.3218747363560035,True
2023-06-28,No-arbitrage enforced,-0.7180053818739681,-3.8370000000000006,-3.715648032491377,0.12135196750862365,True
2023-06-29,No-arbitrage enforced,-0.7182292443976043,-4.3050000000000015,-3.714499973115122,0.5905000268848797,True
2023-06-30,No-arbitrage enforced,-0.7132669143392597,-4.996,-3.6962242604843034,1.299775739515697,True
2023-07-03,No-arbitrage enforced,-0.7237745384811031,-4.524000000000001,-3.7332985676219064,0.7907014323780945,True
2023-07-05,No-arbitrage enforced,-0.7360645004519414,-4.408000000000001,-3.7649095916297757,0.6430904083702256,True
2023-07-06,No-arbitrage enforced,-0.7641858074698556,-4.844999999999999,-3.8367774976816884,1.0082225023183105,True
2023-07-07,No-arbitrage enforced,-0.7366983101701021,-4.813,-3.7560358987059126,1.0569641012940871,True
2023-07-10,No-arbitrage enforced,-0.7551494847336976,-4.2490000000000006,-3.813554945493067,0.4354450545069337,True
2023-07-11,No-arbitrage enforced,-0.7591094462622446,-4.399000000000001,-3.830529395924641,0.56847060407536,True
2023-07-12,No-arbitrage enforced,-0.7098377600471929,-4.831999999999999,-3.684996199712036,1.1470038002879628,True
2023-07-13,No-arbitrage enforced,-0.7266199092530069,-4.708000000000001,-3.7424544752548625,0.9655455247451386,True
2023-07-14,No-arbitrage enforced,-0.721568153365027,-4.947999999999999,-3.729696701720499,1.2183032982794995,True
2023-07-17,No-arbitrage enforced,-0.7468757628597867,-4.224000000000001,-3.814000008580365,0.40999999141963617,True
2023-07-18,No-arbitrage enforced,-0.7480999712823785,-4.186000000000002,-3.8214615282392033,0.36453847176079845,True
2023-07-19,No-arbitrage enforced,-0.7523482307675676,-4.125,-3.8272629852123456,0.29773701478765435,True
2023-07-20,No-arbitrage enforced,-0.7565410152123194,-4.281999999999999,-3.8370627864161704,0.44493721358382876,True
2023-07-21,No-arbitrage enforced,-0.7345806698138492,-4.255000000000001,-3.7700299461143874,0.48497005388561343,True
2023-07-24,No-arbitrage enforced,-0.7533514838667102,-4.375,-3.827896244136826,0.5471037558631742,True
2023-07-25,No-arbitrage enforced,-0.7549502025818756,-4.218000000000001,-3.8341268825678085,0.3838731174321923,True
2023-07-26,No-arbitrage enforced,-0.7180053818739681,-4.358000000000001,-3.719917071600156,0.6380829283998453,True
2023-07-27,No-arbitrage enforced,-0.7545512675153428,-4.793000000000001,-3.8229896280811095,0.9700103719188915,True
2023-07-28,No-arbitrage enforced,-0.7063704574365027,-4.347999999999999,-3.676345436378426,0.6716545636215732,True
2023-07-31,No-arbitrage enforced,-0.7371201482537509,-4.547,-3.778174154645218,0.7688258453547818,True
2023-08-01,No-arbitrage enforced,-0.7452361611669857,-4.257,-3.8003385940474974,0.45666140595250226,True
2023-08-02,No-arbitrage enforced,-0.7909517964606062,-4.575,-3.910515766947564,0.6644842330524363,True
2023-08-03,No-arbitrage enforced,-0.7848264413598426,-4.7379999999999995,-3.89436514748082,0.8436348525191795,True
2023-08-04,No-arbitrage enforced,-0.8030444324101255,-5.334999999999999,-3.929580711207317,1.405419288792682,True
2023-08-07,No-arbitrage enforced,-0.7778425793661082,-4.853999999999999,-3.8749258510408104,0.9790741489591888,True
2023-08-08,No-arbitrage enforced,-0.7802485775736617,-4.230000000000001,-3.8787254894279117,0.3512745105720896,True
2023-08-09,No-arbitrage enforced,-0.7290778323444749,-3.7120000000000006,-3.711999999999999,1.7763568394002505e-15,True
2023-08-10,No-arbitrage enforced,-0.7127670741966496,-3.6580000000000013,-3.658000000000001,4.440892098500626e-16,True
2023-08-11,No-arbitrage enforced,-0.6686981233368317,-3.5159999999999996,-3.5159999999999982,1.3322676295501878e-15,True
2023-08-14,No-arbitrage enforced,-0.717352971227398,-3.6900000000000004,-3.690000000000002,-1.7763568394002505e-15,True
2023-08-15,No-arbitrage enforced,-0.7186849196858788,-3.6689999999999996,-3.668999999999998,1.7763568394002505e-15,True
2023-08-16,No-arbitrage enforced,-0.5945434124954035,-3.2090000000000005,-3.2090000000000005,0.0,True
2023-08-17,No-arbitrage enforced,-0.6084785128281621,-3.250999999999999,-3.2509999999999977,1.3322676295501878e-15,True
2023-08-18,No-arbitrage enforced,-0.6673091467008904,-3.477000000000001,-3.4769999999999994,1.7763568394002505e-15,True
2023-08-21,No-arbitrage enforced,-0.6346201016881103,-3.3590000000000004,-3.359000000000001,-4.440892098500626e-16,True
2023-08-22,No-arbitrage enforced,-0.646699800759049,-3.406,-3.4060000000000006,-4.440892098500626e-16,True
2023-08-23,No-arbitrage enforced,-0.5855304031145204,-3.1819999999999995,-3.1819999999999986,8.881784197001252e-16,True
2023-08-24,No-arbitrage enforced,-0.6057155223333637,-3.247999999999999,-3.247999999999999,0.0,True
2023-08-25,No-arbitrage enforced,-0.5959683310114575,-3.227000000000001,-3.2270000000000016,-4.440892098500626e-16,True
2023-08-28,No-arbitrage enforced,-0.543526774170706,-3.0189999999999997,-3.018999999999999,8.881784197001252e-16,True
2023-08-29,No-arbitrage enforced,-0.669030942164975,-3.522999999999999,-3.5229999999999975,1.3322676295501878e-15,True
2023-08-30,No-arbitrage enforced,-0.7328763166430688,-4.213999999999999,-3.7592419515981685,0.4547580484018301,True
2023-08-31,No-arbitrage enforced,-0.719123099580954,-4.469999999999999,-3.71709956575009,0.7529004342499088,True
2023-09-01,No-arbitrage enforced,-0.6876871232508509,-4.428,-3.613235285271018,0.814764714728982,True
2023-09-05,No-arbitrage enforced,-0.7427608690760475,-3.9620000000000006,-3.790572364262256,0.17142763573774467,True
2023-09-06,No-arbitrage enforced,-0.7442735669128996,-3.7879999999999994,-3.787999999999999,4.440892098500626e-16,True
2023-09-07,No-arbitrage enforced,-0.6786434873130078,-3.559,-3.5589999999999993,8.881784197001252e-16,True
2023-09-08,No-arbitrage enforced,-0.7320206889011337,-3.8180000000000005,-3.75701057816335,0.06098942183665068,True
2023-09-11,No-arbitrage enforced,-0.750534436192778,-3.8210000000000006,-3.8204683750640878,0.0005316249359128555,True
2023-09-12,No-arbitrage enforced,-0.6961873320068308,-3.625,-3.6250000000000004,-4.440892098500626e-16,True
2023-09-13,No-arbitrage enforced,-0.7258236101790324,-3.7419999999999987,-3.741999999999968,3.064215547965432e-14,True
2023-09-14,No-arbitrage enforced,-0.7193461659070713,-4.4319999999999995,-3.731371762572741,0.7006282374272583,True
2023-09-15,No-arbitrage enforced,-0.7347930710475717,-4.291999999999999,-3.7673810726335892,0.5246189273664097,True
2023-09-18,No-arbitrage enforced,-0.7351745090530173,-3.7650000000000006,-3.765,4.440892098500626e-16,True
2023-09-19,No-arbitrage enforced,-0.7258128054878884,-3.7310000000000003,-3.7309999999999994,8.881784197001252e-16,True
2023-09-20,No-arbitrage enforced,-0.685878058095406,-3.5740000000000007,-3.5740000000000007,0.0,True
2023-09-21,No-arbitrage enforced,-0.7014644773809275,-3.594,-3.5940000000000007,-8.881784197001252e-16,True
2023-09-22,No-arbitrage enforced,-0.7538375170140462,-3.774000000000001,-3.7739999999999996,1.3322676295501878e-15,True
2023-09-25,No-arbitrage enforced,-0.6198962452869001,-3.306,-3.3059999999999996,4.440892098500626e-16,True
2023-09-26,No-arbitrage enforced,-0.7182678244856406,-3.6300000000000012,-3.630000000000001,4.440892098500626e-16,True
2023-09-27,No-arbitrage enforced,-0.6880781620456042,-3.5379999999999994,-3.537999999999998,1.3322676295501878e-15,True
2023-09-28,No-arbitrage enforced,-0.6323650674320509,-3.347999999999999,-3.3479999999999985,4.440892098500626e-16,True
2023-09-29,No-arbitrage enforced,-0.6606342224199375,-3.45,-3.449999999999999,1.3322676295501878e-15,True
2023-10-02,No-arbitrage enforced,-0.5247990916747304,-2.916999999999999,-2.9169999999999985,4.440892098500626e-16,True
2023-10-03,No-arbitrage enforced,-0.5439247427440428,-2.978,-2.9779999999999993,8.881784197001252e-16,True
2023-10-04,No-arbitrage enforced,-0.563614724611552,-3.0680000000000005,-3.068,4.440892098500626e-16,True
2023-10-05,No-arbitrage enforced,-0.5405011090322529,-2.975,-2.9750000000000005,-4.440892098500626e-16,True
2023-10-06,No-arbitrage enforced,-0.5290061917792724,-2.9360000000000013,-2.9360000000000017,-4.440892098500626e-16,True
2023-10-09,No-arbitrage enforced,-0.6378146540177015,-3.3639999999999985,-3.3639999999999985,0.0,True
2023-10-10,No-arbitrage enforced,-0.6774545859140498,-3.5169999999999986,-3.5169999999999986,0.0,True
2023-10-11,No-arbitrage enforced,-0.7443547683927363,-3.7610000000000015,-3.7610000000000015,0.0,True
2023-10-12,No-arbitrage enforced,-0.7033877860419776,-3.6129999999999995,-3.613000000000001,-1.3322676295501878e-15,True
2023-10-13,No-arbitrage enforced,-0.8461211116193718,-4.4300000000000015,-4.010782482791125,0.41921751720887634,True
2023-10-16,No-arbitrage enforced,-0.7604190684806544,-3.794999999999999,-3.794999999999998,8.881784197001252e-16,True
2023-10-17,No-arbitrage enforced,-0.7887034182736782,-3.872,-3.871999999999999,8.881784197001252e-16,True
2023-10-18,No-arbitrage enforced,-0.7442261911423287,-3.7099999999999995,-3.709999999999999,4.440892098500626e-16,True
2023-10-19,No-arbitrage enforced,-0.7777542899123048,-3.772999999999999,-3.772999999999999,0.0,True
2023-10-20,No-arbitrage enforced,-0.746787766832291,-3.674000000000001,-3.6740000000000004,4.440892098500626e-16,True
2023-10-23,No-arbitrage enforced,-0.6548038680522233,-3.3919999999999986,-3.3919999999999977,8.881784197001252e-16,True
2023-10-24,No-arbitrage enforced,-0.6097700141589282,-3.2439999999999998,-3.2439999999999998,0.0,True
2023-10-25,No-arbitrage enforced,-0.6094053320304671,-3.228999999999999,-3.2289999999999983,8.881784197001252e-16,True
2023-10-26,No-arbitrage enforced,-0.6407758849941645,-3.3379999999999996,-3.3379999999999996,0.0,True
2023-10-27,No-arbitrage enforced,-0.6251029625968022,-3.274000000000001,-3.274000000000001,0.0,True
2023-10-30,No-arbitrage enforced,-0.5525490188737754,-3.0129999999999995,-3.0129999999999986,8.881784197001252e-16,True
2023-10-31,No-arbitrage enforced,-0.5031418227942611,-2.8210000000000006,-2.8209999999999993,1.3322676295501878e-15,True
2023-11-01,No-arbitrage enforced,-0.5387976793427708,-2.9819999999999993,-2.982,-8.881784197001252e-16,True
2023-11-02,No-arbitrage enforced,-0.6353179047677997,-3.3800000000000012,-3.3800000000000012,0.0,True
2023-11-03,No-arbitrage enforced,-0.75930617310447,-4.009,-3.8299636579713474,0.17903634202865293,True
2023-11-06,No-arbitrage enforced,-0.7468173920813591,-3.788999999999999,-3.7889999999999993,-4.440892098500626e-16,True
2023-11-07,No-arbitrage enforced,-0.7731652820014988,-3.952000000000001,-3.8767873344885078,0.07521266551149308,True
2023-11-08,No-arbitrage enforced,-0.7616575923319523,-3.941,-3.8457298325147407,0.09527016748525918,True
2023-11-09,No-arbitrage enforced,-0.7782138862308078,-3.928,-3.884493509114613,0.04350649088538683,True
2023-11-10,No-arbitrage enforced,-0.7404748500682611,-3.9810000000000003,-3.7800434094234134,0.20095659057658688,True
2023-11-13,No-arbitrage enforced,-0.6713740084069787,-3.527000000000001,-3.527000000000001,0.0,True
2023-11-14,No-arbitrage enforced,-0.7423464469955606,-3.8379999999999996,-3.786541483578495,0.05145851642150445,True
2023-11-15,No-arbitrage enforced,-0.7213466607510143,-4.297999999999999,-3.71437563209166,0.5836243679083393,True
2023-11-16,No-arbitrage enforced,-0.7195690737464088,-5.4449999999999985,-3.7058685665475064,1.739131433452492,True
2023-11-17,No-arbitrage enforced,-0.6930722787159634,-4.688,-3.62080813747558,1.0671918625244197,True
2023-11-20,No-arbitrage enforced,-0.704271369876066,-4.378,-3.6674872418522195,0.7105127581477806,True
2023-11-21,No-arbitrage enforced,-0.7118997709294744,-4.080000000000001,-3.6955869697584967,0.3844130302415043,True
2023-11-22,No-arbitrage enforced,-0.675341600444661,-4.155000000000001,-3.5719795924350555,0.5830204075649457,True
2023-11-24,No-arbitrage enforced,-0.6719806265564859,-4.453999999999999,-3.566277800328404,0.8877221996715949,True
2023-11-27,No-arbitrage enforced,-0.7072988546991087,-4.219999999999999,-3.69110519720801,0.5288948027919891,True
2023-11-28,No-arbitrage enforced,-0.7130394723105024,-4.268000000000001,-3.711526496497183,0.5564735035028177,True
2023-11-29,No-arbitrage enforced,-0.7248719556957902,-3.9819999999999993,-3.747746753422382,0.23425324657761726,True
2023-11-30,No-arbitrage enforced,-0.7303024616911064,-4.090999999999999,-3.7677218888247075,0.3232781111752918,True
2023-12-01,No-arbitrage enforced,-0.7233344979948014,-3.8039999999999994,-3.74891805642415,0.05508194357584939,True
2023-12-04,No-arbitrage enforced,-0.6851105702864926,-3.603999999999999,-3.603999999999997,2.220446049250313e-15,True
2023-12-05,No-arbitrage enforced,-0.6498422908877447,-3.475999999999999,-3.475999999999999,0.0,True
2023-12-06,No-arbitrage enforced,-0.5930338170273358,-3.25,-3.2499999999999996,4.440892098500626e-16,True
2023-12-07,No-arbitrage enforced,-0.5533954093161622,-3.0840000000000005,-3.0839999999999996,8.881784197001252e-16,True
2023-12-08,No-arbitrage enforced,-0.6306668931591533,-3.4099999999999993,-3.4099999999999993,0.0,True
2023-12-11,No-arbitrage enforced,-0.7383823123744176,-4.090000000000001,-3.8011002892346726,0.28889971076532817,True
2023-12-12,No-arbitrage enforced,-0.7157579147565155,-4.883000000000001,-3.7330121811016554,1.1499878188983454,True
2023-12-13,No-arbitrage enforced,-0.7330898628271593,-5.202000000000001,-3.7914734946000745,1.4105265053999263,True
2023-12-14,No-arbitrage enforced,-0.7300870254093398,-6.2509999999999994,-3.775344729905046,2.4756552700949532,True
2023-12-15,No-arbitrage enforced,-0.6978875075211143,-5.325999999999999,-3.6648715463809416,1.6611284536190571,True
2023-12-18,No-arbitrage enforced,-0.7112139474102385,-3.9360000000000013,-3.7074664885006556,0.22853351149934564,True
2023-12-19,No-arbitrage enforced,-0.6082221772374518,-3.3180000000000005,-3.3180000000000005,0.0,True
2023-12-20,No-arbitrage enforced,-0.7107547655604136,-3.6860000000000013,-3.686000000000001,4.440892098500626e-16,True
2023-12-21,No-arbitrage enforced,-0.747284352983257,-3.8180000000000005,-3.812271379440815,0.005728620559185327,True
2023-12-22,No-arbitrage enforced,-0.6427759786894948,-3.4460000000000006,-3.4459999999999984,2.220446049250313e-15,True
2023-12-26,No-arbitrage enforced,-0.6751830598298116,-3.569,-3.5689999999999977,2.220446049250313e-15,True
2023-12-27,No-arbitrage enforced,-0.6712287246780194,-3.5639999999999987,-3.5639999999999987,0.0,True
2023-12-28,No-arbitrage enforced,-0.7058493639380216,-3.6900000000000004,-3.6900000000000013,-8.881784197001252e-16,True
2023-12-29,No-arbitrage enforced,-0.6930722787159634,-3.805000000000001,-3.6442257956853603,0.16077420431464073,True
2024-01-02,No-arbitrage enforced,-0.6523796968128325,-3.4800000000000013,-3.48,1.3322676295501878e-15,True
2024-01-03,No-arbitrage enforced,-0.640786334338559,-3.422999999999999,-3.422999999999998,1.3322676295501878e-15,True
2024-01-04,No-arbitrage enforced,-0.7055760592700356,-3.6599999999999993,-3.66,-8.881784197001252e-16,True
2024-01-05,No-arbitrage enforced,-0.5988097354228444,-3.2680000000000007,-3.268,8.881784197001252e-16,True
2024-01-08,No-arbitrage enforced,-0.7132071350321159,-3.705000000000001,-3.705,8.881784197001252e-16,True
2024-01-09,No-arbitrage enforced,-0.7091473813597188,-4.094999999999999,-3.6964100463853415,0.3985899536146573,True
2024-01-10,No-arbitrage enforced,-0.7030990501805156,-3.7400000000000007,-3.676072678274832,0.0639273217251688,True
2024-01-11,No-arbitrage enforced,-0.6950073959567112,-4.036000000000001,-3.651445964331815,0.38455403566818624,True
2024-01-12,No-arbitrage enforced,-0.6894108338443409,-4.381,-3.6263563452678174,0.7546436547321829,True
2024-01-16,No-arbitrage enforced,-0.7375414268857042,-3.9939999999999998,-3.775873723691095,0.2181262763089049,True
2024-01-17,No-arbitrage enforced,-0.7515433652889557,-4.775999999999999,-3.8064218526970897,0.9695781473029093,True
2024-01-18,No-arbitrage enforced,-0.7379621477127847,-4.815,-3.772223781255217,1.0427762187447835,True
2024-01-19,No-arbitrage enforced,-0.7197918233484616,-4.775999999999999,-3.7242058643633893,1.0517941356366096,True
2024-01-22,No-arbitrage enforced,-0.7487103241052094,-4.600999999999999,-3.8255804951338965,0.7754195048661026,True
2024-01-23,No-arbitrage enforced,-0.7343681262075971,-4.812,-3.7888223048314775,1.0231776951685227,True
2024-01-24,No-arbitrage enforced,-0.7567393152258347,-5.025,-3.853485223533734,1.1715147764662666,True
2024-01-25,No-arbitrage enforced,-0.7598956351126208,-5.3050000000000015,-3.8581275464688907,1.4468724535311108,True
2024-01-26,No-arbitrage enforced,-0.7464666501103098,-5.136000000000001,-3.816689999048685,1.3193100009513161,True
2024-01-29,No-arbitrage enforced,-0.76399202908849,-4.9030000000000005,-3.868868670507493,1.0341313294925074,True
2024-01-30,No-arbitrage enforced,-0.7595027800851261,-4.872999999999999,-3.859461807277871,1.0135381927221285,True
2024-01-31,No-arbitrage enforced,-0.7754187491020096,-5.021000000000001,-3.892324562046647,1.128675437953354,True
2024-02-01,No-arbitrage enforced,-0.7507364760468759,-6.008000000000001,-3.8197015583262908,2.18829844167371,True
2024-02-02,No-arbitrage enforced,-0.745851997799804,-6.002000000000001,-3.8038405133264197,2.198159486673581,True
2024-02-05,No-arbitrage enforced,-0.7521472035074718,-5.549000000000001,-3.828231401409975,1.720768598590026,True
2024-02-06,No-arbitrage enforced,-0.7337296390287694,-5.281999999999999,-3.7769462494652473,1.5050537505347519,True
2024-02-07,No-arbitrage enforced,-0.7228938411632816,-5.141,-3.7436211462775044,1.3973788537224956,True
2024-02-08,No-arbitrage enforced,-0.7148543906047758,-5.036000000000001,-3.716099975524513,1.3199000244754884,True
2024-02-09,No-arbitrage enforced,-0.7150805163975859,-5.662000000000001,-3.714330280578054,1.9476697194219468,True
2024-02-12,No-arbitrage enforced,-0.7456468507643162,-5.280000000000001,-3.801721794094714,1.478278205905287,True
2024-02-13,No-arbitrage enforced,-0.7837335623671352,-7.052000000000001,-3.892155413340965,3.1598445866590366,True
2024-02-14,No-arbitrage enforced,-0.7433814942508091,-6.040000000000001,-3.7862090560017343,2.2537909439982666,True
2024-02-15,No-arbitrage enforced,-0.733942611028031,-4.890000000000001,-3.7606213955631653,1.1293786044368352,True
2024-02-16,No-arbitrage enforced,-0.7360645004519414,-4.2620000000000005,-3.7638757991131206,0.4981242008868798,True
2024-02-20,No-arbitrage enforced,-0.7809853424446874,-4.144999999999999,-3.8910200631855307,0.25397993681446795,True
2024-02-21,No-arbitrage enforced,-0.7772848273965313,-4.272,-3.880651788112916,0.39134821188708413,True
2024-02-22,No-arbitrage enforced,-0.7485070024070929,-4.590999999999999,-3.800620561541709,0.7903794384582903,True
2024-02-23,No-arbitrage enforced,-0.7220106707808124,-4.4,-3.72402592985178,0.6759740701482202,True
2024-02-26,No-arbitrage enforced,-0.7476924219648776,-4.359999999999999,-3.812013745464762,0.5479862545352376,True
2024-02-27,No-arbitrage enforced,-0.7417238020352052,-4.728999999999999,-3.7974713355568195,0.9315286644431797,True
2024-02-28,No-arbitrage enforced,-0.7555476791268422,-4.909000000000001,-3.836478316296489,1.0725216837035116,True
2024-02-29,No-arbitrage enforced,-0.7341554400165672,-4.983000000000001,-3.772172096066984,1.2108279039330174,True
2024-03-01,No-arbitrage enforced,-0.7197918233484616,-5.041999999999999,-3.727622441810524,1.314377558189475,True
2024-03-04,No-arbitrage enforced,-0.7497250012427618,-4.593999999999999,-3.8234120475423956,0.7705879524576038,True
2024-03-05,No-arbitrage enforced,-0.7815368313294194,-4.49,-3.9099744587219987,0.5800255412780015,True
2024-03-06,No-arbitrage enforced,-0.7815368313294194,-4.363999999999999,-3.9092440897415455,0.4547559102584535,True
2024-03-07,No-arbitrage enforced,-0.7754187491020096,-4.294,-3.8906899240185693,0.4033100759814303,True
2024-03-08,No-arbitrage enforced,-0.7769124633986705,-4.118,-3.890090656181897,0.22790934381810324,True
2024-03-11,No-arbitrage enforced,-0.8093522948778088,-4.227000000000001,-3.9830212295860137,0.24397877041398752,True
2024-03-12,No-arbitrage enforced,-0.7663097547637615,-4.222999999999999,-3.8720320699343267,0.3509679300656723,True
2024-03-13,No-arbitrage enforced,-0.7668866062515091,-4.416999999999999,-3.875592173483942,0.5414078265160569,True
2024-03-14,No-arbitrage enforced,-0.781353104752913,-4.394999999999999,-3.9104846214797933,0.48451537852020543,True
2024-03-15,No-arbitrage enforced,-0.7680372419228619,-3.8909999999999996,-3.867306989152344,0.023693010847655405,True
2024-03-18,No-arbitrage enforced,-0.7744816955743995,-3.997,-3.889662180365192,0.10733781963480782,True
2024-03-19,No-arbitrage enforced,-0.7579265589558443,-4.161000000000001,-3.8447452525543455,0.31625474744565585,True
2024-03-20,No-arbitrage enforced,-0.7144016479387653,-4.119,-3.7099380704638807,0.4090619295361191,True
2024-03-21,No-arbitrage enforced,-0.7049726426829016,-5.4,-3.678616166212856,1.7213838337871445,True
2024-03-22,No-arbitrage enforced,-0.6976485211873408,-5.5840000000000005,-3.6498525199623417,1.9341474800376588,True
2024-03-25,No-arbitrage enforced,-0.7118997709294744,-5.159999999999999,-3.698413679570052,1.461586320429947,True
2024-03-26,No-arbitrage enforced,-0.7146281012060279,-5.76,-3.7071518390441773,2.0528481609558225,True
2024-03-27,No-arbitrage enforced,-0.6896562906804903,-5.711000000000001,-3.6258286565022986,2.0851713434977026,True
2024-03-28,No-arbitrage enforced,-0.6903914875180507,-5.544,-3.6244649151348587,1.919535084865141,True
2024-04-01,No-arbitrage enforced,-0.7371201482537509,-4.633000000000001,-3.7778161404937336,0.8551838595062673,True
2024-04-02,No-arbitrage enforced,-0.7655390198455413,-4.213999999999999,-3.855599590696203,0.3584004093037958,True
2024-04-03,No-arbitrage enforced,-0.750534436192778,-3.852000000000001,-3.811037251355696,0.04096274864430516,True
2024-04-04,No-arbitrage enforced,-0.820644389118029,-4.2490000000000006,-3.9961486805286905,0.25285131947131,True
2024-04-05,No-arbitrage enforced,-0.7920210298706051,-4.2639999999999985,-3.91490171393684,0.3490982860631586,True
2024-04-08,No-arbitrage enforced,-0.7756058374222928,-4.063,-3.877918089763747,0.18508191023625287,True
2024-04-09,No-arbitrage enforced,-0.778213886230801,-3.928,-3.8899763165337724,0.03802368346622753,True
2024-04-10,No-arbitrage enforced,-0.798190287186405,-3.9939999999999998,-3.9381194143968226,0.05588058560317721,True
2024-04-11,No-arbitrage enforced,-0.6966615525988648,-3.6159999999999997,-3.6159999999999997,0.0,True
2024-04-12,No-arbitrage enforced,-0.8237330585581754,-4.231,-3.9872844155698948,0.2437155844301051,True
2024-04-15,No-arbitrage enforced,-0.7639692586767824,-3.772,-3.7720000000000007,-8.881784197001252e-16,True
2024-04-16,No-arbitrage enforced,-0.6951760213771248,-3.5599999999999996,-3.5600000000000014,-1.7763568394002505e-15,True
2024-04-17,No-arbitrage enforced,-0.6597861687492949,-3.4379999999999997,-3.437999999999999,8.881784197001252e-16,True
2024-04-18,No-arbitrage enforced,-0.5904582186372636,-3.180000000000001,-3.180000000000001,0.0,True
2024-04-19,No-arbitrage enforced,-0.6346238173013855,-3.3400000000000007,-3.340000000000002,-1.3322676295501878e-15,True
2024-04-22,No-arbitrage enforced,-0.5846120041448782,-3.1680000000000006,-3.1679999999999997,8.881784197001252e-16,True
2024-04-23,No-arbitrage enforced,-0.6845043389366392,-3.5610000000000013,-3.561,1.3322676295501878e-15,True
2024-04-24,No-arbitrage enforced,-0.6703546702874904,-3.5060000000000002,-3.505999999999999,1.3322676295501878e-15,True
2024-04-25,No-arbitrage enforced,-0.6417066592135597,-3.4080000000000013,-3.4080000000000013,0.0,True
2024-04-26,No-arbitrage enforced,-0.7776567677335458,-4.086000000000001,-3.887306681564878,0.19869331843512317,True
2024-04-29,No-arbitrage enforced,-0.7580498322997967,-3.830000000000001,-3.83,8.881784197001252e-16,True
2024-04-30,No-arbitrage enforced,-0.5991617590743934,-3.2400000000000007,-3.24,4.440892098500626e-16,True
2024-05-01,No-arbitrage enforced,-0.6226600580448867,-3.3349999999999995,-3.3349999999999986,8.881784197001252e-16,True
2024-05-02,No-arbitrage enforced,-0.5892407927193264,-3.2120000000000006,-3.2120000000000006,0.0,True
2024-05-03,No-arbitrage enforced,-0.6636900469846435,-3.5180000000000007,-3.5180000000000002,4.440892098500626e-16,True
2024-05-06,No-arbitrage enforced,-0.536841857537173,-3.0080000000000013,-3.008000000000002,-4.440892098500626e-16,True
2024-05-07,No-arbitrage enforced,-0.6224842876967766,-3.3639999999999985,-3.363999999999997,1.3322676295501878e-15,True
2024-05-08,No-arbitrage enforced,-0.6115107546104146,-3.3240000000000007,-3.3240000000000003,4.440892098500626e-16,True
2024-05-09,No-arbitrage enforced,-0.6947620420787111,-3.646000000000001,-3.6460000000000004,4.440892098500626e-16,True
2024-05-10,No-arbitrage enforced,-0.7175215373795157,-3.7300000000000013,-3.7300000000000018,-4.440892098500626e-16,True
2024-05-13,No-arbitrage enforced,-0.7593061731044702,-3.9650000000000007,-3.8533722782660087,0.11162772173399205,True
2024-05-14,No-arbitrage enforced,-0.751341833148825,-4.018000000000001,-3.8301384097504054,0.18786159024959526,True
2024-05-15,No-arbitrage enforced,-0.7107558927544558,-4.063999999999998,-3.707902997148792,0.3560970028512065,True
2024-05-16,No-arbitrage enforced,-0.7000301144924667,-4.784999999999999,-3.670003816027297,1.114996183972702,True
2024-05-17,No-arbitrage enforced,-0.6677923155369686,-4.3050000000000015,-3.559044842215875,0.7459551577841266,True
2024-05-20,No-arbitrage enforced,-0.6896562906804903,-4.453999999999999,-3.637316666174212,0.8166833338257868,True
2024-05-21,No-arbitrage enforced,-0.6784114411807528,-4.952000000000001,-3.6012454189682317,1.3507545810317692,True
2024-05-22,No-arbitrage enforced,-0.704271369876066,-5.0139999999999985,-3.687725090913786,1.3262749090862123,True
2024-05-23,No-arbitrage enforced,-0.6959704209825822,-5.333000000000001,-3.6489384706474883,1.6840615293525127,True
2024-05-24,No-arbitrage enforced,-0.6548674962428341,-5.586000000000001,-3.5110571735609253,2.074942826439076,True
2024-05-28,No-arbitrage enforced,-0.7128118645569966,-5.222999999999999,-3.7064952414890118,1.5165047585109872,True
2024-05-29,No-arbitrage enforced,-0.7533514838667102,-5.1800000000000015,-3.8212955439067784,1.358704456093223,True
2024-05-30,No-arbitrage enforced,-0.7585185449329691,-4.661000000000001,-3.8350491325803184,0.8259508674196829,True
2024-05-31,No-arbitrage enforced,-0.7166588379028066,-4.81,-3.72007726884446,1.0899227311555397,True
2024-06-03,No-arbitrage enforced,-0.7632157535545839,-3.900999999999999,-3.8756090472987457,0.025390952701253244,True
2024-06-04,No-arbitrage enforced,-0.7463006795691791,-3.8180000000000005,-3.818,4.440892098500626e-16,True
2024-06-05,No-arbitrage enforced,-0.7647664478896073,-4.140000000000001,-3.8901993570603155,0.24980064293968507,True
2024-06-06,No-arbitrage enforced,-0.7545512675153428,-4.018000000000001,-3.8570550469204217,0.160944953079579,True
2024-06-07,No-arbitrage enforced,-0.7309478911555086,-3.961000000000001,-3.783434480679308,0.1775655193206931,True
2024-06-10,No-arbitrage enforced,-0.7419314855278561,-4.156000000000001,-3.8111324780202693,0.34486752197973125,True
2024-06-11,No-arbitrage enforced,-0.7423464469955606,-4.469999999999999,-3.810436689643497,0.6595633103565017,True
2024-06-12,No-arbitrage enforced,-0.686449949308192,-5.066,-3.6276083727457733,1.4383916272542265,True
2024-06-13,No-arbitrage enforced,-0.6834602036904319,-6.225,-3.6184660132312874,2.6065339867687123,True
2024-06-14,No-arbitrage enforced,-0.7009776437838428,-5.618,-3.668996497853336,1.9490035021466645,True
2024-06-17,No-arbitrage enforced,-0.7224525660678872,-5.384,-3.7435705534061854,1.640429446593815,True
2024-06-18,No-arbitrage enforced,-0.703802973225596,-4.290000000000001,-3.6858513567971825,0.6041486432028185,True
2024-06-20,No-arbitrage enforced,-0.731592006188352,-4.859999999999999,-3.7655360791255856,1.0944639208744138,True
2024-06-21,No-arbitrage enforced,-0.7000301144924667,-5.178999999999999,-3.655965870586009,1.5230341294139902,True
2024-06-24,No-arbitrage enforced,-0.7200144149621287,-4.712999999999999,-3.724449155768621,0.9885508442313782,True
2024-06-25,No-arbitrage enforced,-0.7033338686665916,-4.663999999999999,-3.6741921050402184,0.9898078949597804,True
2024-06-26,No-arbitrage enforced,-0.6891651808206453,-4.349000000000001,-3.6281532688779214,0.7208467311220796,True
2024-06-27,No-arbitrage enforced,-0.6886732848223137,-4.306,-3.6320332823766024,0.6739667176233977,True
2024-06-28,No-arbitrage enforced,-0.6899015516749999,-4.178999999999999,-3.6328438766458446,0.5461561233541548,True
2024-07-01,No-arbitrage enforced,-0.6993175596087412,-4.581999999999999,-3.6711818852377136,0.9108181147622854,True
2024-07-02,No-arbitrage enforced,-0.6913690242210214,-4.715999999999999,-3.6458569332399247,1.0701430667600746,True
2024-07-03,No-arbitrage enforced,-0.6942831494658853,-4.883000000000001,-3.6553609785393975,1.2276390214606034,True
2024-07-05,No-arbitrage enforced,-0.6964508092043896,-5.019999999999999,-3.6559461362265155,1.3640538637734831,True
2024-07-08,No-arbitrage enforced,-0.7021579945708932,-4.853,-3.678611449937844,1.1743885500621558,True
2024-07-09,No-arbitrage enforced,-0.7035685095826448,-5.109,-3.6810725917225358,1.4279274082774642,True
2024-07-10,No-arbitrage enforced,-0.7237745384811031,-5.696000000000001,-3.7463269220957236,1.949673077904277,True
2024-07-11,No-arbitrage enforced,-0.7107558927544558,-5.222999999999999,-3.699209717564706,1.523790282435293,True
2024-07-12,No-arbitrage enforced,-0.69014661717284,-5.086000000000001,-3.6333740078876104,1.4526259921123907,True
2024-07-15,No-arbitrage enforced,-0.7277074794442845,-4.74,-3.7550294083138365,0.9849705916861637,True
2024-07-16,No-arbitrage enforced,-0.7193461659070713,-5.1530000000000005,-3.724617246149595,1.4283827538504053,True
2024-07-17,No-arbitrage enforced,-0.7483035515271242,-4.6389999999999985,-3.800978932632389,0.8380210673676096,True
2024-07-18,No-arbitrage enforced,-0.7819039759733012,-5.112,-3.884993288947778,1.2270067110522223,True
2024-07-19,No-arbitrage enforced,-0.7844625520772434,-4.699000000000001,-3.8827505565031726,0.8162494434968282,True
2024-07-22,No-arbitrage enforced,-0.7798795729254729,-4.138,-3.896546456973129,0.24145354302687094,True
2024-07-23,No-arbitrage enforced,-0.7197748745656111,-3.7,-3.6999999999999997,4.440892098500626e-16,True
2024-07-24,No-arbitrage enforced,-0.7303779073634339,-3.684,-3.683999999999999,1.3322676295501878e-15,True
2024-07-25,No-arbitrage enforced,-0.6548549647392251,-3.416999999999999,-3.4169999999999985,4.440892098500626e-16,True
2024-07-26,No-arbitrage enforced,-0.5843987338491564,-3.172999999999999,-3.1729999999999996,-4.440892098500626e-16,True
2024-07-29,No-arbitrage enforced,-0.5171818678242655,-2.8930000000000007,-2.8930000000000016,-8.881784197001252e-16,True
2024-07-30,No-arbitrage enforced,-0.48166066336146174,-2.7310000000000003,-2.7310000000000008,-4.440892098500626e-16,True
2024-07-31,No-arbitrage enforced,-0.7182381752119396,-3.6689999999999996,-3.6689999999999983,1.3322676295501878e-15,True
2024-08-01,No-arbitrage enforced,-0.6031729303390279,-3.222999999999999,-3.222999999999998,8.881784197001252e-16,True
2024-08-02,No-arbitrage enforced,-0.8668194582102259,-3.9650000000000007,-3.965,8.881784197001252e-16,True
2024-08-05,No-arbitrage enforced,-0.9980079200244735,-4.530000000000001,-3.6205357525273043,0.9094642474726968,True
2024-08-06,No-arbitrage enforced,-0.9742801010980146,-4.543000000000001,-4.0412653181745615,0.5017346818254396,True
2024-08-07,No-arbitrage enforced,-0.9777821272289108,-4.636000000000001,-4.041720981493307,0.5942790185066942,True
2024-08-08,No-arbitrage enforced,-0.9164804263359844,-4.737,-4.068550700242032,0.6684492997579685,True
2024-08-09,No-arbitrage enforced,-0.8652829435183326,-4.452000000000001,-4.038763586742438,0.4132364132575628,True
2024-08-12,No-arbitrage enforced,-0.8853269496641153,-4.081999999999999,-4.082,-8.881784197001252e-16,True
2024-08-13,No-arbitrage enforced,-0.8432295015869783,-4.3870000000000005,-4.027528758764289,0.3594712412357115,True
2024-08-14,No-arbitrage enforced,-0.797840834564055,-4.1819999999999995,-3.9300482204064298,0.25195177959356974,True
2024-08-15,No-arbitrage enforced,-0.7720326803071408,-4.356,-3.8657497053415497,0.49025029465845016,True
2024-08-16,No-arbitrage enforced,-0.744413194572307,-4.255000000000001,-3.782491173648644,0.4725088263513566,True
2024-08-19,No-arbitrage enforced,-0.7672706048900929,-4.15,-3.8605329048184114,0.289467095181589,True
2024-08-20,No-arbitrage enforced,-0.7988880909554906,-4.6259999999999994,-3.938833582652661,0.6871664173473384,True
2024-08-21,No-arbitrage enforced,-0.7953843041381744,-4.966999999999999,-3.9210518512261423,1.0459481487738564,True
2024-08-22,No-arbitrage enforced,-0.8108688144505944,-5.4159999999999995,-3.944818773284518,1.4711812267154816,True
2024-08-23,No-arbitrage enforced,-0.7589125993952984,-5.394999999999999,-3.812546266643088,1.5824537333569109,True
2024-08-26,No-arbitrage enforced,-0.7813531047529131,-5.15,-3.879430473810951,1.2705695261890493,True
2024-08-27,No-arbitrage enforced,-0.7682286186679556,-5.183000000000002,-3.850028299805028,1.3329717001949737,True
2024-08-28,No-arbitrage enforced,-0.812378503384073,-5.168000000000001,-3.9574408873560385,1.2105591126439625,True
2024-08-29,No-arbitrage enforced,-0.7596992673670183,-5.300999999999999,-3.8186325764690485,1.4823674235309507,True
2024-08-30,No-arbitrage enforced,-0.742967878333059,-5.9,-3.7742862728426356,2.1257137271573647,True
2024-09-03,No-arbitrage enforced,-0.8654263298119657,-6.359999999999999,-4.030828640548307,2.329171359451692,True
2024-09-04,No-arbitrage enforced,-0.8705495547562224,-6.090000000000001,-4.02928616416872,2.0607138358312804,True
2024-09-05,No-arbitrage enforced,-0.8577445536804685,-5.671000000000001,-4.029620002140804,1.6413799978591967,True
2024-09-06,No-arbitrage enforced,-0.8955030257157902,-4.897999999999999,-4.062553044450997,0.8354469555490018,True
2024-09-09,No-arbitrage enforced,-0.855289887655893,-4.033000000000001,-4.032999999999992,8.881784197001252e-15,True
2024-09-10,No-arbitrage enforced,-0.8314915330747965,-3.975,-3.975000000000001,-8.881784197001252e-16,True
2024-09-11,No-arbitrage enforced,-0.8213113778652265,-3.972999999999999,-3.9729999999999985,4.440892098500626e-16,True
2024-09-12,No-arbitrage enforced,-0.8142145031251974,-4.587999999999999,-3.963653003108638,0.6243469968913611,True
2024-09-13,No-arbitrage enforced,-0.7980156068605365,-4.9990000000000006,-3.9239725458526573,1.0750274541473432,True
2024-09-16,No-arbitrage enforced,-0.8214599369646091,-5.216999999999999,-3.983808957123683,1.2331910428763155,True
2024-09-17,No-arbitrage enforced,-0.8358140218891409,-5.754,-4.016545183798342,1.7374548162016579,True
2024-09-18,No-arbitrage enforced,-0.8336205531290436,-6.741999999999999,-3.9981013887575236,2.7438986112424755,True
2024-09-19,No-arbitrage enforced,-0.7774708504552036,-7.172,-3.8640771195085812,3.3079228804914185,True
2024-09-20,No-arbitrage enforced,-0.7491165806856063,-6.575,-3.7757253106679185,2.7992746893320817,True
2024-09-23,No-arbitrage enforced,-0.7716542695328797,-6.56,-3.8531370387888364,2.706862961211163,True
2024-09-24,No-arbitrage enforced,-0.7672706048900929,-6.241,-3.8476231302718964,2.3933768697281033,True
2024-09-25,No-arbitrage enforced,-0.7695651083457496,-6.047999999999999,-3.8546822502011846,2.1933177497988146,True
2024-09-26,No-arbitrage enforced,-0.7756058374222939,-5.866999999999999,-3.874763937756259,1.99223606224374,True
2024-09-27,No-arbitrage enforced,-0.7969655897029883,-6.099000000000001,-3.9136194344435324,2.1853805655564686,True
2024-09-30,No-arbitrage enforced,-0.8125458279618857,-5.4300000000000015,-3.964931093285753,1.4650689067142486,True
2024-10-01,No-arbitrage enforced,-0.857891071029265,-5.859,-4.044185829367005,1.814814170632995,True
2024-10-02,No-arbitrage enforced,-0.8461211116193718,-6.15,-4.0196373732357635,2.130362626764237,True
2024-10-03,No-arbitrage enforced,-0.8702668845531328,-6.2780000000000005,-4.048905410987267,2.2290945890127336,True
2024-10-04,No-arbitrage enforced,-0.8096898931010111,-5.643000000000001,-3.9098970262411057,1.733102973758895,True
2024-10-07,No-arbitrage enforced,-0.8644213896424521,-5.5569999999999995,-3.979610422130928,1.5773895778690714,True
2024-10-08,No-arbitrage enforced,-0.8344055536492897,-5.628,-3.932166667307889,1.6958333326921111,True
2024-10-09,No-arbitrage enforced,-0.8085068067450786,-5.6930000000000005,-3.8729956121417364,1.8200043878582641,True
2024-10-10,No-arbitrage enforced,-0.7925543518761601,-5.409000000000001,-3.825783827663338,1.583216172336663,True
2024-10-11,No-arbitrage enforced,-0.7712754184196707,-5.9430000000000005,-3.772047316526125,2.1709526834738755,True
2024-10-14,No-arbitrage enforced,-0.7770986984227141,-5.308000000000002,-3.803825519898538,1.5041744801014638,True
2024-10-15,No-arbitrage enforced,-0.7815368313294194,-5.968999999999999,-3.7992752025326615,2.169724797467338,True
2024-10-16,No-arbitrage enforced,-0.7697555875622683,-6.185,-3.7836410212370373,2.4013589787629623,True
2024-10-17,No-arbitrage enforced,-0.762047837050987,-6.581999999999999,-3.768109301115656,2.813890698884343,True
2024-10-18,No-arbitrage enforced,-0.7320206889011337,-5.5550000000000015,-3.689572010349773,1.8654279896502284,True
2024-10-21,No-arbitrage enforced,-0.7724106518852388,-5.0969999999999995,-3.8131970573864002,1.2838029426135993,True
2024-10-22,No-arbitrage enforced,-0.7754187491020096,-4.6800000000000015,-3.8254843752042382,0.8545156247957633,True
2024-10-23,No-arbitrage enforced,-0.8098585646651094,-4.697,-3.9098017637436846,0.7871982362563155,True
2024-10-24,No-arbitrage enforced,-0.8128802270647132,-4.471000000000001,-3.9217094584218173,0.5492905415781837,True
2024-10-25,No-arbitrage enforced,-0.8420046697638265,-4.891,-3.9775417943136864,0.9134582056863136,True
2024-10-28,No-arbitrage enforced,-0.8808521303857805,-4.846000000000001,-4.0926735109626575,0.7533264890373434,True
2024-10-29,No-arbitrage enforced,-0.8889911380236503,-5.074000000000001,-4.124442955907723,0.9495570440922778,True
2024-10-30,No-arbitrage enforced,-0.9126069186792675,-5.344999999999999,-4.158591125508957,1.1864088744910415,True
2024-10-31,No-arbitrage enforced,-0.9422800694587689,-5.206999999999999,-4.1448140656001184,1.0621859343998805,True
2024-11-01,No-arbitrage enforced,-0.9110963910043935,-4.6659999999999995,-4.113521050458573,0.5524789495414266,True
2024-11-04,No-arbitrage enforced,-0.9390198130055363,-4.894999999999999,-4.174436438518353,0.7205635614816455,True
2024-11-05,No-arbitrage enforced,-0.9262915551954408,-5.268000000000001,-4.187642490713423,1.0803575092865776,True
2024-11-06,No-arbitrage enforced,-0.7988880909554906,-4.811000000000002,-3.931835297051468,0.8791647029485339,True
2024-11-07,No-arbitrage enforced,-0.7618527735770223,-5.212000000000001,-3.8332994160640625,1.378700583935938,True
2024-11-08,No-arbitrage enforced,-0.7468757628597867,-5.034000000000001,-3.7883489558690533,1.2456510441309474,True
2024-11-11,No-arbitrage enforced,-0.7649597636358593,-4.031999999999999,-3.847395338073827,0.1846046619261723,True
2024-11-12,No-arbitrage enforced,-0.763409997050526,-4.15,-3.8468848589541094,0.303115141045891,True
2024-11-13,No-arbitrage enforced,-0.7410999381663949,-4.291999999999999,-3.7847810466777565,0.5072189533222424,True
2024-11-14,No-arbitrage enforced,-0.7476924219648776,-4.797999999999999,-3.8018915363037777,0.9961084636962214,True
2024-11-15,No-arbitrage enforced,-0.7802485775736617,-4.955000000000001,-3.876123715520748,1.0788762844792528,True
2024-11-18,No-arbitrage enforced,-0.7645730167159227,-4.733000000000001,-3.8356438102367125,0.8973561897632889,True
2024-11-19,No-arbitrage enforced,-0.7695651083457496,-4.946000000000001,-3.838631651987941,1.1073683480120597,True
2024-11-20,No-arbitrage enforced,-0.78518992826193,-5.3,-3.8738648391275157,1.4261351608724842,True
2024-11-21,No-arbitrage enforced,-0.7678457523214953,-5.572,-3.824379366115742,1.747620633884258,True
2024-11-22,No-arbitrage enforced,-0.7116713305218901,-6.163999999999999,-3.6636216037372855,2.5003783962627133,True
2024-11-25,No-arbitrage enforced,-0.7305177512616697,-6.728,-3.7388799999071454,2.9891200000928544,True
2024-11-26,No-arbitrage enforced,-0.7177813593538441,-6.622999999999999,-3.703334448782342,2.9196655512176575,True
2024-11-27,No-arbitrage enforced,-0.6950073959567112,-6.794,-3.6228705096440366,3.171129490355963,True
2024-12-02,No-arbitrage enforced,-0.7206812443528029,-7.065,-3.7266009148833446,3.338399085116656,True
2024-12-03,No-arbitrage enforced,-0.7209032064899427,-7.022999999999999,-3.7280902355657313,3.2949097644342675,True
2024-12-04,No-arbitrage enforced,-0.7148543906047758,-7.244999999999999,-3.704242118370635,3.5407578816293643,True
2024-12-05,No-arbitrage enforced,-0.7166588379028066,-7.393000000000001,-3.709002032774737,3.6839979672252636,True
2024-12-06,No-arbitrage enforced,-0.6859536793384561,-6.8050000000000015,-3.6124760522662225,3.192523947733779,True
2024-12-09,No-arbitrage enforced,-0.744413194572307,-6.313999999999998,-3.792982236337319,2.5210177636626794,True
2024-12-10,No-arbitrage enforced,-0.7509383887054738,-6.5120000000000005,-3.8150250898412557,2.696974910158745,True
2024-12-11,No-arbitrage enforced,-0.7246527780472559,-6.906000000000001,-3.7361701851650624,3.169829814834938,True
2024-12-12,No-arbitrage enforced,-0.722231696069158,-6.743,-3.721861999112036,3.0211380008879645,True
2024-12-13,No-arbitrage enforced,-0.6986033600918059,-6.991,-3.6404890234229885,3.350510976577011,True
2024-12-16,No-arbitrage enforced,-0.7250909809191689,-6.678999999999999,-3.7188073697845265,2.960192630215473,True
2024-12-17,No-arbitrage enforced,-0.7529505585682216,-7.303999999999999,-3.7929089113400307,3.5110910886599687,True
2024-12-18,No-arbitrage enforced,-0.9985580989171731,-6.891999999999999,-4.096966063494487,2.7950339365055115,True
2024-12-19,No-arbitrage enforced,-0.9142362954033857,-6.31,-4.054060940143308,2.2559390598566917,True
2024-12-20,No-arbitrage enforced,-0.8006262153713989,-6.121,-3.8993124966434967,2.221687503356504,True
2024-12-23,No-arbitrage enforced,-0.7793252852392362,-7.065,-3.8621725264117215,3.202827473588279,True
2024-12-24,No-arbitrage enforced,-0.6983649266586122,-8.009,-3.632128672339678,4.376871327660322,True
2024-12-26,No-arbitrage enforced,-0.7155322782124843,-7.372,-3.6851346780899914,3.6868653219100085,True
2024-12-27,No-arbitrage enforced,-0.751341833148825,-6.791999999999999,-3.7863112913882304,3.0056887086117685,True
2024-12-30,No-arbitrage enforced,-0.798190287186405,-6.108000000000001,-3.909467617827671,2.1985323821723304,True
2024-12-31,No-arbitrage enforced,-0.7864589780204337,-6.9159999999999995,-3.874464024186523,3.0415359758134763,True
2025-01-02,No-arbitrage enforced,-0.8059574412247438,-5.719999999999999,-3.923167147501424,1.796832852498575,True
2025-01-03,No-arbitrage enforced,-0.7539519354403402,-5.731999999999999,-3.79189337884042,1.9401066211595794,True
2025-01-06,No-arbitrage enforced,-0.7688020732492457,-5.2639999999999985,-3.8414474097647613,1.4225525902352372,True
2025-01-07,No-arbitrage enforced,-0.8032164921064578,-5.51,-3.917000308519014,1.5929996914809856,True
2025-01-08,No-arbitrage enforced,-0.8040754607703527,-5.434,-3.9217725621131385,1.5122274378868616,True
2025-01-10,No-arbitrage enforced,-0.8317291464938742,-5.144999999999999,-3.966186307585753,1.1788136924142458,True
2025-01-13,No-arbitrage enforced,-0.8452105933928512,-7.0550000000000015,-4.0110297575373135,3.043970242462688,True
2025-01-14,No-arbitrage enforced,-0.8367497854382023,-6.7639999999999985,-3.9973591704363227,2.7666408295636757,True
2025-01-15,No-arbitrage enforced,-0.7637981346617212,-6.353999999999999,-3.8240100698604516,2.5299899301395476,True
2025-01-16,No-arbitrage enforced,-0.7815368313294194,-6.741,-3.872211135170971,2.8687888648290287,True
2025-01-17,No-arbitrage enforced,-0.7674624339543735,-6.534999999999999,-3.8383363873053313,2.696663612694668,True
2025-01-21,No-arbitrage enforced,-0.7708961258201933,-7.3,-3.8650599402378667,3.434940059762133,True
2025-01-22,No-arbitrage enforced,-0.7565410152123194,-7.997999999999999,-3.8176214287842902,4.180378571215709,True
2025-01-23,No-arbitrage enforced,-0.7535517590677469,-7.9319999999999995,-3.809138224895321,4.1228617751046786,True
2025-01-24,No-arbitrage enforced,-0.7425537253617037,-7.316,-3.7754161860099975,3.5405838139900023,True
2025-01-27,No-arbitrage enforced,-0.8413906119538895,-6.855000000000001,-4.026732394844601,2.8282676051554,True
2025-01-28,No-arbitrage enforced,-0.812378503384073,-6.363999999999999,-3.9703025152286724,2.3936974847713266,True
2025-01-29,No-arbitrage enforced,-0.8085068067450786,-5.743,-3.95588856366058,1.7871114363394205,True
2025-01-30,No-arbitrage enforced,-0.7833684599284404,-5.669999999999999,-3.891180940308729,1.77881905969127,True
2025-01-31,No-arbitrage enforced,-0.7988880909554906,-5.8469999999999995,-3.928970725819034,1.9180292741809657,True
2025-02-03,No-arbitrage enforced,-0.855391837546451,-5.544999999999999,-4.051069270875711,1.4939307291242878,True
2025-02-04,No-arbitrage enforced,-0.8183503169888221,-5.944,-3.9733233308068803,1.9706766691931197,True
2025-02-05,No-arbitrage enforced,-0.7815368313294194,-6.2639999999999985,-3.8866273120233323,2.377372687976666,True
2025-02-06,No-arbitrage enforced,-0.7678457523214953,-6.356999999999999,-3.847589342516205,2.5094106574837944,True
2025-02-07,No-arbitrage enforced,-0.7776567677335459,-6.6530000000000005,-3.861054707510007,2.7919452924899937,True
2025-02-10,No-arbitrage enforced,-0.760288012643158,-6.6949999999999985,-3.817856075922582,2.8771439240774166,True
2025-02-11,No-arbitrage enforced,-0.7616575923319523,-6.881,-3.8187737389802967,3.0622262610197035,True
2025-02-12,No-arbitrage enforced,-0.7553486435253131,-6.609999999999999,-3.8004262998474103,2.809573700152589,True
2025-02-13,No-arbitrage enforced,-0.7305177512616697,-6.336000000000001,-3.730637315147723,2.6053626848522784,True
2025-02-14,No-arbitrage enforced,-0.7139482487451644,-6.797,-3.6789822359561644,3.1180177640438353,True
2025-02-18,No-arbitrage enforced,-0.7491165806856063,-8.312000000000001,-3.7889111700863896,4.523088829913611,True
2025-02-19,No-arbitrage enforced,-0.7462618972852503,-7.575999999999999,-3.7807717404399526,3.795228259560046,True
2025-02-20,No-arbitrage enforced,-0.7543516142585985,-7.856999999999999,-3.8009904012846873,4.0560095987153115,True
2025-02-21,No-arbitrage enforced,-0.8183503169888221,-6.5,-3.9544447886436767,2.5455552113563233,True
2025-02-24,No-arbitrage enforced,-0.8390780566425783,-5.6930000000000005,-3.9983714746532146,1.6946285253467859,True
2025-02-25,No-arbitrage enforced,-0.8540613954725249,-5.76,-4.030107443523772,1.7298925564762282,True
2025-02-26,No-arbitrage enforced,-0.8479349626304361,-5.343999999999999,-4.020445014649834,1.3235549853501656,True
2025-02-27,No-arbitrage enforced,-0.8778204633389369,-4.9319999999999995,-4.052511356928663,0.8794886430713369,True
2025-02-28,No-arbitrage enforced,-0.8479349626304361,-5.794,-4.009086113059004,1.7849138869409957,True
2025-03-03,No-arbitrage enforced,-0.9172254216502761,-5.425999999999999,-4.101397973881242,1.3246020261187574,True
2025-03-04,No-arbitrage enforced,-0.9273791338407965,-5.138,-4.1013759481640815,1.0366240518359184,True
2025-03-05,No-arbitrage enforced,-0.8224729956550041,-3.8879999999999995,-3.8879999999999977,1.7763568394002505e-15,True
2025-03-06,No-arbitrage enforced,-0.8037384289544773,-3.7650000000000006,-3.7649999999999997,8.881784197001252e-16,True
2025-03-07,No-arbitrage enforced,-0.8785800436075049,-3.9939999999999998,-3.9939999999999998,0.0,True
2025-03-10,No-arbitrage enforced,-0.9976593784764248,-4.603999999999999,-4.091023054653949,0.5129769453460504,True
2025-03-11,No-arbitrage enforced,-0.6525392997601124,-3.278999999999999,-3.2790000000000004,-1.3322676295501878e-15,True
2025-03-12,No-arbitrage enforced,-0.5265456697776925,-2.8689999999999998,-2.8689999999999998,0.0,True
2025-03-13,No-arbitrage enforced,-0.5320069436008319,-2.8860000000000015,-2.886000000000002,-4.440892098500626e-16,True
2025-03-14,No-arbitrage enforced,-0.5616272542387633,-3.030000000000001,-3.0300000000000007,4.440892098500626e-16,True
2025-03-17,No-arbitrage enforced,-0.6547689087028289,-3.3900000000000006,-3.3900000000000006,0.0,True
2025-03-18,No-arbitrage enforced,-0.74705262304017,-3.675,-3.674999999999998,1.7763568394002505e-15,True
2025-03-19,No-arbitrage enforced,-0.7274882387956171,-3.6449999999999987,-3.6449999999999982,4.440892098500626e-16,True
2025-03-20,No-arbitrage enforced,-0.8565701869116655,-4.078999999999999,-4.028715811640639,0.05028418835935966,True
2025-03-21,No-arbitrage enforced,-0.8433822990589365,-4.172999999999999,-4.004076971575138,0.16892302842486107,True
2025-03-24,No-arbitrage enforced,-0.8430766361634475,-4.400999999999999,-4.039829482962534,0.36117051703746483,True
2025-03-25,No-arbitrage enforced,-0.8345623373110033,-4.868,-4.021849689520458,0.8461503104795423,True
2025-03-26,No-arbitrage enforced,-0.8638458390722851,-4.475,-4.0802909129536165,0.3947090870463832,True
2025-03-27,No-arbitrage enforced,-0.8648524317939944,-4.084999999999999,-4.0753448811892685,0.009655118810730556,True
2025-03-28,No-arbitrage enforced,-0.8259686258515532,-3.903999999999999,-3.9039999999999995,-4.440892098500626e-16,True
2025-03-31,No-arbitrage enforced,-0.9315784912395232,-4.858000000000001,-4.148794671507707,0.7092053284922946,True
2025-04-01,No-arbitrage enforced,-0.9233755858840157,-4.300999999999999,-4.145196729825608,0.155803270174391,True
2025-04-02,No-arbitrage enforced,-0.9212960581378787,-4.427000000000001,-4.147803984507449,0.2791960154925528,True
2025-04-03,No-arbitrage enforced,-0.9580452681646434,-3.919999999999999,-3.919999999999999,0.0,True
2025-04-04,No-arbitrage enforced,-0.9989887923838993,-3.653999999999999,-3.360550471928774,0.2934495280712248,True
2025-04-07,No-arbitrage enforced,-0.9984305370364966,-3.3819999999999992,-3.2992804442518042,0.082719555748195,True
2025-04-08,No-arbitrage enforced,-0.9989999999999999,-3.5680000000000005,-3.1242050343106667,0.44379496568933385,True
2025-04-09,No-arbitrage enforced,-0.9961298570827827,-4.222999999999999,-3.8252133026188937,0.3977866973811053,True
2025-04-10,No-arbitrage enforced,-0.5828544406153824,-2.7540000000000004,-2.7540000000000004,0.0,True
2025-04-11,No-arbitrage enforced,-0.5942239429980521,-2.8639999999999985,-2.863999999999999,-4.440892098500626e-16,True
2025-04-14,No-arbitrage enforced,-0.7975376966524598,-3.5710000000000006,-3.5709999999999993,1.3322676295501878e-15,True
2025-04-15,No-arbitrage enforced,-0.7891038357275131,-3.575999999999999,-3.5759999999999983,8.881784197001252e-16,True
2025-04-16,No-arbitrage enforced,-0.6459288071686649,-3.1319999999999992,-3.131999999999999,4.440892098500626e-16,True
2025-04-17,No-arbitrage enforced,-0.583387536095268,-3.002000000000001,-3.002000000000002,-8.881784197001252e-16,True
2025-04-21,No-arbitrage enforced,-0.4805113368560612,-2.5769999999999995,-2.577,-4.440892098500626e-16,True
2025-04-22,No-arbitrage enforced,-0.4728981008724807,-2.593000000000001,-2.5930000000000004,4.440892098500626e-16,True
2025-04-23,No-arbitrage enforced,-0.4858586030058281,-2.6670000000000003,-2.6670000000000003,0.0,True
2025-04-24,No-arbitrage enforced,-0.5415780271922577,-2.902000000000001,-2.9020000000000015,-4.440892098500626e-16,True
2025-04-25,No-arbitrage enforced,-0.6287911943814029,-3.2370000000000005,-3.236999999999999,1.3322676295501878e-15,True
2025-04-28,No-arbitrage enforced,-0.5988436139885456,-3.128,-3.1279999999999992,8.881784197001252e-16,True
2025-04-29,No-arbitrage enforced,-0.68324071728584,-3.4289999999999994,-3.4290000000000003,-8.881784197001252e-16,True
2025-04-30,No-arbitrage enforced,-0.6387082159761549,-3.272999999999999,-3.273,-1.3322676295501878e-15,True
2025-05-01,No-arbitrage enforced,-0.6788343223173068,-3.406999999999999,-3.4069999999999987,4.440892098500626e-16,True
2025-05-02,No-arbitrage enforced,-0.6903021875768286,-3.478,-3.4780000000000006,-4.440892098500626e-16,True
2025-05-05,No-arbitrage enforced,-0.675122880164066,-3.4120000000000004,-3.412000000000001,-4.440892098500626e-16,True
2025-05-06,No-arbitrage enforced,-0.6542376553722777,-3.3240000000000007,-3.3240000000000003,4.440892098500626e-16,True
2025-05-07,No-arbitrage enforced,-0.6187044683150087,-3.221000000000001,-3.2210000000000005,4.440892098500626e-16,True
2025-05-08,No-arbitrage enforced,-0.5958333733283994,-3.152000000000001,-3.152000000000001,0.0,True
2025-05-09,No-arbitrage enforced,-0.5142479401134264,-2.8400000000000007,-2.8400000000000007,0.0,True
2025-05-12,No-arbitrage enforced,-0.7577922546189559,-3.7669999999999986,-3.7669999999999986,0.0,True
2025-05-13,No-arbitrage enforced,-0.825025162738881,-4.052000000000001,-3.973626941676495,0.0783730583235065,True
2025-05-14,No-arbitrage enforced,-0.8004645195048186,-3.8939999999999997,-3.8940000000000006,-8.881784197001252e-16,True
2025-05-15,No-arbitrage enforced,-0.7994104833993824,-4.084999999999999,-3.9053833868428773,0.17961661315712174,True
2025-05-16,No-arbitrage enforced,-0.7022348624547851,-3.600999999999999,-3.600999999999998,8.881784197001252e-16,True
2025-05-19,No-arbitrage enforced,-0.704005723979374,-3.594,-3.593999999999999,8.881784197001252e-16,True
2025-05-20,No-arbitrage enforced,-0.7437692889192695,-3.727000000000001,-3.7270000000000016,-4.440892098500626e-16,True
2025-05-21,No-arbitrage enforced,-0.7592921108031144,-3.728,-3.727999999999999,1.3322676295501878e-15,True
2025-05-22,No-arbitrage enforced,-0.8151423583690215,-3.903999999999999,-3.9039999999999995,-4.440892098500626e-16,True
2025-05-23,No-arbitrage enforced,-0.8430091248776128,-3.934,-3.934,0.0,True
2025-05-27,No-arbitrage enforced,-0.8328337419999897,-4.088999999999999,-3.9812335435520962,0.10776645644790239,True
2025-05-28,No-arbitrage enforced,-0.7621672250103345,-3.7650000000000006,-3.765000000000001,-4.440892098500626e-16,True
2025-05-29,No-arbitrage enforced,-0.7490434934157899,-3.725999999999999,-3.725999999999998,8.881784197001252e-16,True
2025-05-30,No-arbitrage enforced,-0.7773616134810822,-3.825,-3.825,0.0,True
2025-06-02,No-arbitrage enforced,-0.8287127664734338,-4.103999999999999,-3.9815028490275086,0.12249715097249059,True
2025-06-03,No-arbitrage enforced,-0.8120436037064706,-4.159999999999999,-3.94570886281402,0.21429113718597925,True
2025-06-04,No-arbitrage enforced,-0.7472432596772961,-3.746000000000001,-3.7460000000000013,-4.440892098500626e-16,True
2025-06-05,No-arbitrage enforced,-0.8238948414608444,-4.009,-3.9652992198620236,0.043700780137976736,True
2025-06-06,No-arbitrage enforced,-0.7688020732492457,-3.8849999999999993,-3.829105852171745,0.055894147828254415,True
2025-06-09,No-arbitrage enforced,-0.7905946146810677,-3.9180000000000006,-3.8905442540641086,0.02745574593589195,True
2025-06-10,No-arbitrage enforced,-0.7866398719314635,-4.122,-3.8820254113563486,0.2399745886436513,True
2025-06-11,No-arbitrage enforced,-0.7913085922960547,-4.1389999999999985,-3.890969884883241,0.24803011511675743,True
2025-06-12,No-arbitrage enforced,-0.8035603452269081,-4.56,-3.914353380888295,0.6456466191117047,True
2025-06-13,No-arbitrage enforced,-0.8536167782566785,-4.965000000000001,-3.9974831850157284,0.9675168149842723,True
2025-06-16,No-arbitrage enforced,-0.8323607822814248,-5.659999999999999,-3.9768400023437653,1.683159997656234,True
2025-06-17,No-arbitrage enforced,-0.8901961151295165,-5.436000000000002,-4.071106591444073,1.364893408555929,True
2025-06-18,No-arbitrage enforced,-0.8516834834151373,-4.840999999999999,-4.007964179093597,0.8330358209064022,True
2025-06-20,No-arbitrage enforced,-0.8393873001056488,-4.919,-3.9639419207066373,0.9550580792933623,True
2025-06-23,No-arbitrage enforced,-0.833148684330986,-5.478,-3.96404862385041,1.5139513761495897,True
2025-06-24,No-arbitrage enforced,-0.7909517964606062,-5.497,-3.885979402480116,1.6110205975198837,True
2025-06-25,No-arbitrage enforced,-0.7612668758928832,-5.224000000000001,-3.8051807708767913,1.4188192291232098,True
2025-06-26,No-arbitrage enforced,-0.7549502025818756,-4.746,-3.7875832111995833,0.9584167888004171,True
2025-06-27,No-arbitrage enforced,-0.7410999381663949,-4.343999999999999,-3.7465199130043634,0.597480086995636,True
2025-06-30,No-arbitrage enforced,-0.7604840227513584,-3.9650000000000007,-3.8031609518516207,0.16183904814838002,True
2025-07-01,No-arbitrage enforced,-0.7608756864592744,-4.007,-3.8027623581826178,0.2042376418173819,True
2025-07-02,No-arbitrage enforced,-0.7464666501103098,-3.928,-3.759082001732402,0.1689179982675979,True
2025-07-03,No-arbitrage enforced,-0.7419314855278561,-4.136000000000001,-3.74831346995758,0.38768653004242104,True
2025-07-07,No-arbitrage enforced,-0.7637707570385143,-3.7960000000000007,-3.7960000000000016,-8.881784197001252e-16,True
2025-07-08,No-arbitrage enforced,-0.763021393390204,-4.080000000000001,-3.8099795070635785,0.2700204929364225,True
2025-07-09,No-arbitrage enforced,-0.7352174472440013,-4.175,-3.73297906700088,0.44202093299912004,True
2025-07-10,No-arbitrage enforced,-0.7337296390287694,-4.331999999999999,-3.7305367353726315,0.6014632646273674,True
2025-07-11,No-arbitrage enforced,-0.7456468507643162,-4.496,-3.760256340712808,0.7357436592871927,True
2025-07-14,No-arbitrage enforced,-0.7701362115502811,-4.7,-3.826076094765283,0.873923905234717,True
2025-07-15,No-arbitrage enforced,-0.7780282854871851,-4.372,-3.8477850343534707,0.5242149656465291,True
2025-07-16,No-arbitrage enforced,-0.7604840227513584,-4.671000000000001,-3.796036545363935,0.8749634546360663,True
2025-07-17,No-arbitrage enforced,-0.7478962614895358,-5.112,-3.7657087654387325,1.3462912345612676,True
2025-07-18,No-arbitrage enforced,-0.7388019225026695,-5.044999999999999,-3.7374584904254924,1.3075415095745067,True
2025-07-21,No-arbitrage enforced,-0.7828200439478302,-5.483000000000001,-3.8753602446876734,1.607639755312328,True
2025-07-22,No-arbitrage enforced,-0.7842804562309319,-5.343999999999999,-3.882529846608112,1.4614701533918875,True
2025-07-23,No-arbitrage enforced,-0.7659246163245056,-5.928999999999999,-3.8436125365097467,2.0853874634902527,True
2025-07-24,No-arbitrage enforced,-0.766502152597928,-5.941,-3.8451382244224663,2.0958617755775335,True
2025-07-25,No-arbitrage enforced,-0.7415159831085713,-4.5569999999999995,-3.770591154065438,0.7864088459345613,True
2025-07-28,No-arbitrage enforced,-0.7525491322476264,-4.765000000000001,-3.805655605196857,0.9593443948031437,True
2025-07-29,No-arbitrage enforced,-0.7767261221890661,-4.912000000000001,-3.867747189556456,1.044252810443545,True
2025-07-30,No-arbitrage enforced,-0.7543516142585985,-5.408000000000001,-3.8040005495273803,1.603999450472621,True
2025-07-31,No-arbitrage enforced,-0.7864589780204337,-5.228999999999999,-3.885482923371254,1.3435170766287454,True
2025-08-01,No-arbitrage enforced,-0.8575979745825267,-5.549000000000001,-4.018279110569865,1.5307208894301363,True
2025-08-04,No-arbitrage enforced,-0.8088452583537237,-5.931,-3.939343786745634,1.991656213254366,True
2025-08-05,No-arbitrage enforced,-0.8152117445545312,-4.991,-3.952075440042297,1.0389245599577026,True
2025-08-06,No-arbitrage enforced,-0.7837335623671352,-4.971000000000001,-3.876128822846816,1.094871177153185,True
2025-08-07,No-arbitrage enforced,-0.7793252852392362,-4.703,-3.8657896206678943,0.837210379332106,True
2025-08-08,No-arbitrage enforced,-0.7421390337827215,-4.753,-3.769011509531519,0.983988490468481,True
2025-08-11,No-arbitrage enforced,-0.7971408234904306,-4.855000000000001,-3.9268213896158346,0.9281786103841667,True
2025-08-12,No-arbitrage enforced,-0.747284352983257,-5.144999999999999,-3.793277845912219,1.3517221540877795,True
2025-08-13,No-arbitrage enforced,-0.7320206889011337,-5.313,-3.745852122940749,1.5671478770592508,True
2025-08-14,No-arbitrage enforced,-0.7446191351202659,-5.062,-3.782672727076832,1.2793272729231684,True
2025-08-15,No-arbitrage enforced,-0.750534436192778,-5.379,-3.7979717577364602,1.5810282422635393,True
2025-08-18,No-arbitrage enforced,-0.7608756864592744,-5.394999999999999,-3.8337230058006284,1.5612769941993703,True
2025-08-19,No-arbitrage enforced,-0.7782138862308078,-5.316999999999998,-3.879587177812123,1.4374128221878752,True
2025-08-20,No-arbitrage enforced,-0.7853715211317186,-4.456,-3.90012124843551,0.5558787515644905,True
2025-08-21,No-arbitrage enforced,-0.8078288745925634,-4.4319999999999995,-3.953112296791128,0.4788877032088714,True
2025-08-22,No-arbitrage enforced,-0.720459125216896,-4.6389999999999985,-3.7106264964403928,0.9283735035596057,True
2025-08-25,No-arbitrage enforced,-0.7452361611669857,-4.9990000000000006,-3.785414243481307,1.2135857565186936,True
2025-08-26,No-arbitrage enforced,-0.743174753326776,-5.6530000000000005,-3.7813965899083195,1.871603410091681,True
2025-08-27,No-arbitrage enforced,-0.750534436192778,-5.087999999999999,-3.8020472311905187,1.2859527688094805,True
2025-08-28,No-arbitrage enforced,-0.7166588379028066,-5.25,-3.6939386589070087,1.5560613410929913,True
2025-08-29,No-arbitrage enforced,-0.739220979722297,-5.209999999999999,-3.7557728128012724,1.4542271871987267,True
2025-09-02,No-arbitrage enforced,-0.8044184295706137,-5.147999999999999,-3.9324617794067263,1.2155382205932725,True
2025-09-03,No-arbitrage enforced,-0.7735419428027314,-5.022,-3.8512917670461806,1.1707082329538196,True
2025-09-04,No-arbitrage enforced,-0.7515433652889557,-5.396000000000001,-3.7977721854176663,1.5982278145823345,True
2025-09-05,No-arbitrage enforced,-0.7379621477127849,-4.816,-3.754499816067208,1.0615001839327918,True
2025-09-08,No-arbitrage enforced,-0.7551494847336976,-4.882,-3.812873664393884,1.0691263356061156,True
2025-09-09,No-arbitrage enforced,-0.757333483879805,-5.093000000000001,-3.8212512265794345,1.2717487734205664,True
2025-09-10,No-arbitrage enforced,-0.7705163905825577,-5.191999999999998,-3.8587838744948715,1.333216125505127,True
2025-09-11,No-arbitrage enforced,-0.7448249429419446,-4.763,-3.7853973494508826,0.9776026505491173,True
2025-09-12,No-arbitrage enforced,-0.7419314855278561,-4.949000000000001,-3.7748451944283734,1.1741548055716273,True
2025-09-15,No-arbitrage enforced,-0.7783993817307515,-5.211000000000001,-3.8780847676417087,1.3329152323582925,True
2025-09-16,No-arbitrage enforced,-0.797840834564055,-4.821000000000001,-3.927009141571034,0.8939908584289666,True
2025-09-17,No-arbitrage enforced,-0.7750442504902247,-4.6370000000000005,-3.8668878142449983,0.7701121857550022,True
2025-09-18,No-arbitrage enforced,-0.7557465917080438,-4.819,-3.804891884907721,1.014108115092279,True
2025-09-19,No-arbitrage enforced,-0.7326626263748316,-4.697,-3.7322347956271242,0.9647652043728758,True
2025-09-22,No-arbitrage enforced,-0.7697555875622683,-4.546000000000001,-3.8434813436624564,0.7025186563375447,True
2025-09-23,No-arbitrage enforced,-0.7776567677335459,-4.6530000000000005,-3.8593375009088033,0.7936624990911971,True
2025-09-24,No-arbitrage enforced,-0.7529505585682216,-4.587000000000001,-3.7877989052947756,0.799201094705225,True
2025-09-25,No-arbitrage enforced,-0.7682286186679556,-4.588999999999999,-3.8277861637307407,0.761213836269258,True
2025-09-26,No-arbitrage enforced,-0.7296557118227888,-4.150999999999999,-3.72462848175346,0.42637151824653907,True
2025-09-29,No-arbitrage enforced,-0.7553486435253131,-4.303,-3.796615900497689,0.506384099502311,True
2025-09-30,No-arbitrage enforced,-0.76399202908849,-4.343999999999999,-3.8219494939963674,0.522050506003632,True
2025-10-01,No-arbitrage enforced,-0.7557465917080438,-4.368,-3.7951052497196835,0.5728947502803168,True
2025-10-02,No-arbitrage enforced,-0.7608756864592744,-4.593000000000001,-3.806080460493267,0.7869195395067337,True
2025-10-03,No-arbitrage enforced,-0.7545512675153428,-4.465000000000001,-3.785304498950691,0.6796955010493098,True
2025-10-06,No-arbitrage enforced,-0.7565410152123194,-4.25,-3.796367398385467,0.4536326016145331,True
2025-10-07,No-arbitrage enforced,-0.7835510618848543,-4.522,-3.8673904298589967,0.6546095701410035,True
2025-10-08,No-arbitrage enforced,-0.7485070024070929,-4.575999999999999,-3.7712802958430567,0.804719704156942,True
2025-10-09,No-arbitrage enforced,-0.763409997050526,-4.534000000000001,-3.817566291661384,0.7164337083386165,True
2025-10-10,No-arbitrage enforced,-0.8194633758506679,-3.8860000000000015,-3.8860000000000006,8.881784197001252e-16,True
2025-10-13,No-arbitrage enforced,-0.8347190490006516,-4.281000000000001,-3.985118012248275,0.29588198775172536,True
2025-10-14,No-arbitrage enforced,-0.8698424524716953,-4.647999999999999,-4.0400860706318555,0.6079139293681433,True
2025-10-15,No-arbitrage enforced,-0.8539132530793788,-4.497999999999999,-4.002476981047715,0.49552301895228457,True
2025-10-16,No-arbitrage enforced,-0.940187450701835,-4.713999999999999,-4.0677713938037,0.6462286061962983,True
2025-10-17,No-arbitrage enforced,-0.8615341085672615,-4.763,-4.019246420613961,0.7437535793860386,True
2025-10-20,No-arbitrage enforced,-0.8240565470883466,-5.131,-3.9706333459019794,1.1603666540980209,True
2025-10-21,No-arbitrage enforced,-0.8163714676919686,-4.994999999999999,-3.9551103642778744,1.0398896357221248,True
2025-10-22,No-arbitrage enforced,-0.8398506427040234,-5.284999999999999,-4.008320106214486,1.2766798937855128,True
2025-10-23,No-arbitrage enforced,-0.8120436037064714,-5.434,-3.952937470386242,1.4810625296137583,True
2025-10-24,No-arbitrage enforced,-0.7809853424446874,-5.349000000000001,-3.8744605384732553,1.4745394615267458,True
2025-10-27,No-arbitrage enforced,-0.7770986984227141,-4.85,-3.8722159183359266,0.977784081664073,True
2025-10-28,No-arbitrage enforced,-0.7950318803243513,-4.037000000000001,-3.9172979146054696,0.1197020853945312,True
2025-10-29,No-arbitrage enforced,-0.7946790811123988,-3.944999999999999,-3.9073341036199154,0.03766589638008355,True
2025-10-30,No-arbitrage enforced,-0.7819039759733012,-4.115,-3.8679943667032455,0.24700563329675473,True
2025-10-31,No-arbitrage enforced,-0.7783993817307516,-4.2780000000000005,-3.8479074213722284,0.43009257862777206,True
2025-11-03,No-arbitrage enforced,-0.7831857563713566,-4.199000000000001,-3.867474402219341,0.3315255977806597,True
2025-11-04,No-arbitrage enforced,-0.8304623495789315,-4.400999999999999,-3.9737155425551927,0.42728445744480625,True
2025-11-05,No-arbitrage enforced,-0.7992364438341722,-4.363999999999999,-3.9015804429196876,0.46241955708031135,True
2025-11-06,No-arbitrage enforced,-0.8362822238586097,-4.353999999999999,-3.979740693418198,0.3742593065818012,True
2025-11-07,No-arbitrage enforced,-0.8234092605928282,-4.127000000000001,-3.952037749695987,0.1749622503040138,True
2025-11-10,No-arbitrage enforced,-0.8021827984318571,-4.294,-3.9179133961681702,0.37608660383182935,True
2025-11-11,No-arbitrage enforced,-0.7870013617980788,-4.344999999999999,-3.8773652225274047,0.4676347774725942,True
2025-11-12,No-arbitrage enforced,-0.7817153204002562,-3.8569999999999993,-3.8569999999999998,-4.440892098500626e-16,True
2025-11-13,No-arbitrage enforced,-0.8522794936691122,-4.2490000000000006,-4.01270906752169,0.2362909324783109,True
2025-11-14,No-arbitrage enforced,-0.7743180840150249,-3.7930000000000006,-3.7929999999999997,8.881784197001252e-16,True
2025-11-17,No-arbitrage enforced,-0.8964237161448128,-4.090000000000001,-4.064743785218755,0.025256214781245845,True
2025-11-18,No-arbitrage enforced,-0.9320554041997436,-4.297999999999999,-4.072525121764644,0.22547487823535484,True
2025-11-19,No-arbitrage enforced,-0.9063990623066079,-4.3050000000000015,-4.050083138137602,0.2549168618623998,True
2025-11-20,No-arbitrage enforced,-0.9457420512295606,-4.496,-4.038566265037029,0.45743373496297135,True
2025-11-21,No-arbitrage enforced,-0.8854870628517618,-4.8340000000000005,-4.0086810629791145,0.825318937020886,True
2025-11-24,No-arbitrage enforced,-0.8429237027195634,-4.859999999999999,-3.9757794067424364,0.8842205932575631,True
2025-11-25,No-arbitrage enforced,-0.7907732538724102,-5.168000000000001,-3.866056601337494,1.301943398662507,True
2025-11-26,No-arbitrage enforced,-0.7517447709443424,-4.504,-3.7673935684721074,0.7366064315278922,True
2025-11-28,No-arbitrage enforced,-0.757333483879805,-4.3,-3.799269705261226,0.5007302947387737,True
2025-12-01,No-arbitrage enforced,-0.8108688144505947,-4.4860000000000015,-3.9505397813031773,0.5354602186968243,True
2025-12-02,No-arbitrage enforced,-0.7913085922960547,-4.494,-3.902796483661215,0.5912035163387848,True
2025-12-03,No-arbitrage enforced,-0.7737301101319766,-4.922999999999999,-3.856505856493982,1.0664941435060173,True
2025-12-04,No-arbitrage enforced,-0.7707063136033167,-4.891,-3.851986242330753,1.039013757669247,True
2025-12-05,No-arbitrage enforced,-0.763021393390204,-4.883000000000001,-3.833509537408481,1.0494904625915198,True
2025-12-08,No-arbitrage enforced,-0.8064688725258721,-5.063,-3.94790991112731,1.1150900888726896,True
2025-12-09,No-arbitrage enforced,-0.8066391757647519,-5.031999999999999,-3.9435188961659025,1.0884811038340967,True
2025-12-10,No-arbitrage enforced,-0.7778425793661082,-4.755000000000001,-3.8749258510408104,0.8800741489591903,True
2025-12-11,No-arbitrage enforced,-0.7337296390287694,-4.831999999999999,-3.745651095833209,1.08634890416679,True
2025-12-12,No-arbitrage enforced,-0.7547507968993709,-5.359,-3.8009652343710925,1.5580347656289075,True
2025-12-15,No-arbitrage enforced,-0.7688020732492457,-6.186000000000002,-3.833660542933736,2.352339457066266,True
2025-12-16,No-arbitrage enforced,-0.7626323224295778,-5.699000000000001,-3.8142300990319544,1.8847699009680463,True
2025-12-17,No-arbitrage enforced,-0.7971408234904305,-5.349000000000001,-3.902326699933541,1.4466733000664602,True
2025-12-18,No-arbitrage enforced,-0.763409997050526,-5.537999999999999,-3.8102241978205824,1.727775802179417,True
2025-12-19,No-arbitrage enforced,-0.6886732848223137,-5.587000000000001,-3.5874903014007886,1.999509698599212,True
2025-12-22,No-arbitrage enforced,-0.688919331262564,-5.993,-3.601295186067382,2.3917048139326185,True
2025-12-23,No-arbitrage enforced,-0.677901943336802,-6.053,-3.5625085638366003,2.4904914361633996,True
2025-12-24,No-arbitrage enforced,-0.6543167317808646,-6.130000000000001,-3.4830676332204575,2.6469323667795432,True
2025-12-26,No-arbitrage enforced,-0.6672646839325179,-5.144999999999999,-3.52958091522925,1.6154190847707488,True
2025-12-29,No-arbitrage enforced,-0.7096078037231396,-5.047,-3.6730641810317737,1.373935818968226,True
2025-12-30,No-arbitrage enforced,-0.7116713305218901,-4.833000000000001,-3.678169755539665,1.154830244460336,True
2025-12-31,No-arbitrage enforced,-0.7237745384811031,-4.869999999999999,-3.7100425225526905,1.1599574774473087,True
2026-01-02,No-arbitrage enforced,-0.7175571765834768,-4.186000000000002,-3.6957470177595297,0.490252982240472,True
2026-01-05,No-arbitrage enforced,-0.7333032651427726,-4.244999999999999,-3.7433771367643147,0.5016228632356845,True
2026-01-06,No-arbitrage enforced,-0.7266199092530069,-4.622999999999999,-3.723064676646183,0.8999353233538163,True
2026-01-07,No-arbitrage enforced,-0.7354294226287926,-4.356999999999999,-3.742702691748412,0.6142973082515875,True
2026-01-08,No-arbitrage enforced,-0.7415159831085713,-4.708000000000001,-3.761979279142138,0.946020720857863,True
2026-01-09,No-arbitrage enforced,-0.6976485211873408,-4.603999999999999,-3.626068746807366,0.9779312531926334,True
2026-01-12,No-arbitrage enforced,-0.7224525660678872,-4.975,-3.702764878134796,1.2722351218652035,True
2026-01-13,No-arbitrage enforced,-0.7347930710475717,-5.159999999999999,-3.73091884527646,1.4290811547235394,True
2026-01-14,No-arbitrage enforced,-0.7487103241052094,-5.252000000000001,-3.764653212107588,1.4873467878924127,True
2026-01-15,No-arbitrage enforced,-0.7307328943427384,-5.156999999999999,-3.7194844712109383,1.4375155287890609,True
2026-01-16,No-arbitrage enforced,-0.7257471443861004,-5.359,-3.702290251913265,1.656709748086735,True
2026-01-20,No-arbitrage enforced,-0.8634135534152284,-5.496,-4.0403613799032225,1.455638620096778,True
2026-01-21,No-arbitrage enforced,-0.7994104833993823,-4.441,-3.9221514329439473,0.5188485670560525,True
2026-01-22,No-arbitrage enforced,-0.7722217209244634,-4.131,-3.8592482785371147,0.2717517214628855,True
2026-01-23,No-arbitrage enforced,-0.7837335623671352,-4.402000000000001,-3.8879595642700724,0.5140404357299286,True
2026-01-26,No-arbitrage enforced,-0.7846445470785118,-4.81,-3.8897700656704184,0.9202299343295812,True
2026-01-27,No-arbitrage enforced,-0.7809853424446874,-4.725,-3.8748067202876357,0.8501932797123639,True
2026-01-28,No-arbitrage enforced,-0.7752315535038997,-4.497999999999999,-3.8566502006303933,0.641349799369606,True
2026-01-29,No-arbitrage enforced,-0.7877231531261633,-4.3740000000000006,-3.8866061785010073,0.48739382149899324,True
2026-01-30,No-arbitrage enforced,-0.7960880291531646,-4.365,-3.902364271076499,0.46263572892350124,True
2026-02-02,No-arbitrage enforced,-0.7735419428027314,-4.656000000000001,-3.8514624237033193,0.8045375762966813,True
2026-02-03,No-arbitrage enforced,-0.819499302809961,-4.385,-3.961809208668178,0.4231907913318218,True
2026-02-04,No-arbitrage enforced,-0.8447544297826571,-4.316,-4.0212278642416655,0.2947721357583344,True
2026-02-05,No-arbitrage enforced,-0.7610404560137226,-3.7159999999999997,-3.7159999999999984,1.3322676295501878e-15,True
2026-02-06,No-arbitrage enforced,-0.7914868457770173,-4.031000000000001,-3.8826331486223467,0.14836685137765393,True
2026-02-09,No-arbitrage enforced,-0.7791403139601335,-4.522999999999999,-3.8515974077868904,0.6714025922131084,True
2026-02-10,No-arbitrage enforced,-0.7826370348271109,-4.571000000000001,-3.854962685074015,0.7160373149259858,True
2026-02-11,No-arbitrage enforced,-0.768419882705288,-4.378,-3.8130448192120436,0.5649551807879565,True
2026-02-12,No-arbitrage enforced,-0.8615341085672615,-4.25,-4.018290939887188,0.231709060112812,True
2026-02-13,No-arbitrage enforced,-0.8286587134184212,-3.9349999999999996,-3.9349999999999987,8.881784197001252e-16,True
2026-02-17,No-arbitrage enforced,-0.860483519329909,-4.0280000000000005,-4.0280000000000005,0.0,True
2026-02-18,No-arbitrage enforced,-0.8149601358006662,-3.916999999999999,-3.9169999999999976,1.3322676295501878e-15,True
2026-02-19,No-arbitrage enforced,-0.8625473742297366,-4.119,-4.034839904805792,0.08416009519420786,True
2026-02-20,No-arbitrage enforced,-0.8347190490006514,-4.552000000000001,-3.9838872187257066,0.5681127812742948,True
2026-02-23,No-arbitrage enforced,-0.8800278820627053,-4.143000000000001,-4.061110320568876,0.08188967943112502,True
2026-02-24,No-arbitrage enforced,-0.8436876904227332,-4.194,-3.9991746710055636,0.1948253289944364,True
2026-02-25,No-arbitrage enforced,-0.8062984824228455,-4.605000000000001,-3.9241833844040577,0.6808166155959436,True
2026-02-26,No-arbitrage enforced,-0.8125458279618857,-4.656999999999999,-3.9294471192972136,0.7275528807027856,True
2026-02-27,No-arbitrage enforced,-0.8435350286479982,-4.666999999999999,-3.99206085538028,0.674939144619719,True
2026-03-02,No-arbitrage enforced,-0.8809893189951418,-5.178,-4.052546571359381,1.1254534286406193,True
2026-03-03,No-arbitrage enforced,-0.9244717773011527,-5.283000000000001,-4.093109868763767,1.1898901312362344,True
2026-03-04,No-arbitrage enforced,-0.8729431233805601,-5.287000000000001,-4.0396401198099525,1.2473598801900483,True
2026-03-05,No-arbitrage enforced,-0.9121041046252033,-5.394999999999999,-4.060093927712062,1.3349060722879367,True
2026-03-06,No-arbitrage enforced,-0.9900537340243135,-5.1800000000000015,-3.99457117782124,1.1854288221787614,True
2026-03-09,No-arbitrage enforced,-0.9625920054208578,-5.797999999999999,-4.105051465085715,1.6929485349142839,True
2026-03-10,No-arbitrage enforced,-0.9363203244202266,-5.446000000000001,-4.073156693489418,1.3728433065105827,True
2026-03-11,No-arbitrage enforced,-0.923131544348576,-5.244,-4.068909095562388,1.1750909044376119,True
2026-03-12,No-arbitrage enforced,-0.93945085730842,-3.9939999999999998,-3.9939999999999998,0.0,True
2026-03-13,No-arbitrage enforced,-0.8350518991113368,-3.775999999999999,-3.7759999999999994,-4.440892098500626e-16,True
2026-03-16,No-arbitrage enforced,-0.9217864170367251,-4.149000000000001,-4.089107354565264,0.05989264543473727,True
2026-03-17,No-arbitrage enforced,-0.8968175768854932,-4.504,-4.065962210478211,0.43803778952178885,True
2026-03-18,No-arbitrage enforced,-0.7647586034450014,-3.653999999999999,-3.653999999999999,0.0,True
2026-03-19,No-arbitrage enforced,-0.8189422928219826,-3.825999999999999,-3.825999999999998,1.3322676295501878e-15,True
2026-03-20,No-arbitrage enforced,-0.889799434158846,-3.9120000000000004,-3.912,4.440892098500626e-16,True
2026-03-23,No-arbitrage enforced,-0.9616017680788003,-4.202000000000001,-4.078921262553965,0.12307873744603626,True
2026-03-24,No-arbitrage enforced,-0.9665275786412234,-4.263,-4.057424977335765,0.20557502266423455,True
2026-03-25,No-arbitrage enforced,-0.9330073975529397,-4.087999999999999,-4.052461844759447,0.035538155240551816,True
2026-03-26,No-arbitrage enforced,-0.9536985057709347,-4.399000000000001,-4.014967015523161,0.38403298447684,True
2026-03-27,No-arbitrage enforced,-0.9718365873851662,-3.9,-3.9000000000000004,-4.440892098500626e-16,True
2026-03-30,No-arbitrage enforced,-0.9913825550101579,-4.222999999999999,-3.9488532865144084,0.2741467134855906,True
2026-03-31,No-arbitrage enforced,-0.9199441886639658,-4.544999999999999,-4.028082492353884,0.5169175076461148,True
2026-04-01,No-arbitrage enforced,-0.9128580659956781,-4.377000000000001,-4.036526946945613,0.3404730530543878,True
2026-04-02,No-arbitrage enforced,-0.8881855554577037,-4.6949999999999985,-4.001966987604336,0.693033012395663,True
2026-04-06,No-arbitrage enforced,-0.9164804263359846,-4.76,-4.0564165858155645,0.7035834141844353,True
2026-04-07,No-arbitrage enforced,-0.956164983667306,-4.844999999999999,-4.0823492098262335,0.7626507901737654,True
2026-04-08,No-arbitrage enforced,-0.8521305872776316,-5.036000000000001,-3.9883637359658533,1.0476362640341481,True
2026-04-09,No-arbitrage enforced,-0.8152117445545312,-4.327000000000001,-3.920333200381848,0.406666799618153,True
2026-04-10,No-arbitrage enforced,-0.807659176621216,-4.418000000000001,-3.903589135360657,0.5144108646393439,True
2026-04-13,No-arbitrage enforced,-0.8237330585581754,-5.6930000000000005,-3.952160852417653,1.7408391475823475,True
2026-04-14,No-arbitrage enforced,-0.8133812019896948,-4.994,-3.9370508318005237,1.056949168199476,True
2026-04-15,No-arbitrage enforced,-0.8016647459074512,-3.922999999999999,-3.9059239768871343,0.017076023112864824,True
2026-04-16,No-arbitrage enforced,-0.7920210298706036,-4.074000000000001,-3.881038537155272,0.1929614628447287,True
2026-04-17,No-arbitrage enforced,-0.7802485775736617,-4.1819999999999995,-3.852969417000302,0.32903058299969734,True
2026-04-20,No-arbitrage enforced,-0.8310963372443566,-4.19,-3.9781408560167315,0.21185914398326888,True
2026-04-21,No-arbitrage enforced,-0.8449065514987658,-4.090999999999999,-4.003597316607284,0.08740268339271573,True
2026-04-22,No-arbitrage enforced,-0.8230851525219051,-4.0840000000000005,-3.9543009571981442,0.1296990428018563,True
2026-04-23,No-arbitrage enforced,-0.8274920545070942,-3.9590000000000005,-3.958999999999973,2.7533531010703882e-14,True
2026-04-24,No-arbitrage enforced,-0.8057616484595694,-3.9080000000000013,-3.9080000000000004,8.881784197001252e-16,True
2026-04-27,No-arbitrage enforced,-0.8132142933875081,-3.9639999999999986,-3.9429936041420164,0.021006395857982252,True
2026-04-28,No-arbitrage enforced,-0.7703331388193254,-3.816,-3.815999999999998,1.7763568394002505e-15,True
2026-04-29,No-arbitrage enforced,-0.8282340404529683,-4.188,-3.9712103618326715,0.2167896381673282,True
2026-04-30,No-arbitrage enforced,-0.7720326803071408,-4.333000000000001,-3.8373240454712354,0.49567595452876567,True
2026-05-01,No-arbitrage enforced,-0.7678457523214953,-4.138,-3.822360601583601,0.315639398416399,True
2026-05-04,No-arbitrage enforced,-0.8117083693721198,-4.174000000000001,-3.9334663104415215,0.24053368955847976,True
2026-05-05,No-arbitrage enforced,-0.7770986984227141,-3.874000000000001,-3.844882843884882,0.029117156115118892,True
2026-05-06,No-arbitrage enforced,-0.6859140377076081,-3.541999999999999,-3.5419999999999963,2.6645352591003757e-15,True
2026-05-07,No-arbitrage enforced,-0.7044587704345877,-3.6110000000000015,-3.611,1.3322676295501878e-15,True
2026-05-08,No-arbitrage enforced,-0.7684784864522956,-3.8210000000000006,-3.8210000000000006,0.0,True
2026-05-11,No-arbitrage enforced,-0.8165368166327288,-4.021000000000001,-3.9458977897145795,0.0751022102854213,True
2026-05-12,No-arbitrage enforced,-0.8073195220699226,-3.941,-3.9261097775883025,0.014890222411697351,True
2026-05-13,No-arbitrage enforced,-0.7992364438341722,-4.150999999999999,-3.904131759066346,0.24686824093365312,True
2026-05-14,No-arbitrage enforced,-0.7862779846276161,-3.9319999999999995,-3.875482378611392,0.05651762138860761,True
2026-05-15,No-arbitrage enforced,-0.8078288745925634,-4.577000000000001,-3.919390318277406,0.6576096817225947,True
2026-05-18,No-arbitrage enforced,-0.7779705938286435,-3.8400000000000007,-3.8400000000000003,4.440892098500626e-16,True
2026-05-19,No-arbitrage enforced,-0.6908853771185915,-3.55,-3.549999999999998,1.7763568394002505e-15,True
2026-05-20,No-arbitrage enforced,-0.6020144843546937,-3.2310000000000003,-3.2309999999999994,8.881784197001252e-16,True
2026-05-21,No-arbitrage enforced,-0.7280299324148649,-3.6960000000000006,-3.6959999999999997,8.881784197001252e-16,True
2026-05-22,No-arbitrage enforced,-0.7406592270740062,-3.7389999999999985,-3.7389999999999977,8.881784197001252e-16,True
2026-05-26,No-arbitrage enforced,-0.7808013064537886,-3.903999999999999,-3.862823192724652,0.041176807275347116,True
2026-05-27,No-arbitrage enforced,-0.750534436192778,-3.8569999999999993,-3.778092113747547,0.07890788625245237,True
2026-05-28,No-arbitrage enforced,-0.7446191351202659,-3.952000000000001,-3.767565868187936,0.1844341318120648,True
2026-05-29,No-arbitrage enforced,-0.7364871808172267,-4.418000000000001,-3.7472419241336965,0.6707580758663045,True
2026-06-01,No-arbitrage enforced,-0.760288012643158,-4.246,-3.8138358021124175,0.432164197887583,True
2026-06-02,No-arbitrage enforced,-0.7489135168040019,-4.324000000000001,-3.781282313740969,0.5427176862590319,True
2026-06-03,No-arbitrage enforced,-0.7218734786765583,-3.6860000000000013,-3.6860000000000017,-4.440892098500626e-16,True
2026-06-04,No-arbitrage enforced,-0.7377518569222173,-4.215000000000001,-3.7501889918761324,0.46481100812386833,True
2026-06-05,No-arbitrage enforced,-0.9167289265622748,-5.225,-4.137140947523047,1.0878590524769525,True
2026-06-08,No-arbitrage enforced,-0.8599358633688455,-4.5,-4.057085677090982,0.4429143229090178,True
2026-06-09,No-arbitrage enforced,-0.8939191863840558,-4.197,-4.124383381684348,0.07261661831565203,True
2026-06-10,No-arbitrage enforced,-0.9378485186318334,-4.308000000000002,-4.164579303976213,0.1434206960237887,True
2026-06-11,No-arbitrage enforced,-0.873784042101215,-4.297999999999999,-4.082576881552913,0.21542311844708628,True
2026-06-12,No-arbitrage enforced,-0.8225984074956337,-4.26,-3.976951616156341,0.2830483838436586,True
2026-06-15,No-arbitrage enforced,-0.7941491764543888,-4.4319999999999995,-3.9184814671565005,0.513518532843499,True
2026-06-16,No-arbitrage enforced,-0.7974910136233305,-4.266,-3.92504164476424,0.34095835523576,True
2026-06-17,No-arbitrage enforced,-0.8441452695451068,-4.2620000000000005,-4.023622555555051,0.23837744444494913,True
2026-06-18,No-arbitrage enforced,-0.7636041240342658,-4.672,-3.818692166393516,0.8533078336064839,True
2026-06-22,No-arbitrage enforced,-0.8064688725258721,-4.185,-3.9366302311208967,0.2483697688791029,True
2026-06-23,No-arbitrage enforced,-0.8567171999245801,-4.313999999999998,-4.035980907856527,0.2780190921434711,True
2026-06-24,No-arbitrage enforced,-0.8355015304861261,-4.530000000000001,-3.995454005960833,0.5345459940391679,True
2026-06-25,No-arbitrage enforced,-0.8331486843309849,-3.9889999999999985,-3.983544985214887,0.005455014785111345,True
2026-06-26,No-arbitrage enforced,-0.8147142141313114,-3.9400000000000004,-3.9399999999992223,7.780442956573097e-13,True
2026-06-29,No-arbitrage enforced,-0.7929094224822949,-4.446000000000001,-3.888932495481514,0.5570675045184865,True
2026-06-30,No-arbitrage enforced,-0.7596992673670183,-4.959999999999999,-3.8052729921720725,1.1547270078279266,True
