date,maturities_available,calendar_violations,calendar_free,worst_variance_drop,min_forward_variance,skew_index,risk_neutral_skewness,iv_VIX9D,theta_VIX9D,iv_VIX,theta_VIX,iv_VIX3M,theta_VIX3M,iv_VIX6M,theta_VIX6M,iv_VIX1Y,theta_VIX1Y
2011-01-07,5,0,True,0.0,0.03231279571428571,121.22,-2.122,0.1501,0.000555534493150685,0.1714,0.0024146268493150684,0.2029,0.010489485287671232,0.22920000000000001,0.02677005764383562,0.2557,0.06538248999999999
2011-01-10,5,0,True,0.0,0.033237824285714285,121.47,-2.147,0.15810000000000002,0.0006163301095890412,0.1754,0.002528643287671233,0.2048,0.010686856767123288,0.2293,0.026793422301369864,0.2581,0.06661560999999999
2011-01-11,5,0,True,0.0,0.031200089999999996,122.29,-2.2290000000000005,0.1493,0.0005496285205479451,0.1689,0.0023447021917808214,0.2014,0.010334965150684931,0.2271,0.0262817541369863,0.2555,0.06528025
2011-01-12,5,0,True,0.0,0.02826398285714285,121.94,-2.194,0.1482,0.0005415593424657534,0.1624,0.0021677063013698624,0.1923,0.009422120465753425,0.2194,0.024529761534246578,0.24719999999999998,0.06110783999999999
2011-01-13,5,0,True,0.0,0.02883574000000001,121.29,-2.1290000000000004,0.1492,0.0005488924931506848,0.16390000000000002,0.002207935068493151,0.192,0.009392745205479452,0.2191,0.024462725095890408,0.247,0.061009
2011-01-14,5,0,True,0.0,0.025380657142857147,123.52,-2.3519999999999994,0.14300000000000002,0.0005042219178082193,0.15460000000000002,0.0019644789041095892,0.1837,0.00859821690410959,0.2133,0.023184716547945204,0.24480000000000002,0.05992704000000001
2011-01-18,5,0,True,0.0,0.024536888571428564,128.16,-2.816,0.1634,0.0006583453150684931,0.15869999999999998,0.0020700567123287665,0.1838,0.008607580602739726,0.21289999999999998,0.023097841808219173,0.2429,0.05900041
2011-01-19,5,0,True,0.0,0.029317688571428562,123.41,-2.3409999999999997,0.17739999999999997,0.0007759913424657532,0.17309999999999998,0.002462762465753424,0.19640000000000002,0.009828178849315071,0.22039999999999998,0.024753878794520547,0.24760000000000001,0.06130576000000001
2011-01-20,5,0,True,0.0,0.03387771142857141,126.19,-2.6189999999999998,0.1698,0.0007109270136986302,0.17989999999999998,0.0026600556164383554,0.19899999999999998,0.010090117808219176,0.22149999999999997,0.025001584931506844,0.2477,0.06135529
2011-01-21,5,0,True,0.0,0.03587802571428571,133.99,-3.399000000000001,0.1732,0.0007396826301369863,0.18469999999999998,0.0028038978082191774,0.1997,0.010161228410958902,0.2225,0.025227842465753426,0.2492,0.062100640000000006
2011-01-24,5,0,True,0.0,0.03155759714285714,131.86,-3.1860000000000013,0.17379999999999998,0.0007448163287671232,0.1765,0.0025604589041095887,0.19579999999999997,0.009768220602739724,0.2198,0.0246192861369863,0.24600000000000002,0.060516000000000014
2011-01-25,5,0,True,0.0,0.030698478571428565,134.61,-3.461000000000001,0.1775,0.0007768664383561644,0.1759,0.0025430802739726025,0.1934,0.0095302221369863,0.2182,0.024262166136986302,0.2418,0.05846724
2011-01-26,5,0,True,0.0,0.028210818571428573,131.76,-3.1759999999999993,0.16269999999999998,0.0006527167397260272,0.1664,0.0022758049315068493,0.1882,0.009024628273972605,0.21239999999999998,0.02298947769863013,0.2348,0.055131040000000006
2011-01-27,5,0,True,0.0,0.027527289999999986,130.56,-3.056,0.1507,0.0005599846849315068,0.16149999999999998,0.002143746575342465,0.1848,0.008701497863013698,0.20829999999999999,0.022110502849315067,0.2304,0.05308416
2011-01-28,5,0,True,0.0,0.03801897857142857,128.23,-2.822999999999999,0.2125,0.0011134417808219177,0.2004,0.0033008350684931506,0.2059,0.010801965287671232,0.2234,0.025432345643835615,0.2414,0.05827396
2011-01-31,5,0,True,0.0,0.03647798571428571,130.3,-3.030000000000001,0.205,0.0010362328767123286,0.1953,0.003134966301369863,0.20149999999999998,0.010345230821917807,0.2188,0.024395780383561643,0.239,0.057121
2011-02-01,5,0,True,0.0,0.03170880999999999,129.0,-2.9,0.1721,0.0007303169589041096,0.17629999999999998,0.002554659452054794,0.18969999999999998,0.009169058547945204,0.21100000000000002,0.022687413698630143,0.23149999999999998,0.053592249999999994
2011-02-02,5,0,True,0.0,0.030616475714285725,127.52,-2.752,0.16829999999999998,0.0006984219452054793,0.17300000000000001,0.0024599178082191785,0.1909,0.009285428301369861,0.2122,0.022946203397260275,0.2321,0.05387041
2011-02-03,5,0,True,0.0,0.02965611142857143,127.13,-2.7129999999999996,0.15380000000000002,0.0005832601643835617,0.16690000000000002,0.0022895021917808222,0.1892,0.009120787726027398,0.21,0.022472876712328765,0.2302,0.05299204
2011-02-04,5,0,True,0.0,0.02762258142857142,127.45,-2.745,0.1419,0.0004964944931506849,0.1593,0.0020857389041095886,0.1833,0.00856081306849315,0.20600000000000002,0.02162492054794521,0.22820000000000001,0.05207524000000001
2011-02-07,5,0,True,0.0,0.027790818571428573,127.63,-2.7629999999999995,0.1533,0.0005794739999999999,0.1628,0.002178397808219178,0.1826,0.008495552547945207,0.2036,0.021123974136986304,0.2253,0.05076009
2011-02-08,5,0,True,0.0,0.02662257428571429,129.54,-2.9539999999999993,0.1456,0.0005227239452054794,0.15810000000000002,0.0020544336986301373,0.17850000000000002,0.00811832671232877,0.20079999999999998,0.0205469562739726,0.22010000000000002,0.04844401000000001
2011-02-09,5,0,True,0.0,0.02721569999999999,,,0.14300000000000002,0.0005042219178082193,0.15869999999999998,0.0020700567123287665,0.17859999999999998,0.008127425424657534,0.2009,0.020567426465753425,0.22089999999999999,0.048796809999999996
2011-02-10,5,0,True,0.0,0.027935975714285705,129.24,-2.924000000000001,0.14529999999999998,0.0005205720821917807,0.1609,0.0021278473972602733,0.18100000000000002,0.008347323287671234,0.2016,0.020711003178082193,0.2206,0.04866436
2011-02-11,5,0,True,0.0,0.025793267142857134,131.31,-3.1310000000000002,0.1479,0.0005393690136986302,0.15689999999999998,0.0020233652054794517,0.17859999999999998,0.008127425424657534,0.1985,0.020078954794520553,0.2228,0.04963984
2011-02-14,5,0,True,0.0,0.025151259999999998,127.41,-2.7409999999999997,0.1616,0.0006439206575342465,0.1595,0.0020909794520547944,0.1794,0.008200398575342466,0.2003,0.020444758191780824,0.22440000000000002,0.05035536000000001
2011-02-15,5,0,True,0.0,0.02650114,131.78,-3.178,0.16579999999999998,0.0006778267397260271,0.1637,0.0022025498630136985,0.1827,0.008504860191780822,0.2024,0.020875702356164382,0.2271,0.05157441
2011-02-16,5,0,True,0.0,0.027739904285714278,130.69,-3.069,0.16870000000000002,0.0007017457808219179,0.1672,0.0022977402739726024,0.1832,0.00855147484931507,0.20329999999999998,0.021061768602739724,0.2253,0.05076009
2011-02-17,5,0,True,0.0,0.02860589571428571,130.97,-3.097,0.15810000000000002,0.0006163301095890412,0.1659,0.0022621487671232875,0.1863,0.008843329232876713,0.2071,0.021856482904109593,0.2274,0.051710759999999995
2011-02-18,5,0,True,0.0,0.029023282857142858,136.43,-3.6430000000000007,0.1492,0.0005488924931506848,0.1643,0.002218725205479452,0.18899999999999997,0.009101515068493148,0.20920000000000002,0.022301980931506853,0.2302,0.05299204
2011-02-22,5,0,True,0.0,0.04089279571428574,125.9,-2.5900000000000007,0.22089999999999999,0.00120320901369863,0.20800000000000002,0.003555945205479453,0.2132,0.011581491287671233,0.2299,0.026933824273972604,0.24719999999999998,0.06110783999999999
2011-02-23,5,0,True,0.0,0.04774214714285714,124.53,-2.4530000000000003,0.22769999999999999,0.001278426328767123,0.2213,0.004025234794520547,0.22469999999999998,0.012864598273972601,0.23879999999999998,0.02905953928767123,0.253,0.064009
2011-02-24,5,0,True,0.0,0.045105481428571424,124.68,-2.468000000000001,0.2151,0.0011408550410958904,0.2132,0.003735964931506849,0.22260000000000002,0.012625262136986304,0.2386,0.0290108837260274,0.2539,0.06446521000000001
2011-02-25,5,0,True,0.0,0.03815230428571428,128.76,-2.875999999999999,0.18469999999999998,0.0008411693424657532,0.19219999999999998,0.0030362334246575337,0.2057,0.010780990602739725,0.2271,0.0262817541369863,0.2446,0.059829160000000006
2011-02-28,5,0,True,0.0,0.033750785714285726,129.37,-2.9370000000000003,0.183,0.0008257561643835615,0.18350000000000002,0.0027675821917808223,0.2,0.01019178082191781,0.2175,0.024106746575342466,0.23440000000000003,0.05494336000000001
2011-03-01,5,0,True,0.0,0.043083095714285716,122.43,-2.2430000000000008,0.2159,0.0011493569589041096,0.2101,0.003628110410958904,0.21899999999999997,0.012220199999999997,0.23309999999999997,0.027688831397260267,0.24539999999999998,0.06022115999999999
2011-03-02,5,0,True,0.0,0.04270678285714285,123.06,-2.306,0.2078,0.0010647330410958906,0.207,0.0035218356164383557,0.2168,0.01197591320547945,0.2329,0.02764133769863014,0.24530000000000002,0.06017209000000001
2011-03-03,5,0,True,0.0,0.03725475000000001,125.71,-2.5709999999999993,0.1685,0.0007000828767123288,0.18600000000000003,0.002843506849315069,0.20440000000000003,0.010645152000000003,0.2229,0.025318630849315064,0.23800000000000002,0.05664400000000001
2011-03-04,5,0,True,0.0,0.03848611,125.9,-2.5900000000000007,0.1769,0.0007716232602739725,0.1906,0.0029858926027397257,0.20800000000000002,0.011023430136986305,0.2267,0.026189253534246577,0.2425,0.05880625
2011-03-07,5,0,True,0.0,0.042130475714285714,122.95,-2.2950000000000004,0.2097,0.0010842926301369864,0.2066,0.003508237808219178,0.21850000000000003,0.01216446369863014,0.2346,0.028046333589041097,0.24789999999999998,0.061454409999999994
2011-03-08,5,0,True,0.0,0.04008881714285715,123.37,-2.3370000000000006,0.1934,0.0009222795616438355,0.19820000000000002,0.0032287594520547945,0.2145,0.011723159589041096,0.23129999999999998,0.027262855726027393,0.2458,0.060417639999999995
2011-03-09,5,0,True,0.0,0.04138384714285714,122.6,-2.2599999999999993,0.1993,0.0009794093424657536,0.2022,0.003360397808219178,0.2182,0.012131083068493151,0.2347,0.028070248602739725,0.2486,0.061801959999999996
2011-03-10,5,0,True,0.0,0.045935538571428555,119.26,-1.9260000000000006,0.2289,0.0012919366849315067,0.2188,0.003934803287671232,0.22760000000000002,0.01319880460273973,0.2427,0.03001647106849315,0.2565,0.06579225
2011-03-11,5,0,True,0.0,0.04147119999999999,118.54,-1.8540000000000005,0.19399999999999998,0.0009280109589041093,0.20079999999999998,0.003314025205479451,0.2187,0.01218674293150685,0.2369,0.028598957424657536,0.25239999999999996,0.06370575999999997
2011-03-14,5,0,True,0.0,0.04317134714285714,121.52,-2.1519999999999997,0.2193,0.001185842219178082,0.2113,0.003669673150684931,0.2249,0.012887509397260273,0.24,0.02935232876712329,0.2572,0.06615183999999999
2011-03-15,5,0,True,0.0,0.05574562857142856,121.82,-2.1819999999999995,0.259,0.0016540520547945205,0.2432,0.004861334794520548,0.2403,0.014712877726027399,0.2527,0.03254097517808219,0.265,0.07022500000000001
2011-03-16,5,0,True,0.0,0.06573805285714289,122.46,-2.2459999999999996,0.3104,0.0023757080547945207,0.294,0.007104328767123286,0.2691,0.01845089679452055,0.271,0.03742472876712329,0.2784,0.07750655999999999
2011-03-17,5,0,True,0.0,0.062424917142857146,125.85,-2.5849999999999995,0.2862,0.0020197094794520546,0.2637,0.0057154265753424655,0.2544,0.016490138301369864,0.2609,0.03468711961643836,0.2696,0.07268416
2011-03-18,5,0,True,0.0,0.05787639571428572,126.81,-2.681,0.2531,0.00157955202739726,0.2444,0.0049094268493150685,0.2434,0.015094934465753424,0.2536,0.03277317961643836,0.2637,0.06953769
2011-03-21,5,0,True,0.0,0.041745711428571426,124.59,-2.4590000000000005,0.2102,0.0010894694794520547,0.2061,0.0034912775342465755,0.2195,0.012276063698630138,0.2345,0.028022428767123284,0.24609999999999999,0.060565209999999994
2011-03-22,5,0,True,0.0,0.040913632857142855,120.83,-2.0829999999999997,0.20170000000000002,0.0010031397534246576,0.2021,0.0033570747945205477,0.217,0.011998019178082192,0.2334,0.027760148383561643,0.24480000000000002,0.05992704000000001
2011-03-23,5,0,True,0.0,0.03692911714285715,120.75,-2.075,0.1906,0.0008957677808219178,0.1917,0.0030204567123287675,0.20929999999999999,0.011161653616438356,0.2275,0.02637441780821918,0.2434,0.05924356
2011-03-24,5,0,True,0.0,0.03328043999999999,119.97,-1.9969999999999999,0.17420000000000002,0.0007482486575342467,0.18,0.0026630136986301365,0.20079999999999998,0.0102734781369863,0.22190000000000001,0.025091965643835618,0.2373,0.05631129000000001
2011-03-25,5,0,True,0.0,0.03271401,121.43,-2.1430000000000007,0.17489999999999997,0.0007542742191780819,0.1791,0.0026364501369863015,0.2003,0.010222379095890412,0.22149999999999997,0.025001584931506844,0.2378,0.05654884
2011-03-28,5,0,True,0.0,0.03711798857142859,122.68,-2.2680000000000007,0.1984,0.0009705836712328766,0.19440000000000002,0.0031061391780821926,0.2086,0.011087118575342466,0.2263,0.026096915999999998,0.24109999999999998,0.058129209999999994
2011-03-29,5,0,True,0.0,0.034047160000000014,124.11,-2.411,0.1746,0.0007516888767123287,0.1816,0.002710566575342466,0.1997,0.010161228410958902,0.2205,0.02477634657534247,0.2369,0.05612161
2011-03-30,5,0,True,0.0,0.03244971142857143,123.5,-2.35,0.1698,0.0007109270136986302,0.1771,0.0025778967123287672,0.1975,0.00993857876712329,0.2175,0.024106746575342466,0.2354,0.055413159999999996
2011-03-31,5,0,True,0.0,0.03355753857142856,124.64,-2.464,0.1631,0.0006559301095890411,0.17739999999999997,0.0025866378082191775,0.1984,0.010029364602739725,0.2193,0.024507405863013698,0.23579999999999998,0.055601639999999994
2011-04-01,5,0,True,0.0,0.03341474999999999,128.64,-2.8639999999999985,0.1515,0.0005659458904109589,0.174,0.002488438356164383,0.1959,0.009778200904109588,0.21760000000000002,0.024128918794520553,0.2346,0.05503716
2011-04-04,5,0,True,0.0,0.0317689257142857,128.05,-2.805000000000001,0.1672,0.0006893220821917808,0.175,0.0025171232876712323,0.19390000000000002,0.009579563095890413,0.21660000000000001,0.023907655232876718,0.23309999999999997,0.054335609999999986
2011-04-05,5,0,True,0.0,0.03179652428571427,128.02,-2.802000000000001,0.15810000000000002,0.0006163301095890412,0.1725,0.002445719178082191,0.19399999999999998,0.009589446575342463,0.2165,0.02388558493150685,0.23329999999999998,0.054428889999999994
2011-04-06,5,0,True,0.0,0.03088668142857142,125.18,-2.5180000000000007,0.1521,0.0005704375068493151,0.16899999999999998,0.002347479452054794,0.1938,0.009569684712328767,0.2163,0.023841474904109587,0.2347,0.055084089999999995
2011-04-07,5,0,True,0.0,0.030946089999999996,126.46,-2.6459999999999995,0.1593,0.0006257216712328767,0.1711,0.002406181643835616,0.195,0.009688561643835617,0.2183,0.024284409698630136,0.23870000000000002,0.05697769000000001
2011-04-08,5,0,True,0.0,0.03292595285714286,125.92,-2.592,0.1721,0.0007303169589041096,0.1787,0.0026246868493150686,0.2005,0.010242803424657537,0.2232,0.025386829150684936,0.2429,0.05900041
2011-04-11,5,0,True,0.0,0.024824352857142854,122.94,-2.2939999999999996,0.1839,0.0008338983287671234,0.1659,0.0022621487671232875,0.20010000000000003,0.010201975150684934,0.2231,0.02536408619178082,0.2415,0.05832225
2011-04-12,5,0,True,0.0,0.026366375714285715,121.94,-2.194,0.1893,0.0008835901643835615,0.1709,0.002400559726027397,0.20329999999999998,0.010530884301369862,0.2263,0.026096915999999998,0.244,0.059536
2011-04-13,5,0,True,0.0,0.02705859000000001,124.55,-2.4549999999999996,0.1797,0.0007962433150684932,0.16920000000000002,0.0023530389041095897,0.1999,0.010181591589041096,0.2236,0.02547790290410959,0.24230000000000002,0.058709290000000004
2011-04-14,5,0,True,0.0,0.026858409999999992,125.09,-2.5090000000000003,0.15990000000000001,0.0006304440821917809,0.16269999999999998,0.0021757224657534243,0.1996,0.010151054465753425,0.2234,0.025432345643835615,0.24350000000000002,0.05929225000000001
2011-04-15,5,0,True,0.0,0.02478955428571429,130.45,-3.044999999999999,0.14279999999999998,0.0005028124931506847,0.1532,0.0019290608219178081,0.1917,0.00936341580821918,0.2188,0.024395780383561643,0.2386,0.05692996
2011-04-18,5,0,True,0.0,0.027770932857142855,129.37,-2.9370000000000003,0.17629999999999998,0.0007663978356164382,0.1696,0.0023641775342465752,0.19920000000000002,0.010110409643835618,0.2249,0.025775018794520547,0.24420000000000003,0.059633640000000016
2011-04-19,5,0,True,0.0,0.02495006714285714,129.4,-2.9400000000000004,0.1591,0.0006241514794520548,0.1583,0.0020596347945205477,0.1918,0.009373187178082191,0.21969999999999998,0.024596889698630133,0.2394,0.05731236
2011-04-20,5,0,True,0.0,0.022749202857142856,131.13,-3.1129999999999995,0.15039999999999998,0.0005577573698630136,0.1507,0.001866615616438356,0.1848,0.008701497863013698,0.2137,0.023271754356164385,0.23370000000000002,0.05461569000000001
2011-04-21,5,0,True,0.0,0.02355169,131.78,-3.178,0.1303,0.00041863783561643837,0.1469,0.0017736665753424659,0.18350000000000002,0.00857950479452055,0.2121,0.022924581534246577,0.2334,0.05447556
2011-04-25,5,0,True,0.0,0.02582030714285715,130.88,-3.0879999999999996,0.1505,0.0005584993150684931,0.1577,0.0020440512328767126,0.1855,0.00876754315068493,0.21359999999999998,0.023249979616438352,0.2335,0.05452225000000001
2011-04-26,5,0,True,0.0,0.025005245714285713,127.45,-2.745,0.1516,0.0005666932602739727,0.1562,0.002005351232876712,0.1827,0.008504860191780822,0.2096,0.022387347287671236,0.23199999999999998,0.05382399999999999
2011-04-27,5,0,True,0.0,0.024512409999999995,126.93,-2.6930000000000005,0.1461,0.0005263202465753425,0.1535,0.0019366232876712327,0.179,0.008163871232876712,0.2064,0.021708982356164384,0.2289,0.05239521
2011-04-28,5,0,True,0.0,0.023502224285714284,124.99,-2.4989999999999997,0.1281,0.00040462052054794515,0.1462,0.0017568032876712327,0.1752,0.007820928,0.2029,0.020978970575342464,0.2262,0.05116644000000001
2011-04-29,5,0,True,0.0,0.023736867142857138,127.45,-2.745,0.1309,0.00042250216438356156,0.1475,0.001788184931506849,0.175,0.0078030821917808215,0.2025,0.02089633561643836,0.2245,0.05040025
2011-05-02,5,0,True,0.0,0.026676060000000005,124.15,-2.4150000000000005,0.1516,0.0005666932602739727,0.15990000000000001,0.002101480273972603,0.1839,0.008616949397260276,0.21059999999999998,0.022601476602739725,0.22899999999999998,0.052440999999999995
2011-05-03,5,0,True,0.0,0.029264109999999982,127.49,-2.7489999999999997,0.15710000000000002,0.0006085580547945207,0.16699999999999998,0.002292246575342465,0.1911,0.009304894602739726,0.21489999999999998,0.023533846191780818,0.2325,0.05405625000000001
2011-05-04,5,0,True,0.0,0.030190475714285698,125.29,-2.529000000000001,0.1637,0.0006607649589041096,0.17079999999999998,0.0023977512328767115,0.19440000000000002,0.009629031452054798,0.2182,0.024262166136986302,0.235,0.055224999999999996
2011-05-05,5,0,True,0.0,0.03205956142857142,124.89,-2.489,0.1887,0.0008779978356164384,0.182,0.0027225205479452052,0.1984,0.010029364602739725,0.221,0.024888838356164386,0.23739999999999997,0.05635875999999999
2011-05-06,5,0,True,0.0,0.03307290999999999,124.61,-2.461,0.1889,0.0008798599726027399,0.184,0.0027826849315068488,0.1991,0.010100261178082192,0.22039999999999998,0.024753878794520547,0.2376,0.056453760000000006
2011-05-09,5,0,True,0.0,0.030313645714285718,124.67,-2.467,0.1656,0.0006761924383561643,0.1716,0.002420265205479452,0.192,0.009392745205479452,0.2159,0.023753377150684936,0.2345,0.05499024999999999
2011-05-10,5,0,True,0.0,0.02705073999999999,126.23,-2.623,0.1458,0.00052416098630137,0.1591,0.002080504931506849,0.1837,0.00859821690410959,0.21050000000000002,0.022580017808219183,0.2304,0.05308416
2011-05-11,5,0,True,0.0,0.028947214285714278,121.79,-2.1790000000000007,0.168,0.0006959342465753425,0.16949999999999998,0.0023613904109589037,0.1905,0.00924655684931507,0.21489999999999998,0.023533846191780818,0.23399999999999999,0.05475599999999999
2011-05-12,5,0,True,0.0,0.026936842857142856,122.59,-2.2590000000000003,0.151,0.0005622164383561643,0.1603,0.0021120073972602737,0.1844,0.008663869808219178,0.2107,0.0226229455890411,0.2305,0.053130250000000004
2011-05-13,5,0,True,0.0,0.02905054714285714,121.9,-2.1900000000000004,0.17129999999999998,0.0007235430410958901,0.1707,0.0023949443835616434,0.1907,0.009265982383561645,0.2144,0.023424462904109593,0.2345,0.05499024999999999
2011-05-16,5,0,True,0.0,0.03087890999999999,123.58,-2.3579999999999997,0.1971,0.000957906,0.18239999999999998,0.0027345008219178076,0.19870000000000002,0.010059718273972605,0.2194,0.024529761534246578,0.2377,0.056501289999999996
2011-05-17,5,0,True,0.0,0.02960083285714286,121.14,-2.114,0.1833,0.0008284657808219178,0.17550000000000002,0.002531527397260274,0.1945,0.009638940410958904,0.2173,0.024062432712328767,0.2361,0.05574321
2011-05-18,5,0,True,0.0,0.02631345,125.82,-2.5819999999999994,0.1625,0.0006511130136986302,0.1623,0.0021650375342465752,0.18530000000000002,0.008748647589041097,0.21109999999999998,0.022708923452054792,0.2311,0.05340721
2011-05-19,5,0,True,0.0,0.02486978285714286,127.16,-2.7159999999999997,0.1492,0.0005488924931506848,0.1552,0.001979756712328767,0.18170000000000003,0.008412013068493153,0.2084,0.022131737424657533,0.2304,0.05308416
2011-05-20,5,0,True,0.0,0.02936027142857143,129.15,-2.9150000000000005,0.18100000000000002,0.0008078054794520549,0.1743,0.002497026575342466,0.1905,0.00924655684931507,0.2143,0.02340261682191781,0.2396,0.05740816000000001
2011-05-23,5,0,True,0.0,0.032424261428571424,124.78,-2.478,0.1887,0.0008779978356164384,0.1827,0.0027435032876712328,0.1979,0.009978877068493151,0.2202,0.02470897380821918,0.24230000000000002,0.058709290000000004
2011-05-24,5,0,True,0.0,0.03167876142857142,123.13,-2.3129999999999997,0.1787,0.0007874060547945205,0.1782,0.002610019726027397,0.1917,0.00936341580821918,0.2175,0.024106746575342466,0.2376,0.056453760000000006
2011-05-25,5,0,True,0.0,0.029487175714285708,122.89,-2.289,0.16829999999999998,0.0006984219452054793,0.1707,0.0023949443835616434,0.1887,0.009072644301369864,0.2157,0.023709389424657536,0.2368,0.056074240000000004
2011-05-26,5,0,True,0.0,0.027823539999999987,125.43,-2.5430000000000006,0.1462,0.0005270409863013698,0.1609,0.0021278473972602733,0.1819,0.008430541726027398,0.20920000000000002,0.022301980931506853,0.2302,0.05299204
2011-05-27,5,0,True,0.0,0.027105309999999994,123.58,-2.3579999999999997,0.1479,0.0005393690136986302,0.1598,0.0020988526027397258,0.1813,0.008375016904109588,0.20629999999999998,0.021687951616438352,0.2274,0.051710759999999995
2011-05-31,5,0,True,0.0,0.02459841,123.91,-2.3909999999999996,0.1489,0.0005466873698630137,0.1545,0.0019619383561643835,0.17559999999999998,0.007856680767123286,0.20010000000000003,0.020403950301369867,0.2213,0.04897369
2011-06-01,5,0,True,0.0,0.03220671428571428,119.33,-1.9329999999999998,0.191,0.0008995315068493151,0.183,0.0027525205479452053,0.1936,0.009549943232876713,0.2141,0.02335895523287672,0.2322,0.053916839999999994
2011-06-02,5,0,True,0.0,0.031392090000000004,119.2,-1.9200000000000004,0.1893,0.0008835901643835615,0.1809,0.002689710410958904,0.1932,0.009510521424657536,0.21289999999999998,0.023097841808219173,0.2324,0.05400976
2011-06-03,5,0,True,0.0,0.032158638571428574,116.8,-1.6799999999999997,0.17989999999999998,0.0007980166849315066,0.1795,0.002648239726027397,0.19469999999999998,0.009658773616438354,0.2159,0.023753377150684936,0.2463,0.06066368999999999
2011-06-06,5,0,True,0.0,0.0327933357142857,116.02,-1.6019999999999996,0.1935,0.0009232335616438357,0.18489999999999998,0.0028099734246575334,0.1996,0.010151054465753425,0.2181,0.024239932767123287,0.23620000000000002,0.05579044000000001
2011-06-07,5,0,True,0.0,0.03212092428571428,116.07,-1.6069999999999993,0.1841,0.0008357131232876713,0.1807,0.002683766301369863,0.195,0.009688561643835617,0.21600000000000003,0.02377538630136987,0.2334,0.05447556
2011-06-08,5,0,True,0.0,0.03493371142857143,118.76,-1.8760000000000006,0.1902,0.0008920119452054794,0.18789999999999998,0.002901896712328767,0.19949999999999998,0.010140885616438356,0.2186,0.024351201534246573,0.235,0.055224999999999996
2011-06-09,5,0,True,0.0,0.03105446714285715,117.27,-1.7269999999999996,0.18109999999999998,0.0008086983287671231,0.1777,0.002595393698630137,0.19260000000000002,0.0094515415890411,0.2134,0.023206460712328767,0.2303,0.05303809
2011-06-10,5,0,True,0.0,0.03547281142857142,122.65,-2.2650000000000006,0.1892,0.0008826568767123288,0.1886,0.0029235583561643833,0.2011,0.010304198712328768,0.251,0.032104619178082196,0.2243,0.05031049
2011-06-13,5,0,True,0.0,0.037309797142857135,120.99,-2.0989999999999993,0.2028,0.0010141111232876714,0.1961,0.0031607021917808213,0.20440000000000003,0.010645152000000003,0.2208,0.024843811068493152,0.23559999999999998,0.05550735999999999
2011-06-14,5,0,True,0.0,0.03305964571428572,125.3,-2.53,0.1844,0.0008384390136986302,0.1826,0.0027405008219178084,0.1943,0.009619127589041095,0.2144,0.023424462904109593,0.22940000000000002,0.05262436000000001
2011-06-15,5,0,True,0.0,0.04413516142857143,124.32,-2.4319999999999995,0.22030000000000002,0.001196681671232877,0.2132,0.003735964931506849,0.2138,0.011646769643835616,0.2291,0.026746703178082195,0.24170000000000003,0.058418890000000015
2011-06-16,5,0,True,0.0,0.04780883285714286,122.35,-2.2349999999999994,0.2463,0.0014958170136986299,0.2273,0.004246462191780822,0.2261,0.013025404191780823,0.24,0.02935232876712329,0.251,0.063001
2011-06-17,5,0,True,0.0,0.04527477571428573,120.06,-2.0060000000000002,0.23129999999999998,0.001319170438356164,0.21850000000000003,0.003924020547945206,0.22440000000000002,0.01283026980821918,0.2382,0.02891369490410959,0.2494,0.06220036
2011-06-20,5,0,True,0.0,0.038650831428571425,117.44,-1.7439999999999998,0.20739999999999997,0.0010606379178082189,0.1999,0.0032843843835616434,0.2122,0.011473101698630138,0.23070000000000002,0.02712159764383562,0.2451,0.060074010000000004
2011-06-21,5,0,True,0.0,0.03336141142857143,116.52,-1.6519999999999997,0.2018,0.0010041346849315068,0.1886,0.0029235583561643833,0.205,0.010707739726027395,0.22460000000000002,0.025706300712328774,0.2414,0.05827396
2011-06-22,5,0,True,0.0,0.03410793142857143,114.74,-1.4739999999999995,0.1864,0.0008567250410958905,0.1852,0.002819099178082192,0.2072,0.010938797589041096,0.2266,0.0261661538630137,0.244,0.059536
2011-06-23,5,0,True,0.0,0.035894661428571416,116.79,-1.6790000000000007,0.2007,0.0009932175616438354,0.1929,0.0030583898630136977,0.20929999999999999,0.011161653616438356,0.22820000000000001,0.02653697161643836,0.253,0.064009
2011-06-24,5,0,True,0.0,0.041962818571428584,115.92,-1.592,0.22469999999999998,0.001244961123287671,0.21100000000000002,0.0036592602739726034,0.2192,0.012242530191780824,0.23620000000000002,0.028430196821917813,0.2553,0.06517809000000001
2011-06-27,5,0,True,0.0,0.03966365285714285,119.46,-1.9459999999999993,0.21989999999999998,0.0011923399726027394,0.20559999999999998,0.003474358356164383,0.215,0.011777876712328767,0.2328,0.027617606136986304,0.25489999999999996,0.06497400999999998
2011-06-28,5,0,True,0.0,0.035645747142857155,122.15,-2.2150000000000007,0.19829999999999998,0.0009696055068493148,0.1917,0.0030204567123287675,0.2052,0.01072864306849315,0.22699999999999998,0.026258613698630133,0.2489,0.06195121000000001
2011-06-29,5,0,True,0.0,0.030280059999999994,128.73,-2.872999999999999,0.1696,0.0007092532602739726,0.1727,0.0024513936986301364,0.1942,0.00960922882191781,0.21850000000000003,0.02432892739726028,0.24539999999999998,0.06022115999999999
2011-06-30,5,0,True,0.0,0.029163502857142854,122.09,-2.2090000000000005,0.1514,0.0005651990136986302,0.16519999999999999,0.0022430991780821915,0.1891,0.009111148849315067,0.2097,0.022408714356164386,0.2397,0.05745609
2011-07-01,5,0,True,0.0,0.025960238571428564,119.63,-1.9629999999999996,0.15289999999999998,0.0005764539452054793,0.15869999999999998,0.0020700567123287665,0.1793,0.00819125909589041,0.2043,0.021269477095890412,0.2304,0.05308416
2011-07-05,5,0,True,0.0,0.026079549999999993,121.78,-2.178,0.1585,0.0006194527397260274,0.1606,0.0021199199999999995,0.18109999999999998,0.008356549397260273,0.2057,0.02156198120547945,0.22949999999999998,0.052670249999999995
2011-07-06,5,0,True,0.0,0.027632131428571422,121.51,-2.1510000000000007,0.1566,0.0006046905205479451,0.1634,0.0021944843835616434,0.1841,0.008635702273972604,0.20620000000000002,0.021666931068493156,0.23120000000000002,0.053453440000000005
2011-07-07,5,0,True,0.0,0.026323895714285717,121.86,-2.186,0.15289999999999998,0.0005764539452054793,0.1595,0.0020909794520547944,0.1777,0.008045720465753425,0.20120000000000002,0.020628898191780827,0.2168,0.047002239999999994
2011-07-08,5,0,True,0.0,0.02596691714285714,119.68,-1.9680000000000006,0.15560000000000002,0.0005969924383561645,0.1595,0.0020909794520547944,0.1796,0.00821869282191781,0.20350000000000001,0.02110322876712329,0.22469999999999998,0.050490089999999994
2011-07-11,5,0,True,0.0,0.030929460000000002,123.08,-2.308,0.2014,0.0010001579178082192,0.1839,0.002779661095890411,0.1998,0.010171407452054795,0.2186,0.024351201534246573,0.2359,0.05564881
2011-07-12,5,0,True,0.0,0.03659170000000001,119.21,-1.9209999999999994,0.215,0.001139794520547945,0.19870000000000002,0.0032450704109589046,0.20929999999999999,0.011161653616438356,0.2245,0.025683415068493153,0.242,0.058564
2011-07-13,5,0,True,0.0,0.03835447857142857,124.79,-2.4790000000000005,0.2065,0.0010514527397260272,0.1991,0.0032581487671232874,0.20850000000000002,0.011076491095890414,0.22469999999999998,0.025729196547945202,0.2427,0.05890329
2011-07-14,5,0,True,0.0,0.040703024285714304,126.63,-2.6629999999999994,0.22190000000000001,0.0012141273698630137,0.20800000000000002,0.003555945205479453,0.2159,0.011876688575342468,0.2303,0.027027629424657536,0.24719999999999998,0.06110783999999999
2011-07-15,5,0,True,0.0,0.03765302571428571,129.24,-2.924000000000001,0.19820000000000002,0.0009686278356164385,0.1953,0.003134966301369863,0.2094,0.0111723218630137,0.22719999999999999,0.026304904767123286,0.24420000000000003,0.059633640000000016
2011-07-18,5,0,True,0.0,0.041711632857142855,123.92,-2.3920000000000003,0.2213,0.0012075704383561643,0.2095,0.0036074178082191777,0.2184,0.0121533317260274,0.23329999999999998,0.027736365863013698,0.25,0.0625
2011-07-19,5,0,True,0.0,0.03610218142857144,126.12,-2.6120000000000005,0.19690000000000002,0.0009559629863013701,0.19210000000000002,0.0030330747945205485,0.205,0.010707739726027395,0.2243,0.025637674356164385,0.2421,0.058612410000000004
2011-07-20,5,0,True,0.0,0.035344192857142846,122.97,-2.2969999999999997,0.1975,0.0009617979452054796,0.1909,0.0029952994520547936,0.20370000000000002,0.01057236484931507,0.2234,0.025432345643835615,0.24239999999999998,0.058757759999999985
2011-07-21,5,0,True,0.0,0.030865445714285705,122.42,-2.242,0.1754,0.0007585929863013699,0.17559999999999998,0.002534413150684931,0.192,0.009392745205479452,0.2139,0.023315334410958906,0.2324,0.05400976
2011-07-22,5,0,True,0.0,0.03152256,121.59,-2.1590000000000003,0.1696,0.0007092532602739726,0.1752,0.00252288,0.192,0.009392745205479452,0.2157,0.023709389424657536,0.23170000000000002,0.053684890000000006
2011-07-25,5,0,True,0.0,0.035653500000000005,119.45,-1.9450000000000003,0.204,0.0010261479452054792,0.1935,0.0030774452054794523,0.2026,0.010458489534246575,0.2206,0.024798824547945204,0.2371,0.05621641
2011-07-26,5,0,True,0.0,0.03986946142857143,120.12,-2.0120000000000005,0.20829999999999999,0.0010698630410958903,0.2023,0.0033637224657534245,0.2089,0.011119031589041095,0.2235,0.025455119178082193,0.2389,0.05707321
2011-07-27,5,0,True,0.0,0.04990371,119.44,-1.9439999999999997,0.2441,0.0014692144931506852,0.2298,0.004340386849315069,0.22690000000000002,0.013117741726027398,0.23550000000000001,0.02826193561643836,0.2481,0.061553609999999995
2011-07-28,5,0,True,0.0,0.04805463999999997,120.36,-2.036,0.2752,0.0018674393424657535,0.23739999999999997,0.004632226849315067,0.22949999999999998,0.01342009109589041,0.23620000000000002,0.028430196821917813,0.2475,0.06125625
2011-07-29,5,0,True,0.0,0.04712041000000001,120.65,-2.0650000000000004,0.3035,0.0022712609589041095,0.2525,0.005240239726027397,0.2291,0.013373351589041097,0.23629999999999998,0.028454274904109584,0.2504,0.06270016
2011-08-01,5,0,True,0.0,0.047280192380952386,118.64,-1.864,0.2685,0.0017776171232876715,0.2366,0.004601059726027397,0.2238,0.012761750465753426,0.2303,0.027027629424657536,0.24309999999999998,0.059097609999999995
2011-08-02,5,0,True,0.0,0.052953900000000026,116.08,-1.6079999999999999,0.2778,0.0019028919452054793,0.24789999999999998,0.005051047397260273,0.23600000000000002,0.01419103561643836,0.2401,0.029376794136986305,0.25379999999999997,0.06441443999999999
2011-08-03,5,0,True,0.0,0.051942485714285704,117.27,-1.7269999999999996,0.247,0.0015043315068493152,0.23379999999999998,0.004492803287671232,0.23120000000000002,0.013619643616438358,0.23850000000000002,0.028986571232876717,0.2523,0.06365529000000002
2011-08-04,5,0,True,0.0,0.07267774095238093,113.17,-1.3170000000000002,0.39890000000000003,0.003923536684931507,0.3166,0.008238539178082191,0.28559999999999997,0.02078291638356164,0.2788,0.03961007079452055,0.2811,0.07901721
2011-08-05,5,0,True,0.0,0.07844640999999995,119.36,-1.936,0.37579999999999997,0.00348227605479452,0.32,0.008416438356164383,0.2959,0.022308995424657533,0.28809999999999997,0.04229671084931506,0.29059999999999997,0.08444835999999999
2011-08-08,5,0,True,0.0,0.09983899999999997,121.06,-2.1060000000000003,0.68,0.01140164383561644,0.48,0.018936986301369862,0.381,0.03698622739726028,0.35,0.06242465753424657,0.336,0.11289600000000001
2011-08-09,5,0,True,0.0,0.08310568999999998,124.51,-2.4510000000000005,0.4338,0.00464011495890411,0.3506,0.010103043287671233,0.3107,0.024596459095890408,0.29969999999999997,0.04577133353424657,0.2959,0.08755681
2011-08-10,5,0,True,0.0,0.09603235999999997,118.65,-1.8650000000000007,0.5666,0.007915945315068493,0.4299,0.015190192602739726,0.36579999999999996,0.03409396306849315,0.33899999999999997,0.05856248219178081,0.3259,0.10621081000000002
2011-08-11,5,0,True,0.0,0.09058829558659215,119.99,-1.9989999999999994,0.4698,0.005442214684931506,0.39,0.012501369863013699,0.3382,0.029143203616438358,0.32130000000000003,0.052606757095890425,0.3115,0.09703225
2011-08-12,5,0,True,0.0,0.08730697000000001,119.79,-1.9790000000000005,0.38409999999999994,0.0036377953150684922,0.3636,0.01086616109589041,0.3275,0.02732830479452055,0.3119,0.04957364235616439,0.30670000000000003,0.09406489000000001
2011-08-15,5,0,True,0.0,0.08451464000000003,121.76,-2.1760000000000006,0.32939999999999997,0.002675449972602739,0.3187,0.008348193698630135,0.30079999999999996,0.023053971287671227,0.2958,0.04458783846575343,0.29960000000000003,0.08976016000000002
2011-08-16,5,0,True,0.0,0.08518712000000005,122.41,-2.2409999999999997,0.3309,0.0026998720273972605,0.3285,0.0088695,0.3044,0.023609097205479452,0.2982,0.04531430860273974,0.2973,0.08838729000000001
2011-08-17,5,0,True,0.0,0.08422409000000002,126.16,-2.6159999999999997,0.3122,0.0024033412602739723,0.31579999999999997,0.008196956712328765,0.3003,0.02297739279452055,0.2953,0.04443722942465754,0.2957,0.08743849000000001
2011-08-18,5,0,True,0.0,0.08689058,124.44,-2.444,0.46549999999999997,0.005343047260273972,0.4267,0.014964895068493151,0.366,0.034131254794520546,0.3323,0.056270498465753424,0.3233,0.10452288999999998
2011-08-19,5,0,True,0.0,0.10318238000000002,124.05,-2.405,0.47409999999999997,0.005542293945205478,0.4305,0.015232623287671233,0.379,0.036598939726027395,0.3513,0.06288924476712329,0.3369,0.11350160999999999
2011-08-22,5,0,True,0.0,0.10128445999999999,119.4,-1.9400000000000006,0.4457,0.004898181945205479,0.4244,0.01480400219178082,0.3826,0.037297525150684935,0.3519,0.06310425057534247,0.33840000000000003,0.11451456000000003
2011-08-23,5,0,True,0.0,0.09826620888268156,124.05,-2.405,0.37810000000000005,0.003525031479452056,0.3627,0.01081243479452055,0.3479,0.030838904465753426,0.3321,0.05620278427397261,0.3231,0.10439361
2011-08-24,5,0,True,0.0,0.10134050000000004,123.37,-2.3370000000000006,0.3743,0.0034545326301369866,0.359,0.010592958904109589,0.348,0.030856635616438356,0.3335,0.05667763972602741,0.3312,0.10969344
2011-08-25,5,0,True,0.0,0.10637257000000004,120.81,-2.0810000000000004,0.44079999999999997,0.004791073315068492,0.39759999999999995,0.012993350136986298,0.3661,0.03414990830136986,0.3467,0.06125305627397261,0.3428,0.11751183999999999
2011-08-26,5,0,True,0.0,0.10270769000000006,122.97,-2.2969999999999997,0.36340000000000006,0.0032562631232876723,0.35590000000000005,0.010410806301369866,0.34409999999999996,0.03016889679452054,0.3325,0.05633825342465754,0.3336,0.11128896
2011-08-29,5,0,True,0.0,0.09946747999999996,120.99,-2.0989999999999993,0.33390000000000003,0.0027490490136986307,0.32280000000000003,0.008564370410958906,0.31980000000000003,0.026058355397260282,0.3176,0.0514021242739726,0.3218,0.10355523999999998
2011-08-30,5,0,True,0.0,0.10142302999999993,119.9,-1.9900000000000007,0.3467,0.0029638575616438355,0.3289,0.008891113150684932,0.3247,0.02686300923287671,0.32159999999999994,0.05270504153424656,0.3221,0.10374841
2011-08-31,5,0,True,0.0,0.0980365328571429,120.01,-2.0010000000000003,0.3233,0.002577276739726027,0.31620000000000004,0.00821773479452055,0.31670000000000004,0.025555607589041105,0.3159,0.05085332235616439,0.317,0.10048900000000001
2011-09-01,5,0,True,0.0,0.10093086999999998,120.23,-2.0230000000000006,0.3178,0.002490333041095891,0.3182,0.008322019726027396,0.31989999999999996,0.026074654602739722,0.3188,0.0517912872328767,0.322,0.10368400000000001
2011-09-02,5,0,True,0.0,0.10349161000000007,119.33,-1.9329999999999998,0.3194,0.0025154718904109594,0.3392,0.009456710136986301,0.3379,0.029091523643835614,0.3299,0.055460618794520564,0.3323,0.11042329
2011-09-06,5,0,True,0.0,0.10916413999999998,121.04,-2.1040000000000005,0.3924,0.0037967118904109593,0.37,0.011252054794520547,0.3538,0.03189376142465754,0.3423,0.0597081861369863,0.33759999999999996,0.11397375999999997
2011-09-07,5,0,True,0.0,0.09795975999999999,118.75,-1.875,0.32439999999999997,0.002594844493150684,0.33380000000000004,0.009158008767123289,0.3296,0.027679898301369868,0.3214,0.05263950838356165,0.32439999999999997,0.10523535999999997
2011-09-08,5,0,True,0.0,0.10601551000000002,118.59,-1.8590000000000004,0.34409999999999996,0.0029195706575342456,0.3432,0.009681060821917808,0.3371,0.02895393460273973,0.33140000000000003,0.055966105643835626,0.33,0.10890000000000001
2011-09-09,5,0,True,0.0,0.11476718413407813,116.9,-1.6900000000000006,0.4042,0.004028489753424657,0.38520000000000004,0.012195537534246579,0.3664,0.03420589939726028,0.3532,0.0635713551780822,0.34619999999999995,0.11985443999999996
2011-09-12,5,0,True,0.0,0.11413295927374303,117.23,-1.7230000000000003,0.4045,0.00403447191780822,0.3859,0.012239902191780823,0.37060000000000004,0.03499459035616439,0.3577,0.06520155600000001,0.3481,0.12117361000000001
2011-09-13,5,0,True,0.0,0.11703140759776537,118.05,-1.8049999999999997,0.3763,0.003491548520547946,0.3691,0.011197381643835614,0.36060000000000003,0.03313153282191781,0.3532,0.0635713551780822,0.3478,0.12096484
2011-09-14,5,0,True,0.0,0.10925192000000006,115.73,-1.5730000000000004,0.3503,0.0030257282465753423,0.34600000000000003,0.009839671232876714,0.3496,0.031141027068493157,0.34020000000000006,0.05897781764383564,0.34159999999999996,0.11669055999999997
2011-09-15,5,0,True,0.0,0.09993223857142855,120.0,-2.0,0.32789999999999997,0.002651138876712328,0.3197,0.008400664931506848,0.33520000000000005,0.028628467726027406,0.3344,0.05698395879452054,0.3329,0.11082240999999998
2011-09-16,5,0,True,0.0,0.09178504,123.27,-2.3269999999999995,0.32520000000000004,0.0026076585205479456,0.3098,0.007888441643835616,0.3295,0.02766310479452055,0.33020000000000005,0.05556153271232879,0.3309,0.10949481000000001
2011-09-19,5,0,True,0.0,0.10172927142857138,120.76,-2.0760000000000005,0.34600000000000003,0.002951901369863014,0.3273,0.008804818356164382,0.3381,0.029125971863013703,0.3378,0.05814861435616438,0.33240000000000003,0.11048976000000002
2011-09-20,5,0,True,0.0,0.10327308142857142,120.61,-2.061,0.34490000000000004,0.0029331618904109595,0.3286,0.008874900821917808,0.3362,0.02879953676712329,0.3357,0.05742787709589041,0.3295,0.10857025000000001
2011-09-21,5,0,True,0.0,0.11830469558659217,120.18,-2.0180000000000007,0.3776,0.003515714630136986,0.3732,0.011447526575342462,0.3619,0.03337084857534246,0.3563,0.06469217079452055,0.3503,0.12271009
2011-09-22,5,0,True,0.0,0.11377350469273739,119.37,-1.9370000000000005,0.4349,0.004663676958904109,0.41350000000000003,0.014053335616438357,0.39149999999999996,0.03905292945205479,0.3761,0.07208198646575342,0.3576,0.12787775999999998
2011-09-23,5,0,True,0.0,0.11883122798882682,118.24,-1.8239999999999994,0.4266,0.004487364493150685,0.4125,0.01398544520547945,0.39549999999999996,0.03985502260273972,0.37920000000000004,0.07327515353424659,0.3627,0.13155129000000002
2011-09-26,5,0,True,0.0,0.11483329726256986,120.34,-2.0340000000000003,0.4017,0.00397881098630137,0.39020000000000005,0.012514195068493153,0.3803,0.03685044484931507,0.37079999999999996,0.07006474257534245,0.3555,0.12638025
2011-09-27,5,0,True,0.0,0.11809509435754192,119.55,-1.9549999999999996,0.3893,0.00373696002739726,0.3771,0.011688033698630137,0.3721,0.03527844419178082,0.3654,0.06803888153424657,0.3549,0.12595401
2011-09-28,5,0,True,0.0,0.1260873150279329,118.21,-1.8209999999999993,0.42810000000000004,0.004518976684931507,0.4108,0.013870408767123286,0.39520000000000005,0.03979458279452056,0.3821,0.07440020893150685,0.3691,0.13623480999999998
2011-09-29,5,0,True,0.0,0.1225319072625698,118.97,-1.8969999999999998,0.3979,0.003903889561643835,0.3884,0.01239900493150685,0.3818,0.037141713205479446,0.37200000000000005,0.07051896986301372,0.3614,0.13060996
2011-09-30,5,0,True,0.0,0.13390966737430168,114.83,-1.4829999999999999,0.43729999999999997,0.00471529208219178,0.4296,0.015168999452054794,0.41240000000000004,0.04333386213698631,0.3923,0.07842539161643836,0.3796,0.14409616
2011-10-03,5,0,True,0.0,0.14671038597765368,113.09,-1.3090000000000004,0.4864,0.005833601753424658,0.4545,0.01697837671232877,0.4338,0.047947854575342466,0.41359999999999997,0.08717282893150684,0.39890000000000003,0.15912121
2011-10-04,5,0,True,0.0,0.1406360953072626,115.28,-1.528,0.4147,0.0042405063287671236,0.4082,0.013695389589041096,0.4045,0.04168954315068494,0.39130000000000004,0.07802607764383564,0.3834,0.14699556000000003
2011-10-05,5,0,True,0.0,0.13490758150837998,113.87,-1.3870000000000005,0.37579999999999997,0.00348227605479452,0.37810000000000005,0.011750104931506852,0.3831,0.03739507323287671,0.3786,0.07304345358904109,0.37310000000000004,0.13920361000000003
2011-10-06,5,0,True,0.0,0.12609327480446925,115.42,-1.5420000000000003,0.3496,0.0030136477808219183,0.3627,0.01081243479452055,0.3704,0.03495682980821918,0.3691,0.06942376619178081,0.36229999999999996,0.13126128999999997
2011-10-07,5,0,True,0.0,0.1271798162011173,116.1,-1.6099999999999994,0.3362,0.0027870519452054794,0.36200000000000004,0.010770739726027398,0.37310000000000004,0.03546831706849316,0.3725,0.07070866438356165,0.36479999999999996,0.13307903999999998
2011-10-10,5,0,True,0.0,0.1137733428571429,116.81,-1.6810000000000003,0.313,0.00241567397260274,0.33020000000000005,0.008961537534246578,0.3479,0.030838904465753426,0.3517,0.06303254120547946,0.3525,0.12425624999999998
2011-10-11,5,0,True,0.0,0.11565708142857141,118.91,-1.8909999999999996,0.30010000000000003,0.0022206577808219184,0.3286,0.008874900821917808,0.3406,0.029558294465753428,0.3481,0.06174874372602741,0.3497,0.12229009
2011-10-12,5,0,True,0.0,0.10350563999999998,121.6,-2.1599999999999993,0.2902,0.002076559890410959,0.3126,0.008031678904109588,0.3297,0.02769669690410959,0.33390000000000003,0.056813679616438365,0.3392,0.11505664
2011-10-13,5,0,True,0.0,0.10173382428571426,121.98,-2.1980000000000004,0.2771,0.0018933142191780825,0.307,0.007746493150684931,0.3271,0.027261589397260276,0.3329,0.05647388564383561,0.3356,0.11262736000000001
2011-10-14,5,0,True,0.0,0.08385450999999998,121.9,-2.1900000000000004,0.26489999999999997,0.0017302687397260268,0.2824,0.006554774794520547,0.3039,0.023531601452054796,0.31670000000000004,0.05111121517808221,0.3226,0.10407076
2011-10-17,5,0,True,0.0,0.10987305000000003,124.46,-2.4459999999999993,0.3395,0.002842033561643836,0.33390000000000003,0.009163496712328769,0.336,0.028765282191780827,0.3381,0.058251943726027405,0.3398,0.11546403999999999
2011-10-18,5,0,True,0.0,0.09782690999999999,127.99,-2.7989999999999995,0.3221,0.0025581799726027395,0.3156,0.008186577534246575,0.31980000000000003,0.026058355397260282,0.3287,0.055057880383561644,0.3356,0.11262736000000001
2011-10-19,5,0,True,0.0,0.1178409428571428,122.57,-2.2569999999999992,0.34700000000000003,0.0029689890410958906,0.3444,0.009748878904109587,0.3439,0.03013383706849315,0.3457,0.06090021682191781,0.34729999999999994,0.12061728999999996
2011-10-20,5,0,True,0.0,0.11505883809523812,122.57,-2.2569999999999992,0.36700000000000005,0.003321098630136987,0.3478,0.009942315616438355,0.342,0.029801786301369867,0.34509999999999996,0.060689002356164375,0.3515,0.12355224999999999
2011-10-21,5,0,True,0.0,0.09583652142857141,127.19,-2.719,0.3215,0.002548658219178082,0.3132,0.008062540273972602,0.3197,0.02604206128767123,0.3298,0.05542700120547944,0.3354,0.11249315999999998
2011-10-24,5,0,True,0.0,0.08324525285714289,124.85,-2.4849999999999994,0.3019,0.0022473766849315066,0.2926,0.007036829589041097,0.30469999999999997,0.023655655808219177,0.318,0.05153168219178083,0.3232,0.10445824
2011-10-25,5,0,True,0.0,0.10000641857142856,122.65,-2.2650000000000006,0.3357,0.002778768246575342,0.3222,0.008532562191780821,0.3236,0.026681307616438357,0.3312,0.05589857490410959,0.33299999999999996,0.11088899999999997
2011-10-26,5,0,True,0.0,0.08794956142857141,122.65,-2.2650000000000006,0.30329999999999996,0.0022682685205479445,0.2986,0.007328380273972601,0.3094,0.024391061589041096,0.3182,0.05159652230136986,0.32420000000000004,0.10510564000000003
2011-10-27,5,0,True,0.0,0.06592297857142858,122.82,-2.281999999999999,0.2495,0.0015349376712328767,0.2546,0.005327766575342466,0.2703,0.018615820191780822,0.2876,0.042150025643835624,0.2977,0.08862529000000001
2011-10-28,5,0,True,0.0,0.06322951857142858,121.18,-2.1180000000000008,0.2303,0.0013077885205479453,0.24530000000000002,0.004945651232876713,0.2652,0.017919963616438356,0.28309999999999996,0.040841324547945194,0.2944,0.08667136
2011-10-31,5,0,True,0.0,0.08736132571428573,120.69,-2.069,0.30879999999999996,0.0023512793424657528,0.29960000000000003,0.007377547397260275,0.3037,0.023500638821917816,0.3099,0.04893991742465754,0.3169,0.10042561000000001
2011-11-01,5,0,True,0.0,0.11327925428571434,126.65,-2.6650000000000005,0.36719999999999997,0.003324719342465753,0.3477,0.009936599178082192,0.34020000000000006,0.02948890882191782,0.345,0.06065383561643835,0.3428,0.11751183999999999
2011-11-02,5,0,True,0.0,0.10628835999999998,123.95,-2.3950000000000005,0.3306,0.0026949787397260276,0.3274,0.008810199452054794,0.32880000000000004,0.027545692931506858,0.33640000000000003,0.057667623452054805,0.3375,0.11390625000000001
2011-11-03,5,0,True,0.0,0.09559642857142855,124.19,-2.4189999999999996,0.295,0.0021458219178082188,0.305,0.007645890410958903,0.31620000000000004,0.025474977863013705,0.3245,0.05365985342465754,0.32780000000000004,0.10745284000000002
2011-11-04,5,0,True,0.0,0.09530658999999998,123.56,-2.3560000000000003,0.2843,0.0019929819452054794,0.3016,0.007476374794520547,0.3123,0.024850438273972607,0.3246,0.05369293084931507,0.3301,0.10896601
2011-11-07,5,0,True,0.0,0.09274640999999999,124.93,-2.4930000000000008,0.2839,0.0019873777808219173,0.2985,0.0073234726027397255,0.31379999999999997,0.025089728547945202,0.3233,0.05326371928767122,0.32789999999999997,0.10751840999999998
2011-11-08,5,0,True,0.0,0.08200641857142855,124.77,-2.4769999999999994,0.2457,0.0014885381095890412,0.2748,0.006206715616438355,0.2952,0.022203569095890413,0.31170000000000003,0.049510086410958914,0.3223,0.10387728999999998
2011-11-09,5,0,True,0.0,0.12248064301675976,122.87,-2.2870000000000004,0.3814,0.003586831890410959,0.3616,0.0107469501369863,0.3549,0.0320923915890411,0.3555,0.06440199041095891,0.3528,0.12446784
2011-11-10,5,0,True,0.0,0.10954214714285715,125.24,-2.5239999999999996,0.32130000000000003,0.002545488246575343,0.3281,0.008847913150684932,0.3375,0.029022688356164388,0.34700000000000003,0.06135910684931508,0.3454,0.11930115999999999
2011-11-11,5,0,True,0.0,0.09524247571428572,124.56,-2.4560000000000004,0.2803,0.0019372953698630134,0.3004,0.007416999452054794,0.316,0.025442761643835618,0.3331,0.056541762904109595,0.3347,0.11202408999999999
2011-11-14,5,0,True,0.0,0.09664043285714283,124.56,-2.4560000000000004,0.3123,0.0024048811232876715,0.31129999999999997,0.007965015616438354,0.3272,0.027278260602739725,0.33880000000000005,0.05849340230136988,0.3406,0.11600836
2011-11-15,5,0,True,0.0,0.09652698999999998,124.97,-2.497,0.3157,0.0024575298904109585,0.3122,0.008011137534246574,0.32520000000000004,0.026945804712328773,0.3379,0.05818304728767123,0.3396,0.11532816000000001
2011-11-16,5,0,True,0.0,0.11052396857142854,122.92,-2.2920000000000003,0.34119999999999995,0.002870567013698629,0.33509999999999995,0.0092294802739726,0.3439,0.03013383706849315,0.3514,0.06292505358904109,0.3519,0.12383361
2011-11-17,5,0,True,0.0,0.12453153999999994,121.59,-2.1590000000000003,0.3262,0.0026237204383561643,0.34509999999999996,0.009788548767123284,0.3532,0.0317856775890411,0.3614,0.06655740427397261,0.3632,0.13191424000000002
2011-11-18,5,0,True,0.0,0.10704281714285711,120.04,-2.0040000000000004,0.30260000000000004,0.0022578105205479457,0.32,0.008416438356164383,0.342,0.029801786301369867,0.3555,0.06440199041095891,0.35869999999999996,0.12866568999999997
2011-11-21,5,0,True,0.0,0.10708591714285709,115.15,-1.5150000000000006,0.33340000000000003,0.0027408220273972606,0.32909999999999995,0.008901929589041093,0.3478,0.030821178410958907,0.3617,0.06666794942465755,0.36450000000000005,0.13286025000000004
2011-11-22,5,0,True,0.0,0.10474608999999997,114.92,-1.4920000000000002,0.3103,0.002374177561643836,0.3197,0.008400664931506848,0.34240000000000004,0.029871538849315076,0.3569,0.06491023413698631,0.3578,0.12802084
2011-11-23,5,0,True,0.0,0.11656462857142852,116.78,-1.6780000000000002,0.336,0.00278373698630137,0.3398,0.009490195068493149,0.35869999999999996,0.03278331279452054,0.3705,0.06995141506849316,0.3688,0.13601344
2011-11-25,5,0,True,0.0,0.12034287857142854,114.77,-1.4769999999999996,0.3395,0.002842033561643836,0.3447,0.009765870410958903,0.36450000000000005,0.03385206369863015,0.37829999999999997,0.07292774120547944,0.3725,0.13875625
2011-11-28,5,0,True,0.0,0.10391951142857148,118.63,-1.8629999999999995,0.3188,0.0025060300273972596,0.32130000000000003,0.00848496082191781,0.3394,0.0293503821369863,0.35100000000000003,0.06278187945205481,0.3525,0.12425624999999998
2011-11-29,5,0,True,0.0,0.09450879999999999,116.45,-1.6450000000000002,0.304,0.002278750684931507,0.3064,0.0077162432876712326,0.3321,0.028101392136986304,0.3464,0.061147097424657536,0.34740000000000004,0.12068676000000003
2011-11-30,5,0,True,0.0,0.07815979000000002,116.56,-1.6560000000000001,0.2743,0.0018552449589041094,0.278,0.006352109589041097,0.30579999999999996,0.023826763068493146,0.3194,0.05198641906849316,0.33240000000000003,0.11048976000000002
2011-12-01,5,0,True,0.0,0.07608687142857144,116.9,-1.6900000000000006,0.27,0.0017975342465753425,0.2741,0.006175135068493151,0.3003,0.02297739279452055,0.31920000000000004,0.0519213343561644,0.3271,0.10699441
2011-12-02,5,0,True,0.0,0.07511884,116.31,-1.6310000000000002,0.2778,0.0019028919452054793,0.2752,0.006224797808219178,0.2985,0.02270276506849315,0.3153,0.05066033079452056,0.3261,0.10634121
2011-12-05,5,0,True,0.0,0.07507741714285712,116.14,-1.614,0.2884,0.0020508795616438354,0.2784,0.00637040219178082,0.299,0.02277888493150685,0.3141,0.05027544838356165,0.32289999999999996,0.10426440999999997
2011-12-06,5,0,True,0.0,0.0782317,115.16,-1.5159999999999996,0.285,0.002002808219178082,0.2813,0.006503810136986301,0.3016,0.023176761863013696,0.316,0.050885523287671236,0.32630000000000003,0.10647169000000002
2011-12-07,5,0,True,0.0,0.07836258142857146,115.87,-1.5870000000000004,0.3019,0.0022473766849315066,0.2867,0.006755908767123288,0.3062,0.02388913676712329,0.3196,0.05205154454794521,0.3267,0.10673289
2011-12-08,5,0,True,0.0,0.09082868285714285,115.37,-1.5370000000000004,0.31620000000000004,0.0024653204383561647,0.3059,0.007691080273972603,0.3209,0.026237926931506853,0.3323,0.056270498465753424,0.3357,0.11269449
2011-12-09,5,0,True,0.0,0.07381576,116.83,-1.6829999999999998,0.2444,0.0014728280547945205,0.2638,0.005719762191780821,0.2953,0.02221861471232877,0.3125,0.04976455479452055,0.3209,0.10297681000000002
2011-12-12,5,0,True,0.0,0.06518641000000004,120.26,-2.0260000000000007,0.25989999999999996,0.001665567369863013,0.25670000000000004,0.005416018356164385,0.3017,0.02319213361643836,0.3155,0.05072462054794521,0.3264,0.10653696000000001
2011-12-13,5,0,True,0.0,0.06408557571428572,119.44,-1.9439999999999997,0.2563,0.0016197457808219172,0.2541,0.005306861095890411,0.3017,0.02319213361643836,0.3185,0.05169385890410959,0.3308,0.10942864
2011-12-14,5,0,True,0.0,0.06873803999999997,120.66,-2.066,0.2562,0.0016184820821917806,0.26039999999999996,0.005573273424657532,0.3042,0.023578083616438362,0.3195,0.05201897671232877,0.335,0.11222500000000002
2011-12-15,5,0,True,0.0,0.06524323285714285,122.35,-2.2349999999999994,0.2407,0.0014285709863013699,0.2511,0.005182291232876712,0.29460000000000003,0.02211340241095891,0.31370000000000003,0.050147480383561656,0.332,0.11022400000000002
2011-12-16,5,0,True,0.0,0.062085545714285706,119.22,-1.922,0.22760000000000002,0.0012773036712328768,0.2429,0.0048493487671232875,0.2903,0.021472576356164383,0.31920000000000004,0.0519213343561644,0.3281,0.10764961
2011-12-19,5,0,True,0.0,0.06572724571428572,116.58,-1.658,0.2316,0.0013225946301369863,0.2492,0.005104162191780822,0.2874,0.021045711452054795,0.31489999999999996,0.05053187358904108,0.326,0.10627600000000001
2011-12-20,5,0,True,0.0,0.05712109285714285,120.66,-2.066,0.2155,0.0011451020547945203,0.2322,0.00443152109589041,0.2687,0.018396085397260273,0.2952,0.044407138191780826,0.3106,0.09647236
2011-12-21,5,0,True,0.0,0.04738422571428571,115.16,-1.5159999999999996,0.20620000000000002,0.0010483998904109591,0.2143,0.003774615616438356,0.2556,0.016646072547945204,0.28559999999999997,0.04156583276712328,0.3012,0.09072144000000001
2011-12-22,5,0,True,0.0,0.04729744,115.56,-1.5560000000000003,0.1972,0.0009588782465753423,0.2116,0.0036801008219178085,0.2528,0.016283367452054796,0.28059999999999996,0.04012318619178081,0.2944,0.08667136
2011-12-23,5,0,True,0.0,0.047796295714285716,117.14,-1.714,0.17809999999999998,0.0007821273698630136,0.2073,0.0035320512328767123,0.2522,0.016206164712328767,0.2796,0.03983771441095891,0.2949,0.08696601
2011-12-27,5,0,True,0.0,0.05039144285714285,116.53,-1.653,0.20600000000000002,0.0010463671232876714,0.2191,0.003945600821917808,0.2554,0.016620032547945206,0.2809,0.040209026465753424,0.29410000000000003,0.08649481000000002
2011-12-28,5,0,True,0.0,0.05748478285714285,116.32,-1.6319999999999992,0.2242,0.0012394267397260275,0.2352,0.0045467704109589035,0.2675,0.018232140410958907,0.2902,0.042915571068493155,0.30510000000000004,0.09308601000000002
2011-12-29,5,0,True,0.0,0.05712593999999999,116.57,-1.6569999999999994,0.1942,0.0009299253698630139,0.22649999999999998,0.004216623287671232,0.2625,0.01755693493150685,0.2852,0.041449483397260276,0.2991,0.08946080999999999
2011-12-30,5,0,True,0.0,0.062159588571428545,116.21,-1.6209999999999993,0.1936,0.0009241880547945205,0.23399999999999999,0.00450049315068493,0.2686,0.018382395287671237,0.2834,0.04092792920547945,0.3007,0.09042049000000002
2012-01-03,5,0,True,0.0,0.057134547142857144,117.1,-1.7099999999999995,0.20629999999999998,0.0010494170136986299,0.2297,0.004336610136986301,0.2605,0.017290419863013703,0.2826,0.04069718728767124,0.2969,0.08814961
2012-01-04,5,0,True,0.0,0.05453566857142856,117.63,-1.7629999999999995,0.1932,0.0009203730410958905,0.22219999999999998,0.004058041643835616,0.2531,0.016322037616438353,0.2767,0.03901560969863013,0.2891,0.08357881000000002
2012-01-05,5,0,True,0.0,0.05163880714285714,117.76,-1.7760000000000005,0.1825,0.0008212499999999998,0.2148,0.0037922498630136984,0.247,0.01554475890410959,0.272,0.037701435616438364,0.28550000000000003,0.08151025000000002
2012-01-06,5,0,True,0.0,0.048399267142857125,118.29,-1.8290000000000006,0.17010000000000003,0.0007134413424657537,0.20629999999999998,0.003498056712328766,0.2409,0.014786442000000002,0.2673,0.036409775178082186,0.2829,0.08003241
2012-01-09,5,0,True,0.0,0.05013018142857143,119.07,-1.9069999999999994,0.1761,0.0007646599726027398,0.2107,0.003648862191780822,0.2412,0.01482329293150685,0.2657,0.03597519764383562,0.2811,0.07901721
2012-01-10,5,0,True,0.0,0.048058711428571425,118.99,-1.8989999999999996,0.1748,0.0007534119452054796,0.2069,0.003518433698630137,0.2368,0.014287409095890413,0.261,0.034713715068493155,0.2777,0.07711729
2012-01-11,5,0,True,0.0,0.05073916857142857,120.2,-2.0200000000000005,0.17120000000000002,0.0007226985205479454,0.21050000000000002,0.003641938356164384,0.24109999999999998,0.014811004191780821,0.2645,0.035650976712328766,0.28,0.07840000000000001
2012-01-12,5,0,True,0.0,0.04797916428571428,120.78,-2.0780000000000003,0.16649999999999998,0.0006835623287671231,0.2047,0.0034440073972602735,0.2404,0.014725125698630138,0.2644,0.035624024547945214,0.2808,0.07884864
2012-01-13,5,0,True,0.0,0.04904961,121.92,-2.192,0.1769,0.0007716232602739725,0.2091,0.003593655616438356,0.24670000000000003,0.015507021287671237,0.2698,0.03709402586301369,0.2844,0.08088335999999999
2012-01-17,5,0,True,0.0,0.04953064714285715,125.63,-2.5629999999999997,0.2207,0.0012010312602739725,0.222,0.004050739726027397,0.25,0.015924657534246576,0.2751,0.038565703726027405,0.2863,0.08196769
2012-01-18,5,0,True,0.0,0.04403106142857142,130.78,-3.0780000000000003,0.20670000000000002,0.0010534904383561645,0.2089,0.0035867843835616434,0.2418,0.014897132383561643,0.2657,0.03597519764383562,0.28190000000000004,0.07946761000000002
2012-01-19,5,0,True,0.0,0.043412067142857155,129.6,-2.9599999999999995,0.1741,0.0007473898356164383,0.19870000000000002,0.0032450704109589046,0.2365,0.014251230821917808,0.2602,0.03450123682191781,0.2791,0.07789681000000001
2012-01-20,5,0,True,0.0,0.036600297142857154,129.24,-2.924000000000001,0.1612,0.0006407368767123288,0.18280000000000002,0.0027465073972602746,0.22820000000000001,0.01326848580821918,0.25420000000000004,0.03292844120547946,0.27390000000000003,0.07502121000000002
2012-01-23,5,0,True,0.0,0.035724082857142854,125.83,-2.5829999999999997,0.1812,0.0008095916712328767,0.1867,0.0028649498630136986,0.2232,0.012693414575342468,0.2507,0.032027920931506845,0.2698,0.07279203999999999
2012-01-24,5,0,True,0.0,0.03707459714285713,127.38,-2.7379999999999995,0.1808,0.0008060212602739725,0.1891,0.002939080273972602,0.22030000000000002,0.01236571060273973,0.24850000000000003,0.03146826986301371,0.2662,0.07086244
2012-01-25,5,0,True,0.0,0.03497788857142856,125.22,-2.522,0.1736,0.0007431031232876713,0.18309999999999998,0.0027555295890410955,0.21359999999999998,0.011624989808219176,0.24059999999999998,0.029499273863013695,0.2621,0.06869641
2012-01-26,5,0,True,0.0,0.0377367,122.96,-2.2959999999999994,0.16399999999999998,0.0006631890410958903,0.1857,0.002834341643835616,0.2168,0.01197591320547945,0.2425,0.029967020547945204,0.2635,0.06943225
2012-01-27,5,0,True,0.0,0.03719911857142858,121.5,-2.15,0.1663,0.0006819211232876712,0.18530000000000002,0.002822144383561644,0.214,0.011668569863013699,0.2413,0.029671173534246576,0.2627,0.06901128999999999
2012-01-30,5,0,True,0.0,0.03914538999999999,121.99,-2.1989999999999994,0.18469999999999998,0.0008411693424657532,0.19399999999999998,0.0030933698630136977,0.2192,0.012242530191780824,0.24489999999999998,0.03056311742465753,0.2656,0.07054336
2012-01-31,5,0,True,0.0,0.039414788571428584,121.96,-2.1959999999999993,0.1844,0.0008384390136986302,0.19440000000000002,0.0031061391780821926,0.22089999999999999,0.012433159808219178,0.24600000000000002,0.030838290410958914,0.26739999999999997,0.07150275999999998
2012-02-01,5,0,True,0.0,0.03696048999999999,121.39,-2.1390000000000002,0.16870000000000002,0.0007017457808219179,0.1855,0.002828239726027397,0.21539999999999998,0.0118217421369863,0.2437,0.030264335178082195,0.2639,0.06964321000000001
2012-02-02,5,0,True,0.0,0.03551112571428571,122.26,-2.2260000000000004,0.1578,0.0006139933150684931,0.17980000000000002,0.002657099178082192,0.2101,0.011247142273972603,0.2389,0.029083882356164385,0.2596,0.06739215999999999
2012-02-03,5,0,True,0.0,0.03168790285714286,122.14,-2.214,0.1534,0.0005802302465753425,0.171,0.002403369863013699,0.2005,0.010242803424657537,0.23,0.026957260273972605,0.2528,0.06390784000000001
2012-02-06,5,0,True,0.0,0.03319296000000001,123.63,-2.3629999999999995,0.1664,0.0006827414794520547,0.1776,0.0025924734246575345,0.2039,0.010593135698630138,0.2311,0.02721572893150685,0.2529,0.06395841000000001
2012-02-07,5,0,True,0.0,0.03338040999999999,123.02,-2.3019999999999996,0.1611,0.0006399421643835616,0.1765,0.0025604589041095887,0.2014,0.010334965150684931,0.2285,0.026606790410958907,0.25120000000000003,0.06310144000000002
2012-02-08,5,0,True,0.0,0.03568356142857144,124.76,-2.4760000000000004,0.16329999999999997,0.0006575397534246574,0.1816,0.002710566575342466,0.20679999999999998,0.010896603616438355,0.2314,0.027286434410958904,0.2535,0.06426225
2012-02-09,5,0,True,0.0,0.03782954571428572,126.48,-2.6480000000000006,0.1656,0.0006761924383561643,0.1863,0.0028526868493150685,0.2134,0.011603230356164384,0.2377,0.02879243819178082,0.2585,0.06682225
2012-02-10,5,0,True,0.0,0.04518134571428572,129.59,-2.9590000000000005,0.1966,0.0009530521643835617,0.2079,0.0035525268493150687,0.2328,0.013808803068493152,0.25170000000000003,0.032283938465753434,0.26940000000000003,0.07257636000000002
2012-02-13,5,0,True,0.0,0.03720012142857142,127.89,-2.789,0.1845,0.0008393486301369863,0.19039999999999999,0.002979629589041095,0.2212,0.012466953205479454,0.2447,0.030513218465753427,0.2635,0.06943225
2012-02-14,5,0,True,0.0,0.03869624714285714,129.96,-2.996000000000001,0.1923,0.000911818109589041,0.1954,0.003138177534246575,0.22820000000000001,0.01326848580821918,0.2522,0.032412329424657535,0.2708,0.07333263999999999
2012-02-15,5,0,True,0.0,0.04447190285714286,128.88,-2.8879999999999995,0.2126,0.0011144899726027399,0.2114,0.003673147397260274,0.2412,0.01482329293150685,0.26170000000000004,0.034900168602739735,0.2798,0.07828803999999999
2012-02-16,5,0,True,0.0,0.04021143999999999,130.29,-3.028999999999999,0.17120000000000002,0.0007226985205479454,0.19219999999999998,0.0030362334246575337,0.23170000000000002,0.01367861580821918,0.25329999999999997,0.0326956864109589,0.2707,0.07327849
2012-02-17,5,0,True,0.0,0.033872075714285715,129.54,-2.9539999999999993,0.1623,0.0006495112602739726,0.1778,0.0025983156164383564,0.22390000000000002,0.012773157616438359,0.2492,0.0316458055890411,0.2731,0.07458361000000001
2012-02-21,5,0,True,0.0,0.034232860000000004,128.46,-2.846000000000001,0.1744,0.0007499677808219178,0.1819,0.002719529589041096,0.2235,0.012727559589041097,0.2514,0.03220702619178083,0.2708,0.07333263999999999
2012-02-22,5,0,True,0.0,0.03475081,127.7,-2.7700000000000005,0.1709,0.0007201679178082191,0.1819,0.002719529589041096,0.22089999999999999,0.012433159808219178,0.2501,0.031874799616438354,0.2747,0.07546009
2012-02-23,5,0,True,0.0,0.030894475714285715,127.81,-2.781,0.1483,0.0005422904383561643,0.168,0.002319780821917808,0.2078,0.011002241424657536,0.2402,0.029401269698630137,0.26649999999999996,0.07102224999999998
2012-02-24,5,0,True,0.0,0.03304623857142856,128.72,-2.872,0.1509,0.0005614720273972603,0.17309999999999998,0.002462762465753424,0.2118,0.011429888547945204,0.243,0.030090723287671234,0.2669,0.07123561000000002
2012-02-27,5,0,True,0.0,0.03496957428571428,126.98,-2.6980000000000004,0.16940000000000002,0.000707581479452055,0.1819,0.002719529589041096,0.2187,0.01218674293150685,0.2466,0.03098890454794521,0.27140000000000003,0.07365796000000002
2012-02-28,5,0,True,0.0,0.03431316142857143,125.65,-2.5650000000000004,0.16570000000000001,0.0006770093424657535,0.1796,0.0026511912328767125,0.21600000000000003,0.011887693150684935,0.24530000000000002,0.030663037643835624,0.2727,0.07436529
2012-02-29,5,0,True,0.0,0.03635544999999999,124.59,-2.4590000000000005,0.1685,0.0007000828767123288,0.1843,0.0027917663013698624,0.218,0.012108854794520547,0.2443,0.030413542849315068,0.27190000000000003,0.07392961000000002
2012-03-01,5,0,True,0.0,0.03283807428571428,127.63,-2.7629999999999995,0.1506,0.0005592417534246577,0.1726,0.002448555616438356,0.21030000000000001,0.011268565397260276,0.23920000000000002,0.029156972712328776,0.26940000000000003,0.07257636000000002
2012-03-02,5,0,True,0.0,0.03377000285714286,125.2,-2.5200000000000005,0.1444,0.0005141431232876712,0.1729,0.002457074794520548,0.2126,0.011516396383561646,0.2412,0.0296465858630137,0.2667,0.07112889
2012-03-05,5,0,True,0.0,0.035599197142857135,126.23,-2.623,0.1598,0.0006296557808219178,0.1805,0.0026778287671232874,0.21989999999999998,0.012320846383561642,0.2462,0.030888454356164385,0.2703,0.07306209
2012-03-06,5,0,True,0.0,0.044907699999999995,126.49,-2.6489999999999996,0.201,0.0009961890410958906,0.2087,0.003579919726027397,0.239,0.014554117808219177,0.2616,0.03487350180821918,0.282,0.07952399999999998
2012-03-07,5,0,True,0.0,0.03902140428571428,126.02,-2.6019999999999994,0.17370000000000002,0.000743959479452055,0.1907,0.0029890265753424656,0.22719999999999999,0.013152452383561643,0.25370000000000004,0.03279903106849316,0.2752,0.07573504
2012-03-08,5,0,True,0.0,0.033672339999999995,125.08,-2.508,0.1698,0.0007109270136986302,0.1795,0.002648239726027397,0.2184,0.0121533317260274,0.2462,0.030888454356164385,0.2705,0.07317025
2012-03-09,5,0,True,0.0,0.0317893,124.78,-2.478,0.153,0.0005772082191780821,0.1711,0.002406181643835616,0.2122,0.011473101698630138,0.2404,0.029450251397260277,0.264,0.06969600000000001
2012-03-12,5,0,True,0.0,0.02459458857142858,139.25,-3.925,0.15539999999999998,0.0005954587397260273,0.1564,0.002010489863013699,0.20809999999999998,0.0110340321369863,0.2371,0.028647266465753427,0.25980000000000003,0.06749604000000002
2012-03-13,5,0,True,0.0,0.019834750000000005,122.89,-2.289,0.1635,0.0006591513698630138,0.14800000000000002,0.0018003287671232882,0.196,0.009788186301369866,0.226,0.0260277698630137,0.2518,0.06340324000000001
2012-03-14,5,0,True,0.0,0.02150408285714286,118.82,-1.8819999999999992,0.1672,0.0006893220821917808,0.1531,0.001926543287671233,0.2075,0.010970496575342466,0.23379999999999998,0.02785538038356164,0.2623,0.06880128999999999
2012-03-15,5,0,True,0.0,0.025216452857142854,136.51,-3.650999999999999,0.1429,0.0005035169589041096,0.1542,0.0019543265753424657,0.2054,0.010749566794520547,0.23079999999999998,0.02714511517808219,0.2616,0.06843456
2012-03-16,5,0,True,0.0,0.022135518571428564,138.43,-3.843000000000001,0.13470000000000001,0.0004473885205479453,0.1447,0.0017209389041095888,0.20370000000000002,0.01057236484931507,0.2285,0.026606790410958907,0.27149999999999996,0.07371224999999998
2012-03-19,5,0,True,0.0,0.023154039999999994,128.85,-2.8849999999999993,0.1462,0.0005270409863013698,0.15039999999999998,0.0018591912328767117,0.19940000000000002,0.010130721863013701,0.22460000000000002,0.025706300712328774,0.2516,0.06330256
2012-03-20,5,0,True,0.0,0.02463108142857142,128.02,-2.802000000000001,0.1531,0.0005779629863013699,0.1558,0.0019950936986301367,0.1996,0.010151054465753425,0.2249,0.025775018794520547,0.2509,0.06295081000000001
2012-03-21,5,0,True,0.0,0.02257797571428572,124.6,-2.4599999999999995,0.1537,0.0005825019452054794,0.15130000000000002,0.0018815087671232881,0.1925,0.009441729452054794,0.2183,0.024284409698630136,0.24739999999999998,0.06120675999999999
2012-03-22,5,0,True,0.0,0.023797414285714285,121.17,-2.117,0.159,0.0006233671232876713,0.1557,0.0019925334246575343,0.1955,0.009738310273972603,0.2202,0.02470897380821918,0.2484,0.061702560000000004
2012-03-23,5,0,True,0.0,0.022575389999999997,122.98,-2.2980000000000005,0.1433,0.0005063397534246576,0.1482,0.001805197808219178,0.1864,0.008852825424657536,0.21489999999999998,0.023533846191780818,0.2432,0.05914624
2012-03-26,5,0,True,0.0,0.020285799999999993,118.02,-1.8019999999999996,0.14300000000000002,0.0005042219178082193,0.1426,0.0016713501369863013,0.1743,0.007740782383561645,0.20329999999999998,0.021061768602739724,0.2339,0.05470921
2012-03-27,5,0,True,0.0,0.024517518571428573,121.13,-2.1129999999999995,0.1543,0.0005870586575342466,0.1559,0.001997655616438356,0.1857,0.008786459095890412,0.21059999999999998,0.022601476602739725,0.239,0.057121
2012-03-28,5,0,True,0.0,0.02463563285714286,121.61,-2.161,0.1493,0.0005496285205479451,0.1547,0.001967021095890411,0.18789999999999998,0.008995879808219177,0.21239999999999998,0.02298947769863013,0.24350000000000002,0.05929225000000001
2012-03-29,5,0,True,0.0,0.025159949999999997,121.69,-2.1689999999999996,0.14550000000000002,0.0005220061643835618,0.1548,0.001969564931506849,0.1884,0.009043819397260275,0.2137,0.023271754356164385,0.2372,0.056263839999999996
2012-03-30,5,0,True,0.0,0.025679714285714285,124.97,-2.497,0.142,0.0004971945205479451,0.155,0.0019746575342465753,0.1861,0.008824352136986301,0.21,0.022472876712328765,0.2365,0.055932249999999996
2012-04-02,5,0,True,0.0,0.025594818571428576,123.13,-2.3129999999999997,0.1477,0.0005379112602739726,0.1564,0.002010489863013699,0.18460000000000001,0.008682673643835617,0.21050000000000002,0.022580017808219183,0.23620000000000002,0.05579044000000001
2012-04-03,5,0,True,0.0,0.026196102857142856,123.84,-2.3840000000000003,0.1436,0.0005084620273972602,0.1566,0.0020156350684931504,0.1881,0.009015040356164383,0.21280000000000002,0.02307614860273973,0.2372,0.056263839999999996
2012-04-04,5,0,True,0.0,0.03145652571428572,121.0,-2.1,0.1292,0.00041159934246575347,0.16440000000000002,0.002221426849315069,0.1945,0.009638940410958904,0.21899999999999997,0.024440399999999994,0.243,0.059049
2012-04-05,5,0,True,0.0,0.03058042857142856,120.61,-2.061,0.147,0.0005328246575342464,0.16699999999999998,0.002292246575342465,0.19820000000000002,0.010009154301369864,0.2218,0.025069355178082193,0.2459,0.06046681
2012-04-09,5,0,True,0.0,0.03685928999999999,119.05,-1.9049999999999998,0.1787,0.0007874060547945205,0.1881,0.0029080775342465747,0.2121,0.011462290767123288,0.2322,0.027475430794520545,0.2546,0.06482116
2012-04-10,5,0,True,0.0,0.04252348857142857,119.27,-1.9269999999999996,0.1984,0.0009705836712328766,0.2039,0.003417140547945205,0.2262,0.013036928547945208,0.2475,0.031215513698630137,0.2668,0.07118224
2012-04-11,5,0,True,0.0,0.04228650999999999,118.43,-1.8430000000000006,0.1869,0.0008613273698630138,0.2002,0.0032942498630136982,0.22469999999999998,0.012864598273972601,0.2462,0.030888454356164385,0.2668,0.07118224
2012-04-12,5,0,True,0.0,0.03130513857142856,119.87,-1.9870000000000005,0.15990000000000001,0.0006304440821917809,0.172,0.002431561643835616,0.2025,0.01044816780821918,0.2302,0.027004162849315068,0.255,0.065025
2012-04-13,5,0,True,0.0,0.039014718571428575,118.19,-1.8189999999999997,0.1907,0.0008967079726027397,0.1955,0.0031413904109589045,0.21989999999999998,0.012320846383561642,0.2425,0.029967020547945204,0.2735,0.07480225000000001
2012-04-16,5,0,True,0.0,0.037233918571428576,116.67,-1.6670000000000003,0.20129999999999998,0.0009991649589041094,0.1955,0.0031413904109589045,0.22039999999999998,0.012376939397260273,0.2425,0.029967020547945204,0.266,0.07075600000000001
2012-04-17,5,0,True,0.0,0.03346970285714286,121.83,-2.183,0.1884,0.0008752083287671233,0.18460000000000001,0.002800862465753425,0.20850000000000002,0.011076491095890414,0.2323,0.027499101205479454,0.2575,0.06630625
2012-04-18,5,0,True,0.0,0.03440755,119.5,-1.95,0.1885,0.0008761376712328767,0.1864,0.002855750136986302,0.2112,0.011365221698630136,0.2346,0.028046333589041097,0.2582,0.06666723999999999
2012-04-19,5,0,True,0.0,0.034130738571428565,117.6,-1.7599999999999993,0.1809,0.0008069131232876712,0.18359999999999999,0.002770599452054794,0.21230000000000002,0.0114839177260274,0.2361,0.02840612893150685,0.26039999999999996,0.06780815999999998
2012-04-20,5,0,True,0.0,0.031282407142857134,118.05,-1.8049999999999997,0.1685,0.0007000828767123288,0.1744,0.002499892602739726,0.2048,0.010686856767123288,0.2309,0.02716864290410959,0.2563,0.06568968999999998
2012-04-23,5,0,True,0.0,0.0357739857142857,117.19,-1.7189999999999999,0.191,0.0008995315068493151,0.18969999999999998,0.0029577608219178075,0.2139,0.011657667205479453,0.2377,0.02879243819178082,0.2641,0.06974881
2012-04-24,5,0,True,0.0,0.03311556142857143,118.36,-1.8359999999999999,0.1787,0.0007874060547945205,0.18100000000000002,0.0026926849315068494,0.2051,0.01071818884931507,0.2322,0.027475430794520545,0.2607,0.06796448999999999
2012-04-25,5,0,True,0.0,0.029251788571428575,122.53,-2.253,0.16140000000000002,0.0006423277808219179,0.16820000000000002,0.002325307397260274,0.1946,0.009648854465753426,0.22149999999999997,0.025001584931506844,0.25429999999999997,0.06466848999999998
2012-04-26,5,0,True,0.0,0.02841579999999999,121.03,-2.103,0.147,0.0005328246575342464,0.1624,0.0021677063013698624,0.1855,0.00876754315068493,0.2155,0.023665442465753424,0.24989999999999998,0.06245000999999999
2012-04-27,5,0,True,0.0,0.028850807142857145,120.08,-2.008,0.1465,0.0005292061643835616,0.1632,0.0021891156164383562,0.18739999999999998,0.008948067616438354,0.2158,0.02373137819178082,0.25120000000000003,0.06310144000000002
2012-04-30,5,0,True,0.0,0.030278821428571415,119.83,-1.9829999999999999,0.1655,0.0006753760273972603,0.17149999999999999,0.0024174452054794514,0.1932,0.009510521424657536,0.217,0.023996038356164383,0.25429999999999997,0.06466848999999998
2012-05-01,5,0,True,0.0,0.02889584714285715,120.18,-2.0180000000000007,0.1563,0.0006023759178082191,0.166,0.0022648767123287675,0.1913,0.009324381287671234,0.2168,0.0239518264109589,0.252,0.063504
2012-05-02,5,0,True,0.0,0.029415789999999983,119.94,-1.9939999999999998,0.1623,0.0006495112602739726,0.16879999999999998,0.002341926575342465,0.19010000000000002,0.009207766931506852,0.2161,0.023797405643835614,0.2505,0.06275025
2012-05-03,5,0,True,0.0,0.03175207428571427,116.18,-1.6180000000000008,0.16940000000000002,0.000707581479452055,0.17559999999999998,0.002534413150684931,0.195,0.009688561643835617,0.22,0.024664109589041097,0.25429999999999997,0.06466848999999998
2012-05-04,5,0,True,0.0,0.03790238285714284,115.83,-1.5829999999999997,0.18420000000000003,0.0008366212602739728,0.1916,0.0030173063013698626,0.2072,0.010938797589041096,0.22940000000000002,0.026816797150684937,0.2619,0.06859161000000001
2012-05-07,5,0,True,0.0,0.03664173142857144,116.68,-1.6680000000000006,0.18460000000000001,0.0008402587397260275,0.1894,0.002948413150684932,0.2045,0.010655570547945204,0.2285,0.026606790410958907,0.2596,0.06739215999999999
2012-05-08,5,0,True,0.0,0.03622486714285715,117.23,-1.7230000000000003,0.1909,0.0008985898356164381,0.1905,0.002982760273972603,0.20809999999999998,0.0110340321369863,0.2314,0.027286434410958904,0.25739999999999996,0.06625475999999998
2012-05-09,5,0,True,0.0,0.04004415999999998,115.05,-1.5049999999999997,0.2024,0.001010114630136986,0.20079999999999998,0.003314025205479451,0.21530000000000002,0.011810768136986304,0.2379,0.028840910301369864,0.2669,0.07123561000000002
2012-05-10,5,0,True,0.0,0.035762002857142844,115.11,-1.511,0.1864,0.0008567250410958905,0.1883,0.002914264931506849,0.2087,0.011097751150684933,0.2323,0.027499101205479454,0.26289999999999997,0.06911640999999999
2012-05-11,5,0,True,0.0,0.03904589571428571,114.7,-1.4700000000000002,0.20190000000000002,0.0010051301095890413,0.1989,0.003251606301369863,0.2155,0.011832721232876712,0.2375,0.02874400684931507,0.2595,0.06734025
2012-05-14,5,0,True,0.0,0.04651583142857143,119.18,-1.9180000000000006,0.2256,0.001254954082191781,0.2187,0.003931207397260274,0.2297,0.013443491424657533,0.2495,0.03172204520547945,0.26839999999999997,0.07203855999999999
2012-05-15,5,0,True,0.0,0.04700654714285714,120.04,-2.0040000000000004,0.2263,0.0012627539999999998,0.21969999999999998,0.003967240273972602,0.23920000000000002,0.014578486356164388,0.25739999999999996,0.033762699616438345,0.2752,0.07573504
2012-05-16,5,0,True,0.0,0.04932721000000001,118.47,-1.847,0.2241,0.0012383213424657534,0.2227,0.0040763252054794525,0.2492,0.01582290279452055,0.2642,0.03557015079452055,0.2807,0.07879249
2012-05-17,5,0,True,0.0,0.057943145714285695,119.54,-1.9540000000000006,0.2544,0.0015958198356164383,0.24489999999999998,0.004929535068493149,0.2641,0.017771614602739724,0.2773,0.039184997095890406,0.3014,0.09084196
2012-05-18,5,0,True,0.0,0.059677428571428555,119.28,-1.9280000000000002,0.266,0.0017446684931506852,0.251,0.005178164383561643,0.2766,0.01949370706849315,0.2864,0.041799020712328765,0.3095,0.09579025
2012-05-21,5,0,True,0.0,0.048594661428571446,119.56,-1.9560000000000002,0.2193,0.001185842219178082,0.22010000000000002,0.0039816994520547955,0.24710000000000001,0.015557348301369865,0.2749,0.038509648931506844,0.29460000000000003,0.08678916000000002
2012-05-22,5,0,True,0.0,0.05139344714285713,119.31,-1.9310000000000003,0.22030000000000002,0.001196681671232877,0.2248,0.004153564931506849,0.2523,0.016219019095890415,0.2733,0.03806267819178082,0.2977,0.08862529000000001
2012-05-23,5,0,True,0.0,0.05095859285714283,119.52,-1.9519999999999995,0.2175,0.0011664554794520547,0.22329999999999997,0.004098319726027396,0.2511,0.01606510282191781,0.2747,0.038453634904109586,0.2978,0.08868484
2012-05-24,5,0,True,0.0,0.050449868571428566,120.64,-2.064,0.19219999999999998,0.0009108700273972602,0.21539999999999998,0.0038134652054794514,0.24780000000000002,0.01564561676712329,0.2771,0.0391284938630137,0.295,0.08702499999999999
2012-05-25,5,0,True,0.0,0.05182719571428571,120.38,-2.0379999999999994,0.19210000000000002,0.0009099224383561646,0.21760000000000002,0.003891761095890411,0.2493,0.015835604301369863,0.27140000000000003,0.037535289205479466,0.2984,0.08904255999999999
2012-05-29,5,0,True,0.0,0.04691711142857144,122.39,-2.239,0.1948,0.0009356804383561643,0.21030000000000001,0.0036350210958904115,0.2389,0.014541941178082192,0.2613,0.03479356257534246,0.2884,0.08317456
2012-05-30,5,0,True,0.0,0.05980171,118.54,-1.8540000000000005,0.2339,0.0013489942191780822,0.2414,0.004789640547945205,0.2619,0.01747676638356165,0.2771,0.0391284938630137,0.3034,0.09205156
2012-05-31,5,0,True,0.0,0.061174452857142854,119.32,-1.9319999999999993,0.2241,0.0012383213424657534,0.24059999999999998,0.0047579473972602735,0.2622,0.017516827726027397,0.2774,0.039213264,0.304,0.092416
2012-06-01,5,0,True,0.0,0.07211765714285713,116.35,-1.6349999999999993,0.262,0.001692591780821918,0.2666,0.0058418268493150675,0.2847,0.020652138000000004,0.30210000000000004,0.0465073431780822,0.3147,0.09903609
2012-06-04,5,0,True,0.0,0.0713816757142857,116.66,-1.6659999999999997,0.24670000000000003,0.001500679479452055,0.2612,0.005607570410958903,0.2812,0.020147479232876714,0.29359999999999997,0.0439270645479452,0.3172,0.10061583999999998
2012-06-05,5,0,True,0.0,0.06400681857142856,117.07,-1.7069999999999994,0.23170000000000002,0.0013237370136986303,0.2468,0.00500632109589041,0.2687,0.018396085397260273,0.2857,0.0415949455890411,0.3096,0.09585215999999999
2012-06-06,5,0,True,0.0,0.05417182428571428,119.66,-1.9659999999999997,0.1931,0.0009194205205479451,0.2216,0.004036155616438356,0.24710000000000001,0.015557348301369865,0.2687,0.036792170794520546,0.2944,0.08667136
2012-06-07,5,0,True,0.0,0.05089643999999997,120.01,-2.0010000000000003,0.1962,0.0009491779726027398,0.21719999999999998,0.0038774663013698618,0.2447,0.015256609232876714,0.2672,0.036382537643835616,0.3009,0.09054081
2012-06-08,5,0,True,0.0,0.04750087857142858,122.09,-2.2090000000000005,0.1985,0.0009715623287671235,0.21230000000000002,0.0037044895890410963,0.2364,0.014239181589041095,0.2626,0.03514062838356164,0.3013,0.09078169000000001
2012-06-11,5,0,True,0.0,0.04944913857142855,119.28,-1.9280000000000002,0.2639,0.0017172298356164385,0.23559999999999998,0.004562248767123286,0.255,0.016568013698630136,0.275,0.03853767123287672,0.3028,0.09168784
2012-06-12,5,0,True,0.0,0.04456936857142857,121.82,-2.1819999999999995,0.2422,0.0014464316712328765,0.22089999999999999,0.0040106967123287665,0.2494,0.01584831090410959,0.2722,0.03775689928767123,0.301,0.09060099999999999
2012-06-13,5,0,True,0.0,0.05475115285714285,120.37,-2.0370000000000004,0.2619,0.00169129997260274,0.2427,0.004841366301369863,0.265,0.017892945205479457,0.2827,0.040725994356164384,0.30820000000000003,0.09498724000000001
2012-06-14,5,0,True,0.0,0.039886839999999986,115.05,-1.5049999999999997,0.2522,0.001568338520547945,0.2168,0.0038631978082191774,0.25,0.015924657534246576,0.2697,0.03706653353424657,0.2991,0.08946080999999999
2012-06-15,5,0,True,0.0,0.03831333999999998,126.08,-2.6079999999999997,0.2432,0.0014584004383561644,0.21109999999999998,0.003662729589041095,0.23670000000000002,0.014275344575342469,0.2602,0.03450123682191781,0.2953,0.08720209000000001
2012-06-18,5,0,True,0.0,0.03219653285714286,121.2,-2.12,0.1917,0.0009061370136986302,0.1832,0.0027585402739726027,0.2213,0.012478227863013698,0.2501,0.031874799616438354,0.2837,0.08048569
2012-06-19,5,0,True,0.0,0.03191401857142856,123.09,-2.309,0.1953,0.0009404898904109589,0.1838,0.0027766389041095885,0.2192,0.012242530191780824,0.2444,0.030438446465753426,0.2804,0.07862415999999998
2012-06-20,5,0,True,0.0,0.029424502857142855,122.06,-2.2060000000000004,0.1744,0.0007499677808219178,0.1724,0.0024428843835616436,0.2084,0.011065868712328767,0.2397,0.02927899380821918,0.2706,0.07322436
2012-06-21,5,0,True,0.0,0.03884463999999998,118.4,-1.8400000000000005,0.20920000000000002,0.0010791281095890413,0.20079999999999998,0.003314025205479451,0.2316,0.013666811178082192,0.2553,0.03321404038356165,0.2833,0.08025889
2012-06-22,5,0,True,0.0,0.03305985999999999,116.37,-1.6370000000000005,0.1794,0.0007935869589041096,0.18109999999999998,0.0026956610958904104,0.2151,0.011788835424657536,0.2434,0.03018986893150685,0.2742,0.07518564
2012-06-25,5,0,True,0.0,0.0414994857142857,116.29,-1.6290000000000007,0.204,0.0010261479452054792,0.20379999999999998,0.003413789589041095,0.2303,0.013513814712328768,0.25420000000000004,0.03292844120547946,0.2823,0.07969329
2012-06-26,5,0,True,0.0,0.04050315999999999,114.69,-1.4689999999999999,0.18739999999999998,0.0008659420273972601,0.1972,0.0031962608219178075,0.22469999999999998,0.012864598273972601,0.251,0.032104619178082196,0.2768,0.07661823999999999
2012-06-27,5,0,True,0.0,0.04148202571428571,115.85,-1.5849999999999995,0.17120000000000002,0.0007226985205479454,0.1945,0.003109335616438356,0.2236,0.012738951452054795,0.2475,0.031215513698630137,0.2734,0.07474755999999999
2012-06-28,5,0,True,0.0,0.041395174285714285,116.9,-1.6900000000000006,0.1814,0.0008113798356164384,0.1971,0.00319302,0.2225,0.012613921232876713,0.2466,0.03098890454794521,0.2731,0.07458361000000001
2012-06-29,5,0,True,0.0,0.03201948142857141,119.09,-1.9090000000000003,0.1501,0.000555534493150685,0.17079999999999998,0.0023977512328767115,0.2032,0.01052052690410959,0.22870000000000001,0.026653387232876715,0.26030000000000003,0.06775609000000002
2012-07-02,5,0,True,0.0,0.030535195714285715,118.89,-1.889,0.15109999999999998,0.0005629613424657533,0.168,0.002319780821917808,0.1979,0.009978877068493151,0.2253,0.025866785589041097,0.2585,0.06682225
2012-07-03,5,0,True,0.0,0.030414982857142853,118.33,-1.8329999999999997,0.14679999999999999,0.0005313757808219177,0.1666,0.0022812789041095887,0.1932,0.009510521424657536,0.2235,0.025455119178082193,0.2564,0.06574096000000001
2012-07-05,5,0,True,0.0,0.03307821142857142,117.91,-1.7909999999999997,0.1578,0.0006139933150684931,0.175,0.0025171232876712323,0.2011,0.010304198712328768,0.2289,0.026700024821917807,0.2611,0.06817321
2012-07-06,5,0,True,0.0,0.032117138571428575,118.45,-1.8450000000000002,0.1501,0.000555534493150685,0.171,0.002403369863013699,0.2004,0.010232588712328768,0.22899999999999998,0.02672335890410959,0.2615,0.06838225
2012-07-09,5,0,True,0.0,0.033607047142857144,119.62,-1.9620000000000004,0.17129999999999998,0.0007235430410958901,0.17980000000000002,0.002657099178082192,0.20370000000000002,0.01057236484931507,0.2305,0.027074593150684934,0.2615,0.06838225
2012-07-10,5,0,True,0.0,0.03602219999999998,119.34,-1.9340000000000004,0.18100000000000002,0.0008078054794520549,0.18719999999999998,0.0028803156164383553,0.2087,0.011097751150684933,0.23399999999999999,0.027903057534246573,0.2632,0.06927424
2012-07-11,5,0,True,0.0,0.03326146,117.3,-1.7299999999999998,0.1726,0.0007345666849315068,0.1795,0.002648239726027397,0.2025,0.01044816780821918,0.22940000000000002,0.026816797150684937,0.2601,0.06765201
2012-07-12,5,0,True,0.0,0.034097267142857136,116.13,-1.6129999999999995,0.1801,0.0007997920273972603,0.1833,0.0027615526027397258,0.2069,0.010907144465753426,0.23149999999999998,0.02731002328767123,0.2636,0.06948496
2012-07-13,5,0,True,0.0,0.03077151428571428,119.13,-1.9129999999999996,0.147,0.0005328246575342464,0.1674,0.002303240547945205,0.19390000000000002,0.009579563095890413,0.22219999999999998,0.02515985819178082,0.252,0.063504
2012-07-16,5,0,True,0.0,0.03011140428571428,115.09,-1.5090000000000003,0.1653,0.0006737446849315069,0.1711,0.002406181643835616,0.1961,0.009798176794520547,0.2241,0.025591974410958902,0.2523,0.06365529000000002
2012-07-17,5,0,True,0.0,0.02832876142857143,117.22,-1.722,0.1563,0.0006023759178082191,0.1648,0.0022322498630136987,0.1892,0.009120787726027398,0.2181,0.024239932767123287,0.24719999999999998,0.06110783999999999
2012-07-18,5,0,True,0.0,0.027663657142857137,116.59,-1.6590000000000003,0.15,0.0005547945205479452,0.1616,0.0021464021917808216,0.1894,0.00914008076712329,0.21710000000000002,0.02401815961643836,0.2473,0.061157289999999996
2012-07-19,5,0,True,0.0,0.025311968571428572,114.19,-1.4189999999999998,0.1432,0.0005056333150684931,0.1545,0.0019619383561643835,0.1861,0.008824352136986301,0.2155,0.023665442465753424,0.24559999999999998,0.060319359999999995
2012-07-20,5,0,True,0.0,0.027373038571428567,116.52,-1.6519999999999997,0.1561,0.0006008353150684931,0.16269999999999998,0.0021757224657534243,0.19640000000000002,0.009828178849315071,0.22390000000000002,0.025546315232876718,0.251,0.063001
2012-07-23,5,0,True,0.0,0.034025182857142865,120.26,-2.0260000000000007,0.1902,0.0008920119452054794,0.1862,0.002849625205479452,0.2118,0.011429888547945204,0.23629999999999998,0.028454274904109584,0.26039999999999996,0.06780815999999998
2012-07-24,5,0,True,0.0,0.04067103142857142,119.13,-1.9129999999999996,0.2116,0.0011040302465753426,0.2047,0.0034440073972602735,0.22260000000000002,0.012625262136986304,0.24480000000000002,0.030538162849315074,0.26899999999999996,0.07236099999999998
2012-07-25,5,0,True,0.0,0.03745325285714285,118.58,-1.8579999999999999,0.1931,0.0009194205205479451,0.1934,0.0030742652054794517,0.2188,0.012197890191780822,0.2432,0.0301402757260274,0.26649999999999996,0.07102224999999998
2012-07-26,5,0,True,0.0,0.030321271428571425,116.92,-1.6920000000000002,0.17800000000000002,0.0007812493150684932,0.1753,0.0025257608219178083,0.2024,0.010437851178082191,0.2311,0.02721572893150685,0.2429,0.05900041
2012-07-27,5,0,True,0.0,0.02845471428571427,114.4,-1.4400000000000006,0.163,0.0006551260273972604,0.16699999999999998,0.002292246575342465,0.1966,0.009848205698630137,0.2245,0.025683415068493153,0.2515,0.06325225
2012-07-30,5,0,True,0.0,0.031195860000000002,114.86,-1.486,0.1886,0.0008770675068493149,0.18030000000000002,0.002671897808219178,0.20129999999999998,0.010324704575342463,0.2281,0.02651371906849315,0.257,0.066049
2012-07-31,5,0,True,0.0,0.034288431428571416,113.99,-1.3989999999999996,0.1986,0.0009725414794520547,0.1893,0.002945300547945205,0.2078,0.011002241424657536,0.2327,0.027593884767123288,0.2579,0.06651241000000001
2012-08-01,5,0,True,0.0,0.032830624285714295,114.59,-1.4590000000000003,0.2079,0.0010657580547945207,0.18960000000000002,0.0029546432876712335,0.20670000000000002,0.010886067863013701,0.23120000000000002,0.027239287232876715,0.2576,0.06635776
2012-08-02,5,0,True,0.0,0.032234002857142854,114.35,-1.4349999999999994,0.1664,0.0006827414794520547,0.1757,0.002537300547945205,0.2023,0.010427539643835618,0.2297,0.026886982849315066,0.2561,0.06558720999999999
2012-08-03,5,0,True,0.0,0.026302514285714295,120.25,-2.025,0.142,0.0004971945205479451,0.1564,0.002010489863013699,0.1868,0.008890861150684931,0.21789999999999998,0.024195496602739723,0.2553,0.06517809000000001
2012-08-06,5,0,True,0.0,0.02689225,114.79,-1.4790000000000005,0.1485,0.0005437541095890411,0.1595,0.0020909794520547944,0.18739999999999998,0.008948067616438354,0.2193,0.024507405863013698,0.2482,0.061603240000000004
2012-08-07,5,0,True,0.0,0.027289911428571435,113.55,-1.3549999999999998,0.14679999999999999,0.0005313757808219177,0.15990000000000001,0.002101480273972603,0.1881,0.009015040356164383,0.2184,0.0243066634520548,0.2466,0.06081156000000001
2012-08-08,5,0,True,0.0,0.02569504,115.36,-1.536,0.1352,0.00045071605479452047,0.1532,0.0019290608219178081,0.1858,0.008795924712328767,0.2163,0.023841474904109587,0.2457,0.060368490000000004
2012-08-09,5,0,True,0.0,0.026111199999999998,119.84,-1.9840000000000004,0.13,0.0004167123287671233,0.1528,0.0019190005479452052,0.18230000000000002,0.008467660191780824,0.2137,0.023271754356164385,0.24420000000000003,0.059633640000000016
2012-08-10,5,0,True,0.0,0.02439526428571429,117.89,-1.7890000000000001,0.1245,0.00038219794520547945,0.1474,0.001785761095890411,0.1814,0.008384258301369865,0.212,0.022902969863013697,0.2434,0.05924356
2012-08-13,5,0,True,0.0,0.019401892857142847,121.65,-2.1650000000000005,0.1315,0.00042638424657534253,0.13699999999999998,0.0015426575342465747,0.1807,0.008319675534246576,0.2127,0.023054465589041097,0.243,0.059049
2012-08-14,5,0,True,0.0,0.024238054285714284,122.05,-2.2049999999999996,0.13019999999999998,0.0004179955068493149,0.1485,0.0018125136986301368,0.18510000000000001,0.008729772410958904,0.2167,0.0239297357260274,0.2487,0.06185169
2012-08-15,5,0,True,0.0,0.02401883285714286,119.89,-1.989,0.12369999999999999,0.0003773019452054794,0.1463,0.0017592073972602742,0.1886,0.009063030904109589,0.2182,0.024262166136986302,0.2511,0.06305121
2012-08-16,5,0,True,0.0,0.02263533571428571,121.94,-2.194,0.1235,0.0003760828767123288,0.1429,0.0016783898630136984,0.1855,0.00876754315068493,0.2173,0.024062432712328767,0.2462,0.06061444
2012-08-17,5,0,True,0.0,0.020175357142857134,123.79,-2.3790000000000004,0.115,0.00032609589041095893,0.13449999999999998,0.001486869863013698,0.18350000000000002,0.00857950479452055,0.21539999999999998,0.0236434842739726,0.2481,0.061553609999999995
2012-08-20,5,0,True,0.0,0.02165930285714285,125.84,-2.5840000000000005,0.12240000000000001,0.00036941326027397264,0.1402,0.001615564931506849,0.1859,0.008805395424657535,0.2167,0.0239297357260274,0.2529,0.06395841000000001
2012-08-21,5,0,True,0.0,0.024749881428571426,129.99,-2.999000000000001,0.1321,0.0004302840821917808,0.1502,0.0018542498630136986,0.188,0.009005457534246575,0.2212,0.024933906410958908,0.2561,0.06558720999999999
2012-08-22,5,0,True,0.0,0.02520504999999999,125.32,-2.531999999999999,0.1315,0.00042638424657534253,0.15109999999999998,0.0018765378082191775,0.1942,0.00960922882191781,0.2242,0.025614819287671238,0.26,0.06760000000000001
2012-08-23,5,0,True,0.0,0.028380132857142866,122.41,-2.2409999999999997,0.1367,0.00046077263013698624,0.15960000000000002,0.0020936021917808225,0.2009,0.010283713232876713,0.2291,0.026746703178082195,0.262,0.06864400000000001
2012-08-24,5,0,True,0.0,0.025564199999999992,123.74,-2.3739999999999997,0.131,0.0004231479452054795,0.1518,0.0018939649315068488,0.1924,0.009431922410958903,0.22210000000000002,0.025137217150684937,0.2572,0.06615183999999999
2012-08-27,5,0,True,0.0,0.02868698142857143,121.53,-2.153,0.1489,0.0005466873698630137,0.1635,0.002197171232876712,0.19920000000000002,0.010110409643835618,0.2268,0.026212363397260276,0.2618,0.06853923999999999
2012-08-28,5,0,True,0.0,0.028930981428571423,120.28,-2.028,0.1521,0.0005704375068493151,0.1649,0.002234959726027397,0.19820000000000002,0.010009154301369864,0.2273,0.0263280655890411,0.2585,0.06682225
2012-08-29,5,0,True,0.0,0.03155833857142856,120.55,-2.0549999999999997,0.15289999999999998,0.0005764539452054793,0.17059999999999997,0.002392139178082191,0.2046,0.010665994191780822,0.23149999999999998,0.02731002328767123,0.26170000000000004,0.06848689000000002
2012-08-30,5,0,True,0.0,0.03321854714285713,119.0,-1.9,0.16870000000000002,0.0007017457808219179,0.1783,0.002612949863013698,0.20920000000000002,0.011150990465753427,0.235,0.028142054794520546,0.2639,0.06964321000000001
2012-08-31,5,0,True,0.0,0.03299586142857142,120.78,-2.0780000000000003,0.1573,0.0006101085205479452,0.1747,0.002508500547945205,0.20620000000000002,0.010833465534246578,0.2327,0.027593884767123288,0.2675,0.07155625
2012-09-04,5,0,True,0.0,0.03316270428571429,119.59,-1.9590000000000003,0.1743,0.0007491079726027398,0.17980000000000002,0.002657099178082192,0.20679999999999998,0.010896603616438355,0.233,0.0276650794520548,0.268,0.07182400000000001
2012-09-05,5,0,True,0.0,0.031226371428571417,120.49,-2.0489999999999995,0.179,0.0007900520547945206,0.17739999999999997,0.0025866378082191775,0.1999,0.010181591589041096,0.2262,0.026073857095890416,0.2585,0.06682225
2012-09-06,5,0,True,0.0,0.025148554285714275,119.31,-1.9310000000000003,0.14980000000000002,0.0005533160547945207,0.156,0.0020002191780821915,0.1862,0.008833838136986303,0.21719999999999998,0.024040291068493147,0.253,0.064009
2012-09-07,5,0,True,0.0,0.02201652142857143,120.7,-2.0700000000000003,0.1325,0.0004328938356164384,0.1438,0.0016995978082191782,0.1759,0.007883548849315069,0.20989999999999998,0.022451479068493145,0.2481,0.061553609999999995
2012-09-10,5,0,True,0.0,0.02556418857142857,122.37,-2.2370000000000005,0.16940000000000002,0.000707581479452055,0.1628,0.002178397808219178,0.183,0.008532813698630137,0.2139,0.023315334410958906,0.24559999999999998,0.060319359999999995
2012-09-11,5,0,True,0.0,0.02617128857142856,122.82,-2.281999999999999,0.16940000000000002,0.000707581479452055,0.1641,0.002213326849315068,0.18289999999999998,0.008523490767123287,0.21230000000000002,0.0229678354520548,0.2441,0.05958481000000001
2012-09-12,5,0,True,0.0,0.02475989285714286,123.38,-2.3379999999999996,0.1595,0.0006272938356164384,0.158,0.002051835616438356,0.17600000000000002,0.007892515068493153,0.2066,0.021751074410958905,0.2407,0.05793649
2012-09-13,5,0,True,0.0,0.019239288571428575,115.69,-1.5689999999999997,0.1446,0.0005155683287671233,0.1405,0.0016224863013698633,0.16449999999999998,0.006894803424657533,0.1963,0.019636346136986303,0.2322,0.053916839999999994
2012-09-14,5,0,True,0.0,0.021532540000000003,117.26,-1.7260000000000004,0.1412,0.000491608109589041,0.1451,0.0017304665753424657,0.16899999999999998,0.007277186301369862,0.1981,0.019998113589041095,0.23579999999999998,0.055601639999999994
2012-09-17,5,0,True,0.0,0.0218893,122.69,-2.2689999999999997,0.141,0.0004902164383561642,0.1459,0.0017496008219178081,0.17129999999999998,0.007476611424657532,0.2,0.02038356164383562,0.237,0.056169
2012-09-18,5,0,True,0.0,0.020983188571428574,127.38,-2.7379999999999995,0.1344,0.0004453979178082191,0.1418,0.0016526498630136987,0.1663,0.007046518273972603,0.1968,0.0197365058630137,0.2339,0.05470921
2012-09-19,5,0,True,0.0,0.02020099,122.44,-2.2439999999999998,0.1307,0.00042121208219178085,0.1388,0.0015834608219178082,0.1649,0.00692837515068493,0.19519999999999998,0.01941689161643835,0.2298,0.05280804
2012-09-20,5,0,True,0.0,0.021159895714285705,128.03,-2.803,0.12890000000000001,0.0004096901095890412,0.1407,0.0016271087671232874,0.1675,0.007148578767123289,0.1975,0.01987715753424658,0.233,0.054289000000000004
2012-09-21,5,0,True,0.0,0.020429982857142856,130.6,-3.0599999999999996,0.1322,0.0004309357808219179,0.1398,0.0016063594520547946,0.1679,0.007182762,0.19829999999999998,0.020038513808219176,0.2372,0.056263839999999996
2012-09-24,5,0,True,0.0,0.021101804285714294,129.12,-2.9120000000000004,0.1323,0.00043158797260273976,0.14150000000000001,0.0016456643835616443,0.1659,0.007012661178082191,0.19760000000000003,0.01989729139726028,0.2279,0.05193841
2012-09-25,5,0,True,0.0,0.02462469999999999,125.45,-2.5450000000000004,0.14800000000000002,0.0005400986301369865,0.1543,0.0019568621917808214,0.17600000000000002,0.007892515068493153,0.2046,0.021331988383561644,0.2352,0.05531904
2012-09-26,5,0,True,0.0,0.028784859999999992,124.06,-2.406,0.16440000000000002,0.0006664280547945208,0.1681,0.0023225432876712326,0.185,0.008720342465753424,0.2113,0.022751973534246576,0.2394,0.05731236
2012-09-27,5,0,True,0.0,0.023000692857142853,127.56,-2.7560000000000002,0.1405,0.000486745890410959,0.1484,0.0018100734246575341,0.1707,0.007424327589041095,0.201,0.020587906849315073,0.2314,0.05354596
2012-09-28,5,0,True,0.0,0.025393659999999995,125.87,-2.5870000000000006,0.1524,0.0005726899726027397,0.1573,0.0020336950684931502,0.1761,0.007901486383561643,0.20370000000000002,0.02114472969863014,0.2332,0.05438224
2012-10-01,5,0,True,0.0,0.027579047142857145,128.17,-2.816999999999999,0.1563,0.0006023759178082191,0.1632,0.0021891156164383562,0.17920000000000003,0.00818212471232877,0.20579999999999998,0.021582950794520543,0.24100000000000002,0.05808100000000001
2012-10-02,5,0,True,0.0,0.026172288571428576,127.1,-2.7099999999999995,0.1456,0.0005227239452054794,0.15710000000000002,0.002028526849315069,0.17739999999999997,0.00801857720547945,0.2051,0.02143637769863014,0.23329999999999998,0.054428889999999994
2012-10-03,5,0,True,0.0,0.025479609999999993,125.4,-2.5400000000000005,0.1411,0.0004909120273972603,0.1543,0.0019568621917808214,0.17579999999999998,0.007874587726027397,0.20370000000000002,0.02114472969863014,0.2336,0.05456896
2012-10-04,5,0,True,0.0,0.022513290000000005,120.39,-2.039,0.1343,0.00044473536986301373,0.14550000000000002,0.0017400205479452058,0.17059999999999997,0.007415631452054793,0.2002,0.02042434915068493,0.23,0.0529
2012-10-05,5,0,True,0.0,0.022925290000000004,123.85,-2.3849999999999993,0.1223,0.00036880989041095894,0.1433,0.001687799178082192,0.1693,0.007303045397260274,0.1966,0.019696411397260274,0.2257,0.050940490000000005
2012-10-08,5,0,True,0.0,0.0240107757142857,122.06,-2.2060000000000004,0.1417,0.0004950959178082192,0.15109999999999998,0.0018765378082191775,0.1736,0.007678732273972603,0.2,0.02038356164383562,0.228,0.051984
2012-10-09,5,0,True,0.0,0.027338397142857143,121.21,-2.1209999999999996,0.1598,0.0006296557808219178,0.1637,0.0022025498630136985,0.1801,0.008264517616438356,0.2048,0.021373713534246577,0.2291,0.05248681
2012-10-10,5,0,True,0.0,0.02703351857142857,120.46,-2.0459999999999994,0.1593,0.0006257216712328767,0.1629,0.0021810747945205477,0.1813,0.008375016904109588,0.2046,0.021331988383561644,0.2305,0.053130250000000004
2012-10-11,5,0,True,0.0,0.02574769,120.83,-2.0829999999999997,0.1447,0.0005162816712328767,0.1559,0.001997655616438356,0.1757,0.007865631698630136,0.201,0.020587906849315073,0.2257,0.050940490000000005
2012-10-12,5,0,True,0.0,0.026931081428571438,120.97,-2.097,0.1549,0.0005916331232876712,0.16140000000000002,0.0021410926027397264,0.17739999999999997,0.00801857720547945,0.201,0.020587906849315073,0.2261,0.05112121
2012-10-15,5,0,True,0.0,0.024522025714285713,122.45,-2.245,0.1432,0.0005056333150684931,0.1527,0.0019164895890410958,0.1711,0.007459163095890411,0.1962,0.01961634476712329,0.2225,0.04950625
2012-10-16,5,0,True,0.0,0.025200704285714283,122.52,-2.252,0.13570000000000002,0.0004540559178082193,0.1522,0.0019039594520547944,0.1697,0.007337595534246575,0.1937,0.01911962284931507,0.2193,0.048092489999999995
2012-10-17,5,0,True,0.0,0.024953482857142852,124.95,-2.495,0.1322,0.0004309357808219179,0.1507,0.001866615616438356,0.1661,0.007029579534246575,0.19190000000000002,0.01876592728767124,0.2164,0.04682896
2012-10-18,5,0,True,0.0,0.024286307142857132,124.58,-2.4579999999999997,0.1365,0.00045942534246575347,0.1503,0.0018567197260273968,0.16579999999999998,0.007004209643835615,0.1916,0.01870729906849315,0.21780000000000002,0.04743684000000001
2012-10-19,5,0,True,0.0,0.02824181714285713,125.39,-2.539,0.1764,0.000767267506849315,0.17059999999999997,0.002392139178082191,0.1812,0.008365780602739726,0.2032,0.02104105380821918,0.2271,0.05157441
2012-10-22,5,0,True,0.0,0.02739341142857143,122.99,-2.2989999999999995,0.1678,0.0006942782465753425,0.16620000000000001,0.0022703375342465757,0.1787,0.008136529232876713,0.20149999999999998,0.020690461643835614,0.22399999999999998,0.05017599999999999
2012-10-23,5,0,True,0.0,0.03244818142857142,120.16,-2.0159999999999996,0.2061,0.0010473832602739726,0.1883,0.002914264931506849,0.1945,0.009638940410958904,0.2134,0.023206460712328767,0.2353,0.05536609000000001
2012-10-24,5,0,True,0.0,0.03262454571428571,119.33,-1.9329999999999998,0.1894,0.0008845239452054795,0.1833,0.0027615526027397258,0.19269999999999998,0.009461358821917806,0.2127,0.023054465589041097,0.2348,0.055131040000000006
2012-10-25,5,0,True,0.0,0.03259950428571428,120.89,-2.089,0.1827,0.0008230509863013698,0.1812,0.0026986389041095886,0.1911,0.009304894602739726,0.21059999999999998,0.022601476602739725,0.2336,0.05456896
2012-10-26,5,0,True,0.0,0.03321772857142855,119.31,-1.9310000000000003,0.168,0.0006959342465753425,0.17809999999999998,0.0026070912328767116,0.1902,0.009217456767123287,0.2101,0.022494284547945206,0.2325,0.05405625000000001
2012-10-31,5,0,True,0.0,0.03370617857142859,115.04,-1.5040000000000007,0.19149999999999998,0.0009042472602739724,0.18600000000000003,0.002843506849315069,0.1931,0.009500678712328767,0.2073,0.02189871764383562,0.2341,0.05480281
2012-11-01,5,0,True,0.0,0.026892764285714292,117.85,-1.7849999999999995,0.17350000000000002,0.0007422472602739726,0.16690000000000002,0.0022895021917808222,0.1773,0.008009539643835618,0.2003,0.020444758191780824,0.2231,0.049773609999999996
2012-11-02,5,0,True,0.0,0.029517438571428568,115.78,-1.578,0.18510000000000001,0.0008448166849315069,0.1759,0.0025430802739726025,0.1855,0.00876754315068493,0.2051,0.02143637769863014,0.22690000000000002,0.051483610000000006
2012-11-05,5,0,True,0.0,0.030547950000000018,115.52,-1.5519999999999996,0.2045,0.0010311842465753423,0.18420000000000003,0.002788737534246576,0.18969999999999998,0.009169058547945204,0.20829999999999999,0.022110502849315067,0.2291,0.05248681
2012-11-06,5,0,True,0.0,0.028187057142857134,116.34,-1.6340000000000003,0.193,0.000918468493150685,0.17579999999999998,0.0025401895890410954,0.18239999999999998,0.008476952547945204,0.2026,0.02091697906849315,0.2216,0.049106559999999994
2012-11-07,5,0,True,0.0,0.035085904285714266,116.1,-1.6099999999999994,0.19870000000000002,0.0009735211232876714,0.19079999999999997,0.002992162191780821,0.1981,0.009999056794520548,0.2152,0.023599598465753425,0.235,0.055224999999999996
2012-11-08,5,0,True,0.0,0.034675197142857134,116.69,-1.6689999999999998,0.1818,0.0008149620821917806,0.18489999999999998,0.0028099734246575334,0.19829999999999998,0.010019256904109588,0.2163,0.023841474904109587,0.23579999999999998,0.055601639999999994
2012-11-09,5,0,True,0.0,0.03480815714285714,115.4,-1.5400000000000005,0.185,0.000843904109589041,0.1861,0.0028465652054794517,0.2007,0.0102632481369863,0.21780000000000002,0.024173293808219184,0.2365,0.055932249999999996
2012-11-12,5,0,True,0.0,0.028401218571428574,114.23,-1.4230000000000005,0.16269999999999998,0.0006527167397260272,0.1668,0.0022867594520547944,0.19149999999999998,0.00934388835616438,0.2114,0.0227735138630137,0.22920000000000001,0.052532640000000005
2012-11-13,5,0,True,0.0,0.028286249999999992,114.81,-1.4810000000000003,0.1625,0.0006511130136986302,0.16649999999999998,0.0022785410958904104,0.18969999999999998,0.009169058547945204,0.2104,0.022558569205479453,0.22719999999999999,0.05161983999999999
2012-11-14,5,0,True,0.0,0.03093653285714287,113.23,-1.3230000000000004,0.1867,0.0008594849589041096,0.17920000000000003,0.0026393950684931514,0.19870000000000002,0.010059718273972605,0.2175,0.024106746575342466,0.2321,0.05387041
2012-11-15,5,0,True,0.0,0.030876661428571418,113.65,-1.3650000000000007,0.1893,0.0008835901643835615,0.17989999999999998,0.0026600556164383554,0.1979,0.009978877068493151,0.2173,0.024062432712328767,0.23199999999999998,0.05382399999999999
2012-11-16,5,0,True,0.0,0.02599643142857143,115.85,-1.5849999999999995,0.17059999999999997,0.0007176417534246573,0.1641,0.002213326849315068,0.1893,0.009130431698630136,0.21109999999999998,0.022708923452054792,0.22699999999999998,0.05152899999999999
2012-11-19,5,0,True,0.0,0.02279001857142857,113.46,-1.3459999999999994,0.1557,0.0005977600273972603,0.1524,0.0019089665753424657,0.1759,0.007883548849315069,0.1991,0.020200522356164385,0.2177,0.047393290000000005
2012-11-20,5,0,True,0.0,0.02253273142857142,117.25,-1.725,0.1524,0.0005726899726027397,0.1508,0.0018690936986301367,0.1728,0.007608123616438357,0.19579999999999997,0.019536441205479448,0.21660000000000001,0.04691556000000001
2012-11-21,5,0,True,0.0,0.023413347142857144,116.62,-1.6620000000000004,0.1533,0.0005794739999999999,0.1531,0.001926543287671233,0.17579999999999998,0.007874587726027397,0.19640000000000002,0.019656357698630143,0.2167,0.04695889
2012-11-23,5,0,True,0.0,0.022778692857142856,117.82,-1.7819999999999994,0.1525,0.0005734417808219178,0.1514,0.0018839967123287671,0.17579999999999998,0.007874587726027397,0.1935,0.019080160273972604,0.2141,0.04583881000000001
2012-11-26,5,0,True,0.0,0.023336281428571425,116.96,-1.6959999999999993,0.16010000000000002,0.0006320221643835618,0.155,0.0019746575342465753,0.17309999999999998,0.007634563643835615,0.1946,0.01929770893150685,0.2137,0.045667690000000004
2012-11-27,5,0,True,0.0,0.025070011428571425,116.65,-1.6650000000000005,0.1612,0.0006407368767123288,0.1592,0.002083121095890411,0.17620000000000002,0.00791046279452055,0.1972,0.019816817095890407,0.2162,0.04674244
2012-11-28,5,0,True,0.0,0.023774939999999994,116.12,-1.6120000000000005,0.1572,0.0006093330410958905,0.1551,0.0019772063013698627,0.172,0.00753784109589041,0.1941,0.01919867030136986,0.2137,0.045667690000000004
2012-11-29,5,0,True,0.0,0.022498800000000003,117.35,-1.7349999999999994,0.152,0.0005696876712328767,0.1506,0.001864139178082192,0.16820000000000002,0.0072084529315068506,0.19149999999999998,0.01868777671232876,0.21059999999999998,0.04435235999999999
2012-11-30,5,0,True,0.0,0.025267152857142844,117.07,-1.7069999999999994,0.15810000000000002,0.0006163301095890412,0.15869999999999998,0.0020700567123287665,0.1727,0.007599320465753424,0.19329999999999997,0.01904073846575342,0.2122,0.04502884
2012-12-03,5,0,True,0.0,0.0270238,115.98,-1.5980000000000003,0.171,0.0007210109589041097,0.1664,0.0022758049315068493,0.1782,0.008091061150684932,0.1989,0.02015995906849315,0.2157,0.046526490000000004
2012-12-04,5,0,True,0.0,0.02920651,115.31,-1.5310000000000001,0.17190000000000003,0.0007286205205479454,0.17120000000000002,0.002408995068493151,0.1819,0.008430541726027398,0.1997,0.020322456821917804,0.21530000000000002,0.04635409000000001
2012-12-05,5,0,True,0.0,0.027760497142857138,114.55,-1.4549999999999996,0.1598,0.0006296557808219178,0.1646,0.0022268350684931503,0.1783,0.008100144575342465,0.1963,0.019636346136986303,0.2152,0.04631104
2012-12-06,5,0,True,0.0,0.028367949999999986,115.74,-1.5739999999999994,0.1595,0.0006272938356164384,0.16579999999999998,0.0022594224657534238,0.1784,0.008109233095890412,0.1943,0.01923825517808219,0.2148,0.04613904
2012-12-07,5,0,True,0.0,0.026148750000000002,115.23,-1.5230000000000004,0.1525,0.0005734417808219178,0.159,0.0020778904109589043,0.1729,0.007616931863013699,0.191,0.018590317808219178,0.2126,0.045198760000000004
2012-12-10,5,0,True,0.0,0.02695068857142857,114.77,-1.4769999999999996,0.1516,0.0005666932602739727,0.1605,0.002117280821917808,0.17350000000000002,0.007669888356164385,0.19149999999999998,0.01868777671232876,0.2108,0.04443663999999999
2012-12-11,5,0,True,0.0,0.02471738142857143,115.92,-1.592,0.1521,0.0005704375068493151,0.1557,0.0019925334246575343,0.17,0.007363561643835618,0.18969999999999998,0.018338117095890408,0.21059999999999998,0.04435235999999999
2012-12-12,5,0,True,0.0,0.026363174285714285,116.49,-1.6489999999999996,0.15259999999999999,0.0005741940821917807,0.1595,0.0020909794520547944,0.1743,0.007740782383561645,0.1925,0.018883458904109588,0.21359999999999998,0.04562495999999999
2012-12-13,5,0,True,0.0,0.02851796142857143,116.24,-1.6239999999999994,0.1577,0.0006132153698630138,0.1656,0.002253974794520548,0.1788,0.008145638136986301,0.19519999999999998,0.01941689161643835,0.21789999999999998,0.047480409999999994
2012-12-14,5,0,True,0.0,0.02963199571428572,118.92,-1.8920000000000001,0.1649,0.0006704879178082191,0.17,0.002375342465753425,0.18030000000000002,0.008282883205479452,0.1966,0.019696411397260274,0.2191,0.048004809999999995
2012-12-17,5,0,True,0.0,0.026375161428571423,118.06,-1.8060000000000003,0.16570000000000001,0.0006770093424657535,0.1634,0.0021944843835616434,0.175,0.0078030821917808215,0.1911,0.01860978920547945,0.2134,0.04553956
2012-12-18,5,0,True,0.0,0.023356911428571433,117.86,-1.786,0.16219999999999998,0.000648711123287671,0.1557,0.0019925334246575343,0.1681,0.007199884191780822,0.1844,0.017327739616438357,0.20980000000000001,0.044016040000000006
2012-12-19,5,0,True,0.0,0.028432475714285716,120.76,-2.0760000000000005,0.18469999999999998,0.0008411693424657532,0.1736,0.002477010410958904,0.17859999999999998,0.008127425424657534,0.1906,0.0185125341369863,0.2155,0.046440249999999995
2012-12-20,5,0,True,0.0,0.029067488571428587,124.47,-2.447,0.19039999999999999,0.0008938888767123285,0.17670000000000002,0.00256626493150685,0.1814,0.008384258301369865,0.1923,0.01884424093150685,0.2148,0.04613904
2012-12-21,5,0,True,0.0,0.03127051428571429,127.08,-2.7079999999999997,0.182,0.0008167561643835616,0.1784,0.002615881643835617,0.1887,0.009072644301369864,0.19949999999999998,0.02028177123287671,0.22030000000000002,0.048532090000000014
2012-12-24,5,0,True,0.0,0.02811732571428572,124.47,-2.447,0.20120000000000002,0.000998172493150685,0.1784,0.002615881643835617,0.1887,0.009072644301369864,0.2032,0.02104105380821918,0.22399999999999998,0.05017599999999999
2012-12-26,5,0,True,0.0,0.03443618285714285,122.18,-2.218000000000001,0.2148,0.0011376749589041095,0.1948,0.0031189347945205477,0.1993,0.010120563205479454,0.2087,0.022195502301369865,0.2273,0.05166529
2012-12-27,5,0,True,0.0,0.034010597142857125,119.6,-1.9599999999999995,0.2168,0.0011589593424657532,0.19469999999999998,0.0031157334246575334,0.19920000000000002,0.010110409643835618,0.2089,0.02223806317808219,0.22769999999999999,0.05184728999999999
2012-12-28,5,0,True,0.0,0.04266156142857142,118.38,-1.8379999999999996,0.2693,0.0017882257808219176,0.22719999999999999,0.004242726575342465,0.2188,0.012197890191780822,0.22399999999999998,0.025569139726027392,0.2379,0.05659641
2012-12-31,5,0,True,0.0,0.02877979,121.27,-2.127,0.2027,0.0010131112602739726,0.1802,0.002668934794520548,0.1873,0.008938520465753426,0.2025,0.02089633561643836,0.21760000000000002,0.047349760000000005
2013-01-02,5,0,True,0.0,0.023609902857142852,121.77,-2.1769999999999996,0.1294,0.0004128746301369862,0.14679999999999999,0.0017712526027397256,0.16690000000000002,0.007097456794520549,0.1863,0.017686658465753426,0.2076,0.043097760000000006
2013-01-03,5,0,True,0.0,0.0227038,117.93,-1.7930000000000006,0.133,0.0004361671232876713,0.1456,0.0017424131506849315,0.1674,0.007140045698630137,0.18489999999999998,0.017421835232876708,0.2078,0.043180840000000005
2013-01-04,5,0,True,0.0,0.021537368571428576,115.53,-1.5530000000000002,0.1162,0.00033293687671232875,0.1383,0.0015720731506849315,0.1634,0.0068029015890410955,0.18170000000000003,0.016824026136986307,0.2047,0.041902089999999996
2013-01-07,5,0,True,0.0,0.021005152857142852,116.78,-1.6780000000000002,0.1199,0.0003544769589041096,0.1379,0.0015629926027397258,0.16449999999999998,0.006894803424657533,0.1825,0.016972499999999998,0.2071,0.042890410000000004
2013-01-08,5,0,True,0.0,0.020573588571428568,118.15,-1.8150000000000006,0.1176,0.00034100778082191775,0.1362,0.0015246936986301367,0.16449999999999998,0.006894803424657533,0.1825,0.016972499999999998,0.2077,0.04313929
2013-01-09,5,0,True,0.0,0.0214783,117.89,-1.7890000000000001,0.11599999999999999,0.0003317917808219177,0.1381,0.0015675295890410956,0.165,0.006936780821917809,0.18359999999999999,0.017177716602739725,0.20829999999999999,0.04338888999999999
2013-01-10,5,0,True,0.0,0.020649918571428567,118.53,-1.8530000000000002,0.1117,0.0003076493424657534,0.1349,0.001495726849315068,0.1612,0.006620947726027398,0.1797,0.016455695178082194,0.2048,0.04194304
2013-01-11,5,0,True,0.0,0.020103297142857142,119.14,-1.9140000000000001,0.11220000000000001,0.00031040975342465756,0.1336,0.001467037808219178,0.16010000000000002,0.006530895698630139,0.1789,0.016309504273972604,0.203,0.041209
2013-01-14,5,0,True,0.0,0.019786235714285706,117.19,-1.7189999999999999,0.1215,0.0003640006849315068,0.1352,0.001502386849315068,0.1629,0.006761331863013698,0.1805,0.016602538356164383,0.20379999999999998,0.04153443999999999
2013-01-15,5,0,True,0.0,0.020005964285714287,120.9,-2.0900000000000007,0.12050000000000001,0.00035803356164383567,0.1355,0.0015090616438356165,0.16329999999999997,0.0067945774520547925,0.1802,0.016547395726027397,0.2034,0.04137156
2013-01-16,5,0,True,0.0,0.01973024714285714,120.13,-2.0129999999999995,0.1183,0.0003450794794520548,0.13419999999999999,0.0014802443835616435,0.1624,0.006719889534246575,0.1796,0.01643738564383562,0.20309999999999997,0.04124960999999999
2013-01-17,5,0,True,0.0,0.01972732428571429,120.53,-2.053,0.12390000000000001,0.0003785229863013699,0.13570000000000002,0.0015135197260273976,0.16079999999999997,0.00658813019178082,0.1776,0.016073335232876716,0.2003,0.040120090000000004
2013-01-18,5,0,True,0.0,0.017086942857142857,124.79,-2.4790000000000005,0.109,0.0002929561643835616,0.1246,0.0012760405479452055,0.15289999999999998,0.0059566907671232865,0.1721,0.015093217150684932,0.19699999999999998,0.03880899999999999
2013-01-22,5,0,True,0.0,0.016686524285714283,126.73,-2.6730000000000005,0.1121,0.00030985668493150687,0.1243,0.0012699032876712327,0.1472,0.0055208469041095895,0.166,0.014042235616438359,0.1906,0.03632836
2013-01-23,5,0,True,0.0,0.016955302857142855,126.58,-2.658,0.1104,0.00030052997260273973,0.1246,0.0012760405479452055,0.145,0.005357054794520547,0.16269999999999998,0.013489479287671231,0.1866,0.03481955999999999
2013-01-24,5,0,True,0.0,0.017705682857142857,125.47,-2.5469999999999997,0.1112,0.00030490126027397257,0.12689999999999999,0.0013235843835616436,0.1467,0.005483404849315069,0.1646,0.013806377424657533,0.1881,0.035381609999999994
2013-01-25,5,0,True,0.0,0.017939290000000004,124.71,-2.470999999999999,0.11630000000000001,0.00033351016438356175,0.12890000000000001,0.0013656336986301372,0.1466,0.005475931726027399,0.1635,0.013622461643835617,0.18739999999999998,0.03511875999999999
2013-01-28,5,0,True,0.0,0.019052410000000006,122.95,-2.2950000000000004,0.1301,0.00041735367123287665,0.13570000000000002,0.0015135197260273976,0.1507,0.005786508410958904,0.165,0.013873561643835618,0.1873,0.03508129
2013-01-29,5,0,True,0.0,0.017885774285714282,123.95,-2.3950000000000005,0.1316,0.0004270329863013699,0.1331,0.0014560775342465752,0.1474,0.005535859397260275,0.16269999999999998,0.013489479287671231,0.184,0.033856
2013-01-30,5,0,True,0.0,0.020604159999999996,121.92,-2.192,0.1424,0.0004999995616438356,0.1432,0.0016854443835616435,0.1542,0.006058412383561645,0.1684,0.014451211397260274,0.18760000000000002,0.035193760000000004
2013-01-31,5,0,True,0.0,0.020695161428571425,121.64,-2.164,0.14029999999999998,0.0004853611232876711,0.14279999999999998,0.001676041643835616,0.1555,0.006160995205479453,0.1725,0.015163458904109587,0.1902,0.03617604
2013-02-01,5,0,True,0.0,0.018727607142857143,122.55,-2.255,0.1085,0.00029027465753424654,0.129,0.0013677534246575342,0.1479,0.005573479808219178,0.165,0.013873561643835618,0.18600000000000003,0.03459600000000001
2013-02-04,5,0,True,0.0,0.02204145,122.6,-2.2599999999999993,0.1425,0.0005007020547945205,0.1467,0.0017688402739726027,0.15789999999999998,0.006352641452054794,0.1723,0.015128317643835617,0.1925,0.03705625
2013-02-05,5,0,True,0.0,0.019891411428571436,123.22,-2.322,0.1278,0.0004027275616438356,0.13720000000000002,0.0015471649315068497,0.153,0.005964484931506849,0.1681,0.014399768383561645,0.1893,0.03583449
2013-02-06,5,0,True,0.0,0.019477088571428568,122.45,-2.245,0.1204,0.00035743956164383553,0.1341,0.0014780391780821916,0.1514,0.005840389808219179,0.1677,0.014331320383561642,0.1888,0.03564544
2013-02-07,5,0,True,0.0,0.019833390000000003,125.35,-2.5349999999999993,0.12029999999999999,0.0003568460547945205,0.135,0.0014979452054794521,0.1519,0.005879029397260274,0.16829999999999998,0.014434053534246571,0.18960000000000002,0.03594816000000001
2013-02-08,5,0,True,0.0,0.01866701142857142,125.67,-2.567,0.11380000000000001,0.0003193259178082192,0.13019999999999998,0.001393318356164383,0.14800000000000002,0.0055810191780821935,0.16449999999999998,0.013789606849315066,0.18739999999999998,0.03511875999999999
2013-02-11,5,0,True,0.0,0.017892245714285708,125.53,-2.553,0.1186,0.00034683189041095886,0.1294,0.0013762487671232873,0.14679999999999999,0.00549088306849315,0.16390000000000002,0.013689197424657537,0.1868,0.03489424
2013-02-12,5,0,True,0.0,0.017591264285714284,126.12,-2.6120000000000005,0.1105,0.0003010746575342466,0.1264,0.001313174794520548,0.14529999999999998,0.005379244849315068,0.1618,0.013340653808219178,0.1852,0.03429904
2013-02-13,5,0,True,0.0,0.018797709999999995,126.68,-2.6680000000000006,0.1109,0.00030325832876712327,0.1298,0.0013847704109589039,0.1463,0.00545354293150685,0.1635,0.013622461643835617,0.18510000000000001,0.03426201
2013-02-14,5,0,True,0.0,0.017888395714285705,127.19,-2.719,0.1081,0.0002881383287671233,0.1266,0.0013173336986301366,0.14429999999999998,0.005305456356164383,0.1616,0.013307693589041096,0.1845,0.03404025
2013-02-15,5,0,True,0.0,0.017189195714285715,130.46,-3.0460000000000007,0.1079,0.0002870731232876712,0.1246,0.0012760405479452055,0.1426,0.0051811854246575344,0.1612,0.013241895452054796,0.18460000000000001,0.03407716
2013-02-19,5,0,True,0.0,0.01604894714285714,130.15,-3.0150000000000006,0.1143,0.0003221381095890411,0.1231,0.0012455021917808218,0.1399,0.004986840904109589,0.1583,0.012769735726027397,0.1822,0.03319684
2013-02-20,5,0,True,0.0,0.020674788571428567,124.47,-2.447,0.1536,0.0005817442191780821,0.14679999999999999,0.0017712526027397256,0.15410000000000001,0.006050557068493152,0.16820000000000002,0.014416905863013701,0.1906,0.03632836
2013-02-21,5,0,True,0.0,0.022107481428571423,122.58,-2.258,0.16010000000000002,0.0006320221643835618,0.1522,0.0019039594520547944,0.15710000000000002,0.006288433232876714,0.1705,0.014813880821917811,0.192,0.036864
2013-02-22,5,0,True,0.0,0.01957371142857142,125.37,-2.5370000000000004,0.1458,0.00052416098630137,0.1417,0.001650319726027397,0.14980000000000002,0.005717599232876714,0.1653,0.01392405682191781,0.18780000000000002,0.03526884000000001
2013-02-25,5,0,True,0.0,0.03033786,121.5,-2.15,0.2187,0.0011793622191780821,0.18989999999999999,0.0029640008219178073,0.1794,0.008200398575342466,0.1861,0.017648704273972603,0.20170000000000002,0.040682890000000006
2013-02-26,5,0,True,0.0,0.02660075285714287,122.92,-2.2920000000000003,0.18109999999999998,0.0008086983287671231,0.16870000000000002,0.0023391526027397263,0.1725,0.0075817294520547935,0.1816,0.01680551276712329,0.19899999999999998,0.03960099999999999
2013-02-27,5,0,True,0.0,0.021468638571428573,124.96,-2.4959999999999996,0.1491,0.0005481569589041097,0.14730000000000001,0.0017833389041095893,0.1566,0.006248468712328766,0.1703,0.014779147232876714,0.1911,0.036519209999999996
2013-02-28,5,0,True,0.0,0.023408009999999993,126.86,-2.686,0.15990000000000001,0.0006304440821917809,0.1551,0.0019772063013698627,0.1618,0.006670326904109589,0.174,0.015428317808219178,0.1934,0.037403559999999995
2013-03-01,5,0,True,0.0,0.024631264285714275,128.19,-2.819,0.14550000000000002,0.0005220061643835618,0.1536,0.0019391473972602735,0.1629,0.006761331863013698,0.1751,0.015624005095890412,0.1943,0.03775249
2013-03-04,5,0,True,0.0,0.020874947142857148,128.65,-2.8650000000000007,0.1293,0.00041223673972602736,0.1401,0.001613261095890411,0.1542,0.006058412383561645,0.16920000000000002,0.014588841205479456,0.1905,0.03629025
2013-03-05,5,0,True,0.0,0.019219274285714284,126.62,-2.6620000000000004,0.12539999999999998,0.0003877436712328766,0.1348,0.0014935101369863012,0.1495,0.0056947212328767125,0.1654,0.01394090893150685,0.18760000000000002,0.035193760000000004
2013-03-06,5,0,True,0.0,0.019751768571428574,124.73,-2.4730000000000003,0.1222,0.00036820701369863013,0.1353,0.0015046101369863014,0.1503,0.005755831150684931,0.1654,0.01394090893150685,0.18780000000000002,0.03526884000000001
2013-03-07,5,0,True,0.0,0.018509538571428567,125.28,-2.528,0.11689999999999999,0.0003369602465753424,0.1306,0.0014018926027397258,0.1474,0.005535859397260275,0.1638,0.013672498191780822,0.1858,0.03452164
2013-03-08,5,0,True,0.0,0.017672890000000007,124.46,-2.4459999999999993,0.10769999999999999,0.0002860098904109589,0.1259,0.0013028063013698632,0.1452,0.00537184306849315,0.162,0.013373654794520549,0.1857,0.03448449
2013-03-11,5,0,True,0.0,0.013666407142857143,125.21,-2.5209999999999995,0.1125,0.0003120719178082192,0.11560000000000001,0.0010983583561643836,0.14300000000000002,0.005210293150684933,0.1594,0.012947821808219176,0.18289999999999998,0.033452409999999995
2013-03-12,5,0,True,0.0,0.014832539999999995,128.66,-2.8659999999999997,0.12480000000000001,0.00038404208219178085,0.12269999999999999,0.0012374210958904107,0.1458,0.0054163301917808234,0.1612,0.013241895452054796,0.1843,0.033966489999999995
2013-03-13,5,0,True,0.0,0.014403425714285717,127.13,-2.7129999999999996,0.1142,0.0003215746849315068,0.1183,0.0011502649315068493,0.1451,0.005364446383561644,0.16210000000000002,0.01339017057534247,0.1856,0.034447359999999996
2013-03-14,5,0,True,0.0,0.01298001142857143,128.96,-2.896000000000001,0.1108,0.0003027116712328767,0.113,0.0010495068493150685,0.141,0.005065569863013698,0.15810000000000002,0.012737488931506852,0.1822,0.03319684
2013-03-15,5,0,True,0.0,0.013516428571428573,129.12,-2.9120000000000004,0.105,0.0002718493150684931,0.113,0.0010495068493150685,0.1426,0.0051811854246575344,0.161,0.013209057534246577,0.1861,0.03463321
2013-03-18,5,0,True,0.0,0.017734017142857144,126.17,-2.617,0.1346,0.0004467244931506849,0.1336,0.001467037808219178,0.1539,0.006034861726027398,0.1691,0.014571601808219179,0.1863,0.03470769
2013-03-19,5,0,True,0.0,0.02014348857142857,127.08,-2.7079999999999997,0.1484,0.0005430220273972602,0.1439,0.0017019624657534245,0.15710000000000002,0.006288433232876714,0.172,0.01507568219178082,0.1888,0.03564544
2013-03-20,5,0,True,0.0,0.014947449999999998,123.73,-2.373,0.1365,0.00045942534246575347,0.1267,0.001319415616438356,0.1493,0.0056794947123287665,0.16620000000000001,0.01407609271232877,0.1855,0.034410249999999996
2013-03-21,5,0,True,0.0,0.016974867142857133,121.69,-2.1689999999999996,0.16010000000000002,0.0006320221643835618,0.1399,0.0016086583561643831,0.1553,0.006145157178082191,0.17120000000000002,0.014935769424657538,0.1898,0.03602404
2013-03-22,5,0,True,0.0,0.01636557571428572,122.18,-2.218000000000001,0.1523,0.0005719386575342465,0.13570000000000002,0.0015135197260273976,0.15259999999999999,0.005933338849315068,0.1696,0.014657900712328769,0.1881,0.035381609999999994
2013-03-25,5,0,True,0.0,0.018303582857142852,122.03,-2.2030000000000003,0.1422,0.0004985960547945205,0.1374,0.0015516789041095888,0.153,0.005964484931506849,0.17010000000000003,0.01474445441095891,0.18899999999999997,0.03572099999999999
2013-03-26,5,0,True,0.0,0.017379164285714288,122.47,-2.247,0.1175,0.00034042808219178077,0.1277,0.001340325205479452,0.1475,0.005543373287671232,0.1659,0.014025322356164382,0.1868,0.03489424
2013-03-27,5,0,True,0.0,0.018229895714285717,121.99,-2.1989999999999994,0.1229,0.000372437506849315,0.1315,0.0014212808219178084,0.1493,0.0056794947123287665,0.16760000000000003,0.014314233863013703,0.18899999999999997,0.03572099999999999
2013-03-28,5,0,True,0.0,0.017827390000000002,122.93,-2.2930000000000006,0.1103,0.00029998578082191777,0.127,0.0013256712328767123,0.1464,0.005461000767123288,0.1661,0.01405915906849315,0.1867,0.03485689
2013-04-01,5,0,True,0.0,0.01913573285714286,121.21,-2.1209999999999996,0.1297,0.00041479126027397264,0.1358,0.0015157512328767123,0.1528,0.005948901698630137,0.1703,0.014779147232876714,0.1913,0.03659569
2013-04-02,5,0,True,0.0,0.01754586857142857,122.84,-2.2840000000000003,0.1162,0.00033293687671232875,0.1278,0.0013424252054794518,0.1471,0.005513348301369864,0.1659,0.014025322356164382,0.1888,0.03564544
2013-04-03,5,0,True,0.0,0.020082442857142852,120.92,-2.092,0.14300000000000002,0.0005042219178082193,0.1421,0.0016596501369863014,0.1549,0.006113542273972604,0.1714,0.014970686465753424,0.1928,0.03717184
2013-04-04,5,0,True,0.0,0.019611539999999997,120.79,-2.0790000000000006,0.1362,0.00045740810958904104,0.1389,0.0015857432876712327,0.153,0.005964484931506849,0.17,0.014727123287671236,0.19469999999999998,0.03790808999999999
2013-04-05,5,0,True,0.0,0.019765709999999992,118.34,-1.8340000000000003,0.1359,0.0004553953150684931,0.1392,0.001592600547945205,0.15380000000000002,0.006027021698630139,0.1718,0.01504064284931507,0.1954,0.03818116
2013-04-08,5,0,True,0.0,0.01744276428571428,119.21,-1.9209999999999994,0.1315,0.00042638424657534253,0.1319,0.0014299405479452053,0.1471,0.005513348301369864,0.16690000000000002,0.014194913589041099,0.1918,0.03678724
2013-04-09,5,0,True,0.0,0.016941239999999993,118.63,-1.8629999999999995,0.1242,0.00038035824657534247,0.1284,0.0013550597260273969,0.1446,0.005327539397260275,0.165,0.013873561643835618,0.19039999999999999,0.03625215999999999
2013-04-10,5,0,True,0.0,0.01618590428571428,118.34,-1.8340000000000003,0.11470000000000001,0.00032439673972602746,0.12359999999999999,0.0012556405479452052,0.1412,0.005079950465753424,0.16140000000000002,0.013274774136986304,0.1868,0.03489424
2013-04-11,5,0,True,0.0,0.01616955,117.24,-1.7239999999999995,0.1105,0.0003010746575342466,0.12240000000000001,0.0012313775342465754,0.1417,0.005115991150684931,0.1617,0.013324168602739727,0.18539999999999998,0.03437315999999999
2013-04-12,5,0,True,0.0,0.015237218571428571,117.84,-1.7840000000000003,0.1137,0.00031876495890410957,0.1206,0.0011954268493150684,0.1402,0.005008251287671232,0.16149999999999998,0.013291228767123284,0.1855,0.034410249999999996
2013-04-15,5,0,True,0.0,0.024296889999999988,119.92,-1.9920000000000002,0.20670000000000002,0.0010534904383561645,0.1727,0.0024513936986301364,0.1703,0.007389573616438357,0.1843,0.017308951068493148,0.19829999999999998,0.03932288999999999
2013-04-16,5,0,True,0.0,0.018941024285714283,124.1,-2.4099999999999993,0.1441,0.0005120090136986301,0.1396,0.0016017665753424656,0.151,0.005809569863013698,0.1672,0.014245989698630135,0.1882,0.035419240000000005
2013-04-17,5,0,True,0.0,0.02384089000000001,120.7,-2.0700000000000003,0.1877,0.0008687167397260275,0.16510000000000002,0.0022403843835616445,0.1693,0.007303045397260274,0.1816,0.01680551276712329,0.2005,0.04020025000000001
2013-04-18,5,0,True,0.0,0.02808665714285713,121.28,-2.128,0.193,0.000918468493150685,0.17559999999999998,0.002534413150684931,0.1752,0.007820928,0.1865,0.017724653424657535,0.204,0.04161599999999999
2013-04-19,5,0,True,0.0,0.022047449999999996,122.61,-2.261,0.1525,0.0005734417808219178,0.1497,0.001841925205479452,0.1617,0.0066620843013698635,0.17920000000000003,0.01636424942465754,0.1986,0.03944196
2013-04-22,5,0,True,0.0,0.020130764285714284,120.52,-2.0519999999999996,0.1485,0.0005437541095890411,0.1439,0.0017019624657534245,0.1566,0.006248468712328766,0.174,0.015428317808219178,0.1961,0.03845521
2013-04-23,5,0,True,0.0,0.018615138571428567,121.56,-2.156,0.1309,0.00042250216438356156,0.1348,0.0014935101369863012,0.1483,0.005603667863013698,0.1666,0.014143929205479452,0.18989999999999999,0.03606200999999999
2013-04-24,5,0,True,0.0,0.018857911428571423,119.84,-1.9840000000000004,0.1332,0.00043747989041095894,0.1361,0.001522455616438356,0.1497,0.005709968136986302,0.1671,0.014228954136986301,0.18960000000000002,0.03594816000000001
2013-04-25,5,0,True,0.0,0.019257771428571425,119.83,-1.9829999999999999,0.13,0.0004167123287671233,0.1362,0.0015246936986301367,0.1496,0.0057023421369863025,0.16579999999999998,0.01400841928767123,0.1877,0.035231290000000005
2013-04-26,5,0,True,0.0,0.019385049999999997,118.86,-1.886,0.1285,0.00040715136986301366,0.1361,0.001522455616438356,0.1489,0.005649102821917809,0.1654,0.01394090893150685,0.18489999999999998,0.03418800999999999
2013-04-29,5,0,True,0.0,0.019041299999999997,118.85,-1.8849999999999993,0.135,0.00044938356164383564,0.1371,0.0015449104109589039,0.1492,0.0056718890958904105,0.16570000000000001,0.013991526410958906,0.1852,0.03429904
2013-04-30,5,0,True,0.0,0.018451904285714277,119.05,-1.9049999999999998,0.13369999999999999,0.0004407704383561643,0.1352,0.001502386849315068,0.1478,0.005565945534246575,0.1648,0.013839949150684934,0.1844,0.03400336
2013-05-01,5,0,True,0.0,0.020312832857142856,118.05,-1.8049999999999997,0.1503,0.0005570159178082191,0.1449,0.0017256994520547944,0.1561,0.0062086315890410955,0.16949999999999998,0.014640620547945203,0.1886,0.03556996
2013-05-02,5,0,True,0.0,0.019107689999999997,117.95,-1.7950000000000004,0.1303,0.00041863783561643837,0.1359,0.0015179843835616436,0.1487,0.005633937452054795,0.1655,0.013957771232876713,0.1862,0.034670440000000004
2013-05-03,5,0,True,0.0,0.017742254285714285,118.18,-1.8180000000000007,0.1168,0.000336384,0.1285,0.0013571712328767122,0.1445,0.005320173287671232,0.16219999999999998,0.013406696547945202,0.183,0.033489
2013-05-06,5,0,True,0.0,0.017089817142857136,116.93,-1.6930000000000007,0.1164,0.00033408394520547947,0.1266,0.0013173336986301366,0.1431,0.005217582821917808,0.1604,0.013110788383561642,0.1825,0.033306249999999996
2013-05-07,5,0,True,0.0,0.01761871857142857,119.76,-1.9760000000000004,0.1173,0.00033927016438356164,0.1283,0.0013529498630136985,0.1435,0.005246792465753424,0.1612,0.013241895452054796,0.1825,0.033306249999999996
2013-05-08,5,0,True,0.0,0.01745310428571428,117.35,-1.7349999999999994,0.1127,0.0003131824931506849,0.1266,0.0013173336986301366,0.14400000000000002,0.005283419178082193,0.1612,0.013241895452054796,0.1816,0.032978560000000004
2013-05-09,5,0,True,0.0,0.01848751857142857,119.08,-1.908,0.1197,0.0003532953698630137,0.1313,0.001416960821917808,0.1481,0.005588563643835617,0.16519999999999999,0.013907214904109587,0.1859,0.03455881
2013-05-10,5,0,True,0.0,0.017315907142857148,117.97,-1.797,0.1115,0.0003065486301369863,0.1259,0.0013028063013698632,0.1471,0.005513348301369864,0.1655,0.013957771232876713,0.1864,0.034744960000000005
2013-05-13,5,0,True,0.0,0.015168082857142854,119.16,-1.9159999999999997,0.1308,0.0004218568767123288,0.1255,0.0012945410958904108,0.1505,0.005771159589041095,0.1686,0.014485557698630138,0.1881,0.035381609999999994
2013-05-14,5,0,True,0.0,0.015680890000000003,116.16,-1.6159999999999997,0.1333,0.0004381370136986301,0.1277,0.001340325205479452,0.14980000000000002,0.005717599232876714,0.1675,0.014297157534246579,0.1889,0.03568321000000001
2013-05-15,5,0,True,0.0,0.015480432857142852,119.41,-1.9409999999999996,0.1363,0.0004580800273972603,0.1281,0.0013487350684931504,0.1505,0.005771159589041095,0.1693,0.014606090794520549,0.1907,0.03636649
2013-05-16,5,0,True,0.0,0.016856718571428578,121.22,-2.122,0.13269999999999998,0.0004342016712328766,0.1307,0.001404040273972603,0.1545,0.006082008904109589,0.1722,0.015110762301369861,0.1945,0.03783025
2013-05-17,5,0,True,0.0,0.015339214285714284,127.85,-2.7849999999999993,0.126,0.00039146301369863016,0.1245,0.0012739931506849315,0.1517,0.005863558273972603,0.1703,0.014779147232876714,0.1928,0.03717184
2013-05-20,5,0,True,0.0,0.016817502857142848,117.67,-1.7670000000000001,0.13140000000000002,0.00042573600000000007,0.13019999999999998,0.001393318356164383,0.1531,0.005972284191780823,0.1714,0.014970686465753424,0.1928,0.03717184
2013-05-21,5,0,True,0.0,0.017656402857142848,117.08,-1.7079999999999997,0.1356,0.00045338695890410956,0.13369999999999999,0.0014692347945205475,0.1578,0.006344597589041095,0.1751,0.015624005095890412,0.1945,0.03783025
2013-05-22,5,0,True,0.0,0.01882452142857142,117.16,-1.7159999999999997,0.1405,0.000486745890410959,0.1382,0.0015698005479452052,0.1582,0.006376803616438357,0.1752,0.015641856,0.1966,0.03865156
2013-05-23,5,0,True,0.0,0.019796489999999996,116.92,-1.6920000000000002,0.1407,0.0004881326301369862,0.1407,0.0016271087671232874,0.16,0.0065227397260273975,0.1772,0.016001014356164384,0.1979,0.03916441
2013-05-24,5,0,True,0.0,0.020503895714285708,118.17,-1.8170000000000002,0.1319,0.00042898216438356157,0.1399,0.0016086583561643831,0.1592,0.0064576753972602745,0.17620000000000002,0.0158209255890411,0.1981,0.03924361
2013-05-28,5,0,True,0.0,0.0195232,112.47,-1.2469999999999999,0.156,0.0006000657534246575,0.1448,0.0017233183561643837,0.15869999999999998,0.006417175808219176,0.1751,0.015624005095890412,0.1967,0.038690890000000006
2013-05-29,5,0,True,0.0,0.020773659999999996,116.2,-1.6200000000000003,0.1576,0.000612437917808219,0.1483,0.0018076347945205477,0.16149999999999998,0.006645614383561642,0.1771,0.015982959616438357,0.19879999999999998,0.03952143999999999
2013-05-30,5,0,True,0.0,0.020911724285714278,117.75,-1.775,0.1469,0.0005320999726027397,0.14529999999999998,0.0017352402739726023,0.16010000000000002,0.006530895698630139,0.1761,0.015802972767123287,0.19699999999999998,0.03880899999999999
2013-05-31,5,0,True,0.0,0.026003285714285725,119.51,-1.9510000000000005,0.16699999999999998,0.0006876739726027395,0.163,0.0021837534246575345,0.17129999999999998,0.007476611424657532,0.1841,0.017271404547945207,0.2034,0.04137156
2013-06-03,5,0,True,0.0,0.02512473142857143,119.16,-1.9159999999999997,0.1724,0.0007328653150684931,0.1628,0.002178397808219178,0.1722,0.007555381150684931,0.1845,0.017346538356164384,0.2051,0.04206601
2013-06-04,5,0,True,0.0,0.025590181428571425,116.87,-1.6870000000000005,0.1689,0.0007034106575342465,0.16269999999999998,0.0021757224657534243,0.1726,0.007590522410958904,0.1858,0.017591849424657535,0.20550000000000002,0.042230250000000004
2013-06-05,5,0,True,0.0,0.029018645714285706,116.57,-1.6569999999999994,0.18539999999999998,0.0008475573698630135,0.175,0.0025171232876712323,0.18,0.008255342465753424,0.1912,0.01862927079452055,0.2096,0.043932160000000005
2013-06-06,5,0,True,0.0,0.026755449999999997,117.64,-1.764,0.1725,0.0007337157534246574,0.1663,0.002273070410958904,0.17550000000000002,0.007847734931506851,0.188,0.01801091506849315,0.2075,0.04305625
2013-06-07,5,0,True,0.0,0.024091767142857146,116.2,-1.6200000000000003,0.1421,0.0004978950410958904,0.1514,0.0018839967123287671,0.1672,0.007122994849315068,0.1827,0.017009720383561643,0.2027,0.04108729
2013-06-10,5,0,True,0.0,0.02420655999999999,116.2,-1.6200000000000003,0.1516,0.0005666932602739727,0.15439999999999998,0.001959399452054794,0.1673,0.0071315177260273975,0.1816,0.01680551276712329,0.2034,0.04137156
2013-06-11,5,0,True,0.0,0.02854637571428571,116.98,-1.6980000000000004,0.1747,0.0007525501643835615,0.1707,0.0023949443835616434,0.1791,0.008172995424657535,0.1912,0.01862927079452055,0.2133,0.04549689
2013-06-12,5,0,True,0.0,0.033735014285714286,115.56,-1.5560000000000003,0.191,0.0008995315068493151,0.1859,0.002840450136986301,0.1907,0.009265982383561645,0.1997,0.020322456821917804,0.2164,0.04682896
2013-06-13,5,0,True,0.0,0.02801325428571428,117.28,-1.7280000000000002,0.1562,0.0006016053698630137,0.1641,0.002213326849315068,0.1783,0.008100144575342465,0.19149999999999998,0.01868777671232876,0.212,0.044944
2013-06-14,5,0,True,0.0,0.02977707142857142,116.29,-1.6290000000000007,0.16899999999999998,0.0007042438356164383,0.17149999999999999,0.0024174452054794514,0.183,0.008532813698630137,0.1946,0.01929770893150685,0.21170000000000003,0.04481689000000001
2013-06-17,5,0,True,0.0,0.027582102857142857,116.74,-1.6739999999999995,0.1724,0.0007328653150684931,0.168,0.002319780821917808,0.17989999999999998,0.008246172410958902,0.192,0.018785490410958904,0.20879999999999999,0.043597439999999994
2013-06-18,5,0,True,0.0,0.02610753999999999,118.7,-1.8700000000000003,0.17620000000000002,0.0007655286575342468,0.1661,0.002267606301369863,0.1775,0.008027619863013698,0.1894,0.01828016153424658,0.2078,0.043180840000000005
2013-06-19,5,0,True,0.0,0.026250039999999995,117.84,-1.7840000000000003,0.17620000000000002,0.0007655286575342468,0.1664,0.0022758049315068493,0.1778,0.008054778410958904,0.1902,0.018434913534246575,0.2064,0.04260096
2013-06-20,5,0,True,0.0,0.03651029999999998,117.52,-1.7519999999999996,0.23399999999999999,0.0013501479452054793,0.20489999999999997,0.0034507405479452043,0.2034,0.010541246794520549,0.20679999999999998,0.02179320723287671,0.2202,0.04848804
2013-06-21,5,0,True,0.0,0.032913702857142846,117.36,-1.736,0.20559999999999998,0.0010423075068493148,0.18899999999999997,0.002935972602739725,0.1949,0.009678627205479452,0.2021,0.020813863726027396,0.217,0.047089
2013-06-24,5,0,True,0.0,0.036422482857142856,116.08,-1.6079999999999999,0.2232,0.0012283949589041098,0.2011,0.0033239350684931505,0.2073,0.01094935882191781,0.2132,0.023162982575342467,0.2245,0.05040025
2013-06-25,5,0,True,0.0,0.03329553999999999,115.23,-1.5230000000000004,0.1898,0.0008882639999999999,0.18469999999999998,0.0028038978082191774,0.1967,0.00985822676712329,0.2071,0.021856482904109593,0.22089999999999999,0.048796809999999996
2013-06-26,5,0,True,0.0,0.029897140000000003,115.81,-1.5810000000000002,0.1702,0.0007142804383561643,0.1721,0.0024343898630136986,0.1882,0.009024628273972605,0.2011,0.020608397424657535,0.2168,0.047002239999999994
2013-06-27,5,0,True,0.0,0.029499514285714287,116.01,-1.6010000000000004,0.161,0.0006391479452054795,0.1686,0.0023363802739726027,0.1856,0.008776998575342466,0.1998,0.02034281490410959,0.215,0.046224999999999995
2013-06-28,5,0,True,0.0,0.029664497142857144,116.53,-1.653,0.1598,0.0006296557808219178,0.1686,0.0023363802739726027,0.1839,0.008616949397260276,0.1979,0.019957754136986302,0.20670000000000002,0.04272489000000001
2013-07-01,5,0,True,0.0,0.027214775714285714,114.85,-1.4849999999999994,0.1607,0.0006367682465753425,0.1637,0.0022025498630136985,0.17920000000000003,0.00818212471232877,0.19390000000000002,0.019159126191780826,0.2116,0.044774560000000005
2013-07-02,5,0,True,0.0,0.028234217142857152,115.22,-1.5219999999999998,0.15560000000000002,0.0005969924383561645,0.16440000000000002,0.002221426849315069,0.1802,0.008273697863013699,0.19390000000000002,0.019159126191780826,0.21359999999999998,0.04562495999999999
2013-07-03,5,0,True,0.0,0.02660213142857143,113.13,-1.3129999999999995,0.1594,0.0006265075068493149,0.162,0.002157041095890411,0.17809999999999998,0.008081982821917808,0.1918,0.018746374356164382,0.2101,0.04414201
2013-07-05,5,0,True,0.0,0.024340882857142854,117.12,-1.7120000000000004,0.1308,0.0004218568767123288,0.1489,0.0018222912328767122,0.16879999999999998,0.007259972383561642,0.1848,0.017402995726027395,0.2051,0.04206601
2013-07-08,5,0,True,0.0,0.022540839999999996,117.13,-1.7129999999999996,0.1422,0.0004985960547945205,0.1478,0.0017954663013698628,0.1641,0.006861313232876712,0.1804,0.016584147287671235,0.2026,0.04104676
2013-07-09,5,0,True,0.0,0.02166453571428571,115.19,-1.5189999999999997,0.13449999999999998,0.00044606095890410946,0.1435,0.0016925136986301365,0.1591,0.006449565287671232,0.17550000000000002,0.015695469863013702,0.19899999999999998,0.03960099999999999
2013-07-10,5,0,True,0.0,0.021024010000000003,117.08,-1.7079999999999997,0.1351,0.0004500495616438356,0.1421,0.0016596501369863014,0.1577,0.006336558821917809,0.1748,0.015570513534246579,0.1979,0.03916441
2013-07-11,5,0,True,0.0,0.020752517142857148,115.53,-1.5530000000000002,0.1304,0.0004192806575342465,0.1401,0.001613261095890411,0.155,0.006121438356164384,0.1729,0.015233863726027398,0.19440000000000002,0.03779136000000001
2013-07-12,5,0,True,0.0,0.020848132857142855,113.27,-1.3269999999999995,0.1233,0.00037486578082191786,0.1384,0.0015743473972602738,0.1565,0.006240491095890411,0.1736,0.015357464547945206,0.1959,0.03837681
2013-07-15,5,0,True,0.0,0.019867621428571427,114.42,-1.4420000000000002,0.1305,0.0004199239726027397,0.1379,0.0015629926027397258,0.1562,0.0062165888219178084,0.1726,0.015181044821917808,0.1946,0.03786916
2013-07-16,5,0,True,0.0,0.021755011428571426,115.26,-1.5260000000000005,0.1362,0.00045740810958904104,0.1442,0.0017090663013698628,0.16010000000000002,0.006530895698630139,0.17579999999999998,0.015749175452054794,0.19690000000000002,0.03876961000000001
2013-07-17,5,0,True,0.0,0.020355275714285713,115.27,-1.5269999999999997,0.1257,0.00038960112328767125,0.1378,0.0015607265753424656,0.15560000000000002,0.0061689218630137,0.1725,0.015163458904109587,0.1943,0.03775249
2013-07-18,5,0,True,0.0,0.020412539999999993,115.58,-1.5579999999999998,0.12480000000000001,0.00038404208219178085,0.1377,0.0015584621917808217,0.15560000000000002,0.0061689218630137,0.1725,0.015163458904109587,0.1943,0.03775249
2013-07-19,5,0,True,0.0,0.01668770999999999,113.07,-1.3069999999999993,0.1161,0.00033236408219178076,0.12539999999999998,0.0012924789041095885,0.15039999999999998,0.005763492821917807,0.1709,0.014883470301369864,0.193,0.037249000000000004
2013-07-22,5,0,True,0.0,0.015620409999999998,112.9,-1.2900000000000005,0.11789999999999999,0.0003427498356164383,0.1229,0.0012414583561643833,0.1469,0.0054983663835616444,0.16820000000000002,0.014416905863013701,0.1906,0.03632836
2013-07-23,5,0,True,0.0,0.016114097142857137,113.14,-1.314,0.1258,0.00039022126027397257,0.1266,0.0013173336986301366,0.14880000000000002,0.0056415175890410976,0.1693,0.014606090794520549,0.1929,0.03721040999999999
2013-07-24,5,0,True,0.0,0.017427618571428573,118.72,-1.8719999999999999,0.1313,0.0004250882465753424,0.1318,0.0014277731506849313,0.1519,0.005879029397260274,0.1723,0.015128317643835617,0.195,0.038025
2013-07-25,5,0,True,0.0,0.016987882857142856,117.85,-1.7849999999999995,0.1282,0.000405252493150685,0.1297,0.0013826375342465753,0.15,0.005732876712328767,0.1703,0.014779147232876714,0.1953,0.038142090000000003
2013-07-26,5,0,True,0.0,0.016973447142857142,118.23,-1.8230000000000004,0.1197,0.0003532953698630137,0.1272,0.0013298498630136986,0.14800000000000002,0.0055810191780821935,0.16870000000000002,0.014502746136986305,0.19190000000000002,0.03682561000000001
2013-07-29,5,0,True,0.0,0.01811174714285715,118.93,-1.8930000000000007,0.1323,0.00043158797260273976,0.13390000000000002,0.0014736336986301373,0.15109999999999998,0.00581726720547945,0.1721,0.015093217150684932,0.19399999999999998,0.03763599999999999
2013-07-30,5,0,True,0.0,0.017767690000000006,119.39,-1.939,0.1353,0.0004513830410958904,0.13390000000000002,0.0014736336986301373,0.14980000000000002,0.005717599232876714,0.17010000000000003,0.01474445441095891,0.1929,0.03721040999999999
2013-07-31,5,0,True,0.0,0.018227975714285707,117.85,-1.7849999999999995,0.1333,0.0004381370136986301,0.13449999999999998,0.001486869863013698,0.1492,0.0056718890958904105,0.1681,0.014399768383561645,0.192,0.036864
2013-08-01,5,0,True,0.0,0.01748926428571428,115.06,-1.5060000000000002,0.1225,0.0003700171232876712,0.1294,0.0013762487671232873,0.14550000000000002,0.005394063698630138,0.16399999999999998,0.013705906849315065,0.1891,0.035758809999999995
2013-08-02,5,0,True,0.0,0.016044057142857143,116.89,-1.689,0.102,0.0002565369863013698,0.1198,0.0011796197260273973,0.14029999999999998,0.0050153982739726015,0.1603,0.013094445863013698,0.1865,0.03478225
2013-08-05,5,0,True,0.0,0.015201995714285715,116.53,-1.653,0.1061,0.00027757504109589043,0.1184,0.0011522104109589041,0.1386,0.004894592547945206,0.159,0.012882920547945207,0.1856,0.034447359999999996
2013-08-06,5,0,True,0.0,0.01714662857142857,119.09,-1.9090000000000003,0.11800000000000001,0.0003433315068493151,0.1272,0.0013298498630136986,0.1456,0.005401480767123288,0.16449999999999998,0.013789606849315066,0.1885,0.03553225
2013-08-07,5,0,True,0.0,0.017948521428571423,118.31,-1.8310000000000002,0.1195,0.00035211575342465753,0.1298,0.0013847704109589039,0.1481,0.005588563643835617,0.1671,0.014228954136986301,0.1911,0.036519209999999996
2013-08-08,5,0,True,0.0,0.017462825714285715,118.47,-1.847,0.1152,0.00032723112328767123,0.1273,0.0013319416438356164,0.1467,0.005483404849315069,0.1649,0.01385675030136986,0.1891,0.035758809999999995
2013-08-09,5,0,True,0.0,0.01818831857142857,122.3,-2.2299999999999995,0.1323,0.00043158797260273976,0.1341,0.0014780391780821916,0.151,0.005809569863013698,0.1675,0.014297157534246579,0.1912,0.036557440000000004
2013-08-12,5,0,True,0.0,0.015421911428571423,115.44,-1.5439999999999998,0.1368,0.00046144701369863015,0.1281,0.0013487350684931504,0.1517,0.005863558273972603,0.16870000000000002,0.014502746136986305,0.1911,0.036519209999999996
2013-08-13,5,0,True,0.0,0.014768204285714284,115.81,-1.5810000000000002,0.1267,0.0003958246849315068,0.1231,0.0012455021917808218,0.14859999999999998,0.0056263624109589025,0.1663,0.014093036547945206,0.1905,0.03629025
2013-08-14,5,0,True,0.0,0.016733439999999995,119.33,-1.9329999999999998,0.1328,0.0004348563287671233,0.1304,0.0013976021917808217,0.1524,0.005917796383561645,0.16940000000000002,0.01462335057534247,0.1929,0.03721040999999999
2013-08-15,5,0,True,0.0,0.01942706142857143,115.82,-1.5819999999999994,0.1643,0.0006656175616438356,0.14730000000000001,0.0017833389041095893,0.1624,0.006719889534246575,0.1759,0.015767097698630137,0.1979,0.03916441
2013-08-16,5,0,True,0.0,0.01892223857142857,117.21,-1.7209999999999994,0.15710000000000002,0.0006085580547945207,0.1437,0.0016972347945205478,0.1594,0.006473910904109588,0.17379999999999998,0.015392870794520546,0.1973,0.03892729
2013-08-19,5,0,True,0.0,0.022289709999999994,118.15,-1.8150000000000006,0.1549,0.0005916331232876712,0.151,0.0018740547945205477,0.16399999999999998,0.006852953424657532,0.17679999999999998,0.0159288565479452,0.198,0.039204
2013-08-20,5,0,True,0.0,0.023031175714285722,118.07,-1.8069999999999993,0.1427,0.0005021085205479452,0.1491,0.0018271898630136988,0.1631,0.006777944465753425,0.17550000000000002,0.015695469863013702,0.1974,0.038966759999999996
2013-08-21,5,0,True,0.0,0.02638290999999999,117.17,-1.717,0.1521,0.0005704375068493151,0.1594,0.002088358356164383,0.1679,0.007182762,0.1791,0.01634599084931507,0.1981,0.03924361
2013-08-22,5,0,True,0.0,0.02389079571428571,119.21,-1.9209999999999994,0.12990000000000002,0.0004160714794520549,0.1476,0.001790610410958904,0.15990000000000001,0.0065145888493150705,0.17350000000000002,0.01533977671232877,0.1949,0.037986009999999994
2013-08-23,5,0,True,0.0,0.021932382857142857,120.13,-2.0129999999999995,0.1182,0.00034449632876712324,0.1398,0.0016063594520547946,0.1555,0.006160995205479453,0.17059999999999997,0.014831262904109585,0.1925,0.03705625
2013-08-26,5,0,True,0.0,0.023783804285714284,118.69,-1.8689999999999998,0.1393,0.00047846687671232886,0.1499,0.0018468501369863013,0.16210000000000002,0.006695085287671235,0.175,0.015606164383561643,0.195,0.038025
2013-08-27,5,0,True,0.0,0.02914977428571428,118.07,-1.8069999999999993,0.1604,0.0006343929863013698,0.1677,0.0023115032876712322,0.17679999999999998,0.0079644282739726,0.1869,0.017800765643835616,0.2047,0.041902089999999996
2013-08-28,5,0,True,0.0,0.028589118571428568,117.51,-1.7510000000000006,0.1547,0.0005901063287671233,0.1649,0.002234959726027397,0.17620000000000002,0.00791046279452055,0.18760000000000002,0.017934354410958905,0.20679999999999998,0.04276623999999999
2013-08-29,5,0,True,0.0,0.030190809999999995,117.21,-1.7209999999999994,0.15410000000000001,0.0005855377808219179,0.1681,0.0023225432876712326,0.179,0.008163871232876712,0.18960000000000002,0.018318788383561647,0.209,0.043681
2013-08-30,5,0,True,0.0,0.030540432857142873,117.48,-1.7480000000000004,0.15869999999999998,0.00062101701369863,0.17010000000000003,0.002378137808219179,0.1805,0.008301269178082191,0.1918,0.018746374356164382,0.2095,0.04389025
2013-09-03,5,0,True,0.0,0.028482832857142853,116.72,-1.672,0.1597,0.0006288679726027399,0.1661,0.002267606301369863,0.1764,0.00792843090410959,0.1875,0.017915239726027397,0.2072,0.04293184
2013-09-04,5,0,True,0.0,0.02728555428571428,116.97,-1.6969999999999998,0.14279999999999998,0.0005028124931506847,0.1588,0.0020726663013698626,0.17300000000000001,0.0076257452054794535,0.1841,0.017271404547945207,0.20550000000000002,0.042230250000000004
2013-09-05,5,0,True,0.0,0.026665368571428576,117.37,-1.7370000000000005,0.1438,0.0005098793424657534,0.1577,0.0020440512328767126,0.1714,0.007485343232876712,0.1838,0.017215161205479453,0.20629999999999998,0.04255968999999999
2013-09-06,5,0,True,0.0,0.02679100428571429,118.67,-1.8670000000000002,0.1457,0.0005234422191780822,0.1585,0.002064842465753425,0.17170000000000002,0.0075115692328767145,0.1834,0.01714031276712329,0.2053,0.042148090000000006
2013-09-09,5,0,True,0.0,0.025243838571428565,119.0,-1.9,0.1501,0.000555534493150685,0.1563,0.002007919726027397,0.16829999999999998,0.0072170267671232856,0.1795,0.016419086301369862,0.2022,0.04088484
2013-09-10,5,0,True,0.0,0.02252202142857142,119.94,-1.9939999999999998,0.1335,0.0004394527397260274,0.14529999999999998,0.0017352402739726023,0.1611,0.006612735698630136,0.17420000000000002,0.0154638055890411,0.1978,0.03912484
2013-09-11,5,0,True,0.0,0.02079022428571428,120.68,-2.0680000000000005,0.1231,0.00037365065753424656,0.1382,0.0015698005479452052,0.1561,0.0062086315890410955,0.1697,0.01467519106849315,0.1943,0.03775249
2013-09-12,5,0,True,0.0,0.021895689999999995,119.67,-1.967,0.1303,0.00041863783561643837,0.1429,0.0016783898630136984,0.1585,0.0064010116438356175,0.1718,0.01504064284931507,0.1953,0.038142090000000003
2013-09-13,5,0,True,0.0,0.02183965714285714,120.12,-2.0120000000000005,0.126,0.00039146301369863016,0.1416,0.0016479912328767124,0.157,0.006280430136986302,0.17129999999999998,0.014953222849315065,0.19399999999999998,0.03763599999999999
2013-09-16,5,0,True,0.0,0.021092560000000003,118.84,-1.8840000000000003,0.1404,0.0004860532602739726,0.1438,0.0016995978082191782,0.1558,0.0061847904657534244,0.1699,0.014709802356164382,0.1923,0.03697929
2013-09-17,5,0,True,0.0,0.021161838571428563,121.59,-2.1590000000000003,0.1449,0.0005177098356164383,0.14529999999999998,0.0017352402739726023,0.1566,0.006248468712328766,0.17010000000000003,0.01474445441095891,0.1923,0.03697929
2013-09-18,5,0,True,0.0,0.018688585714285708,114.22,-1.422,0.134,0.0004427506849315069,0.1359,0.0015179843835616436,0.1518,0.005871291287671232,0.16620000000000001,0.01407609271232877,0.19,0.0361
2013-09-19,5,0,True,0.0,0.018538475714285716,115.69,-1.5689999999999997,0.12029999999999999,0.0003568460547945205,0.1316,0.001423443287671233,0.1502,0.0057481745753424655,0.166,0.014042235616438359,0.1912,0.036557440000000004
2013-09-20,5,0,True,0.0,0.017979639999999995,115.87,-1.5870000000000004,0.1242,0.00038035824657534247,0.13119999999999998,0.0014148032876712326,0.1532,0.005980088547945205,0.1704,0.014796508931506849,0.19469999999999998,0.03790808999999999
2013-09-23,5,0,True,0.0,0.02088969,119.08,-1.908,0.13970000000000002,0.0004812186575342467,0.1431,0.0016830912328767123,0.1592,0.0064576753972602745,0.1728,0.015216247232876713,0.1918,0.03678724
2013-09-24,5,0,True,0.0,0.020218235714285715,119.31,-1.9310000000000003,0.1375,0.00046618150684931515,0.1408,0.0016294224657534247,0.1564,0.006232518575342467,0.1714,0.014970686465753424,0.1916,0.036710559999999996
2013-09-25,5,0,True,0.0,0.019890124285714288,117.45,-1.7450000000000003,0.1379,0.0004688977808219177,0.1401,0.001613261095890411,0.15560000000000002,0.0061689218630137,0.1702,0.014761795726027396,0.191,0.036481
2013-09-26,5,0,True,0.0,0.019695897142857143,122.03,-2.2030000000000003,0.1412,0.000491608109589041,0.1406,0.0016247967123287671,0.15410000000000001,0.006050557068493152,0.16899999999999998,0.014554372602739724,0.1894,0.035872360000000006
2013-09-27,5,0,True,0.0,0.02286929714285715,124.48,-2.4480000000000004,0.16219999999999998,0.000648711123287671,0.15460000000000002,0.0019644789041095892,0.1604,0.006555394191780821,0.17300000000000001,0.015251490410958907,0.1932,0.037326240000000004
2013-09-30,5,0,True,0.0,0.025893447142857146,123.46,-2.345999999999999,0.1773,0.0007751167397260275,0.166,0.0022648767123287675,0.168,0.007191320547945207,0.1809,0.016676204547945207,0.19579999999999997,0.03833763999999999
2013-10-01,5,0,True,0.0,0.025275561428571423,123.74,-2.3739999999999997,0.1467,0.0005306520821917808,0.15539999999999998,0.001984862465753424,0.1613,0.006629164849315069,0.17370000000000002,0.015375162575342471,0.19329999999999997,0.03736488999999999
2013-10-02,5,0,True,0.0,0.028591709999999996,123.52,-2.3519999999999994,0.15810000000000002,0.0006163301095890412,0.166,0.0022648767123287675,0.1681,0.007199884191780822,0.1779,0.01612768290410959,0.1956,0.03825936
2013-10-03,5,0,True,0.0,0.0313588542857143,122.31,-2.2310000000000003,0.17579999999999998,0.0007620568767123286,0.17670000000000002,0.00256626493150685,0.177,0.007982457534246574,0.1845,0.017346538356164384,0.2005,0.04020025000000001
2013-10-04,5,0,True,0.0,0.028194325714285706,123.98,-2.3980000000000006,0.16620000000000001,0.0006811012602739727,0.1674,0.002303240547945205,0.1721,0.007546608575342466,0.1808,0.016657772712328767,0.1984,0.03936256
2013-10-07,5,0,True,0.0,0.035743480476190484,123.23,-2.3230000000000004,0.2018,0.0010041346849315068,0.1941,0.0030965597260273967,0.1907,0.009265982383561645,0.1967,0.01971645353424658,0.20629999999999998,0.04255968999999999
2013-10-08,5,0,True,0.0,0.03840589333333332,120.72,-2.072,0.2187,0.0011793622191780821,0.2034,0.003400402191780822,0.1984,0.010029364602739725,0.20149999999999998,0.020690461643835614,0.2115,0.044732249999999994
2013-10-09,5,0,True,0.0,0.03663631952380951,122.62,-2.2620000000000005,0.2039,0.0010251421643835616,0.196,0.003157479452054795,0.1929,0.009481008575342464,0.1997,0.020322456821917804,0.2096,0.043932160000000005
2013-10-10,5,0,True,0.0,0.025912531428571427,120.25,-2.025,0.1734,0.0007413918904109589,0.1648,0.0022322498630136987,0.1721,0.007546608575342466,0.18230000000000002,0.016935320383561648,0.1989,0.03956121
2013-10-11,5,0,True,0.0,0.023206628571428568,130.97,-3.097,0.168,0.0006959342465753425,0.1572,0.0020311101369863012,0.16570000000000001,0.006995763205479453,0.17800000000000002,0.016145819178082194,0.19469999999999998,0.03790808999999999
2013-10-14,5,0,True,0.0,0.02125741428571429,129.14,-2.913999999999999,0.191,0.0008995315068493151,0.1607,0.0021225608219178085,0.16920000000000002,0.007294420602739728,0.179,0.016327742465753425,0.1956,0.03825936
2013-10-15,5,0,True,0.0,0.025993731428571417,131.01,-3.100999999999999,0.2354,0.0013663518904109587,0.1866,0.0028618816438356156,0.1841,0.008635702273972604,0.19140000000000001,0.01866826454794521,0.2018,0.04072324
2013-10-16,5,0,True,0.0,0.019692340000000003,125.24,-2.5239999999999996,0.1618,0.0006455155068493151,0.1471,0.0017784994520547946,0.16260000000000002,0.006736451178082193,0.1771,0.015982959616438357,0.1946,0.03786916
2013-10-17,5,0,True,0.0,0.01879356142857143,126.68,-2.6680000000000006,0.1293,0.00041223673972602736,0.1348,0.0014935101369863012,0.15439999999999998,0.006074138301369861,0.1691,0.014571601808219179,0.1891,0.035758809999999995
2013-10-18,5,0,True,0.0,0.017148738571428568,131.35,-3.1349999999999993,0.1291,0.0004109624383561643,0.1304,0.0013976021917808217,0.1492,0.0056718890958904105,0.1637,0.013655809150684933,0.1863,0.03470769
2013-10-21,5,0,True,0.0,0.01773005285714286,130.67,-3.066999999999999,0.12789999999999999,0.00040335805479452047,0.1316,0.001423443287671233,0.1514,0.005840389808219179,0.1654,0.01394090893150685,0.1866,0.03481955999999999
2013-10-22,5,0,True,0.0,0.018439004285714284,129.17,-2.916999999999999,0.1273,0.00039958249315068494,0.1333,0.0014604567123287669,0.1502,0.0057481745753424655,0.1661,0.01405915906849315,0.1869,0.03493161
2013-10-23,5,0,True,0.0,0.019170189999999993,134.47,-3.447,0.12369999999999999,0.0003773019452054794,0.13419999999999999,0.0014802443835616435,0.15109999999999998,0.00581726720547945,0.1671,0.014228954136986301,0.1885,0.03553225
2013-10-24,5,0,True,0.0,0.018771321428571432,135.42,-3.541999999999999,0.1195,0.00035211575342465753,0.132,0.001432109589041096,0.149,0.0056566931506849315,0.1653,0.01392405682191781,0.1864,0.034744960000000005
2013-10-25,5,0,True,0.0,0.018721381428571424,135.06,-3.5060000000000002,0.1159,0.0003312199726027397,0.1309,0.0014083405479452052,0.1487,0.005633937452054795,0.165,0.013873561643835618,0.1867,0.03485689
2013-10-28,5,0,True,0.0,0.019105689999999998,133.27,-3.327000000000001,0.12029999999999999,0.0003568460547945205,0.1331,0.0014560775342465752,0.1487,0.005633937452054795,0.1661,0.01405915906849315,0.1864,0.034744960000000005
2013-10-29,5,0,True,0.0,0.018918089999999995,127.58,-2.758,0.1257,0.00038960112328767125,0.1341,0.0014780391780821916,0.1503,0.005755831150684931,0.1674,0.014280091397260273,0.1864,0.034744960000000005
2013-10-30,5,0,True,0.0,0.019396911428571435,127.95,-2.7950000000000004,0.1298,0.00041543112328767116,0.1365,0.0015314178082191782,0.15130000000000002,0.005832677178082194,0.16829999999999998,0.014434053534246571,0.1891,0.035758809999999995
2013-10-31,5,0,True,0.0,0.020183311428571434,132.33,-3.2330000000000014,0.12619999999999998,0.0003927067397260272,0.1375,0.0015539383561643837,0.1525,0.005925565068493151,0.16870000000000002,0.014502746136986305,0.1885,0.03553225
2013-11-01,5,0,True,0.0,0.018919342857142855,129.84,-2.9840000000000004,0.121,0.0003610109589041096,0.1328,0.001449521095890411,0.1506,0.005778831452054795,0.1696,0.014657900712328769,0.1882,0.035419240000000005
2013-11-04,5,0,True,0.0,0.017906009999999997,125.57,-2.5569999999999995,0.11810000000000001,0.0003439136712328768,0.1293,0.0013741224657534245,0.14679999999999999,0.00549088306849315,0.16760000000000003,0.014314233863013703,0.1865,0.03478225
2013-11-05,5,0,True,0.0,0.018839859999999996,122.98,-2.2980000000000005,0.12140000000000001,0.0003634017534246576,0.13269999999999998,0.0014473389041095887,0.1492,0.0056718890958904105,0.16940000000000002,0.01462335057534247,0.1886,0.03556996
2013-11-06,5,0,True,0.0,0.017155895714285715,118.69,-1.8689999999999998,0.1161,0.00033236408219178076,0.1267,0.001319415616438356,0.1466,0.005475931726027399,0.1677,0.014331320383561642,0.187,0.034969
2013-11-07,5,0,True,0.0,0.020185038571428573,123.83,-2.383,0.1319,0.00042898216438356157,0.1391,0.0015903131506849314,0.1536,0.006011356931506849,0.1727,0.015198640931506848,0.1905,0.03629025
2013-11-08,5,0,True,0.0,0.017632247142857143,126.37,-2.6370000000000005,0.1197,0.0003532953698630137,0.129,0.0013677534246575342,0.1463,0.00545354293150685,0.1671,0.014228954136986301,0.1862,0.034670440000000004
2013-11-11,5,0,True,0.0,0.01559226142857143,125.55,-2.5549999999999997,0.1263,0.00039332934246575333,0.1253,0.0012904183561643836,0.14730000000000001,0.0055283506027397275,0.168,0.014382641095890413,0.18719999999999998,0.03504383999999999
2013-11-12,5,0,True,0.0,0.016213754285714293,129.66,-2.9659999999999997,0.13019999999999998,0.0004179955068493149,0.1282,0.0013508416438356167,0.14880000000000002,0.0056415175890410976,0.1697,0.01467519106849315,0.19010000000000002,0.036138010000000005
2013-11-13,5,0,True,0.0,0.015425950000000003,131.01,-3.100999999999999,0.1275,0.0004008390410958904,0.1252,0.0012883594520547946,0.1483,0.005603667863013698,0.1702,0.014761795726027396,0.19039999999999999,0.03625215999999999
2013-11-14,5,0,True,0.0,0.01600286714285714,133.03,-3.303,0.11689999999999999,0.0003369602465753424,0.12369999999999999,0.0012576731506849313,0.14880000000000002,0.0056415175890410976,0.17010000000000003,0.01474445441095891,0.1891,0.035758809999999995
2013-11-15,5,0,True,0.0,0.01589034571428571,133.46,-3.346000000000001,0.1116,0.00030709873972602745,0.1219,0.0012213378082191779,0.14800000000000002,0.0055810191780821935,0.1691,0.014571601808219179,0.19030000000000002,0.03621409000000001
2013-11-18,5,0,True,0.0,0.018548285714285715,137.06,-3.7060000000000004,0.11800000000000001,0.0003433315068493151,0.131,0.0014104931506849316,0.1493,0.0056794947123287665,0.17079999999999998,0.014866057643835614,0.19079999999999997,0.03640463999999999
2013-11-19,5,0,True,0.0,0.019574718571428576,133.62,-3.3620000000000005,0.11869999999999999,0.00034741701369863005,0.13390000000000002,0.0014736336986301373,0.1525,0.005925565068493151,0.17379999999999998,0.015392870794520546,0.19399999999999998,0.03763599999999999
2013-11-20,5,0,True,0.0,0.019449104285714287,133.25,-3.325,0.12029999999999999,0.0003568460547945205,0.134,0.0014758356164383563,0.1499,0.005725235424657535,0.1721,0.015093217150684932,0.19260000000000002,0.03709476000000001
2013-11-21,5,0,True,0.0,0.01798062428571428,124.63,-2.4629999999999996,0.10710000000000001,0.00028283202739726036,0.1266,0.0013173336986301366,0.1452,0.00537184306849315,0.1677,0.014331320383561642,0.1888,0.03564544
2013-11-22,5,0,True,0.0,0.016890417142857144,133.76,-3.375999999999999,0.10339999999999999,0.000263627506849315,0.1226,0.0012354049315068494,0.14150000000000001,0.0051015595890410975,0.1642,0.013739356273972606,0.1862,0.034670440000000004
2013-11-25,5,0,True,0.0,0.017681568571428566,134.23,-3.422999999999999,0.1152,0.00032723112328767123,0.12789999999999999,0.0013445268493150681,0.14429999999999998,0.005305456356164383,0.16620000000000001,0.01407609271232877,0.1875,0.03515625
2013-11-26,5,0,True,0.0,0.017725049999999992,133.64,-3.3639999999999985,0.1155,0.00032893767123287675,0.1281,0.0013487350684931504,0.14550000000000002,0.005394063698630138,0.1668,0.014177908602739727,0.1868,0.03489424
2013-11-27,5,0,True,0.0,0.018241959999999998,133.82,-3.3819999999999992,0.1166,0.0003352329863013698,0.1298,0.0013847704109589039,0.146,0.0054312,0.16649999999999998,0.014126954794520545,0.1866,0.03481955999999999
2013-11-29,5,0,True,0.0,0.018897652857142847,130.82,-3.0819999999999994,0.1359,0.0004553953150684931,0.13699999999999998,0.0015426575342465747,0.1503,0.005755831150684931,0.1686,0.014485557698630138,0.1875,0.03515625
2013-12-02,5,0,True,0.0,0.0201637,131.64,-3.163999999999999,0.14300000000000002,0.0005042219178082193,0.1423,0.0016643252054794522,0.1519,0.005879029397260274,0.1705,0.014813880821917811,0.1891,0.035758809999999995
2013-12-03,5,0,True,0.0,0.02100739714285715,132.38,-3.2379999999999995,0.14679999999999999,0.0005313757808219177,0.14550000000000002,0.0017400205479452058,0.1549,0.006113542273972604,0.1727,0.015198640931506848,0.191,0.036481
2013-12-04,5,0,True,0.0,0.021596395714285704,131.63,-3.1629999999999994,0.1471,0.0005335498356164385,0.147,0.0017760821917808215,0.1557,0.0061768536164383565,0.17300000000000001,0.015251490410958907,0.19140000000000001,0.03663396000000001
2013-12-05,5,0,True,0.0,0.02229621142857142,128.01,-2.8009999999999993,0.1542,0.0005862979726027398,0.1508,0.0018690936986301367,0.1578,0.006344597589041095,0.1732,0.015286774356164384,0.1913,0.03659569
2013-12-06,5,0,True,0.0,0.020253871428571425,132.32,-3.2319999999999993,0.127,0.00039770136986301373,0.1379,0.0015629926027397258,0.1495,0.0056947212328767125,0.1661,0.01405915906849315,0.1855,0.034410249999999996
2013-12-09,5,0,True,0.0,0.018163282857142853,126.09,-2.6090000000000004,0.1352,0.00045071605479452047,0.1349,0.001495726849315068,0.1493,0.0056794947123287665,0.16579999999999998,0.01400841928767123,0.18460000000000001,0.03407716
2013-12-10,5,0,True,0.0,0.01844305,126.68,-2.6680000000000006,0.1465,0.0005292061643835616,0.1391,0.0015903131506849314,0.1522,0.005902274301369863,0.1675,0.014297157534246579,0.18600000000000003,0.03459600000000001
2013-12-11,5,0,True,0.0,0.02105221714285714,126.74,-2.6739999999999995,0.1736,0.0007431031232876713,0.1542,0.0019543265753424657,0.15990000000000001,0.0065145888493150705,0.17309999999999998,0.01526912728767123,0.1912,0.036557440000000004
2013-12-12,5,0,True,0.0,0.022674852857142845,125.09,-2.5090000000000003,0.1661,0.0006802818904109589,0.15539999999999998,0.001984862465753424,0.1612,0.006620947726027398,0.1736,0.015357464547945206,0.191,0.036481
2013-12-13,5,0,True,0.0,0.02275938999999999,126.22,-2.622,0.1723,0.0007320153698630137,0.1576,0.002041459726027397,0.16269999999999998,0.0067447396438356155,0.1751,0.015624005095890412,0.19219999999999998,0.036940839999999996
2013-12-16,5,0,True,0.0,0.02414751142857142,128.21,-2.8210000000000006,0.17120000000000002,0.0007226985205479454,0.1603,0.0021120073972602737,0.16390000000000002,0.006844598712328768,0.17679999999999998,0.0159288565479452,0.1938,0.03755844
2013-12-17,5,0,True,0.0,0.02506443142857144,128.75,-2.875,0.17059999999999997,0.0007176417534246573,0.16210000000000002,0.0021597049315068497,0.165,0.006936780821917809,0.177,0.01596491506849315,0.1946,0.03786916
2013-12-18,5,0,True,0.0,0.02001846428571429,135.58,-3.558000000000001,0.1295,0.00041351301369863013,0.138,0.0015652602739726028,0.1499,0.005725235424657535,0.16670000000000001,0.01416091380821918,0.187,0.034969
2013-12-19,5,0,True,0.0,0.02160342571428572,137.86,-3.7860000000000014,0.1278,0.0004027275616438356,0.14150000000000001,0.0016456643835616443,0.1528,0.005948901698630137,0.16879999999999998,0.014519944767123283,0.1882,0.035419240000000005
2013-12-20,5,0,True,0.0,0.02022117571428571,143.2,-4.3199999999999985,0.1273,0.00039958249315068494,0.1379,0.0015629926027397258,0.1501,0.005740523095890412,0.1663,0.014093036547945206,0.1875,0.03515625
2013-12-23,5,0,True,0.0,0.017881389999999997,138.11,-3.8110000000000013,0.1223,0.00036880989041095894,0.1304,0.0013976021917808217,0.1452,0.00537184306849315,0.1637,0.013655809150684933,0.18350000000000002,0.03367225000000001
2013-12-24,5,0,True,0.0,0.016960110000000004,137.88,-3.7879999999999994,0.11109999999999999,0.0003043531232876712,0.12480000000000001,0.0012801402739726028,0.1424,0.0051666621369863015,0.1612,0.013241895452054796,0.1821,0.03316041
2013-12-26,5,0,True,0.0,0.016607854285714287,136.65,-3.6650000000000005,0.1092,0.0002940322191780822,0.1233,0.001249552602739726,0.14029999999999998,0.0050153982739726015,0.1603,0.013094445863013698,0.1816,0.032978560000000004
2013-12-27,5,0,True,0.0,0.01653064,136.72,-3.6719999999999997,0.1148,0.0003249626301369863,0.1246,0.0012760405479452055,0.1398,0.004979714301369864,0.1605,0.013127141095890412,0.1807,0.03265249
2013-12-30,5,0,True,0.0,0.019035938571428563,134.36,-3.4360000000000013,0.12990000000000002,0.0004160714794520549,0.1356,0.0015112898630136983,0.1477,0.005558416356164384,0.1646,0.013806377424657533,0.1834,0.03363556
2013-12-31,5,0,True,0.0,0.018788521428571434,133.63,-3.3629999999999995,0.1375,0.00046618150684931515,0.13720000000000002,0.0015471649315068497,0.1477,0.005558416356164384,0.1631,0.01355588893150685,0.1825,0.033306249999999996
2014-01-02,5,0,True,0.0,0.020730318571428576,133.73,-3.372999999999999,0.1383,0.00047162194520547945,0.1423,0.0016643252054794522,0.15259999999999999,0.005933338849315068,0.1674,0.014280091397260273,0.1843,0.033966489999999995
2014-01-03,5,0,True,0.0,0.020700704285714286,134.46,-3.4460000000000006,0.1217,0.0003652000273972603,0.1376,0.0015561994520547945,0.1509,0.005801877616438357,0.1668,0.014177908602739727,0.1844,0.03400336
2014-01-06,5,0,True,0.0,0.01952178142857143,131.99,-3.1990000000000007,0.1251,0.0003858906575342465,0.1355,0.0015090616438356165,0.1482,0.005596113205479452,0.1646,0.013806377424657533,0.18289999999999998,0.033452409999999995
2014-01-07,5,0,True,0.0,0.01810956142857143,129.1,-2.9099999999999993,0.1157,0.0003300778356164383,0.1292,0.0013719978082191782,0.1441,0.005290759808219179,0.1598,0.013012886136986302,0.1791,0.032076810000000004
2014-01-08,5,0,True,0.0,0.01787565428571428,129.46,-2.9460000000000006,0.1162,0.00033293687671232875,0.12869999999999998,0.0013613991780821913,0.1429,0.005203008575342466,0.1594,0.012947821808219176,0.1796,0.032256160000000006
2014-01-09,5,0,True,0.0,0.017819050000000006,130.87,-3.0870000000000006,0.1175,0.00034042808219178077,0.12890000000000001,0.0013656336986301372,0.1429,0.005203008575342466,0.1612,0.013241895452054796,0.1787,0.03193369
2014-01-10,5,0,True,0.0,0.01679419,126.15,-2.6150000000000007,0.09970000000000001,0.00024509810958904115,0.12140000000000001,0.0012113391780821919,0.1394,0.004951258849315069,0.157,0.012560860273972603,0.17679999999999998,0.03125823999999999
2014-01-13,5,0,True,0.0,0.017850567142857144,130.59,-3.059,0.1309,0.00042250216438356156,0.1328,0.001449521095890411,0.14980000000000002,0.005717599232876714,0.1642,0.013739356273972606,0.1819,0.03308761
2014-01-14,5,0,True,0.0,0.016060509999999997,133.43,-3.343000000000001,0.1131,0.00031540956164383566,0.12279999999999999,0.0012394389041095889,0.1449,0.005349668301369863,0.16140000000000002,0.013274774136986304,0.1787,0.03193369
2014-01-15,5,0,True,0.0,0.01669078857142857,132.69,-3.2689999999999997,0.10640000000000001,0.0002791469589041096,0.12279999999999999,0.0012394389041095889,0.1446,0.005327539397260275,0.161,0.013209057534246577,0.1782,0.03175524
2014-01-16,5,0,True,0.0,0.01715778142857143,136.35,-3.6349999999999993,0.1109,0.00030325832876712327,0.1253,0.0012904183561643836,0.1469,0.0054983663835616444,0.1635,0.013622461643835617,0.183,0.033489
2014-01-17,5,0,True,0.0,0.016479159999999996,139.62,-3.9620000000000006,0.11460000000000001,0.00032383134246575347,0.1244,0.0012719473972602738,0.1463,0.00545354293150685,0.1634,0.013605803178082191,0.18239999999999998,0.033269759999999995
2014-01-21,5,0,True,0.0,0.017008774285714276,138.77,-3.877000000000001,0.1246,0.0003828121643835617,0.12869999999999998,0.0013613991780821913,0.1462,0.005446090191780822,0.16219999999999998,0.013406696547945202,0.17989999999999998,0.03236400999999999
2014-01-22,5,0,True,0.0,0.01706837142857142,138.92,-3.8919999999999986,0.12300000000000001,0.00037304383561643844,0.1284,0.0013550597260273969,0.1447,0.005334910602739726,0.16140000000000002,0.013274774136986304,0.1791,0.032076810000000004
2014-01-23,5,0,True,0.0,0.018433667142857137,135.71,-3.5710000000000006,0.1421,0.0004978950410958904,0.1377,0.0015584621917808217,0.14980000000000002,0.005717599232876714,0.1637,0.013655809150684933,0.18109999999999998,0.03279720999999999
2014-01-24,5,0,True,0.0,0.02839541714285715,131.61,-3.1610000000000014,0.2084,0.0010708905205479451,0.1814,0.002704599452054795,0.174,0.007714158904109589,0.1818,0.016842549698630135,0.1916,0.036710559999999996
2014-01-27,5,0,True,0.0,0.0278142742857143,128.73,-2.872999999999999,0.19039999999999999,0.0008938888767123285,0.17420000000000002,0.0024941621917808224,0.17129999999999998,0.007476611424657532,0.18,0.01651068493150685,0.19079999999999997,0.03640463999999999
2014-01-28,5,0,True,0.0,0.022850967142857143,128.3,-2.830000000000001,0.1729,0.0007371224383561644,0.158,0.002051835616438356,0.162,0.006686827397260274,0.1728,0.015216247232876713,0.18739999999999998,0.03511875999999999
2014-01-29,5,0,True,0.0,0.026873500000000012,126.71,-2.6709999999999994,0.19399999999999998,0.0009280109589041093,0.17350000000000002,0.0024741575342465756,0.1724,0.007572941589041096,0.18,0.01651068493150685,0.1912,0.036557440000000004
2014-01-30,5,0,True,0.0,0.02889762142857143,127.91,-2.7909999999999995,0.1795,0.0007944719178082191,0.1729,0.002457074794520548,0.17370000000000002,0.0076875812876712355,0.18030000000000002,0.016565766410958905,0.1909,0.03644280999999999
2014-01-31,5,0,True,0.0,0.032168619523809526,128.37,-2.8370000000000006,0.1932,0.0009203730410958905,0.1841,0.0027857104109589043,0.1809,0.008338102273972603,0.1863,0.017686658465753426,0.1943,0.03775249
2014-02-03,5,0,True,0.0,0.037987959999999994,126.17,-2.617,0.2395,0.001414362328767123,0.2144,0.003778139178082192,0.2014,0.010334965150684931,0.2014,0.020669930301369863,0.2071,0.042890410000000004
2014-02-04,5,0,True,0.0,0.03438728999999999,127.26,-2.7260000000000004,0.20370000000000002,0.0010231320821917809,0.1911,0.0030015789041095884,0.19079999999999997,0.009275702794520545,0.1953,0.019436791068493154,0.20329999999999998,0.041330889999999995
2014-02-05,5,0,True,0.0,0.03741364285714285,127.79,-2.779000000000001,0.213,0.0011186876712328767,0.19949999999999998,0.0032712534246575335,0.1967,0.00985822676712329,0.2004,0.020465177424657536,0.2069,0.04280761
2014-02-06,5,0,True,0.0,0.02747174714285714,124.68,-2.468000000000001,0.1867,0.0008594849589041096,0.1723,0.002440051232876712,0.1779,0.008063841452054795,0.1869,0.017800765643835616,0.19829999999999998,0.03932288999999999
2014-02-07,5,0,True,0.0,0.02437458142857142,129.01,-2.900999999999999,0.1451,0.0005191399726027397,0.15289999999999998,0.001921513150684931,0.1634,0.0068029015890410955,0.17550000000000002,0.015695469863013702,0.192,0.036864
2014-02-10,5,0,True,0.0,0.02460072571428571,126.26,-2.6260000000000003,0.1422,0.0004985960547945205,0.15259999999999999,0.0019139802739726024,0.1632,0.006786258410958905,0.1744,0.0154993341369863,0.18969999999999998,0.03598608999999999
2014-02-11,5,0,True,0.0,0.022789659999999996,126.7,-2.6700000000000004,0.1304,0.0004192806575342465,0.1451,0.0017304665753424657,0.1575,0.0063204965753424665,0.1702,0.014761795726027396,0.1856,0.034447359999999996
2014-02-12,5,0,True,0.0,0.022333047142857148,127.84,-2.7840000000000003,0.1267,0.0003958246849315068,0.14300000000000002,0.0016807397260273976,0.1565,0.006240491095890411,0.16949999999999998,0.014640620547945203,0.18489999999999998,0.03418800999999999
2014-02-13,5,0,True,0.0,0.02232950285714285,128.57,-2.8569999999999993,0.1206,0.00035862805479452053,0.1414,0.0016433391780821915,0.155,0.006121438356164384,0.1685,0.014468379452054796,0.1845,0.03404025
2014-02-14,5,0,True,0.0,0.02127046000000001,129.25,-2.925,0.1084,0.0002897398356164383,0.13570000000000002,0.0015135197260273976,0.1517,0.005863558273972603,0.1655,0.013957771232876713,0.1843,0.033966489999999995
2014-02-18,5,0,True,0.0,0.021124454285714283,124.25,-2.425,0.12179999999999999,0.0003658004383561643,0.1387,0.0015811799999999997,0.1522,0.005902274301369863,0.1654,0.01394090893150685,0.18170000000000003,0.03301489000000001
2014-02-19,5,0,True,0.0,0.026040999999999995,129.12,-2.9120000000000004,0.139,0.0004764082191780823,0.155,0.0019746575342465753,0.1629,0.006761331863013698,0.1724,0.015145883178082192,0.188,0.035344
2014-02-20,5,0,True,0.0,0.02372505,134.37,-3.4370000000000003,0.1325,0.0004328938356164384,0.1479,0.0017978967123287672,0.1572,0.006296441424657535,0.1684,0.014451211397260274,0.1838,0.03378244
2014-02-21,5,0,True,0.0,0.02349855999999999,138.79,-3.878999999999999,0.1304,0.0004192806575342465,0.14679999999999999,0.0017712526027397256,0.1564,0.006232518575342467,0.1673,0.014263035452054795,0.1837,0.03374569
2014-02-24,5,0,True,0.0,0.021058878571428574,134.47,-3.447,0.1355,0.00045271849315068496,0.1423,0.0016643252054794522,0.155,0.006121438356164384,0.1659,0.014025322356164382,0.182,0.033124
2014-02-25,5,0,True,0.0,0.019607859999999994,121.92,-2.192,0.1286,0.0004077853150684931,0.1367,0.0015359087671232873,0.155,0.006121438356164384,0.1664,0.014109990575342466,0.1816,0.032978560000000004
2014-02-26,5,0,True,0.0,0.021870661428571424,132.22,-3.222,0.13269999999999998,0.0004342016712328766,0.1435,0.0016925136986301365,0.1591,0.006449565287671232,0.1697,0.01467519106849315,0.18530000000000002,0.03433609000000001
2014-02-27,5,0,True,0.0,0.021549239999999997,137.24,-3.724000000000001,0.1242,0.00038035824657534247,0.1404,0.0016201775342465751,0.1563,0.006224551150684931,0.1672,0.014245989698630135,0.1839,0.03381921
2014-02-28,5,0,True,0.0,0.020723675714285718,137.17,-3.7169999999999987,0.1303,0.00041863783561643837,0.14,0.0016109589041095893,0.158,0.0063606904109589045,0.1686,0.014485557698630138,0.18420000000000003,0.03392964000000001
2014-03-03,5,0,True,0.0,0.025310109999999993,129.12,-2.9120000000000004,0.16210000000000002,0.0006479114794520549,0.16,0.0021041095890410957,0.16920000000000002,0.007294420602739728,0.17629999999999998,0.015838888602739725,0.19079999999999997,0.03640463999999999
2014-03-04,5,0,True,0.0,0.020911354285714275,131.65,-3.1650000000000005,0.1322,0.0004309357808219179,0.141,0.0016340547945205475,0.15689999999999998,0.0062724321369863004,0.16820000000000002,0.014416905863013701,0.18420000000000003,0.03392964000000001
2014-03-05,5,0,True,0.0,0.020876009999999997,129.49,-2.9490000000000007,0.1249,0.00038465778082191776,0.1389,0.0015857432876712327,0.1577,0.006336558821917809,0.1693,0.014606090794520549,0.18469999999999998,0.03411408999999999
2014-03-06,5,0,True,0.0,0.021514025714285713,133.46,-3.346000000000001,0.1308,0.0004218568767123288,0.1421,0.0016596501369863014,0.1583,0.0063848678630136985,0.1699,0.014709802356164382,0.1857,0.03448449
2014-03-07,5,0,True,0.0,0.02148568857142857,130.49,-3.049000000000001,0.1274,0.00040021052054794526,0.1411,0.0016363734246575342,0.15869999999999998,0.006417175808219176,0.17079999999999998,0.014866057643835614,0.187,0.034969
2014-03-10,5,0,True,0.0,0.02140601714285714,131.35,-3.1349999999999993,0.13140000000000002,0.00042573600000000007,0.142,0.0016573150684931505,0.1597,0.006498302383561645,0.1705,0.014813880821917811,0.1862,0.034670440000000004
2014-03-11,5,0,True,0.0,0.022734704285714294,130.08,-3.0080000000000013,0.1413,0.0004923046849315069,0.14800000000000002,0.0018003287671232882,0.1635,0.006811230821917809,0.17350000000000002,0.01533977671232877,0.1893,0.03583449
2014-03-12,5,0,True,0.0,0.02169059285714286,132.33,-3.2330000000000014,0.13849999999999998,0.00047298698630136973,0.1447,0.0017209389041095888,0.16079999999999997,0.00658813019178082,0.17190000000000003,0.01505815742465754,0.1881,0.035381609999999994
2014-03-13,5,0,True,0.0,0.024890452857142843,127.66,-2.7659999999999996,0.1721,0.0007303169589041096,0.16219999999999998,0.0021623704109589035,0.17129999999999998,0.007476611424657532,0.18059999999999998,0.016620939616438356,0.1931,0.03728761
2014-03-14,5,0,True,0.0,0.02710707428571428,126.26,-2.6260000000000003,0.2064,0.0010504346301369863,0.1782,0.002610019726027397,0.1793,0.00819125909589041,0.18600000000000003,0.01762974246575343,0.19699999999999998,0.03880899999999999
2014-03-17,5,0,True,0.0,0.024150361428571437,131.87,-3.1870000000000003,0.15869999999999998,0.00062101701369863,0.1564,0.002010489863013699,0.16690000000000002,0.007097456794520549,0.1764,0.01585686180821918,0.193,0.037249000000000004
2014-03-18,5,0,True,0.0,0.021440361428571423,129.37,-2.9370000000000003,0.1423,0.0004992975616438357,0.1452,0.0017328526027397258,0.16149999999999998,0.006645614383561642,0.1728,0.015216247232876713,0.18780000000000002,0.03526884000000001
2014-03-19,5,0,True,0.0,0.023016342857142855,132.74,-3.274000000000001,0.15,0.0005547945205479452,0.1512,0.0018790224657534245,0.1638,0.006836249095890411,0.17550000000000002,0.015695469863013702,0.1906,0.03632836
2014-03-20,5,0,True,0.0,0.02145255428571428,134.02,-3.402000000000001,0.1422,0.0004985960547945205,0.1452,0.0017328526027397258,0.1586,0.006409091178082191,0.17,0.014727123287671236,0.1855,0.034410249999999996
2014-03-21,5,0,True,0.0,0.02288185714285714,132.82,-3.281999999999999,0.147,0.0005328246575342464,0.15,0.0018493150684931504,0.1618,0.006670326904109589,0.1728,0.015216247232876713,0.18789999999999998,0.035306409999999996
2014-03-24,5,0,True,0.0,0.0224973,132.7,-3.2699999999999987,0.153,0.0005772082191780821,0.1509,0.0018715734246575343,0.161,0.006604528767123289,0.1727,0.015198640931506848,0.1873,0.03508129
2014-03-25,5,0,True,0.0,0.01983533285714285,121.81,-2.181,0.1387,0.00047435399999999996,0.1402,0.001615564931506849,0.1553,0.006145157178082191,0.1693,0.014606090794520549,0.184,0.033856
2014-03-26,5,0,True,0.0,0.02146725999999999,119.05,-1.9049999999999998,0.15560000000000002,0.0005969924383561645,0.1493,0.0018320950684931503,0.16079999999999997,0.00658813019178082,0.17350000000000002,0.01533977671232877,0.1877,0.035231290000000005
2014-03-27,5,0,True,0.0,0.02067224714285714,117.96,-1.7959999999999994,0.1517,0.0005674411232876712,0.1462,0.0017568032876712327,0.15869999999999998,0.006417175808219176,0.1722,0.015110762301369861,0.1863,0.03470769
2014-03-28,5,0,True,0.0,0.02076481,124.98,-2.498,0.1441,0.0005120090136986301,0.1441,0.001706696712328767,0.15460000000000002,0.006089884602739727,0.1689,0.014537153589041094,0.1841,0.03389281
2014-03-31,5,0,True,0.0,0.019419378571428572,123.25,-2.325,0.1375,0.00046618150684931515,0.1388,0.0015834608219178082,0.1508,0.005794190465753424,0.16570000000000001,0.013991526410958906,0.18170000000000003,0.03301489000000001
2014-04-01,5,0,True,0.0,0.01804239571428572,128.08,-2.808000000000001,0.1229,0.000372437506849315,0.131,0.0014104931506849316,0.14400000000000002,0.005283419178082193,0.1607,0.013159877095890412,0.1787,0.03193369
2014-04-02,5,0,True,0.0,0.01817243285714285,127.3,-2.7299999999999995,0.1213,0.0003628033150684932,0.1309,0.0014083405479452052,0.1445,0.005320173287671232,0.1611,0.013225471397260272,0.1783,0.031790889999999995
2014-04-03,5,0,True,0.0,0.018808089999999993,128.13,-2.8129999999999997,0.1253,0.00038712550684931506,0.13369999999999999,0.0014692347945205475,0.145,0.005357054794520547,0.1613,0.013258329698630137,0.1775,0.03150625
2014-04-04,5,0,True,0.0,0.020395411428571424,126.61,-2.661,0.1318,0.0004283319452054794,0.1396,0.0016017665753424656,0.1496,0.0057023421369863025,0.165,0.013873561643835618,0.18030000000000002,0.03250809
2014-04-07,5,0,True,0.0,0.023550711428571434,123.92,-2.3920000000000003,0.16079999999999997,0.0006375609863013696,0.1557,0.0019925334246575343,0.159,0.006441460273972604,0.1718,0.01504064284931507,0.1858,0.03452164
2014-04-08,5,0,True,0.0,0.022650009999999998,124.34,-2.434,0.1451,0.0005191399726027397,0.1489,0.0018222912328767122,0.1553,0.006145157178082191,0.16899999999999998,0.014554372602739724,0.18350000000000002,0.03367225000000001
2014-04-09,5,0,True,0.0,0.020383081428571426,130.79,-3.0789999999999993,0.12689999999999999,0.0003970753150684931,0.1382,0.0015698005479452052,0.1483,0.005603667863013698,0.1636,0.013639130301369862,0.179,0.032041
2014-04-10,5,0,True,0.0,0.024402442857142864,125.11,-2.511,0.165,0.0006713013698630137,0.1589,0.0020752775342465757,0.1607,0.006579938547945206,0.1727,0.015198640931506848,0.1868,0.03489424
2014-04-11,5,0,True,0.0,0.02780389571428571,122.59,-2.2590000000000003,0.1764,0.000767267506849315,0.1703,0.0023837334246575343,0.1679,0.007182762,0.1769,0.01594688071232877,0.1912,0.036557440000000004
2014-04-14,5,0,True,0.0,0.02610458571428571,123.76,-2.3760000000000003,0.16,0.0006312328767123287,0.1611,0.0021331405479452052,0.1634,0.0068029015890410955,0.1747,0.015552703397260273,0.18780000000000002,0.03526884000000001
2014-04-15,5,0,True,0.0,0.025128832857142853,129.24,-2.924000000000001,0.1503,0.0005570159178082191,0.1561,0.0020027843835616435,0.15990000000000001,0.0065145888493150705,0.1722,0.015110762301369861,0.1861,0.03463321
2014-04-16,5,0,True,0.0,0.02089075428571429,125.43,-2.5430000000000006,0.1352,0.00045071605479452047,0.1418,0.0016526498630136987,0.1523,0.005910032794520547,0.16829999999999998,0.014434053534246571,0.18289999999999998,0.033452409999999995
2014-04-17,5,0,True,0.0,0.019651839999999997,127.93,-2.7930000000000006,0.1168,0.000336384,0.1336,0.001467037808219178,0.1484,0.005611227616438356,0.16620000000000001,0.01407609271232877,0.18309999999999998,0.03352561
2014-04-21,5,0,True,0.0,0.01784863857142857,119.11,-1.911,0.12990000000000002,0.0004160714794520549,0.1325,0.0014429794520547947,0.1475,0.005543373287671232,0.16440000000000002,0.013772846465753429,0.1816,0.032978560000000004
2014-04-22,5,0,True,0.0,0.018146581428571427,126.51,-2.6510000000000007,0.1251,0.0003858906575342465,0.1319,0.0014299405479452053,0.1461,0.005438642547945206,0.1629,0.013522663726027395,0.18059999999999998,0.03261636
2014-04-23,5,0,True,0.0,0.018276318571428567,126.11,-2.6109999999999998,0.1267,0.0003958246849315068,0.13269999999999998,0.0014473389041095887,0.1483,0.005603667863013698,0.1636,0.013639130301369862,0.18059999999999998,0.03261636
2014-04-24,5,0,True,0.0,0.01779921857142858,124.79,-2.4790000000000005,0.13269999999999998,0.0004342016712328766,0.1332,0.0014582663013698633,0.1477,0.005558416356164384,0.1632,0.01357251682191781,0.18,0.0324
2014-04-25,5,0,True,0.0,0.01991236,121.95,-2.1950000000000003,0.1394,0.0004791540821917808,0.1406,0.0016247967123287671,0.1518,0.005871291287671232,0.1664,0.014109990575342466,0.1825,0.033306249999999996
2014-04-28,5,0,True,0.0,0.019383854285714295,123.69,-2.3689999999999998,0.1408,0.0004888267397260274,0.13970000000000002,0.0016040621917808224,0.1493,0.0056794947123287665,0.16449999999999998,0.013789606849315066,0.1804,0.03254416
2014-04-29,5,0,True,0.0,0.01889014714285714,123.44,-2.344,0.1363,0.0004580800273972603,0.1371,0.0015449104109589039,0.1483,0.005603667863013698,0.1631,0.01355588893150685,0.1788,0.031969439999999995
2014-04-30,5,0,True,0.0,0.018744604285714284,124.53,-2.4530000000000003,0.1273,0.00039958249315068494,0.1341,0.0014780391780821916,0.147,0.005505854794520548,0.1617,0.013324168602739727,0.1779,0.03164841
2014-05-01,5,0,True,0.0,0.018297940000000002,124.9,-2.4900000000000007,0.1258,0.00039022126027397257,0.1325,0.0014429794520547947,0.1467,0.005483404849315069,0.162,0.013373654794520549,0.1783,0.031790889999999995
2014-05-02,5,0,True,0.0,0.01840488999999999,124.13,-2.4129999999999994,0.11230000000000001,0.0003109633150684932,0.1291,0.0013698747945205475,0.14679999999999999,0.00549088306849315,0.1638,0.013672498191780822,0.1795,0.03222025
2014-05-05,5,0,True,0.0,0.01880076428571428,123.56,-2.3560000000000003,0.1225,0.0003700171232876712,0.1329,0.001451704931506849,0.1475,0.005543373287671232,0.1641,0.013722626465753424,0.1801,0.03243601
2014-05-06,5,0,True,0.0,0.01974959571428572,121.18,-2.1180000000000008,0.1319,0.00042898216438356157,0.138,0.0015652602739726028,0.1512,0.005824969643835617,0.16620000000000001,0.01407609271232877,0.1808,0.03268864
2014-05-07,5,0,True,0.0,0.018607754285714286,123.27,-2.3269999999999995,0.1282,0.000405252493150685,0.134,0.0014758356164383563,0.1462,0.005446090191780822,0.1625,0.013456335616438359,0.1784,0.031826560000000004
2014-05-08,5,0,True,0.0,0.019059267142857144,123.93,-2.3930000000000007,0.1251,0.0003858906575342465,0.1343,0.0014824512328767124,0.1458,0.0054163301917808234,0.1616,0.013307693589041096,0.17809999999999998,0.031719609999999995
2014-05-09,5,0,True,0.0,0.018499390000000004,125.6,-2.5599999999999996,0.1117,0.0003076493424657534,0.1292,0.0013719978082191782,0.1438,0.005268753205479453,0.15990000000000001,0.013029177698630141,0.1765,0.031152249999999996
2014-05-12,5,0,True,0.0,0.015991557142857146,125.28,-2.528,0.11199999999999999,0.000309304109589041,0.1223,0.001229366301369863,0.1388,0.004908728547945206,0.1564,0.012465037150684933,0.17379999999999998,0.030206439999999994
2014-05-13,5,0,True,0.0,0.01606687857142857,124.3,-2.4299999999999997,0.1075,0.00028494863013698625,0.1213,0.0012093443835616438,0.1404,0.005022550356164383,0.1572,0.01259288284931507,0.1745,0.030450249999999995
2014-05-14,5,0,True,0.0,0.01582074571428571,122.75,-2.275,0.1116,0.00030709873972602745,0.1217,0.001217333424657534,0.1418,0.0051232145753424664,0.1593,0.012931581205479452,0.1775,0.03150625
2014-05-15,5,0,True,0.0,0.017140307142857143,123.6,-2.3599999999999994,0.1335,0.0004394527397260274,0.1317,0.0014256073972602741,0.14859999999999998,0.0056263624109589025,0.1635,0.013622461643835617,0.1791,0.032076810000000004
2014-05-16,5,0,True,0.0,0.016921942857142856,127.23,-2.7230000000000003,0.11,0.0002983561643835616,0.1244,0.0012719473972602738,0.1433,0.005232177452054796,0.1593,0.012931581205479452,0.1757,0.030870489999999997
2014-05-19,5,0,True,0.0,0.016841481428571427,128.18,-2.8180000000000005,0.1101,0.0002988988767123288,0.1242,0.0012678608219178081,0.1411,0.005072757616438357,0.1575,0.012640993150684933,0.17370000000000002,0.030171690000000008
2014-05-20,5,0,True,0.0,0.01760519571428572,127.47,-2.747,0.12210000000000001,0.00036760463013698637,0.12960000000000002,0.0013805063013698634,0.1441,0.005290759808219179,0.1583,0.012769735726027397,0.1739,0.03024121
2014-05-21,5,0,True,0.0,0.01556597571428571,123.89,-2.3890000000000002,0.1047,0.0002702981095890411,0.1191,0.0011658747945205478,0.1387,0.004901658,0.1549,0.012227084547945207,0.17120000000000002,0.029309440000000006
2014-05-22,5,0,True,0.0,0.01615414714285714,123.68,-2.3680000000000008,0.1027,0.0002600701643835616,0.12029999999999999,0.0011894868493150684,0.1383,0.004873426767123288,0.15539999999999998,0.01230614728767123,0.1722,0.029652839999999996
2014-05-23,5,0,True,0.0,0.01457593857142857,125.13,-2.5129999999999995,0.0949,0.00022206599999999998,0.11359999999999999,0.0010606816438356163,0.1362,0.004726550465753424,0.1548,0.012211302575342465,0.1711,0.02927521
2014-05-27,5,0,True,0.0,0.014064764285714283,123.64,-2.364,0.1065,0.0002796719178082192,0.1151,0.0010888775342465752,0.1364,0.004740441863013698,0.15439999999999998,0.012148276602739722,0.1716,0.02944656
2014-05-28,5,0,True,0.0,0.014691639999999999,124.18,-2.4180000000000006,0.1058,0.00027600756164383565,0.1168,0.0011212799999999999,0.1377,0.004831232794520548,0.1561,0.012417263178082191,0.1744,0.03041536
2014-05-29,5,0,True,0.0,0.014568009999999996,125.81,-2.5810000000000004,0.10310000000000001,0.0002620999726027398,0.1157,0.0011002594520547943,0.1371,0.0047892222739726025,0.1565,0.012480982191780822,0.17489999999999997,0.03059000999999999
2014-05-30,5,0,True,0.0,0.014508304285714285,124.23,-2.4230000000000005,0.0973,0.00023344002739726026,0.114,0.0010681643835616437,0.1375,0.00481720890410959,0.1573,0.012608909424657533,0.17579999999999998,0.030905639999999995
2014-06-02,5,0,True,0.0,0.01445859,123.33,-2.3329999999999997,0.1047,0.0002702981095890411,0.1158,0.001102162191780822,0.1388,0.004908728547945206,0.15789999999999998,0.012705282904109588,0.17800000000000002,0.031684000000000004
2014-06-03,5,0,True,0.0,0.014932981428571421,121.79,-2.1790000000000007,0.1101,0.0002988988767123288,0.11869999999999999,0.0011580567123287667,0.1382,0.004866381698630136,0.1567,0.01251290284931507,0.1771,0.03136441
2014-06-04,5,0,True,0.0,0.01508971,121.48,-2.1480000000000006,0.1159,0.0003312199726027397,0.1208,0.0011993950684931506,0.1377,0.004831232794520548,0.1559,0.01238546482191781,0.1753,0.030730090000000005
2014-06-05,5,0,True,0.0,0.014415725714285711,122.21,-2.220999999999999,0.10880000000000001,0.00029188208219178087,0.1168,0.0011212799999999999,0.1358,0.0046988288219178085,0.1532,0.01196017709589041,0.17329999999999998,0.030032889999999993
2014-06-06,5,0,True,0.0,0.012780592857142859,122.88,-2.2879999999999994,0.0925,0.00021097602739726025,0.1073,0.0009462978082191781,0.1283,0.004194144575342466,0.1476,0.011101784547945207,0.16899999999999998,0.028560999999999996
2014-06-09,5,0,True,0.0,0.013669518571428571,124.67,-2.467,0.0977,0.00023536331506849315,0.1115,0.0010218287671232877,0.13019999999999998,0.004319286904109588,0.1487,0.01126787490410959,0.16940000000000002,0.028696360000000008
2014-06-10,5,0,True,0.0,0.01337014,125.38,-2.5379999999999994,0.09519999999999999,0.00022347221917808213,0.1099,0.0009927131506849314,0.1301,0.004312654602739726,0.1497,0.011419936273972604,0.1698,0.028832040000000003
2014-06-11,5,0,True,0.0,0.014542749999999997,126.71,-2.6709999999999994,0.1045,0.00026926643835616435,0.11599999999999999,0.0011059726027397257,0.1329,0.004500285287671232,0.1523,0.011820065589041095,0.171,0.029241000000000003
2014-06-12,5,0,True,0.0,0.016375081428571435,127.82,-2.781999999999999,0.1199,0.0003544769589041096,0.12560000000000002,0.0012966049315068498,0.1411,0.005072757616438357,0.1575,0.012640993150684933,0.17559999999999998,0.030835359999999992
2014-06-13,5,0,True,0.0,0.015545039999999998,127.78,-2.778,0.1148,0.0003249626301369863,0.12179999999999999,0.0012193347945205477,0.1379,0.00484527706849315,0.1561,0.012417263178082191,0.1753,0.030730090000000005
2014-06-16,5,0,True,0.0,0.016121002857142856,127.67,-2.7670000000000003,0.12539999999999998,0.0003877436712328766,0.1265,0.0013152534246575341,0.13970000000000002,0.00497259279452055,0.1574,0.012624946191780824,0.1764,0.03111696
2014-06-17,5,0,True,0.0,0.013886982857142858,130.18,-3.0180000000000007,0.1268,0.0003964497534246575,0.1206,0.0011954268493150684,0.1366,0.004754353643835616,0.15539999999999998,0.01230614728767123,0.1744,0.03041536
2014-06-18,5,0,True,0.0,0.011311621428571427,129.53,-2.9530000000000003,0.10550000000000001,0.0002744445205479453,0.1061,0.0009252501369863013,0.12619999999999998,0.004057969643835615,0.1483,0.011207335726027397,0.1698,0.028832040000000003
2014-06-19,5,0,True,0.0,0.011766132857142852,138.61,-3.8610000000000015,0.1007,0.0002500394794520548,0.10619999999999999,0.0009269950684931504,0.127,0.004109580821917809,0.147,0.011011709589041095,0.1691,0.028594810000000002
2014-06-20,5,0,True,0.0,0.012244261428571428,143.26,-4.325999999999999,0.1033,0.00026311783561643834,0.1085,0.0009675821917808218,0.12869999999999998,0.004220337452054793,0.1482,0.011192226410958904,0.1709,0.02920681
2014-06-23,5,0,True,0.0,0.012702647142857144,139.41,-3.941,0.1027,0.0002600701643835616,0.10980000000000001,0.000990907397260274,0.1292,0.004253193205479453,0.149,0.011313386301369863,0.172,0.029583999999999996
2014-06-24,5,0,True,0.0,0.014837838571428572,134.65,-3.4650000000000007,0.1201,0.0003556605205479452,0.1213,0.0012093443835616438,0.1338,0.004561443616438357,0.1519,0.011758058794520548,0.17579999999999998,0.030905639999999995
2014-06-25,5,0,True,0.0,0.013899781428571428,131.82,-3.1819999999999995,0.11109999999999999,0.0003043531232876712,0.1159,0.0011040665753424656,0.1311,0.004379206931506849,0.1492,0.011343778191780821,0.1736,0.03013696
2014-06-26,5,0,True,0.0,0.013888660000000004,132.81,-3.281,0.11259999999999999,0.00031262695890410953,0.11630000000000001,0.0011117005479452057,0.1307,0.00435252484931507,0.149,0.011313386301369863,0.1722,0.029652839999999996
2014-06-27,5,0,True,0.0,0.013251549999999997,135.36,-3.5360000000000014,0.1065,0.0002796719178082192,0.11259999999999999,0.0010420898630136984,0.1282,0.004187609095890412,0.1478,0.01113189106849315,0.17149999999999999,0.029412249999999994
2014-06-30,5,0,True,0.0,0.01377631857142857,139.35,-3.9349999999999996,0.1117,0.0003076493424657534,0.1157,0.0011002594520547943,0.1301,0.004312654602739726,0.1474,0.01107171879452055,0.1716,0.02944656
2014-07-01,5,0,True,0.0,0.013431678571428572,139.36,-3.9360000000000013,0.1005,0.00024904726027397264,0.1115,0.0010218287671232877,0.1274,0.004135508712328768,0.1451,0.010728892767123289,0.1707,0.029138489999999996
2014-07-02,5,0,True,0.0,0.01292164,140.37,-4.037000000000001,0.0942,0.00021880208219178082,0.1082,0.0009622389041095891,0.1249,0.003974797068493151,0.1425,0.010347842465753423,0.168,0.028224000000000003
2014-07-03,5,0,True,0.0,0.012088988571428573,142.28,-4.228,0.08539999999999999,0.00017983134246575338,0.1032,0.0008753621917808219,0.12240000000000001,0.0038172703561643842,0.1404,0.010045100712328767,0.16570000000000001,0.027456490000000004
2014-07-07,5,0,True,0.0,0.01364037571428571,137.76,-3.775999999999999,0.1047,0.0002702981095890411,0.1133,0.0010550868493150684,0.12869999999999998,0.004220337452054793,0.145,0.010714109589041095,0.16940000000000002,0.028696360000000008
2014-07-08,5,0,True,0.0,0.014696217142857144,134.2,-3.419999999999999,0.1164,0.00033408394520547947,0.1198,0.0011796197260273973,0.1321,0.0044462688493150685,0.14800000000000002,0.011162038356164387,0.1714,0.029377959999999998
2014-07-09,5,0,True,0.0,0.014681911428571429,135.8,-3.580000000000001,0.1048,0.0002708146849315069,0.1165,0.001115527397260274,0.12990000000000002,0.004299405287671234,0.1463,0.0109070858630137,0.1698,0.028832040000000003
2014-07-10,5,0,True,0.0,0.016390025714285716,134.43,-3.4430000000000005,0.1208,0.0003598185205479452,0.1259,0.0013028063013698632,0.1365,0.004747395205479453,0.1514,0.011680779616438357,0.1728,0.029859840000000002
2014-07-11,5,0,True,0.0,0.015518521428571429,138.74,-3.874000000000001,0.1115,0.0003065486301369863,0.1208,0.0011993950684931506,0.1328,0.004493515397260274,0.1483,0.011207335726027397,0.17129999999999998,0.02934368999999999
2014-07-14,5,0,True,0.0,0.01512529714285714,139.94,-3.9939999999999998,0.10619999999999999,0.00027809852054794514,0.1182,0.0011483210958904107,0.1293,0.004259779643835617,0.1451,0.010728892767123289,0.1689,0.028527209999999997
2014-07-15,5,0,True,0.0,0.015173097142857146,136.92,-3.691999999999999,0.1108,0.0003027116712328767,0.11960000000000001,0.001175684383561644,0.1316,0.004412674191780822,0.1467,0.010966809698630137,0.17059999999999997,0.029104359999999992
2014-07-16,5,0,True,0.0,0.012774245714285712,134.86,-3.4860000000000015,0.1026,0.00025956394520547946,0.11,0.0009945205479452053,0.1263,0.0040644032054794514,0.1437,0.010522855726027397,0.168,0.028224000000000003
2014-07-17,5,0,True,0.0,0.018912532857142856,131.65,-3.1650000000000005,0.1623,0.0006495112602739726,0.1454,0.0017376295890410957,0.1497,0.005709968136986302,0.1553,0.012290314356164383,0.18170000000000003,0.03301489000000001
2014-07-18,5,0,True,0.0,0.014554692857142856,141.19,-4.119,0.12050000000000001,0.00035803356164383567,0.1206,0.0011954268493150684,0.1336,0.004547817205479452,0.1472,0.011041693808219179,0.17120000000000002,0.029309440000000006
2014-07-21,5,0,True,0.0,0.016255049999999997,138.75,-3.875,0.1295,0.00041351301369863013,0.1281,0.0013487350684931504,0.138,0.0048523068493150695,0.15,0.011465753424657533,0.17379999999999998,0.030206439999999994
2014-07-22,5,0,True,0.0,0.015695160000000003,136.37,-3.6370000000000005,0.11539999999999999,0.0003283683287671232,0.12240000000000001,0.0012313775342465754,0.135,0.004643630136986302,0.1478,0.01113189106849315,0.17489999999999997,0.03059000999999999
2014-07-23,5,0,True,0.0,0.013931961428571426,132.55,-3.2550000000000012,0.10830000000000001,0.00028920550684931513,0.1152,0.001090770410958904,0.1338,0.004561443616438357,0.1482,0.011192226410958904,0.1729,0.02989441
2014-07-24,5,0,True,0.0,0.014953325714285714,133.8,-3.3800000000000012,0.10880000000000001,0.00029188208219178087,0.1184,0.0011522104109589041,0.13449999999999998,0.004609296575342464,0.1497,0.011419936273972604,0.17489999999999997,0.03059000999999999
2014-07-25,5,0,True,0.0,0.016997202857142853,135.26,-3.525999999999999,0.1184,0.00034566312328767126,0.12689999999999999,0.0013235843835616436,0.14,0.004993972602739727,0.15380000000000002,0.012054043397260277,0.1772,0.03139984
2014-07-28,5,0,True,0.0,0.016344211428571436,135.02,-3.502000000000001,0.1202,0.0003562530410958904,0.12560000000000002,0.0012966049315068498,0.1392,0.004937061698630137,0.1534,0.011991425095890414,0.17739999999999997,0.03147075999999999
2014-07-29,5,0,True,0.0,0.01741801857142857,132.35,-3.2349999999999994,0.13470000000000001,0.0004473885205479453,0.1328,0.001449521095890411,0.1422,0.005152159232876712,0.1564,0.012465037150684933,0.1793,0.032148489999999995
2014-07-30,5,0,True,0.0,0.017814524285714284,130.54,-3.0539999999999994,0.1329,0.0004355114794520547,0.1333,0.0014604567123287669,0.1426,0.0051811854246575344,0.1557,0.012353707232876713,0.1784,0.031826560000000004
2014-07-31,5,0,True,0.0,0.024596009999999998,128.71,-2.871000000000001,0.1959,0.0009462775068493149,0.16949999999999998,0.0023613904109589037,0.1638,0.006836249095890411,0.171,0.014900893150684933,0.1895,0.03591025
2014-08-01,5,0,True,0.0,0.025943838571428568,128.93,-2.8930000000000007,0.19010000000000002,0.0008910742191780823,0.1703,0.0023837334246575343,0.1678,0.007174208547945206,0.175,0.015606164383561643,0.1938,0.03755844
2014-08-04,5,0,True,0.0,0.023182761428571425,126.86,-2.686,0.1487,0.0005452197534246575,0.1512,0.0018790224657534245,0.15810000000000002,0.006368744465753426,0.16879999999999998,0.014519944767123283,0.1886,0.03556996
2014-08-05,5,0,True,0.0,0.028007311428571435,124.62,-2.4620000000000006,0.1718,0.0007277730410958904,0.16870000000000002,0.0023391526027397263,0.1714,0.007485343232876712,0.1801,0.016529035232876712,0.1971,0.03884841
2014-08-06,5,0,True,0.0,0.02696545,124.41,-2.441,0.1625,0.0006511130136986302,0.1637,0.0022025498630136985,0.1693,0.007303045397260274,0.17920000000000003,0.01636424942465754,0.1986,0.03944196
2014-08-07,5,0,True,0.0,0.027612331428571422,124.68,-2.468000000000001,0.16760000000000003,0.0006926242191780823,0.1666,0.0022812789041095887,0.1722,0.007555381150684931,0.1813,0.016750033808219177,0.20170000000000002,0.040682890000000006
2014-08-08,5,0,True,0.0,0.025376752857142863,120.36,-2.036,0.1539,0.0005840188767123288,0.1577,0.0020440512328767126,0.16690000000000002,0.007097456794520549,0.1766,0.01589283879452055,0.19399999999999998,0.03763599999999999
2014-08-11,5,0,True,0.0,0.019489317142857145,124.24,-2.4239999999999995,0.1484,0.0005430220273972602,0.1423,0.0016643252054794522,0.1576,0.006328525150684931,0.17120000000000002,0.014935769424657538,0.1892,0.035796640000000005
2014-08-12,5,0,True,0.0,0.019524124285714286,123.69,-2.3689999999999998,0.1449,0.0005177098356164383,0.1413,0.001641015616438356,0.157,0.006280430136986302,0.17149999999999999,0.0149881602739726,0.1894,0.035872360000000006
2014-08-13,5,0,True,0.0,0.016936418571428573,126.93,-2.6930000000000005,0.1263,0.00039332934246575333,0.129,0.0013677534246575342,0.1485,0.005618792465753425,0.1653,0.01392405682191781,0.1856,0.034447359999999996
2014-08-14,5,0,True,0.0,0.01556331,132.46,-3.246000000000001,0.1229,0.000372437506849315,0.1242,0.0012678608219178081,0.14429999999999998,0.005305456356164383,0.1611,0.013225471397260272,0.18359999999999999,0.033708959999999996
2014-08-15,5,0,True,0.0,0.015890260000000003,135.43,-3.5430000000000006,0.1434,0.0005070466849315068,0.1315,0.0014212808219178084,0.1442,0.005298105534246575,0.16219999999999998,0.013406696547945202,0.1832,0.03356224
2014-08-18,5,0,True,0.0,0.01543956142857143,138.46,-3.846000000000001,0.1207,0.0003592230410958904,0.1232,0.0012475265753424658,0.1391,0.004929970767123288,0.1564,0.012465037150684933,0.1791,0.032076810000000004
2014-08-19,5,0,True,0.0,0.01611201428571429,138.69,-3.8689999999999998,0.11,0.0002983561643835616,0.12210000000000001,0.0012253487671232879,0.1379,0.00484527706849315,0.1561,0.012417263178082191,0.17850000000000002,0.03186225000000001
2014-08-20,5,0,True,0.0,0.014825199999999993,135.46,-3.5460000000000007,0.10800000000000001,0.00028760547945205485,0.11779999999999999,0.0011405621917808216,0.1376,0.004824218301369863,0.1559,0.01238546482191781,0.1778,0.03161284
2014-08-21,5,0,True,0.0,0.014627502857142854,135.75,-3.575,0.1094,0.00029511024657534246,0.1176,0.0011366926027397259,0.1353,0.004664291424657535,0.155,0.012242876712328769,0.17670000000000002,0.03122289000000001
2014-08-22,5,0,True,0.0,0.014439854285714288,135.1,-3.5099999999999993,0.1008,0.00025053632876712327,0.11470000000000001,0.0010813224657534248,0.1351,0.0046505121369863015,0.1549,0.012227084547945207,0.177,0.031328999999999996
2014-08-25,5,0,True,0.0,0.014902439999999994,135.42,-3.541999999999999,0.1042,0.0002677226301369863,0.11699999999999999,0.0011251232876712325,0.13570000000000002,0.004691911150684933,0.1533,0.011975795999999999,0.17620000000000002,0.03104644000000001
2014-08-26,5,0,True,0.0,0.014915860000000001,133.54,-3.353999999999999,0.1014,0.00025352778082191784,0.11630000000000001,0.0011117005479452057,0.1371,0.0047892222739726025,0.1561,0.012417263178082191,0.177,0.031328999999999996
2014-08-27,5,0,True,0.0,0.015632109999999994,135.41,-3.5409999999999995,0.0989,0.0002411805205479452,0.11779999999999999,0.0011405621917808216,0.1392,0.004937061698630137,0.1568,0.012528878465753424,0.1796,0.032256160000000006
2014-08-28,5,0,True,0.0,0.016161117142857142,137.95,-3.794999999999999,0.10339999999999999,0.000263627506849315,0.12050000000000001,0.001193445205479452,0.1413,0.005087148410958905,0.1591,0.012899130575342465,0.18100000000000002,0.032761000000000005
2014-08-29,5,0,True,0.0,0.0162172,127.01,-2.7010000000000005,0.1,0.00024657534246575347,0.1198,0.0011796197260273973,0.1427,0.0051884547123287675,0.15990000000000001,0.013029177698630141,0.18109999999999998,0.03279720999999999
2014-09-02,5,0,True,0.0,0.016873111428571425,131.72,-3.1719999999999997,0.1032,0.00026260865753424656,0.1225,0.0012333904109589038,0.1446,0.005327539397260275,0.1612,0.013241895452054796,0.1813,0.03286968999999999
2014-09-03,5,0,True,0.0,0.01679756142857142,131.55,-3.155000000000001,0.10830000000000001,0.00028920550684931513,0.12359999999999999,0.0012556405479452052,0.1439,0.005276083643835617,0.16079999999999997,0.01317626038356164,0.1804,0.03254416
2014-09-04,5,0,True,0.0,0.016856799999999998,130.15,-3.0150000000000006,0.11800000000000001,0.0003433315068493151,0.1264,0.001313174794520548,0.1454,0.005386651726027397,0.1616,0.013307693589041096,0.1833,0.03359889
2014-09-05,5,0,True,0.0,0.01636089,137.49,-3.749000000000001,0.1027,0.0002600701643835616,0.1209,0.0012013816438356164,0.1408,0.005051209643835617,0.1588,0.01285053106849315,0.179,0.032041
2014-09-08,5,0,True,0.0,0.016673549999999992,132.91,-3.2909999999999995,0.12050000000000001,0.00035803356164383567,0.1266,0.0013173336986301366,0.1439,0.005276083643835617,0.1618,0.013340653808219178,0.1816,0.032978560000000004
2014-09-09,5,0,True,0.0,0.018420475714285716,136.88,-3.6879999999999997,0.1333,0.0004381370136986301,0.135,0.0014979452054794521,0.1484,0.005611227616438356,0.1635,0.013622461643835617,0.18460000000000001,0.03407716
2014-09-10,5,0,True,0.0,0.01674316,130.53,-3.053,0.1274,0.00040021052054794526,0.1288,0.0013635156164383561,0.1463,0.00545354293150685,0.1628,0.013506066410958905,0.1833,0.03359889
2014-09-11,5,0,True,0.0,0.01716207571428571,132.72,-3.272,0.1207,0.0003592230410958904,0.128,0.0013466301369863011,0.14679999999999999,0.00549088306849315,0.16260000000000002,0.013472902356164386,0.183,0.033489
2014-09-12,5,0,True,0.0,0.01774979714285714,127.37,-2.7370000000000005,0.1328,0.0004348563287671233,0.1331,0.0014560775342465752,0.15039999999999998,0.005763492821917807,0.16519999999999999,0.013907214904109587,0.1845,0.03404025
2014-09-15,5,0,True,0.0,0.018488932857142853,127.09,-2.7090000000000005,0.1527,0.0005749468767123288,0.1412,0.0016386936986301367,0.1558,0.0061847904657534244,0.16879999999999998,0.014519944767123283,0.1869,0.03493161
2014-09-16,5,0,True,0.0,0.015671667142857143,126.81,-2.681,0.1321,0.0004302840821917808,0.1273,0.0013319416438356164,0.1485,0.005618792465753425,0.1635,0.013622461643835617,0.18359999999999999,0.033708959999999996
2014-09-17,5,0,True,0.0,0.016882809999999998,138.13,-3.8129999999999997,0.11810000000000001,0.0003439136712328768,0.1265,0.0013152534246575341,0.1462,0.005446090191780822,0.1618,0.013340653808219178,0.1822,0.03319684
2014-09-18,5,0,True,0.0,0.015441449999999997,142.1,-4.209999999999999,0.1105,0.0003010746575342466,0.12029999999999999,0.0011894868493150684,0.1423,0.005159408136986302,0.1598,0.013012886136986302,0.18059999999999998,0.03261636
2014-09-19,5,0,True,0.0,0.016305952857142855,146.08,-4.608000000000001,0.1041,0.0002672090136986301,0.1211,0.001205359726027397,0.1438,0.005268753205479453,0.16079999999999997,0.01317626038356164,0.1815,0.03294225
2014-09-22,5,0,True,0.0,0.019009231428571426,139.85,-3.9849999999999994,0.1346,0.0004467244931506849,0.1369,0.001540406301369863,0.15259999999999999,0.005933338849315068,0.16879999999999998,0.014519944767123283,0.18600000000000003,0.03459600000000001
2014-09-23,5,0,True,0.0,0.021413842857142852,132.46,-3.246000000000001,0.156,0.0006000657534246575,0.1493,0.0018320950684931503,0.1607,0.006579938547945206,0.17309999999999998,0.01526912728767123,0.1893,0.03583449
2014-09-24,5,0,True,0.0,0.018035324285714277,126.9,-2.6900000000000004,0.12890000000000001,0.0004096901095890412,0.13269999999999998,0.0014473389041095887,0.1522,0.005902274301369863,0.1674,0.014280091397260273,0.1848,0.034151039999999994
2014-09-25,5,0,True,0.0,0.02405493142857144,132.24,-3.224000000000001,0.1594,0.0006265075068493149,0.1564,0.002010489863013699,0.1659,0.007012661178082191,0.177,0.01596491506849315,0.192,0.036864
2014-09-26,5,0,True,0.0,0.02180886,130.49,-3.049000000000001,0.15039999999999998,0.0005577573698630136,0.1485,0.0018125136986301368,0.1602,0.006539056767123288,0.1745,0.015517113698630135,0.19,0.0361
2014-09-29,5,0,True,0.0,0.025357252857142853,131.67,-3.166999999999999,0.1611,0.0006399421643835616,0.1598,0.0020988526027397258,0.16820000000000002,0.0072084529315068506,0.1801,0.016529035232876712,0.1955,0.038220250000000004
2014-09-30,5,0,True,0.0,0.025963831428571418,127.73,-2.7730000000000006,0.16760000000000003,0.0006926242191780823,0.1631,0.0021864336986301366,0.17079999999999998,0.007433028821917807,0.183,0.017065627397260273,0.1959,0.03837681
2014-10-01,5,0,True,0.0,0.027908082857142854,123.17,-2.317,0.1672,0.0006893220821917808,0.1671,0.002294992602739726,0.17620000000000002,0.00791046279452055,0.18719999999999998,0.017857956821917806,0.1999,0.03996001
2014-10-02,5,0,True,0.0,0.02643087571428571,125.35,-2.5349999999999993,0.1593,0.0006257216712328767,0.1616,0.0021464021917808216,0.1724,0.007572941589041096,0.1844,0.017327739616438357,0.1993,0.039720490000000004
2014-10-03,5,0,True,0.0,0.02201037428571429,122.53,-2.253,0.1386,0.0004736702465753425,0.14550000000000002,0.0017400205479452058,0.1604,0.006555394191780821,0.1764,0.01585686180821918,0.19210000000000002,0.03690241000000001
2014-10-06,5,0,True,0.0,0.024098967142857145,126.96,-2.6959999999999993,0.1531,0.0005779629863013699,0.15460000000000002,0.0019644789041095892,0.1655,0.006978885616438357,0.179,0.016327742465753425,0.19399999999999998,0.03763599999999999
2014-10-07,5,0,True,0.0,0.030022428571428564,120.85,-2.0849999999999995,0.16899999999999998,0.0007042438356164383,0.172,0.002431561643835616,0.17679999999999998,0.0079644282739726,0.1873,0.01787704093150685,0.2022,0.04088484
2014-10-08,5,0,True,0.0,0.02349309571428571,128.08,-2.808000000000001,0.1459,0.0005248802465753424,0.15109999999999998,0.0018765378082191775,0.1628,0.006753033205479452,0.17739999999999997,0.0160371544109589,0.1938,0.03755844
2014-10-09,5,0,True,0.0,0.030244325714285716,123.58,-2.3579999999999997,0.2162,0.0011525533150684932,0.18760000000000002,0.002892637808219178,0.1809,0.008338102273972603,0.1911,0.01860978920547945,0.2162,0.04674244
2014-10-10,5,0,True,0.0,0.03715226619047621,130.82,-3.0819999999999994,0.2195,0.0011880061643835616,0.21239999999999998,0.0037079802739726016,0.1993,0.010120563205479454,0.20559999999999998,0.021541021808219176,0.24739999999999998,0.06120675999999999
2014-10-13,5,0,True,0.0,0.04331824000000001,130.36,-3.0360000000000014,0.2722,0.0018269467397260273,0.2464,0.004990106301369863,0.2212,0.012466953205479454,0.2232,0.025386829150684936,0.2343,0.054896490000000006
2014-10-14,5,0,True,0.0,0.04268163285714286,127.78,-2.778,0.24609999999999999,0.0014933887397260272,0.2279,0.004268910410958904,0.2137,0.011635877178082192,0.21660000000000001,0.023907655232876718,0.2245,0.05040025
2014-10-15,5,0,True,0.0,0.05094542571428571,111.31,-1.1310000000000002,0.31120000000000003,0.002387969753424658,0.2625,0.005663527397260274,0.2382,0.014456847452054795,0.2353,0.028213952712328773,0.247,0.061009
2014-10-16,5,0,True,0.0,0.0468352261904762,127.97,-2.7969999999999997,0.3048,0.002290759890410959,0.252,0.005219506849315068,0.2285,0.013303395205479454,0.2296,0.026863577424657534,0.23329999999999998,0.054428889999999994
2014-10-17,5,0,True,0.0,0.04363255476190476,131.71,-3.1710000000000007,0.23809999999999998,0.0013978753150684928,0.21989999999999998,0.003974466575342465,0.2125,0.01150556506849315,0.2162,0.023819435178082195,0.22769999999999999,0.05184728999999999
2014-10-20,5,0,True,0.0,0.033050592857142846,120.62,-2.0620000000000003,0.1945,0.0009328006849315069,0.1857,0.002834341643835616,0.1967,0.00985822676712329,0.20600000000000002,0.02162492054794521,0.2157,0.046526490000000004
2014-10-21,5,0,True,0.0,0.02543929714285713,129.18,-2.9180000000000006,0.1638,0.0006615724931506849,0.16079999999999997,0.002125203287671232,0.1787,0.008136529232876713,0.1928,0.018942362301369864,0.20550000000000002,0.042230250000000004
2014-10-22,5,0,True,0.0,0.031172860000000004,127.04,-2.7040000000000006,0.18359999999999999,0.0008311798356164383,0.1787,0.0026246868493150686,0.1906,0.00925626706849315,0.20129999999999998,0.020649409150684927,0.212,0.044944
2014-10-23,5,0,True,0.0,0.027897797142857138,128.77,-2.877000000000001,0.1612,0.0006407368767123288,0.1653,0.002245815616438356,0.1822,0.00845837293150685,0.1945,0.01927788082191781,0.20829999999999999,0.04338888999999999
2014-10-24,5,0,True,0.0,0.02773925999999999,125.57,-2.5569999999999995,0.1476,0.0005371831232876713,0.1611,0.0021331405479452052,0.17920000000000003,0.00818212471232877,0.19190000000000002,0.01876592728767124,0.20420000000000002,0.04169764000000001
2014-10-27,5,0,True,0.0,0.025659309999999994,123.77,-2.377,0.1609,0.0006383542191780821,0.1604,0.0021146432876712326,0.17859999999999998,0.008127425424657534,0.1917,0.01872683161643836,0.2026,0.04104676
2014-10-28,5,0,True,0.0,0.02070721,127.56,-2.7560000000000002,0.1439,0.0005105887397260274,0.1439,0.0017019624657534245,0.1646,0.0069031887123287665,0.18230000000000002,0.016935320383561648,0.1985,0.03940225000000001
2014-10-29,5,0,True,0.0,0.023274214285714287,124.18,-2.4180000000000006,0.149,0.0005474219178082192,0.1515,0.001886486301369863,0.1689,0.007268576794520547,0.1863,0.017686658465753426,0.20170000000000002,0.040682890000000006
2014-10-30,5,0,True,0.0,0.021718628571428564,121.02,-2.1019999999999994,0.14,0.0004832876712328768,0.1452,0.0017328526027397258,0.1674,0.007140045698630137,0.1843,0.017308951068493148,0.1996,0.03984016
2014-10-31,5,0,True,0.0,0.01995841428571428,124.75,-2.475,0.138,0.00046957808219178084,0.14029999999999998,0.0016178704109589036,0.16510000000000002,0.006945191589041099,0.1816,0.01680551276712329,0.1968,0.03873024
2014-11-03,5,0,True,0.0,0.021646718571428577,124.64,-2.464,0.1477,0.0005379112602739726,0.14730000000000001,0.0017833389041095893,0.1681,0.007199884191780822,0.1833,0.0171216261369863,0.1993,0.039720490000000004
2014-11-04,5,0,True,0.0,0.022273038571428573,124.19,-2.4189999999999996,0.1481,0.0005408287397260274,0.1489,0.0018222912328767122,0.1693,0.007303045397260274,0.18600000000000003,0.01762974246575343,0.2021,0.04084441
2014-11-05,5,0,True,0.0,0.021046021428571426,125.66,-2.566,0.1335,0.0004394527397260274,0.1417,0.001650319726027397,0.16570000000000001,0.006995763205479453,0.18350000000000002,0.0171590095890411,0.1996,0.03984016
2014-11-06,5,0,True,0.0,0.019837449999999996,124.93,-2.4930000000000008,0.1265,0.00039457602739726024,0.1367,0.0015359087671232873,0.16260000000000002,0.006736451178082193,0.1812,0.016731561205479452,0.1978,0.03912484
2014-11-07,5,0,True,0.0,0.019281618571428568,127.08,-2.7079999999999997,0.11130000000000001,0.00030544989041095895,0.13119999999999998,0.0014148032876712326,0.1583,0.0063848678630136985,0.1779,0.01612768290410959,0.19579999999999997,0.03833763999999999
2014-11-10,5,0,True,0.0,0.017440882857142855,130.51,-3.0509999999999993,0.11320000000000001,0.00031596756164383567,0.1267,0.001319415616438356,0.15039999999999998,0.005763492821917807,0.1736,0.015357464547945206,0.19219999999999998,0.036940839999999996
2014-11-11,5,0,True,0.0,0.01813927428571429,127.11,-2.711,0.11539999999999999,0.0003283683287671232,0.1292,0.0013719978082191782,0.1536,0.006011356931506849,0.1727,0.015198640931506848,0.1924,0.03701776
2014-11-12,5,0,True,0.0,0.01865725285714285,125.71,-2.5709999999999993,0.1139,0.0003198873698630137,0.13019999999999998,0.001393318356164383,0.1574,0.006312473095890412,0.17489999999999997,0.015588333863013695,0.1928,0.03717184
2014-11-13,5,0,True,0.0,0.021025689999999996,128.96,-2.896000000000001,0.1197,0.0003532953698630137,0.1379,0.0015629926027397258,0.1589,0.006433360356164385,0.1777,0.01609144093150685,0.1957,0.038298490000000004
2014-11-14,5,0,True,0.0,0.019787049999999997,128.68,-2.8680000000000008,0.11349999999999999,0.00031764452054794515,0.1331,0.0014560775342465752,0.15960000000000002,0.00649016679452055,0.1773,0.016019079287671236,0.1936,0.03748096
2014-11-17,5,0,True,0.0,0.022370739999999997,123.69,-2.3689999999999998,0.1142,0.0003215746849315068,0.1399,0.0016086583561643831,0.1593,0.006465790602739726,0.17800000000000002,0.016145819178082194,0.1943,0.03775249
2014-11-18,5,0,True,0.0,0.021784795714285713,132.03,-3.2030000000000003,0.1149,0.00032552901369863014,0.1386,0.0015789008219178082,0.157,0.006280430136986302,0.1764,0.01585686180821918,0.1929,0.03721040999999999
2014-11-19,5,0,True,0.0,0.022250954285714285,124.66,-2.4659999999999997,0.1142,0.0003215746849315068,0.1396,0.0016017665753424656,0.1597,0.006498302383561645,0.1791,0.01634599084931507,0.1949,0.037986009999999994
2014-11-20,5,0,True,0.0,0.021243995714285712,136.35,-3.6349999999999993,0.1091,0.00029349394520547945,0.1358,0.0015157512328767123,0.16010000000000002,0.006530895698630139,0.1791,0.01634599084931507,0.19510000000000002,0.03806401000000001
2014-11-21,5,0,True,0.0,0.01909275,138.46,-3.846000000000001,0.1045,0.00026926643835616435,0.129,0.0013677534246575342,0.15789999999999998,0.006352641452054794,0.1775,0.016055239726027397,0.1945,0.03783025
2014-11-24,5,0,True,0.0,0.01742394999999999,140.18,-4.018000000000001,0.1115,0.0003065486301369863,0.12619999999999998,0.001309022465753424,0.1555,0.006160995205479453,0.1761,0.015802972767123287,0.19260000000000002,0.03709476000000001
2014-11-25,5,0,True,0.0,0.016429381428571425,140.11,-4.011000000000001,0.1081,0.0002881383287671233,0.1225,0.0012333904109589038,0.15410000000000001,0.006050557068493152,0.1764,0.01585686180821918,0.1937,0.03751969
2014-11-26,5,0,True,0.0,0.015512654285714286,139.86,-3.9860000000000015,0.1112,0.00030490126027397257,0.1207,0.0011974101369863013,0.1532,0.005980088547945205,0.17579999999999998,0.015749175452054794,0.1938,0.03755844
2014-11-28,5,0,True,0.0,0.018163539999999995,131.89,-3.1889999999999987,0.1298,0.00041543112328767116,0.1333,0.0014604567123287669,0.1593,0.006465790602739726,0.1794,0.01640079715068493,0.1943,0.03775249
2014-12-01,5,0,True,0.0,0.019999004285714283,127.95,-2.7950000000000004,0.1463,0.0005277622191780822,0.1429,0.0016783898630136984,0.1674,0.007140045698630137,0.18359999999999999,0.017177716602739725,0.1986,0.03944196
2014-12-02,5,0,True,0.0,0.01681729,121.64,-2.164,0.1257,0.00038960112328767125,0.1285,0.0013571712328767122,0.15960000000000002,0.00649016679452055,0.17859999999999998,0.016254850849315067,0.1942,0.03771364000000001
2014-12-03,5,0,True,0.0,0.015877317142857145,134.44,-3.444,0.1216,0.0003646001095890411,0.1247,0.001278089589041096,0.1555,0.006160995205479453,0.1757,0.015731263397260272,0.1913,0.03659569
2014-12-04,5,0,True,0.0,0.01584629714285714,128.73,-2.872999999999999,0.1188,0.00034800263013698635,0.12380000000000001,0.001259707397260274,0.1564,0.006232518575342467,0.17559999999999998,0.015713361534246573,0.1923,0.03697929
2014-12-05,5,0,True,0.0,0.015052199999999996,131.41,-3.1409999999999996,0.107,0.00028230410958904106,0.1182,0.0011483210958904107,0.1555,0.006160995205479453,0.1752,0.015641856,0.1925,0.03705625
2014-12-08,5,0,True,0.0,0.01858969,137.62,-3.7620000000000005,0.1547,0.0005901063287671233,0.1421,0.0016596501369863014,0.1678,0.007174208547945206,0.18530000000000002,0.017497295178082194,0.19920000000000002,0.03968064
2014-12-09,5,0,True,0.0,0.021680032857142855,136.69,-3.6689999999999996,0.1527,0.0005749468767123288,0.1489,0.0018222912328767122,0.1689,0.007268576794520547,0.18469999999999998,0.017384166410958902,0.2006,0.04024036
2014-12-10,5,0,True,0.0,0.02885195285714286,130.88,-3.0879999999999996,0.21710000000000002,0.0011621690136986303,0.18530000000000002,0.002822144383561644,0.19140000000000001,0.009334132273972605,0.20120000000000002,0.020628898191780827,0.21170000000000003,0.04481689000000001
2014-12-11,5,0,True,0.0,0.036706925714285694,130.73,-3.072999999999999,0.2208,0.001202119890410959,0.20079999999999998,0.003314025205479451,0.2072,0.010938797589041096,0.21489999999999998,0.023533846191780818,0.21989999999999998,0.04835600999999999
2014-12-12,5,0,True,0.0,0.03916409714285713,131.47,-3.147,0.2382,0.0013990497534246574,0.2108,0.003652326575342465,0.21,0.011236438356164382,0.2164,0.023863524821917812,0.2286,0.05225796
2014-12-15,5,0,True,0.0,0.04037896000000001,135.12,-3.5120000000000005,0.2116,0.0011040302465753426,0.20420000000000002,0.0034272032876712334,0.21059999999999998,0.011300738301369863,0.22,0.024664109589041097,0.2266,0.05134756
2014-12-16,5,0,True,0.0,0.052248295714285714,131.21,-3.121000000000001,0.2425,0.0014500171232876711,0.2357,0.004566122465753424,0.2309,0.013584321452054795,0.2341,0.027926911397260275,0.2378,0.05654884
2014-12-17,5,0,True,0.0,0.04004016000000002,125.48,-2.5480000000000005,0.1804,0.0008024587397260274,0.19440000000000002,0.0031061391780821926,0.2043,0.010634738547945206,0.212,0.022902969863013697,0.21960000000000002,0.04822416000000001
2014-12-18,5,0,True,0.0,0.031406945714285706,126.24,-2.6239999999999997,0.1446,0.0005155683287671233,0.1681,0.0023225432876712326,0.1848,0.008701497863013698,0.1991,0.020200522356164385,0.2261,0.05112121
2014-12-19,5,0,True,0.0,0.03071946142857142,138.63,-3.8629999999999995,0.1377,0.00046753865753424654,0.1649,0.002234959726027397,0.18469999999999998,0.008692083205479451,0.1966,0.019696411397260274,0.2102,0.04418404
2014-12-22,5,0,True,0.0,0.026310785714285707,136.61,-3.6610000000000014,0.127,0.00039770136986301373,0.1525,0.0019114726027397257,0.1759,0.007883548849315069,0.1909,0.018570856602739723,0.2076,0.043097760000000006
2014-12-23,5,0,True,0.0,0.02601100000000001,136.93,-3.6930000000000005,0.111,0.0003038054794520548,0.14800000000000002,0.0018003287671232882,0.1794,0.008200398575342466,0.19190000000000002,0.01876592728767124,0.20850000000000002,0.04347225000000001
2014-12-24,5,0,True,0.0,0.024908592857142857,135.65,-3.5650000000000004,0.1035,0.0002641376712328767,0.1437,0.0016972347945205478,0.1726,0.007590522410958904,0.1918,0.018746374356164382,0.2064,0.04260096
2014-12-26,5,0,True,0.0,0.023771367142857137,135.03,-3.503,0.1209,0.0003604144931506849,0.145,0.0017280821917808216,0.1716,0.007502822136986302,0.18960000000000002,0.018318788383561647,0.20379999999999998,0.04153443999999999
2014-12-29,5,0,True,0.0,0.025389767142857147,127.6,-2.7599999999999993,0.12789999999999999,0.00040335805479452047,0.1506,0.001864139178082192,0.1727,0.007599320465753424,0.18789999999999998,0.017991759616438355,0.20329999999999998,0.041330889999999995
2014-12-30,5,0,True,0.0,0.02797378857142857,136.39,-3.6389999999999985,0.1386,0.0004736702465753425,0.1592,0.002083121095890411,0.1802,0.008273697863013699,0.1934,0.0190604442739726,0.20559999999999998,0.042271359999999994
2014-12-31,5,0,True,0.0,0.03727275,133.84,-3.3840000000000003,0.1895,0.0008854582191780821,0.192,0.003029917808219178,0.1974,0.00992851693150685,0.20420000000000002,0.02124866038356165,0.2134,0.04553956
2015-01-02,5,0,True,0.0,0.033586547142857144,128.66,-2.8659999999999997,0.16469999999999999,0.0006688624931506848,0.1779,0.0026012391780821918,0.1946,0.009648854465753426,0.2024,0.020875702356164382,0.2122,0.04502884
2015-01-05,5,0,True,0.0,0.040473664285714285,127.79,-2.779000000000001,0.1945,0.0009328006849315069,0.19920000000000002,0.003261422465753425,0.2079,0.011012833232876714,0.214,0.023337139726027398,0.2198,0.04831204
2015-01-06,5,0,True,0.0,0.045658589999999985,125.27,-2.5269999999999997,0.2053,0.0010392679726027399,0.2112,0.003666200547945205,0.21420000000000003,0.011690390465753429,0.2173,0.024062432712328767,0.2237,0.05004169000000001
2015-01-07,5,0,True,0.0,0.04000766714285714,123.56,-2.3560000000000003,0.1759,0.0007629240821917807,0.1931,0.0030647350684931502,0.20079999999999998,0.0102734781369863,0.20920000000000002,0.022301980931506853,0.2182,0.04761124
2015-01-08,5,0,True,0.0,0.03163994571428573,124.77,-2.4769999999999994,0.15039999999999998,0.0005577573698630136,0.17010000000000003,0.002378137808219179,0.1866,0.00887183309589041,0.1956,0.019496550575342466,0.20929999999999999,0.04380649
2015-01-09,5,0,True,0.0,0.03409864285714286,121.69,-2.1689999999999996,0.152,0.0005696876712328767,0.17550000000000002,0.002531527397260274,0.1932,0.009510521424657536,0.2016,0.020711003178082193,0.2155,0.046440249999999995
2015-01-12,5,0,True,0.0,0.04068400000000001,121.09,-2.1090000000000004,0.182,0.0008167561643835616,0.196,0.003157479452054795,0.2048,0.010686856767123288,0.20920000000000002,0.022301980931506853,0.2193,0.048092489999999995
2015-01-13,5,0,True,0.0,0.04387321857142856,122.2,-2.22,0.1963,0.0009501457808219179,0.20559999999999998,0.003474358356164383,0.2127,0.011527232794520548,0.2132,0.023162982575342467,0.2216,0.049106559999999994
2015-01-14,5,0,True,0.0,0.0426957519047619,132.66,-3.2659999999999996,0.21230000000000002,0.0011113468767123289,0.2148,0.0037922498630136984,0.20929999999999999,0.011161653616438356,0.2148,0.02351194915068493,0.22510000000000002,0.05067001000000001
2015-01-15,5,0,True,0.0,0.047482604285714304,120.77,-2.0769999999999995,0.2373,0.0013884975616438356,0.22390000000000002,0.004120373424657535,0.2211,0.012455683643835617,0.22030000000000002,0.02473142120547946,0.2235,0.049952250000000004
2015-01-16,5,0,True,0.0,0.04292648285714286,131.39,-3.1389999999999985,0.2148,0.0011376749589041095,0.2095,0.0036074178082191777,0.2115,0.01139753219178082,0.2159,0.023753377150684936,0.2208,0.04875264
2015-01-20,5,0,True,0.0,0.035886145714285715,123.63,-2.3629999999999995,0.2194,0.0011869239452054795,0.1989,0.003251606301369863,0.2087,0.011097751150684933,0.2109,0.022665914136986303,0.2157,0.046526490000000004
2015-01-21,5,0,True,0.0,0.03299480285714286,134.3,-3.430000000000001,0.2036,0.0010221277808219178,0.1885,0.002920458904109589,0.2004,0.010232588712328768,0.2072,0.02187759517808219,0.21350000000000002,0.04558225000000001
2015-01-22,5,0,True,0.0,0.02801986857142856,139.13,-3.9129999999999994,0.1558,0.000598528109589041,0.16399999999999998,0.0022106301369863007,0.18600000000000003,0.008814871232876715,0.1954,0.019456700712328766,0.20679999999999998,0.04276623999999999
2015-01-23,5,0,True,0.0,0.028569382857142854,132.09,-3.2090000000000005,0.16079999999999997,0.0006375609863013696,0.1666,0.0022812789041095887,0.19,0.009198082191780822,0.19820000000000002,0.020018308602739728,0.2076,0.043097760000000006
2015-01-26,5,0,True,0.0,0.024908110000000004,135.02,-3.502000000000001,0.1489,0.0005466873698630137,0.1552,0.001979756712328767,0.18030000000000002,0.008282883205479452,0.1936,0.019099886465753425,0.2039,0.04157521
2015-01-27,5,0,True,0.0,0.029146045714285706,128.43,-2.843000000000001,0.17559999999999998,0.0007603239452054792,0.1722,0.0024372197260273966,0.1911,0.009304894602739726,0.2007,0.0205264962739726,0.2102,0.04418404
2015-01-28,5,0,True,0.0,0.03935472571428573,123.76,-2.3760000000000003,0.21780000000000002,0.0011696755068493151,0.20440000000000003,0.0034339200000000005,0.2144,0.011712231452054796,0.2182,0.024262166136986302,0.2211,0.04888521
2015-01-29,5,0,True,0.0,0.03516158285714286,130.45,-3.044999999999999,0.18780000000000002,0.0008696426301369865,0.18760000000000002,0.002892637808219178,0.2,0.01019178082191781,0.2066,0.021751074410958905,0.21359999999999998,0.04562495999999999
2015-01-30,5,0,True,0.0,0.043612889999999994,125.36,-2.536,0.21170000000000003,0.0011050740000000002,0.2097,0.0036143087671232873,0.2182,0.012131083068493151,0.2187,0.0243734858630137,0.2234,0.04990756
2015-02-02,5,0,True,0.0,0.03781903857142857,129.98,-2.997999999999999,0.19390000000000002,0.0009270544931506851,0.1943,0.0031029443835616437,0.2091,0.011140332410958905,0.2121,0.022924581534246577,0.2206,0.04866436
2015-02-03,5,0,True,0.0,0.031179631428571414,129.78,-2.978,0.1654,0.000674560109589041,0.17329999999999998,0.0024684567123287662,0.1949,0.009678627205479452,0.20370000000000002,0.02114472969863014,0.2133,0.04549689
2015-02-04,5,0,True,0.0,0.03490339714285713,126.2,-2.62,0.1748,0.0007534119452054796,0.1833,0.0027615526027397258,0.2043,0.010634738547945206,0.2095,0.022365990410958905,0.21850000000000003,0.047742250000000014
2015-02-05,5,0,True,0.0,0.030514810000000003,127.54,-2.7540000000000004,0.1531,0.0005779629863013699,0.1685,0.0023336095890410962,0.19269999999999998,0.009461358821917806,0.20309999999999997,0.02102034920547945,0.21420000000000003,0.045881640000000015
2015-02-06,5,0,True,0.0,0.03315323285714286,125.62,-2.5620000000000003,0.1493,0.0005496285205479451,0.1729,0.002457074794520548,0.19879999999999998,0.010069846356164381,0.2087,0.022195502301369865,0.2186,0.047785959999999995
2015-02-09,5,0,True,0.0,0.036946025714285714,129.85,-2.9849999999999994,0.16879999999999998,0.0007025779726027395,0.1855,0.002828239726027397,0.20670000000000002,0.010886067863013701,0.2145,0.02344631917808219,0.2231,0.049773609999999996
2015-02-10,5,0,True,0.0,0.0325087,126.51,-2.6510000000000007,0.152,0.0005696876712328767,0.1723,0.002440051232876712,0.1973,0.009918460191780823,0.2071,0.021856482904109593,0.21780000000000002,0.04743684000000001
2015-02-11,5,0,True,0.0,0.032352297142857145,128.39,-2.8389999999999986,0.14279999999999998,0.0005028124931506847,0.1696,0.0023641775342465752,0.1971,0.009898362,0.2065,0.021730023287671228,0.2168,0.047002239999999994
2015-02-12,5,0,True,0.0,0.02706924571428572,129.95,-2.9949999999999988,0.12359999999999999,0.0003766921643835616,0.1534,0.0019341008219178083,0.1834,0.008570156383561645,0.1979,0.019957754136986302,0.20980000000000001,0.044016040000000006
2015-02-13,5,0,True,0.0,0.02490097428571429,126.04,-2.6040000000000005,0.1176,0.00034100778082191775,0.1469,0.0017736665753424659,0.1813,0.008375016904109588,0.1943,0.01923825517808219,0.2073,0.042973290000000004
2015-02-17,5,0,True,0.0,0.02779417857142857,127.42,-2.742,0.1355,0.00045271849315068496,0.158,0.002051835616438356,0.1838,0.008607580602739726,0.1962,0.01961634476712329,0.2076,0.043097760000000006
2015-02-18,5,0,True,0.0,0.02751064285714286,135.0,-3.5,0.124,0.00037913424657534244,0.1545,0.0019619383561643835,0.1866,0.00887183309589041,0.1967,0.01971645353424658,0.2078,0.043180840000000005
2015-02-19,5,0,True,0.0,0.02687163142857142,131.3,-3.1300000000000012,0.1234,0.00037547408219178077,0.15289999999999998,0.001921513150684931,0.1801,0.008264517616438356,0.1962,0.01961634476712329,0.2096,0.043932160000000005
2015-02-20,5,0,True,0.0,0.023305960000000004,125.24,-2.5239999999999996,0.1174,0.0003398488767123288,0.14300000000000002,0.0016807397260273976,0.1729,0.007616931863013699,0.1911,0.01860978920547945,0.20679999999999998,0.04276623999999999
2015-02-23,5,0,True,0.0,0.023947702857142858,134.66,-3.4659999999999997,0.1216,0.0003646001095890411,0.1456,0.0017424131506849315,0.1754,0.007838794191780822,0.19039999999999999,0.01847370345205479,0.2053,0.042148090000000006
2015-02-24,5,0,True,0.0,0.021644431428571427,136.26,-3.625999999999999,0.1094,0.00029511024657534246,0.1369,0.001540406301369863,0.1671,0.0071144770684931505,0.1839,0.01723389879452055,0.20190000000000002,0.04076361000000001
2015-02-25,5,0,True,0.0,0.021556959999999997,136.33,-3.6330000000000013,0.1164,0.00033408394520547947,0.1384,0.0015743473972602738,0.16870000000000002,0.007251373068493152,0.18420000000000003,0.017290172712328772,0.20129999999999998,0.04052168999999999
2015-02-26,5,0,True,0.0,0.02209096857142857,126.2,-2.62,0.11380000000000001,0.0003193259178082192,0.1391,0.0015903131506849314,0.1685,0.007234189726027398,0.18469999999999998,0.017384166410958902,0.19920000000000002,0.03968064
2015-02-27,5,0,True,0.0,0.020606799999999995,126.4,-2.6400000000000006,0.106,0.0002770520547945205,0.1334,0.0014626487671232874,0.1689,0.007268576794520547,0.1841,0.017271404547945207,0.2006,0.04024036
2015-03-02,5,0,True,0.0,0.01924640714285714,126.01,-2.6010000000000004,0.1085,0.00029027465753424654,0.1304,0.0013976021917808217,0.1646,0.0069031887123287665,0.18,0.01651068493150685,0.1971,0.03884841
2015-03-03,5,0,True,0.0,0.021465252857142857,123.09,-2.309,0.11810000000000001,0.0003439136712328768,0.1386,0.0015789008219178082,0.1678,0.007174208547945206,0.18280000000000002,0.017028345863013702,0.2014,0.04056196
2015-03-04,5,0,True,0.0,0.022464768571428574,127.89,-2.789,0.12279999999999999,0.00037183167123287667,0.1423,0.0016643252054794522,0.1691,0.0072858009041095895,0.1839,0.01723389879452055,0.2004,0.04016016
2015-03-05,5,0,True,0.0,0.021823131428571427,127.26,-2.7260000000000004,0.1216,0.0003646001095890411,0.1404,0.0016201775342465751,0.1664,0.007054995287671233,0.1813,0.016750033808219177,0.2002,0.04008004
2015-03-06,5,0,True,0.0,0.024229595714285714,124.65,-2.4650000000000007,0.1431,0.0005049273698630137,0.152,0.001898958904109589,0.1751,0.007812002547945206,0.187,0.017819819178082192,0.2025,0.04100625000000001
2015-03-09,5,0,True,0.0,0.023758800000000004,124.16,-2.4159999999999995,0.142,0.0004971945205479451,0.1506,0.001864139178082192,0.17309999999999998,0.007634563643835615,0.1857,0.017572918191780824,0.2007,0.040280489999999995
2015-03-10,5,0,True,0.0,0.02781265428571429,123.53,-2.353,0.1672,0.0006893220821917808,0.16690000000000002,0.0022895021917808222,0.1826,0.008495552547945207,0.1943,0.01923825517808219,0.207,0.042849
2015-03-11,5,0,True,0.0,0.02858948285714286,123.72,-2.372,0.1678,0.0006942782465753425,0.16870000000000002,0.0023391526027397263,0.18530000000000002,0.008748647589041097,0.1967,0.01971645353424658,0.2077,0.04313929
2015-03-12,5,0,True,0.0,0.024273702857142858,121.53,-2.153,0.15039999999999998,0.0005577573698630136,0.1542,0.0019543265753424657,0.1739,0.007705294602739727,0.18710000000000002,0.017838882904109593,0.2028,0.041127840000000006
2015-03-13,5,0,True,0.0,0.026604464285714283,120.6,-2.0599999999999996,0.1525,0.0005734417808219178,0.16,0.0021041095890410957,0.1789,0.008154752136986302,0.1916,0.01870729906849315,0.20440000000000003,0.04177936000000001
2015-03-16,5,0,True,0.0,0.023632192857142856,122.83,-2.283,0.16149999999999998,0.0006431239726027395,0.1561,0.0020027843835616435,0.174,0.007714158904109589,0.1866,0.01774366619178082,0.1998,0.039920040000000004
2015-03-17,5,0,True,0.0,0.023052582857142852,125.44,-2.5439999999999996,0.1672,0.0006893220821917808,0.1566,0.0020156350684931504,0.1748,0.007785256767123289,0.188,0.01801091506849315,0.2014,0.04056196
2015-03-18,5,0,True,0.0,0.0196591642857143,128.51,-2.850999999999999,0.13849999999999998,0.00047298698630136973,0.13970000000000002,0.0016040621917808224,0.1643,0.006878048136986301,0.1795,0.016419086301369862,0.1978,0.03912484
2015-03-19,5,0,True,0.0,0.021159895714285705,127.95,-2.7950000000000004,0.12890000000000001,0.0004096901095890412,0.1407,0.0016271087671232874,0.1697,0.007337595534246575,0.184,0.017252646575342465,0.20149999999999998,0.04060224999999999
2015-03-20,5,0,True,0.0,0.019282932857142852,131.09,-3.1090000000000004,0.1073,0.0002838893424657534,0.13019999999999998,0.001393318356164383,0.1671,0.0071144770684931505,0.1816,0.01680551276712329,0.2003,0.040120090000000004
2015-03-23,5,0,True,0.0,0.019487404285714282,127.12,-2.7120000000000006,0.12029999999999999,0.0003568460547945205,0.1341,0.0014780391780821916,0.1653,0.006962028410958905,0.1818,0.016842549698630135,0.1943,0.03775249
2015-03-24,5,0,True,0.0,0.020079874285714283,126.82,-2.6819999999999995,0.12240000000000001,0.00036941326027397264,0.1362,0.0015246936986301367,0.1659,0.007012661178082191,0.18289999999999998,0.017046981534246573,0.19640000000000002,0.03857296000000001
2015-03-25,5,0,True,0.0,0.024050011428571418,122.96,-2.2959999999999994,0.1528,0.0005757001643835616,0.15439999999999998,0.001959399452054794,0.1757,0.007865631698630136,0.1909,0.018570856602739723,0.20149999999999998,0.04060224999999999
2015-03-26,5,0,True,0.0,0.02480086857142857,122.86,-2.286,0.1592,0.0006249363287671233,0.158,0.002051835616438356,0.1757,0.007865631698630136,0.18989999999999999,0.018376805095890406,0.20149999999999998,0.04060224999999999
2015-03-27,5,0,True,0.0,0.023195152857142853,121.8,-2.1799999999999997,0.1469,0.0005320999726027397,0.1507,0.001866615616438356,0.1739,0.007705294602739727,0.1877,0.017953479287671235,0.20079999999999998,0.04032063999999999
2015-03-30,5,0,True,0.0,0.02130103857142857,122.69,-2.2689999999999997,0.1431,0.0005049273698630137,0.1451,0.0017304665753424657,0.16920000000000002,0.007294420602739728,0.1845,0.017346538356164384,0.19820000000000002,0.039283240000000004
2015-03-31,5,0,True,0.0,0.02310129999999999,120.35,-2.0349999999999993,0.155,0.0005923972602739727,0.15289999999999998,0.001921513150684931,0.1754,0.007838794191780822,0.1912,0.01862927079452055,0.20379999999999998,0.04153443999999999
2015-04-01,5,0,True,0.0,0.02386440999999999,120.76,-2.0760000000000005,0.1429,0.0005035169589041096,0.15109999999999998,0.0018765378082191775,0.1734,0.0076610495342465754,0.191,0.018590317808219178,0.205,0.04202499999999999
2015-04-02,5,0,True,0.0,0.02245178142857143,119.92,-1.9920000000000002,0.1391,0.00047709394520547947,0.1467,0.0017688402739726027,0.1722,0.007555381150684931,0.1886,0.018126061808219178,0.20420000000000002,0.04169764000000001
2015-04-06,5,0,True,0.0,0.02244513142857143,120.05,-2.005,0.1416,0.0004943973698630137,0.1474,0.001785761095890411,0.16820000000000002,0.0072084529315068506,0.1858,0.017591849424657535,0.2021,0.04084441
2015-04-07,5,0,True,0.0,0.022926485714285707,121.34,-2.1340000000000003,0.139,0.0004764082191780823,0.1478,0.0017954663013698628,0.168,0.007191320547945207,0.1865,0.017724653424657535,0.2029,0.041168409999999996
2015-04-08,5,0,True,0.0,0.020898342857142857,124.24,-2.4239999999999995,0.128,0.00040398904109589036,0.1398,0.0016063594520547946,0.16399999999999998,0.006852953424657532,0.1834,0.01714031276712329,0.2005,0.04020025000000001
2015-04-09,5,0,True,0.0,0.018898809999999995,125.87,-2.5870000000000006,0.11410000000000001,0.0003210117534246576,0.1309,0.0014083405479452052,0.1602,0.006539056767123288,0.1782,0.016182122301369863,0.19760000000000003,0.03904576000000001
2015-04-10,5,0,True,0.0,0.018399138571428567,127.22,-2.722,0.09910000000000001,0.00024215695890410962,0.1258,0.001300737534246575,0.15460000000000002,0.006089884602739727,0.1747,0.015552703397260273,0.1948,0.03794704
2015-04-13,5,0,True,0.0,0.02107479571428571,117.46,-1.7459999999999993,0.1249,0.00038465778082191776,0.1394,0.0015971802739726025,0.1632,0.006786258410958905,0.1807,0.016639351068493152,0.1981,0.03924361
2015-04-14,5,0,True,0.0,0.020808768571428563,123.64,-2.364,0.11720000000000001,0.0003386919452054795,0.1367,0.0015359087671232873,0.1585,0.0064010116438356175,0.1793,0.01638251819178082,0.1977,0.039085289999999995
2015-04-15,5,0,True,0.0,0.018745881428571424,119.71,-1.9709999999999994,0.1059,0.0002765295616438356,0.1284,0.0013550597260273969,0.15689999999999998,0.0062724321369863004,0.1753,0.015659717095890414,0.1957,0.038298490000000004
2015-04-16,5,0,True,0.0,0.017736531428571428,120.37,-2.0370000000000004,0.1074,0.0002844187397260274,0.126,0.001304876712328767,0.1533,0.005987897999999999,0.1747,0.015552703397260273,0.1948,0.03794704
2015-04-17,5,0,True,0.0,0.02041881,122.24,-2.2239999999999993,0.1291,0.0004109624383561643,0.1389,0.0015857432876712327,0.16140000000000002,0.006637387068493152,0.18059999999999998,0.016620939616438356,0.20010000000000003,0.04004001000000001
2015-04-20,5,0,True,0.0,0.018444382857142862,124.16,-2.4159999999999995,0.12619999999999998,0.0003927067397260272,0.133,0.0014538904109589043,0.1558,0.0061847904657534244,0.1773,0.016019079287671236,0.1986,0.03944196
2015-04-21,5,0,True,0.0,0.018297940000000002,122.77,-2.2769999999999997,0.1258,0.00039022126027397257,0.1325,0.0014429794520547947,0.1552,0.006137245808219179,0.1773,0.016019079287671236,0.1981,0.03924361
2015-04-22,5,0,True,0.0,0.017079918571428574,124.07,-2.406999999999999,0.1183,0.0003450794794520548,0.12710000000000002,0.0013277597260273975,0.15460000000000002,0.006089884602739727,0.1748,0.015570513534246579,0.1966,0.03865156
2015-04-23,5,0,True,0.0,0.016242102857142858,123.26,-2.3260000000000005,0.1184,0.00034566312328767126,0.12480000000000001,0.0012801402739726028,0.1517,0.005863558273972603,0.1746,0.015534903452054796,0.196,0.038416000000000006
2015-04-24,5,0,True,0.0,0.016523174285714284,119.95,-1.9950000000000003,0.10859999999999999,0.00029080997260273967,0.1229,0.0012414583561643833,0.15259999999999999,0.005933338849315068,0.1743,0.01548156476712329,0.19690000000000002,0.03876961000000001
2015-04-27,5,0,True,0.0,0.017656411428571425,122.84,-2.2840000000000003,0.1272,0.0003989549589041096,0.13119999999999998,0.0014148032876712326,0.1593,0.006465790602739726,0.1783,0.01620028915068493,0.1991,0.03964081
2015-04-28,5,0,True,0.0,0.015962718571428572,124.02,-2.4019999999999997,0.11869999999999999,0.00034741701369863005,0.1241,0.00126582,0.1531,0.005972284191780823,0.174,0.015428317808219178,0.19649999999999998,0.038612249999999994
2015-04-29,5,0,True,0.0,0.01807768857142858,125.36,-2.536,0.1326,0.000433547506849315,0.13390000000000002,0.0014736336986301373,0.1597,0.006498302383561645,0.1778,0.01610955682191781,0.19940000000000002,0.03976036000000001
2015-04-30,5,0,True,0.0,0.020523060000000006,115.96,-1.5959999999999994,0.1506,0.0005592417534246577,0.14550000000000002,0.0017400205479452058,0.1648,0.006919974575342467,0.183,0.017065627397260273,0.2027,0.04108729
2015-05-01,5,0,True,0.0,0.017104304285714286,122.37,-2.2370000000000005,0.1177,0.0003415879726027397,0.127,0.0013256712328767123,0.15380000000000002,0.006027021698630139,0.1752,0.015641856,0.19699999999999998,0.03880899999999999
2015-05-04,5,0,True,0.0,0.017407209999999996,121.68,-2.1680000000000006,0.1201,0.0003556605205479452,0.1285,0.0013571712328767122,0.1543,0.006066272794520548,0.17550000000000002,0.015695469863013702,0.1973,0.03892729
2015-05-05,5,0,True,0.0,0.020068174285714287,122.22,-2.222,0.1464,0.0005284839452054795,0.1431,0.0016830912328767123,0.1632,0.006786258410958905,0.1815,0.016787009589041096,0.20079999999999998,0.04032063999999999
2015-05-06,5,0,True,0.0,0.02174882142857143,119.74,-1.9739999999999995,0.1605,0.0006351842465753425,0.1515,0.001886486301369863,0.1672,0.007122994849315068,0.1848,0.017402995726027395,0.2048,0.04194304
2015-05-07,5,0,True,0.0,0.02228606714285715,120.73,-2.0730000000000004,0.1559,0.0005992966849315069,0.15130000000000002,0.0018815087671232881,0.1674,0.007140045698630137,0.1837,0.01719643380821918,0.2027,0.04108729
2015-05-08,5,0,True,0.0,0.01813383999999999,122.93,-2.2930000000000006,0.11320000000000001,0.00031596756164383567,0.1286,0.0013592843835616435,0.15560000000000002,0.0061689218630137,0.17579999999999998,0.015749175452054794,0.19649999999999998,0.038612249999999994
2015-05-11,5,0,True,0.0,0.01969629571428571,115.96,-1.5959999999999994,0.1341,0.00044341175342465746,0.13849999999999998,0.0015766232876712324,0.161,0.006604528767123289,0.17980000000000002,0.01647401490410959,0.1998,0.039920040000000004
2015-05-12,5,0,True,0.0,0.019257411428571427,123.92,-2.3920000000000003,0.1382,0.00047094016438356155,0.1386,0.0015789008219178082,0.16399999999999998,0.006852953424657532,0.1801,0.016529035232876712,0.1991,0.03964081
2015-05-13,5,0,True,0.0,0.019249081428571433,126.04,-2.6040000000000005,0.1349,0.00044871805479452045,0.1376,0.0015561994520547945,0.1629,0.006761331863013698,0.1789,0.016309504273972604,0.19870000000000002,0.03948169000000001
2015-05-14,5,0,True,0.0,0.017429881428571433,127.63,-2.7629999999999995,0.1159,0.0003312199726027397,0.1274,0.001334035068493151,0.1591,0.006449565287671232,0.17579999999999998,0.015749175452054794,0.19690000000000002,0.03876961000000001
2015-05-15,5,0,True,0.0,0.01692379,127.56,-2.7560000000000002,0.10769999999999999,0.0002860098904109589,0.12380000000000001,0.001259707397260274,0.1557,0.0061768536164383565,0.1741,0.015446056602739728,0.1957,0.038298490000000004
2015-05-18,5,0,True,0.0,0.017955267142857143,126.91,-2.691,0.1101,0.0002988988767123288,0.1273,0.0013319416438356164,0.1523,0.005910032794520547,0.1721,0.015093217150684932,0.1941,0.037674809999999996
2015-05-19,5,0,True,0.0,0.01826082142857143,126.28,-2.628,0.1115,0.0003065486301369863,0.1285,0.0013571712328767122,0.1528,0.005948901698630137,0.1705,0.014813880821917811,0.192,0.036864
2015-05-20,5,0,True,0.0,0.018992182857142857,125.01,-2.5010000000000003,0.1048,0.0002708146849315069,0.1288,0.0013635156164383561,0.1515,0.005848107534246576,0.1699,0.014709802356164382,0.18899999999999997,0.03572099999999999
2015-05-21,5,0,True,0.0,0.016707335714285714,121.11,-2.1109999999999998,0.09949999999999999,0.00024411575342465748,0.1211,0.001205359726027397,0.1461,0.005438642547945206,0.16649999999999998,0.014126954794520545,0.1865,0.03478225
2015-05-22,5,0,True,0.0,0.017069842857142855,124.86,-2.4859999999999998,0.096,0.00022724383561643837,0.1213,0.0012093443835616438,0.1448,0.00534228690410959,0.1672,0.014245989698630135,0.1888,0.03564544
2015-05-26,5,0,True,0.0,0.020636697142857142,123.06,-2.306,0.1332,0.00043747989041095894,0.1406,0.0016247967123287671,0.1548,0.0061056512876712325,0.17350000000000002,0.01533977671232877,0.1935,0.03744225
2015-05-27,5,0,True,0.0,0.019056489999999995,123.6,-2.3599999999999994,0.1193,0.0003509381095890411,0.13269999999999998,0.0014473389041095887,0.1499,0.005725235424657535,0.16920000000000002,0.014588841205479456,0.19030000000000002,0.03621409000000001
2015-05-28,5,0,True,0.0,0.01889774714285714,125.37,-2.5370000000000004,0.1223,0.00036880989041095894,0.1331,0.0014560775342465752,0.1501,0.005740523095890412,0.1703,0.014779147232876714,0.19079999999999997,0.03640463999999999
2015-05-29,5,0,True,0.0,0.01935499,122.5,-2.25,0.1367,0.00046077263013698624,0.1384,0.0015743473972602738,0.15380000000000002,0.006027021698630139,0.17329999999999998,0.015304431616438352,0.1934,0.037403559999999995
2015-06-01,5,0,True,0.0,0.0196591642857143,122.43,-2.2430000000000008,0.13849999999999998,0.00047298698630136973,0.13970000000000002,0.0016040621917808224,0.15410000000000001,0.006050557068493152,0.17309999999999998,0.01526912728767123,0.1935,0.03744225
2015-06-02,5,0,True,0.0,0.020580224285714283,121.17,-2.117,0.1399,0.000482597506849315,0.1424,0.001666665205479452,0.15710000000000002,0.006288433232876714,0.17489999999999997,0.015588333863013695,0.1938,0.03755844
2015-06-03,5,0,True,0.0,0.01974408571428571,124.59,-2.4590000000000005,0.127,0.00039770136986301373,0.1366,0.0015336624657534244,0.1536,0.006011356931506849,0.1727,0.015198640931506848,0.1929,0.03721040999999999
2015-06-04,5,0,True,0.0,0.021243425714285717,121.98,-2.1980000000000004,0.1502,0.0005562749589041096,0.1471,0.0017784994520547946,0.1628,0.006753033205479452,0.17850000000000002,0.01623665342465754,0.19699999999999998,0.03880899999999999
2015-06-05,5,0,True,0.0,0.02080244285714286,119.62,-1.9620000000000004,0.13699999999999998,0.00046279726027397244,0.1421,0.0016596501369863014,0.15960000000000002,0.00649016679452055,0.1775,0.016055239726027397,0.19649999999999998,0.038612249999999994
2015-06-08,5,0,True,0.0,0.022576638571428564,118.33,-1.8329999999999997,0.1589,0.0006225832602739727,0.15289999999999998,0.001921513150684931,0.166,0.007021117808219179,0.1816,0.01680551276712329,0.1981,0.03924361
2015-06-09,5,0,True,0.0,0.02020430714285714,119.4,-1.9400000000000006,0.1505,0.0005584993150684931,0.1447,0.0017209389041095888,0.1625,0.006728167808219179,0.1796,0.01643738564383562,0.19649999999999998,0.038612249999999994
2015-06-10,5,0,True,0.0,0.01736309714285715,120.83,-2.0829999999999997,0.1332,0.00043747989041095894,0.1322,0.0014364526027397264,0.1533,0.005987897999999999,0.1704,0.014796508931506849,0.1906,0.03632836
2015-06-11,5,0,True,0.0,0.017020454285714283,125.32,-2.531999999999999,0.12380000000000001,0.00037791221917808226,0.1285,0.0013571712328767122,0.151,0.005809569863013698,0.16820000000000002,0.014416905863013701,0.1892,0.035796640000000005
2015-06-12,5,0,True,0.0,0.018533817142857144,119.26,-1.9260000000000006,0.1416,0.0004943973698630137,0.1378,0.0015607265753424656,0.1561,0.0062086315890410955,0.17149999999999999,0.0149881602739726,0.1916,0.036710559999999996
2015-06-15,5,0,True,0.0,0.021912197142857144,119.25,-1.925,0.1668,0.0006860278356164384,0.1539,0.001946729589041096,0.16620000000000001,0.007038046356164385,0.1802,0.016547395726027397,0.196,0.038416000000000006
2015-06-16,5,0,True,0.0,0.019960981428571434,120.23,-2.0230000000000006,0.1629,0.0006543224383561642,0.1481,0.0018027624657534248,0.162,0.006686827397260274,0.1779,0.01612768290410959,0.19649999999999998,0.038612249999999994
2015-06-17,5,0,True,0.0,0.02010792571428571,119.09,-1.9090000000000003,0.1522,0.0005711878356164384,0.145,0.0017280821917808216,0.16219999999999998,0.006703348273972601,0.1772,0.016001014356164384,0.19579999999999997,0.03833763999999999
2015-06-18,5,0,True,0.0,0.017487781428571426,120.17,-2.0170000000000003,0.1311,0.0004237942191780821,0.1319,0.0014299405479452053,0.15439999999999998,0.006074138301369861,0.17190000000000003,0.01505815742465754,0.19269999999999998,0.03713328999999999
2015-06-19,5,0,True,0.0,0.019051839999999997,119.5,-1.95,0.1432,0.0005056333150684931,0.1396,0.0016017665753424656,0.1591,0.006449565287671232,0.1761,0.015802972767123287,0.1962,0.038494440000000005
2015-06-22,5,0,True,0.0,0.01577583571428572,120.52,-2.0519999999999996,0.1315,0.00042638424657534253,0.1274,0.001334035068493151,0.1499,0.005725235424657535,0.1689,0.014537153589041094,0.19030000000000002,0.03621409000000001
2015-06-23,5,0,True,0.0,0.014602775714285712,122.78,-2.278,0.1217,0.0003652000273972603,0.1211,0.001205359726027397,0.1454,0.005386651726027397,0.16510000000000002,0.013890383178082197,0.188,0.035344
2015-06-24,5,0,True,0.0,0.015718109999999997,119.52,-1.9519999999999995,0.1481,0.0005408287397260274,0.1326,0.0014451583561643833,0.1518,0.005871291287671232,0.1691,0.014571601808219179,0.19010000000000002,0.036138010000000005
2015-06-25,5,0,True,0.0,0.01822929,122.68,-2.2680000000000007,0.15130000000000002,0.0005644526301369864,0.1401,0.001613261095890411,0.1552,0.006137245808219179,0.1697,0.01467519106849315,0.1887,0.035607690000000004
2015-06-26,5,0,True,0.0,0.017796909999999996,123.07,-2.3069999999999995,0.1549,0.0005916331232876712,0.1402,0.001615564931506849,0.15460000000000002,0.006089884602739727,0.1686,0.014485557698630138,0.1888,0.03564544
2015-06-29,5,0,True,0.0,0.02894806,124.54,-2.4540000000000006,0.2256,0.001254954082191781,0.1885,0.002920458904109589,0.18719999999999998,0.008928978410958903,0.19079999999999997,0.01855140558904109,0.2028,0.041127840000000006
2015-06-30,5,0,True,0.0,0.02870191857142858,123.88,-2.3879999999999995,0.20929999999999999,0.0010801600273972602,0.18230000000000002,0.0027315032876712333,0.18469999999999998,0.008692083205479451,0.1895,0.018299469863013697,0.2002,0.04008004
2015-07-01,5,0,True,0.0,0.024260889999999986,120.14,-2.0140000000000002,0.1723,0.0007320153698630137,0.1609,0.0021278473972602733,0.1679,0.007182762,0.1775,0.016055239726027397,0.19399999999999998,0.03763599999999999
2015-07-02,5,0,True,0.0,0.02643254714285714,121.52,-2.1519999999999997,0.1797,0.0007962433150684932,0.1679,0.00231702,0.17679999999999998,0.0079644282739726,0.1834,0.01714031276712329,0.1968,0.03873024
2015-07-06,5,0,True,0.0,0.029453335714285732,118.68,-1.8680000000000008,0.16649999999999998,0.0006835623287671231,0.17010000000000003,0.002378137808219179,0.1804,0.008292073643835617,0.18510000000000001,0.01745954482191781,0.1989,0.03956121
2015-07-07,5,0,True,0.0,0.02613566714285713,117.37,-1.7370000000000005,0.1591,0.0006241514794520548,0.1609,0.0021278473972602733,0.1702,0.007380897863013698,0.1784,0.016218466191780825,0.1931,0.03728761
2015-07-08,5,0,True,0.0,0.03629657857142857,118.25,-1.825,0.2096,0.0010832587397260275,0.1966,0.0031768405479452055,0.1925,0.009441729452054794,0.19390000000000002,0.019159126191780826,0.20350000000000001,0.041412250000000005
2015-07-09,5,0,True,0.0,0.03611540285714285,120.34,-2.0340000000000003,0.2206,0.001199943123287671,0.1997,0.0032778156164383556,0.1978,0.00996879484931507,0.1975,0.01987715753424658,0.2066,0.04268356
2015-07-10,5,0,True,0.0,0.027726231428571415,118.52,-1.8519999999999996,0.1724,0.0007328653150684931,0.16829999999999998,0.0023280731506849306,0.1773,0.008009539643835618,0.1862,0.017667676273972605,0.19579999999999997,0.03833763999999999
2015-07-13,5,0,True,0.0,0.019997611428571434,121.57,-2.156999999999999,0.1332,0.00043747989041095894,0.139,0.0015880273972602743,0.1594,0.006473910904109588,0.17010000000000003,0.01474445441095891,0.1866,0.03481955999999999
2015-07-14,5,0,True,0.0,0.019178739999999993,123.11,-2.311,0.12179999999999999,0.0003658004383561643,0.13369999999999999,0.0014692347945205475,0.15460000000000002,0.006089884602739727,0.16829999999999998,0.014434053534246571,0.1866,0.03481955999999999
2015-07-15,5,0,True,0.0,0.018414985714285716,123.06,-2.306,0.124,0.00037913424657534244,0.1323,0.0014386265753424659,0.156,0.006200679452054794,0.1684,0.014451211397260274,0.1883,0.03545689
2015-07-16,5,0,True,0.0,0.016359335714285713,124.67,-2.467,0.1035,0.0002641376712328767,0.1211,0.001205359726027397,0.14730000000000001,0.0055283506027397275,0.1638,0.013672498191780822,0.1838,0.03378244
2015-07-17,5,0,True,0.0,0.016351282857142855,127.91,-2.7909999999999995,0.09720000000000001,0.00023296043835616443,0.1195,0.0011737191780821917,0.1461,0.005438642547945206,0.1613,0.013258329698630137,0.1837,0.03374569
2015-07-20,5,0,True,0.0,0.016157071428571423,125.06,-2.5060000000000002,0.111,0.0003038054794520548,0.1225,0.0012333904109589038,0.1485,0.005618792465753425,0.1625,0.013456335616438359,0.18350000000000002,0.03367225000000001
2015-07-21,5,0,True,0.0,0.015840811428571428,124.9,-2.4900000000000007,0.11320000000000001,0.00031596756164383567,0.1222,0.0012273567123287671,0.1475,0.005543373287671232,0.16399999999999998,0.013705906849315065,0.1843,0.033966489999999995
2015-07-22,5,0,True,0.0,0.015608914285714282,130.42,-3.041999999999999,0.11199999999999999,0.000309304109589041,0.12119999999999999,0.001207351232876712,0.1481,0.005588563643835617,0.1636,0.013639130301369862,0.18420000000000003,0.03392964000000001
2015-07-23,5,0,True,0.0,0.016704121428571427,123.18,-2.3180000000000005,0.1195,0.00035211575342465753,0.1264,0.001313174794520548,0.1493,0.0056794947123287665,0.1664,0.014109990575342466,0.1866,0.03481955999999999
2015-07-24,5,0,True,0.0,0.019670978571428566,126.32,-2.6319999999999992,0.1305,0.0004199239726027397,0.1374,0.0015516789041095888,0.1565,0.006240491095890411,0.17120000000000002,0.014935769424657538,0.1887,0.035607690000000004
2015-07-27,5,0,True,0.0,0.022941767142857138,126.67,-2.6670000000000003,0.1661,0.0006802818904109589,0.156,0.0020002191780821915,0.1678,0.007174208547945206,0.1778,0.01610955682191781,0.19390000000000002,0.037597210000000006
2015-07-28,5,0,True,0.0,0.017854611428571424,123.52,-2.3519999999999994,0.1362,0.00045740810958904104,0.1344,0.001484659726027397,0.1543,0.006066272794520548,0.168,0.014382641095890413,0.18760000000000002,0.035193760000000004
2015-07-29,5,0,True,0.0,0.015963468571428573,121.03,-2.103,0.12179999999999999,0.0003658004383561643,0.125,0.0012842465753424657,0.1492,0.0056718890958904105,0.16519999999999999,0.013907214904109587,0.1837,0.03374569
2015-07-30,5,0,True,0.0,0.015777117142857143,122.06,-2.2060000000000004,0.1106,0.0003016198356164384,0.1213,0.0012093443835616438,0.1471,0.005513348301369864,0.1637,0.013655809150684933,0.18230000000000002,0.033233290000000006
2015-07-31,5,0,True,0.0,0.01610567571428571,124.2,-2.4200000000000004,0.1067,0.00028072331506849313,0.12119999999999999,0.001207351232876712,0.149,0.0056566931506849315,0.16449999999999998,0.013789606849315066,0.1826,0.033342760000000006
2015-08-03,5,0,True,0.0,0.016240754285714296,119.32,-1.9319999999999993,0.12119999999999999,0.0003622053698630136,0.12560000000000002,0.0012966049315068498,0.1484,0.005611227616438356,0.1637,0.013655809150684933,0.1822,0.03319684
2015-08-04,5,0,True,0.0,0.01753186857142857,119.79,-1.9790000000000005,0.1242,0.00038035824657534247,0.13,0.001389041095890411,0.15130000000000002,0.005832677178082194,0.1661,0.01405915906849315,0.1837,0.03374569
2015-08-05,5,0,True,0.0,0.01667943857142857,119.1,-1.9099999999999995,0.1151,0.00032666326027397255,0.1251,0.0012863021917808217,0.14880000000000002,0.0056415175890410976,0.1646,0.013806377424657533,0.1821,0.03316041
2015-08-06,5,0,True,0.0,0.019090602857142855,126.09,-2.6090000000000004,0.1366,0.0004600987397260273,0.1377,0.0015584621917808217,0.1555,0.006160995205479453,0.16899999999999998,0.014554372602739724,0.185,0.034225
2015-08-07,5,0,True,0.0,0.018325660000000004,117.82,-1.7819999999999994,0.1304,0.0004192806575342465,0.13390000000000002,0.0014736336986301373,0.1542,0.006058412383561645,0.1679,0.014365524,0.1838,0.03378244
2015-08-10,5,0,True,0.0,0.01575868857142857,121.54,-2.154000000000001,0.1144,0.0003227020273972603,0.1223,0.001229366301369863,0.1499,0.005725235424657535,0.1649,0.01385675030136986,0.1834,0.03363556
2015-08-11,5,0,True,0.0,0.018295289999999995,124.37,-2.4370000000000003,0.1413,0.0004923046849315069,0.1371,0.0015449104109589039,0.1594,0.006473910904109588,0.17149999999999999,0.0149881602739726,0.1869,0.03493161
2015-08-12,5,0,True,0.0,0.01773460428571428,119.97,-1.9969999999999999,0.1427,0.0005021085205479452,0.1361,0.001522455616438356,0.15869999999999998,0.006417175808219176,0.1714,0.014970686465753424,0.1863,0.03470769
2015-08-13,5,0,True,0.0,0.018035289999999992,119.96,-1.9959999999999993,0.1363,0.0004580800273972603,0.1349,0.001495726849315068,0.1575,0.0063204965753424665,0.1709,0.014883470301369864,0.187,0.034969
2015-08-14,5,0,True,0.0,0.017578432857142855,119.37,-1.9370000000000005,0.1177,0.0003415879726027397,0.1283,0.0013529498630136985,0.1551,0.006129339534246574,0.1696,0.014657900712328769,0.1861,0.03463321
2015-08-17,5,0,True,0.0,0.01875445285714285,120.27,-2.0269999999999997,0.11289999999999999,0.00031429504109589033,0.13019999999999998,0.001393318356164383,0.1521,0.0058945209041095905,0.1671,0.014228954136986301,0.18489999999999998,0.03418800999999999
2015-08-18,5,0,True,0.0,0.020850031428571426,124.34,-2.434,0.12140000000000001,0.0003634017534246576,0.1379,0.0015629926027397258,0.1561,0.0062086315890410955,0.1703,0.014779147232876714,0.187,0.034969
2015-08-19,5,0,True,0.0,0.024410259999999996,122.14,-2.214,0.1434,0.0005070466849315068,0.1525,0.0019114726027397257,0.165,0.006936780821917809,0.17559999999999998,0.015713361534246573,0.18989999999999999,0.03606200999999999
2015-08-20,5,0,True,0.0,0.033649611428571445,118.76,-1.8760000000000006,0.20879999999999999,0.0010750053698630135,0.19140000000000001,0.0030110104109589047,0.1883,0.009034221287671233,0.191,0.018590317808219178,0.1989,0.03956121
2015-08-21,5,0,True,0.0,0.04390123285714286,130.04,-3.003999999999999,0.3896,0.0037427217534246574,0.2803,0.006457651232876711,0.2347,0.014035124301369863,0.22329999999999997,0.025409582301369856,0.2168,0.047002239999999994
2015-08-24,5,0,True,0.0,0.04732562173184358,129.46,-2.9460000000000006,0.5461,0.007353498328767124,0.40740000000000004,0.013641761095890412,0.3114,0.024707414465753426,0.2736,0.03814628646575342,0.2477,0.06135529
2015-08-25,5,0,True,0.0,0.05497389016759774,126.78,-2.678,0.44920000000000004,0.004975413041095891,0.3602,0.010663893698630137,0.2958,0.022293919232876713,0.26890000000000003,0.036846961808219184,0.2526,0.06380675999999999
2015-08-26,5,0,True,0.0,0.051857864022346385,124.35,-2.4349999999999996,0.3788,0.003538095780821918,0.3032,0.0075559101369863015,0.2565,0.01676350479452055,0.2437,0.030264335178082195,0.23600000000000002,0.05569600000000001
2015-08-27,5,0,True,0.0,0.04752291999999999,126.31,-2.6310000000000002,0.2889,0.0020579969589041096,0.261,0.0055989863013698625,0.2486,0.015746800767123287,0.23379999999999998,0.02785538038356164,0.22920000000000001,0.052532640000000005
2015-08-28,5,0,True,0.0,0.05098844000000001,130.38,-3.0379999999999994,0.2711,0.0018122106575342467,0.2605,0.0055775547945205485,0.2534,0.016360753643835615,0.24,0.02935232876712329,0.23579999999999998,0.055601639999999994
2015-08-31,5,0,True,0.0,0.05790782178770952,129.36,-2.9360000000000013,0.2826,0.0019692187397260274,0.2843,0.006643273150684931,0.26530000000000004,0.01793348046575343,0.2545,0.033006209589041095,0.24780000000000002,0.06140484000000001
2015-09-01,5,0,True,0.0,0.05967658960893857,125.35,-2.5349999999999993,0.3121,0.002401801890410959,0.314,0.008103780821917808,0.2953,0.02221861471232877,0.27390000000000003,0.038229986465753436,0.25980000000000003,0.06749604000000002
2015-09-02,5,0,True,0.0,0.058242346033519556,125.35,-2.5349999999999993,0.2426,0.0014512132602739728,0.2609,0.005594696712328768,0.2619,0.01747676638356165,0.2531,0.032644075232876706,0.24739999999999998,0.06120675999999999
2015-09-03,5,0,True,0.0,0.05968458262569832,132.43,-3.2430000000000008,0.23989999999999997,0.0014190906575342463,0.2561,0.005390729589041095,0.262,0.017490115068493153,0.2544,0.03298027660273973,0.2495,0.06225025
2015-09-04,5,0,True,0.0,0.05902001,142.19,-4.218999999999999,0.2688,0.0017815916712328765,0.278,0.006352109589041097,0.2807,0.02007589471232877,0.2625,0.0351138698630137,0.2607,0.06796448999999999
2015-09-08,5,0,True,0.0,0.05920246999999999,132.37,-3.2370000000000005,0.24420000000000003,0.0014704185205479455,0.249,0.005095972602739726,0.2569,0.016815829397260278,0.2502,0.031900294356164385,0.24789999999999998,0.061454409999999994
2015-09-09,5,0,True,0.0,0.06109509631284919,137.03,-3.7030000000000003,0.27899999999999997,0.0019193671232876706,0.2623,0.005654900547945204,0.2631,0.01763728693150685,0.26039999999999996,0.0345542952328767,0.254,0.064516
2015-09-10,5,0,True,0.0,0.05562532428571428,131.42,-3.1419999999999986,0.2611,0.0016809832602739726,0.2437,0.0048813443835616435,0.2565,0.01676350479452055,0.24710000000000001,0.03111469660273973,0.25079999999999997,0.06290063999999998
2015-09-11,5,0,True,0.0,0.05336436142857141,118.18,-1.8180000000000007,0.2343,0.0013536120821917809,0.23199999999999998,0.004423890410958903,0.2468,0.015519595397260274,0.2487,0.031518943397260274,0.2494,0.06220036
2015-09-14,5,0,True,0.0,0.054913166666666666,142.93,-4.293000000000001,0.2552,0.001605872219178082,0.2425,0.004833390410958904,0.237,0.014311553424657534,0.2427,0.03001647106849315,0.24719999999999998,0.06110783999999999
2015-09-15,5,0,True,0.0,0.046601182857142855,136.0,-3.6,0.2462,0.0014946026301369863,0.2254,0.0041757665753424655,0.23120000000000002,0.013619643616438358,0.2284,0.02658350728767123,0.2376,0.056453760000000006
2015-09-16,5,0,True,0.0,0.040943392857142866,142.16,-4.215999999999999,0.2375,0.0013908390410958904,0.21350000000000002,0.003746486301369864,0.22329999999999997,0.012704791150684928,0.2157,0.023709389424657536,0.2303,0.05303809
2015-09-17,5,0,True,0.0,0.042625835714285715,137.49,-3.749000000000001,0.2225,0.0012207020547945206,0.2114,0.003673147397260274,0.2114,0.01138675693150685,0.2144,0.023424462904109593,0.23079999999999998,0.05326863999999999
2015-09-18,5,0,True,0.0,0.05058398285714284,119.47,-1.9469999999999998,0.21780000000000002,0.0011696755068493151,0.2228,0.004079986849315068,0.23199999999999998,0.0137140602739726,0.22899999999999998,0.02672335890410959,0.2372,0.056263839999999996
2015-09-21,5,0,True,0.0,0.04146485285714286,135.45,-3.544999999999999,0.1961,0.0009482106575342465,0.2014,0.0033338597260273973,0.2159,0.011876688575342468,0.21850000000000003,0.02432892739726028,0.2249,0.050580009999999995
2015-09-22,5,0,True,0.0,0.04836897857142858,135.94,-3.594,0.2345,0.0013559239726027394,0.22440000000000002,0.004138796712328767,0.2328,0.013808803068493152,0.2314,0.027286434410958904,0.23370000000000002,0.05461569000000001
2015-09-23,5,0,True,0.0,0.048343059999999986,136.71,-3.6710000000000007,0.22460000000000002,0.0012438532602739728,0.2213,0.004025234794520547,0.2288,0.013338350465753426,0.2279,0.026467244547945204,0.23129999999999998,0.05349968999999999
2015-09-24,5,0,True,0.0,0.05261083999999997,134.03,-3.403,0.2422,0.0014464316712328765,0.2347,0.004527459452054794,0.2346,0.014023166794520548,0.23199999999999998,0.0274281205479452,0.2336,0.05456896
2015-09-25,5,0,True,0.0,0.051384500000000013,135.16,-3.5159999999999996,0.2289,0.0012919366849315067,0.23620000000000002,0.004585515616438357,0.244,0.015169446575342466,0.23550000000000001,0.02826193561643836,0.23670000000000002,0.05602689000000001
2015-09-28,5,0,True,0.0,0.05873134,134.18,-3.4180000000000006,0.30260000000000004,0.0022578105205479457,0.2763,0.006274659452054793,0.2638,0.017731262794520544,0.25329999999999997,0.0326956864109589,0.24960000000000002,0.06230016000000001
2015-09-29,5,0,True,0.0,0.05700031999999999,136.71,-3.6710000000000007,0.28559999999999997,0.002011249972602739,0.2683,0.005916566301369862,0.26,0.0172241095890411,0.24960000000000002,0.03174747879452055,0.24719999999999998,0.06110783999999999
2015-09-30,5,0,True,0.0,0.05480937000000002,113.9,-1.3900000000000006,0.257,0.0016286054794520546,0.245,0.004933561643835615,0.2475,0.015607756849315068,0.2409,0.029572884000000004,0.24280000000000002,0.058951840000000005
2015-10-01,5,0,True,0.0,0.05203214714285713,124.81,-2.4810000000000003,0.2193,0.001185842219178082,0.2255,0.004179472602739725,0.23829999999999998,0.014468988410958903,0.23600000000000002,0.02838207123287672,0.2382,0.056739239999999996
2015-10-02,5,0,True,0.0,0.046593835714285714,115.75,-1.575,0.1935,0.0009232335616438357,0.2094,0.003603974794520548,0.226,0.01301388493150685,0.2305,0.027074593150684934,0.23329999999999998,0.054428889999999994
2015-10-05,5,0,True,0.0,0.03904049714285714,132.83,-3.2830000000000013,0.1902,0.0008920119452054794,0.1954,0.003138177534246575,0.2133,0.011592358273972602,0.21989999999999998,0.024641692767123285,0.22769999999999999,0.05184728999999999
2015-10-06,5,0,True,0.0,0.03958530999999998,129.32,-2.9319999999999995,0.1819,0.0008158588767123289,0.19399999999999998,0.0030933698630136977,0.2159,0.011876688575342468,0.2206,0.024798824547945204,0.2289,0.05239521
2015-10-07,5,0,True,0.0,0.03685290999999999,132.39,-3.2389999999999985,0.16390000000000002,0.0006623805205479453,0.184,0.0027826849315068488,0.2071,0.010928241452054796,0.2141,0.02335895523287672,0.22460000000000002,0.05044516000000001
2015-10-08,5,0,True,0.0,0.0330943042857143,136.69,-3.6689999999999996,0.1547,0.0005901063287671233,0.17420000000000002,0.0024941621917808224,0.2009,0.010283713232876713,0.2108,0.022644424767123285,0.22210000000000002,0.04932841000000001
2015-10-09,5,0,True,0.0,0.0329480757142857,134.66,-3.4659999999999997,0.1427,0.0005021085205479452,0.17079999999999998,0.0023977512328767115,0.1985,0.010039477397260277,0.2052,0.0214572861369863,0.22030000000000002,0.048532090000000014
2015-10-12,5,0,True,0.0,0.02805386142857143,137.25,-3.725,0.14730000000000001,0.0005350016712328768,0.1617,0.0021490594520547947,0.19260000000000002,0.0094515415890411,0.201,0.020587906849315073,0.21600000000000003,0.04665600000000001
2015-10-13,5,0,True,0.0,0.0328938042857143,133.81,-3.3810000000000002,0.1653,0.0006737446849315069,0.17670000000000002,0.00256626493150685,0.205,0.010707739726027395,0.21100000000000002,0.022687413698630143,0.2187,0.04782969
2015-10-14,5,0,True,0.0,0.0341997,135.82,-3.5819999999999994,0.16899999999999998,0.0007042438356164383,0.18030000000000002,0.002671897808219178,0.20809999999999998,0.0110340321369863,0.2134,0.023206460712328767,0.2253,0.05076009
2015-10-15,5,0,True,0.0,0.02857939285714286,144.72,-4.4719999999999995,0.13849999999999998,0.00047298698630136973,0.1605,0.002117280821917808,0.1943,0.009619127589041095,0.1986,0.020099190575342464,0.2165,0.04687225
2015-10-16,5,0,True,0.0,0.025236695714285703,135.04,-3.503999999999999,0.12890000000000001,0.0004096901095890412,0.1505,0.0018616643835616435,0.1867,0.008881344575342466,0.19940000000000002,0.020261443726027402,0.215,0.046224999999999995
2015-10-19,5,0,True,0.0,0.02381247571428572,139.92,-3.9919999999999987,0.1387,0.00047435399999999996,0.14980000000000002,0.0018443868493150687,0.17859999999999998,0.008127425424657534,0.19399999999999998,0.019178893150684925,0.2119,0.04490161
2015-10-20,5,0,True,0.0,0.02578178142857143,140.7,-4.0699999999999985,0.1501,0.000555534493150685,0.1575,0.0020388698630136987,0.18600000000000003,0.008814871232876715,0.1989,0.02015995906849315,0.2159,0.046612810000000005
2015-10-21,5,0,True,0.0,0.027931904285714272,133.07,-3.3069999999999995,0.16670000000000001,0.0006852055068493152,0.16699999999999998,0.002292246575342465,0.1946,0.009648854465753426,0.2086,0.022174237150684933,0.2216,0.049106559999999994
2015-10-22,5,0,True,0.0,0.022474214285714278,121.02,-2.1019999999999994,0.131,0.0004231479452054795,0.1445,0.0017161849315068488,0.1716,0.007502822136986302,0.191,0.018590317808219178,0.209,0.043681
2015-10-23,5,0,True,0.0,0.022459264285714285,135.62,-3.5620000000000003,0.1315,0.00042638424657534253,0.1446,0.001718561095890411,0.1748,0.007785256767123289,0.19210000000000002,0.0188050637260274,0.2112,0.044605439999999996
2015-10-26,5,0,True,0.0,0.023496014285714278,132.29,-3.228999999999999,0.152,0.0005696876712328767,0.15289999999999998,0.001921513150684931,0.17989999999999998,0.008246172410958902,0.19760000000000003,0.01989729139726028,0.2118,0.044859239999999995
2015-10-27,5,0,True,0.0,0.022611438571428565,132.17,-3.2169999999999987,0.1631,0.0006559301095890411,0.1543,0.0019568621917808214,0.1814,0.008384258301369865,0.1968,0.0197365058630137,0.21230000000000002,0.04507129000000001
2015-10-28,5,0,True,0.0,0.020237632857142862,134.43,-3.4430000000000005,0.1457,0.0005234422191780822,0.1433,0.001687799178082192,0.17489999999999997,0.007794166931506847,0.1923,0.01884424093150685,0.20850000000000002,0.04347225000000001
2015-10-29,5,0,True,0.0,0.021432660000000006,134.64,-3.4639999999999986,0.1454,0.0005212888767123288,0.1461,0.0017544008219178085,0.17809999999999998,0.008081982821917808,0.1953,0.019436791068493154,0.2101,0.04414201
2015-10-30,5,0,True,0.0,0.02366743857142857,125.77,-2.5769999999999995,0.1431,0.0005049273698630137,0.1507,0.001866615616438356,0.184,0.008626323287671232,0.1984,0.02005872920547945,0.2119,0.04490161
2015-11-02,5,0,True,0.0,0.020582825714285723,138.78,-3.878,0.1368,0.00046144701369863015,0.14150000000000001,0.0016456643835616443,0.17420000000000002,0.00773190279452055,0.1918,0.018746374356164382,0.2066,0.04268356
2015-11-03,5,0,True,0.0,0.02202811,137.4,-3.7400000000000007,0.1381,0.00047025887671232875,0.1454,0.0017376295890410957,0.1747,0.007776351698630136,0.19190000000000002,0.01876592728767124,0.20679999999999998,0.04276623999999999
2015-11-04,5,0,True,0.0,0.025028974285714278,134.44,-3.444,0.1476,0.0005371831232876713,0.1551,0.0019772063013698627,0.18309999999999998,0.008542141726027398,0.1966,0.019696411397260274,0.2118,0.044859239999999995
2015-11-05,5,0,True,0.0,0.02369142571428571,135.21,-3.521000000000001,0.1422,0.0004985960547945205,0.1505,0.0018616643835616435,0.17809999999999998,0.008081982821917808,0.1948,0.019337395726027398,0.2114,0.04468996
2015-11-06,5,0,True,0.0,0.022531557142857147,137.75,-3.775,0.126,0.00039146301369863016,0.1433,0.001687799178082192,0.1745,0.007758556849315068,0.1913,0.018648762575342467,0.20920000000000002,0.04376464000000001
2015-11-09,5,0,True,0.0,0.02747439571428571,134.34,-3.434,0.16390000000000002,0.0006623805205479453,0.16519999999999999,0.0022430991780821915,0.1885,0.009053422602739726,0.1998,0.02034281490410959,0.21350000000000002,0.04558225000000001
2015-11-10,5,0,True,0.0,0.024646124285714277,132.24,-3.224000000000001,0.1429,0.0005035169589041096,0.15289999999999998,0.001921513150684931,0.1802,0.008273697863013699,0.1968,0.0197365058630137,0.2112,0.044605439999999996
2015-11-11,5,0,True,0.0,0.026416514285714277,132.44,-3.2439999999999998,0.156,0.0006000657534246575,0.1606,0.0021199199999999995,0.1845,0.008673269178082192,0.1973,0.019836920383561645,0.2138,0.04571044
2015-11-12,5,0,True,0.0,0.033714181428571424,136.93,-3.6930000000000005,0.1839,0.0008338983287671234,0.1837,0.0027736183561643834,0.20170000000000002,0.010365777452054796,0.21,0.022472876712328765,0.2217,0.04915089
2015-11-13,5,0,True,0.0,0.03971298999999998,139.5,-3.95,0.2043,0.0010291682465753426,0.20079999999999998,0.003314025205479451,0.2158,0.01186568909589041,0.223,0.025341353424657535,0.2284,0.052166559999999994
2015-11-16,5,0,True,0.0,0.035001824285714286,131.77,-3.177000000000001,0.1681,0.0006967629863013699,0.1816,0.002710566575342466,0.1998,0.010171407452054795,0.21050000000000002,0.022580017808219183,0.221,0.048841
2015-11-17,5,0,True,0.0,0.03829164,136.97,-3.697,0.1702,0.0007142804383561643,0.1884,0.002917361095890411,0.2043,0.010634738547945206,0.2101,0.022494284547945206,0.2213,0.04897369
2015-11-18,5,0,True,0.0,0.03294511857142858,136.86,-3.6860000000000013,0.1333,0.0004381370136986301,0.1685,0.0023336095890410962,0.19219999999999998,0.009412323616438355,0.20170000000000002,0.020731554904109592,0.2161,0.04669920999999999
2015-11-19,5,0,True,0.0,0.033286968571428564,139.17,-3.916999999999999,0.1362,0.00045740810958904104,0.1699,0.002372548767123287,0.19640000000000002,0.009828178849315071,0.2065,0.021730023287671228,0.2189,0.04791721
2015-11-20,5,0,True,0.0,0.027598985714285713,126.86,-2.686,0.124,0.00037913424657534244,0.1547,0.001967021095890411,0.1894,0.00914008076712329,0.2077,0.021983309424657534,0.2162,0.04674244
2015-11-23,5,0,True,0.0,0.026370704285714284,139.51,-3.950999999999999,0.1407,0.0004881326301369862,0.1562,0.002005351232876712,0.1863,0.008843329232876713,0.2011,0.020608397424657535,0.2187,0.04782969
2015-11-24,5,0,True,0.0,0.027191631428571422,138.17,-3.816999999999999,0.1454,0.0005212888767123288,0.1593,0.0020857389041095886,0.18710000000000002,0.008919441452054797,0.203,0.02099965479452055,0.22089999999999999,0.048796809999999996
2015-11-25,5,0,True,0.0,0.024137050000000004,139.45,-3.944999999999999,0.1435,0.000507754109589041,0.1519,0.001896461095890411,0.1819,0.008430541726027398,0.1993,0.020241126410958907,0.21710000000000002,0.047132410000000007
2015-11-27,5,0,True,0.0,0.02400531,137.66,-3.7659999999999996,0.1421,0.0004978950410958904,0.1512,0.0018790224657534245,0.17350000000000002,0.007669888356164385,0.19510000000000002,0.01939700235616439,0.22,0.0484
2015-11-30,5,0,True,0.0,0.02535841428571428,127.25,-2.725,0.166,0.0006794630136986302,0.1613,0.0021384402739726025,0.18489999999999998,0.008710917616438354,0.2011,0.020608397424657535,0.2186,0.047785959999999995
2015-12-01,5,0,True,0.0,0.022356124285714284,135.57,-3.5569999999999995,0.1399,0.000482597506849315,0.1467,0.0017688402739726027,0.17579999999999998,0.007874587726027397,0.1979,0.019957754136986302,0.2165,0.04687225
2015-12-02,5,0,True,0.0,0.02523083285714285,132.66,-3.2659999999999996,0.1597,0.0006288679726027399,0.1591,0.002080504931506849,0.1833,0.00856081306849315,0.1997,0.020322456821917804,0.22,0.0484
2015-12-03,5,0,True,0.0,0.03185040999999999,135.26,-3.525999999999999,0.18710000000000002,0.0008631717534246578,0.18109999999999998,0.0026956610958904104,0.2011,0.010304198712328768,0.21280000000000002,0.02307614860273973,0.2257,0.050940490000000005
2015-12-04,5,0,True,0.0,0.023348478571428573,136.31,-3.6310000000000002,0.1365,0.00045942534246575347,0.1481,0.0018027624657534248,0.18170000000000003,0.008412013068493153,0.19649999999999998,0.019676379452054794,0.2146,0.04605316
2015-12-07,5,0,True,0.0,0.02487222857142856,136.77,-3.677000000000001,0.16,0.0006312328767123287,0.15839999999999999,0.0020622378082191775,0.1865,0.008862326712328767,0.19949999999999998,0.02028177123287671,0.2186,0.047785959999999995
2015-12-08,5,0,True,0.0,0.029087881428571438,131.25,-3.125,0.1881,0.0008724232602739724,0.17600000000000002,0.0025459726027397263,0.2006,0.010253023232876713,0.20800000000000002,0.02204686027397261,0.225,0.050625
2015-12-09,5,0,True,0.0,0.03406094714285714,134.26,-3.4259999999999993,0.2207,0.0012010312602739725,0.1961,0.0031607021917808213,0.21050000000000002,0.011290008904109592,0.21559999999999999,0.023687410849315065,0.2288,0.052349440000000004
2015-12-10,5,0,True,0.0,0.035563239999999996,134.94,-3.4939999999999998,0.20420000000000002,0.00102816098630137,0.1934,0.0030742652054794517,0.2076,0.010981073095890413,0.21739999999999998,0.024084584547945202,0.2293,0.05257849
2015-12-11,5,0,True,0.0,0.051381728571428566,146.53,-4.6530000000000005,0.28,0.0019331506849315071,0.2439,0.004889359726027397,0.2438,0.015144588821917807,0.2459,0.0308132237260274,0.2457,0.060368490000000004
2015-12-14,5,0,True,0.0,0.045324339999999984,140.92,-4.091999999999999,0.25780000000000003,0.001638760438356165,0.2273,0.004246462191780822,0.233,0.0138325397260274,0.23399999999999999,0.027903057534246573,0.2402,0.05769604
2015-12-15,5,0,True,0.0,0.03993025,143.35,-4.334999999999999,0.2305,0.0013100609589041096,0.2095,0.0036074178082191777,0.2186,0.012175600767123287,0.2245,0.025683415068493153,0.2324,0.05400976
2015-12-16,5,0,True,0.0,0.030404967142857137,135.5,-3.55,0.1881,0.0008724232602739724,0.17859999999999998,0.0026217501369863007,0.1957,0.009758245397260275,0.2073,0.02189871764383562,0.22460000000000002,0.05044516000000001
2015-12-17,5,0,True,0.0,0.03596961142857144,131.2,-3.1199999999999988,0.1888,0.0008789286575342465,0.1894,0.002948413150684932,0.20370000000000002,0.01057236484931507,0.2147,0.023490062301369862,0.2325,0.05405625000000001
2015-12-18,5,0,True,0.0,0.045116382857142846,140.84,-4.0840000000000005,0.1938,0.0009260985205479451,0.207,0.0035218356164383557,0.2126,0.011516396383561646,0.22510000000000002,0.025820881808219183,0.2366,0.055979560000000005
2015-12-21,5,0,True,0.0,0.03675560714285714,125.18,-2.5180000000000007,0.17550000000000002,0.0007594582191780823,0.187,0.0028741643835616436,0.21109999999999998,0.011354461726027396,0.2187,0.0243734858630137,0.2271,0.05157441
2015-12-22,5,0,True,0.0,0.029645560000000005,133.63,-3.3629999999999995,0.1506,0.0005592417534246577,0.166,0.0022648767123287675,0.1984,0.010029364602739725,0.20980000000000001,0.02243009161643836,0.22089999999999999,0.048796809999999996
2015-12-23,5,0,True,0.0,0.02665857428571429,134.69,-3.469,0.1364,0.0004587524383561643,0.1557,0.0019925334246575343,0.19329999999999997,0.00952036923287671,0.2061,0.021645920712328768,0.2182,0.04761124
2015-12-24,5,0,True,0.0,0.027616475714285715,128.78,-2.878,0.13470000000000001,0.0004473885205479453,0.1574,0.002036281643835617,0.19690000000000002,0.009878284191780825,0.2075,0.021940993150684932,0.21710000000000002,0.047132410000000007
2015-12-28,5,0,True,0.0,0.030164410000000003,136.29,-3.628999999999999,0.15789999999999998,0.0006147717534246574,0.1691,0.0023502583561643836,0.1968,0.00986825293150685,0.2065,0.021730023287671228,0.221,0.048841
2015-12-29,5,0,True,0.0,0.02762658857142855,139.26,-3.9259999999999993,0.1474,0.0005357283287671233,0.16079999999999997,0.002125203287671232,0.191,0.009295158904109589,0.2023,0.020855079287671236,0.2141,0.04583881000000001
2015-12-30,5,0,True,0.0,0.03178966,143.0,-4.3,0.15960000000000002,0.0006280806575342467,0.1729,0.002457074794520548,0.1959,0.009778200904109588,0.20379999999999998,0.021165495452054792,0.2186,0.047785959999999995
2015-12-31,5,0,True,0.0,0.03421699714285714,124.43,-2.4430000000000005,0.1752,0.000756864,0.1821,0.0027255131506849313,0.198,0.009988964383561645,0.2059,0.021603930575342465,0.22210000000000002,0.04932841000000001
2016-01-04,5,0,True,0.0,0.04060179,140.0,-4.0,0.2193,0.001185842219178082,0.207,0.0035218356164383557,0.22010000000000002,0.012343268301369866,0.2213,0.024956455726027397,0.2318,0.05373124
2016-01-05,5,0,True,0.0,0.03735378999999999,135.07,-3.5069999999999992,0.1937,0.0009251430410958904,0.1934,0.0030742652054794517,0.2052,0.01072864306849315,0.2121,0.022924581534246577,0.22760000000000002,0.05180176000000001
2016-01-06,5,0,True,0.0,0.04237715714285713,128.31,-2.8310000000000004,0.20600000000000002,0.0010463671232876714,0.2059,0.003484504931506849,0.2127,0.011527232794520548,0.2214,0.024979015232876715,0.2336,0.05456896
2016-01-07,5,0,True,0.0,0.05651355999999999,135.94,-3.594,0.2619,0.00169129997260274,0.24989999999999998,0.005132877534246574,0.2462,0.015444227178082193,0.242,0.029843572602739725,0.24719999999999998,0.06110783999999999
2016-01-08,5,0,True,0.0,0.06114672999999999,138.83,-3.8830000000000013,0.2798,0.00193039002739726,0.2701,0.00599622,0.2623,0.017530191698630133,0.25489999999999996,0.03311004345205479,0.25379999999999997,0.06441443999999999
2016-01-11,5,0,True,0.0,0.05918689000000003,142.52,-4.252000000000001,0.2421,0.0014452375068493152,0.243,0.004853342465753424,0.2473,0.015582542383561644,0.24530000000000002,0.030663037643835624,0.24789999999999998,0.061454409999999994
2016-01-12,5,0,True,0.0,0.05081627142857142,138.67,-3.8669999999999987,0.223,0.0012261945205479451,0.22469999999999998,0.004149870410958903,0.2253,0.012933392794520548,0.23399999999999999,0.027903057534246573,0.2415,0.05832225
2016-01-13,5,0,True,0.0,0.06116376714285716,145.88,-4.587999999999999,0.2557,0.0016121709863013696,0.2522,0.00522779506849315,0.2489,0.01578482884931507,0.2482,0.031392336,0.2532,0.06411023999999999
2016-01-14,5,0,True,0.0,0.05441649000000002,138.79,-3.878999999999999,0.2463,0.0014958170136986299,0.2395,0.00471454109589041,0.2353,0.014106976356164386,0.2409,0.029572884000000004,0.2458,0.060417639999999995
2016-01-15,5,0,True,0.0,0.06466761530726253,145.03,-4.503,0.29600000000000004,0.002160394520547946,0.2702,0.006000660821917808,0.2688,0.018409780602739723,0.2619,0.0349535327671233,0.2582,0.06666723999999999
2016-01-19,5,0,True,0.0,0.05725814714285715,137.9,-3.7900000000000005,0.3043,0.0022832504383561644,0.2605,0.0055775547945205485,0.2644,0.017812012273972607,0.2564,0.033500872767123296,0.2569,0.06599761000000001
2016-01-20,5,0,True,0.0,0.06249590714285711,134.82,-3.4819999999999993,0.3285,0.00266085,0.2759,0.006256504931506848,0.2781,0.01970570884931507,0.268,0.03660072328767124,0.2641,0.06974881
2016-01-21,5,0,True,0.0,0.0632194385714286,132.99,-3.299000000000001,0.2999,0.0022176988767123288,0.2669,0.005854981643835618,0.2671,0.018177655150684934,0.26539999999999997,0.035894004821917805,0.2632,0.06927424
2016-01-22,5,0,True,0.0,0.049426167142857136,133.64,-3.3639999999999985,0.2259,0.0012582939452054794,0.2234,0.004101991232876712,0.24280000000000002,0.01502060580821918,0.2458,0.03078816723287671,0.2505,0.06275025
2016-01-25,5,0,True,0.0,0.054256860000000004,132.27,-3.227000000000001,0.26039999999999996,0.0016719820273972596,0.2415,0.004793609589041095,0.2525,0.016244743150684932,0.2545,0.033006209589041095,0.2553,0.06517809000000001
2016-01-26,5,0,True,0.0,0.04711875000000001,129.53,-2.9530000000000003,0.2425,0.0014500171232876711,0.225,0.0041609589041095895,0.2329,0.01382066884931507,0.2434,0.03018986893150685,0.2489,0.06195121000000001
2016-01-27,5,0,True,0.0,0.05055000999999999,129.06,-2.906,0.2451,0.0014812769589041097,0.2311,0.004389633698630137,0.2447,0.015256609232876714,0.2505,0.0319768397260274,0.2518,0.06340324000000001
2016-01-28,5,0,True,0.0,0.048341200000000015,129.23,-2.922999999999999,0.23399999999999999,0.0013501479452054793,0.2242,0.0041314224657534255,0.2402,0.014700634849315069,0.24609999999999999,0.03086336728767123,0.249,0.062001
2016-01-29,5,0,True,0.0,0.042211561428571416,120.86,-2.086,0.1937,0.0009251430410958904,0.20199999999999999,0.0033537534246575336,0.2266,0.01308307693150685,0.22820000000000001,0.02653697161643836,0.2401,0.057648010000000006
2016-02-01,5,0,True,0.0,0.04042995428571428,126.38,-2.6379999999999995,0.1968,0.0009549922191780821,0.1998,0.0032810991780821918,0.22010000000000002,0.012343268301369866,0.2242,0.025614819287671238,0.23920000000000002,0.05721664000000001
2016-02-02,5,0,True,0.0,0.047914509999999993,119.83,-1.9829999999999999,0.22190000000000001,0.0012141273698630137,0.2198,0.003970852602739726,0.2341,0.013963455698630138,0.2371,0.028647266465753427,0.2459,0.06046681
2016-02-03,5,0,True,0.0,0.04555224999999999,122.04,-2.2040000000000006,0.2235,0.0012316993150684932,0.2165,0.0038525136986301365,0.23199999999999998,0.0137140602739726,0.2364,0.02847836317808219,0.2462,0.06061444
2016-02-04,5,0,True,0.0,0.04786669285714287,122.69,-2.2689999999999997,0.2175,0.0011664554794520547,0.2184,0.003920429589041097,0.2366,0.014263285150684934,0.2418,0.029794264767123286,0.24739999999999998,0.06120675999999999
2016-02-05,5,0,True,0.0,0.05549655999999999,119.01,-1.9010000000000005,0.2296,0.0012998505205479452,0.23379999999999998,0.004492803287671232,0.24480000000000002,0.015269081424657537,0.2503,0.03192579928767124,0.2559,0.06548481
2016-02-08,5,0,True,0.0,0.06670171428571428,120.25,-2.025,0.264,0.0017185315068493153,0.26,0.005556164383561644,0.25980000000000003,0.017197621150684936,0.26289999999999997,0.03522096509589041,0.2651,0.07027801
2016-02-09,5,0,True,0.0,0.06975084571428569,120.74,-2.0739999999999994,0.26839999999999997,0.0017762932602739723,0.26539999999999997,0.005789355616438355,0.268,0.01830036164383562,0.26649999999999996,0.036192160273972596,0.2668,0.07118224
2016-02-10,5,0,True,0.0,0.07064865999999997,120.36,-2.036,0.2553,0.00160713098630137,0.26289999999999997,0.005680800821917807,0.2672,0.018191268821917808,0.26649999999999996,0.036192160273972596,0.2672,0.07139584
2016-02-11,5,0,True,0.0,0.07572264000000002,122.38,-2.2379999999999995,0.2736,0.0018457880547945206,0.2814,0.0065084350684931494,0.2772,0.019578370191780825,0.2785,0.039524872602739736,0.2775,0.07700625000000001
2016-02-12,5,0,True,0.0,0.07006239571428571,117.75,-1.775,0.2271,0.0012716977808219178,0.254,0.005302684931506849,0.2623,0.017530191698630133,0.2696,0.03703905139726028,0.2771,0.07678441000000001
2016-02-16,5,0,True,0.0,0.06265561,125.77,-2.5769999999999995,0.2181,0.0011728999726027397,0.24109999999999998,0.004777743287671232,0.2501,0.015937399808219177,0.2597,0.03436876915068493,0.2676,0.07160976000000001
2016-02-17,5,0,True,0.0,0.05349631857142856,124.99,-2.4989999999999997,0.2027,0.0010131112602739726,0.2231,0.0040909816438356155,0.23550000000000001,0.01413096780821918,0.2477,0.03126598339726028,0.25329999999999997,0.06416088999999998
2016-02-18,5,0,True,0.0,0.05055190428571429,125.33,-2.533,0.1953,0.0009404898904109589,0.2164,0.0038489556164383563,0.23199999999999998,0.0137140602739726,0.2446,0.030488284273972606,0.2522,0.06360484
2016-02-19,5,0,True,0.0,0.045984340000000005,123.61,-2.3609999999999998,0.1822,0.0008185522191780821,0.2053,0.003464226575342466,0.228,0.013245238356164384,0.24109999999999998,0.029622008383561643,0.2493,0.062150489999999996
2016-02-22,5,0,True,0.0,0.039160967142857134,117.46,-1.7459999999999993,0.1839,0.0008338983287671234,0.1938,0.0030869950684931503,0.2162,0.011909717589041097,0.2325,0.027546472602739732,0.24350000000000002,0.05929225000000001
2016-02-23,5,0,True,0.0,0.04453393857142857,119.67,-1.967,0.2069,0.0010555301095890412,0.20980000000000001,0.0036177567123287673,0.22440000000000002,0.01283026980821918,0.2401,0.029376794136986305,0.2491,0.06205080999999999
2016-02-24,5,0,True,0.0,0.04293184,119.46,-1.9459999999999993,0.2072,0.001058593315068493,0.2072,0.0035286443835616434,0.2234,0.012716172821917808,0.23620000000000002,0.028430196821917813,0.2458,0.060417639999999995
2016-02-25,5,0,True,0.0,0.0386066957142857,122.02,-2.2019999999999995,0.1779,0.0007803717534246576,0.1911,0.0030015789041095884,0.21239999999999998,0.011494738849315065,0.2284,0.02658350728767123,0.2403,0.057744090000000005
2016-02-26,5,0,True,0.0,0.04129914571428571,118.65,-1.8650000000000007,0.1856,0.0008493869589041095,0.1981,0.0032255021917808216,0.2186,0.012175600767123287,0.2311,0.02721572893150685,0.24309999999999998,0.059097609999999995
2016-02-29,5,0,True,0.0,0.04256337428571429,117.68,-1.7680000000000007,0.2036,0.0010221277808219178,0.20550000000000002,0.0034709794520547945,0.22390000000000002,0.012773157616438359,0.2357,0.028309959287671233,0.2459,0.06046681
2016-03-01,5,0,True,0.0,0.03231164571428571,119.81,-1.9810000000000003,0.1704,0.000715960109589041,0.177,0.0025749863013698627,0.2028,0.010479148273972604,0.21989999999999998,0.024641692767123285,0.23600000000000002,0.05569600000000001
2016-03-02,5,0,True,0.0,0.03105222571428571,122.35,-2.2349999999999994,0.1578,0.0006139933150684931,0.1709,0.002400559726027397,0.19920000000000002,0.010110409643835618,0.215,0.023555753424657534,0.2302,0.05299204
2016-03-03,5,0,True,0.0,0.02899308142857142,125.27,-2.5269999999999997,0.1591,0.0006241514794520548,0.16699999999999998,0.002292246575342465,0.1949,0.009678627205479452,0.21109999999999998,0.022708923452054792,0.22640000000000002,0.05125696000000001
2016-03-04,5,0,True,0.0,0.029828245714285714,121.65,-2.1650000000000005,0.1586,0.0006202346301369862,0.1686,0.0023363802739726027,0.1963,0.009818173068493152,0.21170000000000003,0.02283819600000001,0.2268,0.05143824
2016-03-07,5,0,True,0.0,0.029637117142857147,124.01,-2.4010000000000007,0.1766,0.0007690083287671234,0.17350000000000002,0.0024741575342465756,0.19899999999999998,0.010090117808219176,0.21539999999999998,0.0236434842739726,0.22690000000000002,0.051483610000000006
2016-03-08,5,0,True,0.0,0.034046032857142854,123.53,-2.353,0.1917,0.0009061370136986302,0.1867,0.0028649498630136986,0.2104,0.011279284602739727,0.2245,0.025683415068493153,0.2332,0.05438224
2016-03-09,5,0,True,0.0,0.032919481428571436,123.47,-2.347,0.18789999999999998,0.00087056901369863,0.1834,0.002764566575342466,0.2075,0.010970496575342466,0.2217,0.02504675490410959,0.2336,0.05456896
2016-03-10,5,0,True,0.0,0.033177117142857135,130.04,-3.003999999999999,0.1766,0.0007690083287671234,0.1805,0.0026778287671232874,0.2071,0.010928241452054796,0.2208,0.024843811068493152,0.23329999999999998,0.054428889999999994
2016-03-11,5,0,True,0.0,0.028991142857142858,128.99,-2.899000000000001,0.152,0.0005696876712328767,0.165,0.0022376712328767124,0.19469999999999998,0.009658773616438354,0.213,0.02311954520547945,0.2274,0.051710759999999995
2016-03-14,5,0,True,0.0,0.029940338571428582,133.3,-3.330000000000001,0.15990000000000001,0.0006304440821917809,0.16920000000000002,0.0023530389041095897,0.1942,0.00960922882191781,0.21059999999999998,0.022601476602739725,0.2261,0.05112121
2016-03-15,5,0,True,0.0,0.02890087428571428,132.45,-3.2449999999999988,0.1646,0.0006680505205479451,0.1684,0.002330840547945205,0.19329999999999997,0.00952036923287671,0.2091,0.02228066482191781,0.2266,0.05134756
2016-03-16,5,0,True,0.0,0.023615804285714286,125.42,-2.5420000000000003,0.1407,0.0004881326301369862,0.1499,0.0018468501369863013,0.1848,0.008701497863013698,0.20190000000000002,0.020772688931506855,0.2206,0.04866436
2016-03-17,5,0,True,0.0,0.02248897857142857,126.65,-2.6650000000000005,0.1305,0.0004199239726027397,0.1444,0.001713810410958904,0.1814,0.008384258301369865,0.19829999999999998,0.020038513808219176,0.21760000000000002,0.047349760000000005
2016-03-18,5,0,True,0.0,0.021415732857142853,126.75,-2.675,0.1247,0.0003834268767123288,0.1402,0.001615564931506849,0.1793,0.00819125909589041,0.1978,0.01993758969863014,0.2188,0.047873439999999996
2016-03-21,5,0,True,0.0,0.020177461428571422,129.35,-2.9349999999999996,0.1277,0.0004020975616438357,0.1379,0.0015629926027397258,0.1759,0.007883548849315069,0.1949,0.019357254410958903,0.20929999999999999,0.04380649
2016-03-22,5,0,True,0.0,0.02128443142857142,130.99,-3.099000000000001,0.13140000000000002,0.00042573600000000007,0.1417,0.001650319726027397,0.1775,0.008027619863013698,0.1959,0.019556401808219177,0.2096,0.043932160000000005
2016-03-23,5,0,True,0.0,0.024236674285714285,129.67,-2.9669999999999987,0.1336,0.00044011134246575343,0.1494,0.0018345501369863013,0.183,0.008532813698630137,0.20129999999999998,0.020649409150684927,0.2107,0.04439449
2016-03-24,5,0,True,0.0,0.024501549999999997,119.02,-1.9019999999999997,0.1235,0.0003760828767123288,0.1474,0.001785761095890411,0.1827,0.008504860191780822,0.2006,0.020506046465753425,0.21660000000000001,0.04691556000000001
2016-03-28,5,0,True,0.0,0.02469544714285714,127.74,-2.7739999999999996,0.1407,0.0004881326301369862,0.1524,0.0019089665753424657,0.183,0.008532813698630137,0.2006,0.020506046465753425,0.2125,0.045156249999999995
2016-03-29,5,0,True,0.0,0.02093710428571428,132.61,-3.2610000000000015,0.1217,0.0003652000273972603,0.1382,0.0015698005479452052,0.1724,0.007572941589041096,0.1918,0.018746374356164382,0.20629999999999998,0.04255968999999999
2016-03-30,5,0,True,0.0,0.020229218571428568,128.67,-2.8669999999999987,0.11869999999999999,0.00034741701369863005,0.1356,0.0015112898630136983,0.16920000000000002,0.007294420602739728,0.1893,0.018260863397260272,0.2079,0.04322241
2016-03-31,5,0,True,0.0,0.021369107142857138,122.03,-2.2030000000000003,0.1225,0.0003700171232876712,0.13949999999999999,0.0015994726027397255,0.17079999999999998,0.007433028821917807,0.19030000000000002,0.018454303397260282,0.20739999999999997,0.04301475999999999
2016-04-01,5,0,True,0.0,0.019405154285714286,124.03,-2.403,0.1092,0.0002940322191780822,0.131,0.0014104931506849316,0.165,0.006936780821917809,0.1858,0.017591849424657535,0.2028,0.041127840000000006
2016-04-04,5,0,True,0.0,0.02178562857142857,125.23,-2.5230000000000006,0.125,0.0003852739726027397,0.1412,0.0016386936986301367,0.1723,0.007564158821917809,0.19140000000000001,0.01866826454794521,0.20579999999999998,0.04235363999999999
2016-04-05,5,0,True,0.0,0.025615988571428574,120.27,-2.0269999999999997,0.1396,0.0004805299726027397,0.1542,0.0019543265753424657,0.1838,0.008607580602739726,0.2006,0.020506046465753425,0.2132,0.04545424
2016-04-06,5,0,True,0.0,0.021600288571428566,125.06,-2.5060000000000002,0.12560000000000002,0.00038898147945205493,0.1409,0.0016317378082191779,0.1728,0.007608123616438357,0.1925,0.018883458904109588,0.20739999999999997,0.04301475999999999
2016-04-07,5,0,True,0.0,0.027404799999999997,125.13,-2.5129999999999995,0.152,0.0005696876712328767,0.1616,0.0021464021917808216,0.1886,0.009063030904109589,0.2061,0.021645920712328768,0.2182,0.04761124
2016-04-08,5,0,True,0.0,0.02578902428571428,113.84,-1.3840000000000003,0.1359,0.0004553953150684931,0.1536,0.0019391473972602735,0.1832,0.00855147484931507,0.2026,0.02091697906849315,0.21359999999999998,0.04562495999999999
2016-04-11,5,0,True,0.0,0.027353310000000002,119.13,-1.9129999999999996,0.1559,0.0005992966849315069,0.16260000000000002,0.002173048767123288,0.1889,0.009091886383561646,0.20739999999999997,0.02191985030136986,0.21660000000000001,0.04691556000000001
2016-04-12,5,0,True,0.0,0.023447609999999997,126.17,-2.617,0.1371,0.0004634731232876712,0.1485,0.0018125136986301368,0.1797,0.008227847589041097,0.19940000000000002,0.020261443726027402,0.2127,0.04524129
2016-04-13,5,0,True,0.0,0.020720692857142852,127.13,-2.7129999999999996,0.1245,0.00038219794520547945,0.1384,0.0015743473972602738,0.1726,0.007590522410958904,0.19390000000000002,0.019159126191780826,0.2082,0.043347239999999995
2016-04-14,5,0,True,0.0,0.020386240000000007,126.23,-2.623,0.1232,0.00037425797260273974,0.13720000000000002,0.0015471649315068497,0.1724,0.007572941589041096,0.19399999999999998,0.019178893150684925,0.2084,0.04343056
2016-04-15,5,0,True,0.0,0.020121771428571425,123.1,-2.3099999999999996,0.122,0.0003670027397260274,0.1362,0.0015246936986301367,0.1716,0.007502822136986302,0.193,0.018981682191780824,0.2077,0.04313929
2016-04-18,5,0,True,0.0,0.01837266,120.55,-2.0549999999999997,0.1286,0.0004077853150684931,0.1335,0.0014648424657534246,0.16510000000000002,0.006945191589041099,0.1875,0.017915239726027397,0.2024,0.04096576
2016-04-19,5,0,True,0.0,0.017954817142857137,126.19,-2.6189999999999998,0.1286,0.0004077853150684931,0.1324,0.0014408021917808216,0.16469999999999999,0.0069115790958904095,0.1859,0.01761079084931507,0.20379999999999998,0.04153443999999999
2016-04-20,5,0,True,0.0,0.018172342857142858,126.2,-2.62,0.128,0.00040398904109589036,0.1328,0.001449521095890411,0.166,0.007021117808219179,0.18739999999999998,0.017896135232876708,0.2059,0.04239481
2016-04-21,5,0,True,0.0,0.02035553999999999,127.06,-2.7060000000000004,0.1318,0.0004283319452054794,0.13949999999999999,0.0015994726027397255,0.1714,0.007485343232876712,0.1928,0.018942362301369864,0.2094,0.04384836
2016-04-22,5,0,True,0.0,0.01886727571428572,123.25,-2.325,0.1193,0.0003509381095890411,0.1322,0.0014364526027397264,0.1664,0.007054995287671233,0.1902,0.018434913534246575,0.2077,0.04313929
2016-04-25,5,0,True,0.0,0.020370725714285717,126.78,-2.678,0.1362,0.00045740810958904104,0.1408,0.0016294224657534247,0.1722,0.007555381150684931,0.1931,0.019001357424657535,0.21,0.04409999999999999
2016-04-26,5,0,True,0.0,0.020029514285714284,127.4,-2.7400000000000007,0.135,0.00044938356164383564,0.1396,0.0016017665753424656,0.16920000000000002,0.007294420602739728,0.1911,0.01860978920547945,0.2086,0.043513960000000004
2016-04-27,5,0,True,0.0,0.020054867142857143,126.09,-2.6090000000000004,0.1281,0.00040462052054794515,0.1377,0.0015584621917808217,0.1677,0.007165660191780821,0.19010000000000002,0.018415533863013703,0.2072,0.04293184
2016-04-28,5,0,True,0.0,0.024019664285714285,125.44,-2.5439999999999996,0.14550000000000002,0.0005220061643835618,0.1522,0.0019039594520547944,0.1778,0.008054778410958904,0.1975,0.01987715753424658,0.21230000000000002,0.04507129000000001
2016-04-29,5,0,True,0.0,0.025838109999999997,126.49,-2.6489999999999996,0.1479,0.0005393690136986302,0.157,0.002025945205479452,0.1845,0.008673269178082192,0.2028,0.020958296547945208,0.2165,0.04687225
2016-05-02,5,0,True,0.0,0.022659789999999996,127.67,-2.7670000000000003,0.1377,0.00046753865753424654,0.14679999999999999,0.0017712526027397256,0.1778,0.008054778410958904,0.19820000000000002,0.020018308602739728,0.21289999999999998,0.04532640999999999
2016-05-03,5,0,True,0.0,0.024903047142857137,125.94,-2.594,0.1517,0.0005674411232876712,0.156,0.0020002191780821915,0.1857,0.008786459095890412,0.2047,0.021352845863013697,0.21760000000000002,0.047349760000000005
2016-05-04,5,0,True,0.0,0.026543747142857142,124.31,-2.431,0.1547,0.0005901063287671233,0.1605,0.002117280821917808,0.1891,0.009111148849315067,0.2076,0.021962146191780826,0.22190000000000001,0.04923961
2016-05-05,5,0,True,0.0,0.026036718571428568,123.74,-2.3739999999999997,0.1537,0.0005825019452054794,0.1591,0.002080504931506849,0.1892,0.009120787726027398,0.20829999999999999,0.022110502849315067,0.2223,0.049417289999999996
2016-05-06,5,0,True,0.0,0.02328158285714286,120.82,-2.0819999999999994,0.1338,0.00044143002739726033,0.1472,0.0017809183561643836,0.1827,0.008504860191780822,0.204,0.021207057534246572,0.2194,0.04813636
2016-05-09,5,0,True,0.0,0.022093574285714283,123.17,-2.317,0.1386,0.0004736702465753425,0.1457,0.0017448073972602739,0.1805,0.008301269178082191,0.2018,0.02075211682191781,0.2187,0.04782969
2016-05-10,5,0,True,0.0,0.019517842857142857,124.1,-2.4099999999999993,0.128,0.00040398904109589036,0.1363,0.0015269334246575342,0.1718,0.007520321424657535,0.1953,0.019436791068493154,0.21230000000000002,0.04507129000000001
2016-05-11,5,0,True,0.0,0.022725335714285717,122.19,-2.219,0.1375,0.00046618150684931515,0.1469,0.0017736665753424659,0.1802,0.008273697863013699,0.2011,0.020608397424657535,0.21739999999999998,0.047262759999999994
2016-05-12,5,0,True,0.0,0.021899517142857143,123.52,-2.3519999999999994,0.1346,0.0004467244931506849,0.1441,0.001706696712328767,0.1775,0.008027619863013698,0.19899999999999998,0.020180235616438353,0.2148,0.04613904
2016-05-13,5,0,True,0.0,0.02373354999999999,121.46,-2.1459999999999995,0.14150000000000001,0.0004936993150684932,0.15039999999999998,0.0018591912328767117,0.1825,0.008486249999999999,0.2025,0.02089633561643836,0.2182,0.04761124
2016-05-16,5,0,True,0.0,0.02287085285714285,124.13,-2.4129999999999994,0.1359,0.0004553953150684931,0.14679999999999999,0.0017712526027397256,0.177,0.007982457534246574,0.19870000000000002,0.02011943654794521,0.21420000000000003,0.045881640000000015
2016-05-17,5,0,True,0.0,0.02484732428571429,122.96,-2.2959999999999994,0.15109999999999998,0.0005629613424657533,0.1557,0.0019925334246575343,0.1843,0.008654475534246574,0.2041,0.0212278538630137,0.21710000000000002,0.047132410000000007
2016-05-18,5,0,True,0.0,0.026258259999999995,122.22,-2.222,0.1534,0.0005802302465753425,0.1595,0.0020909794520547944,0.18539999999999998,0.008758092821917807,0.2047,0.021352845863013697,0.2182,0.04761124
2016-05-19,5,0,True,0.0,0.028089339999999983,123.66,-2.3659999999999997,0.1528,0.0005757001643835616,0.16329999999999997,0.002191799178082191,0.1877,0.008976739643835618,0.2075,0.021940993150684932,0.22030000000000002,0.048532090000000014
2016-05-20,5,0,True,0.0,0.026060589999999998,125.61,-2.561,0.1273,0.00039958249315068494,0.152,0.001898958904109589,0.1805,0.008301269178082191,0.2032,0.02104105380821918,0.2183,0.04765489
2016-05-23,5,0,True,0.0,0.027826342857142854,124.74,-2.4739999999999993,0.136,0.0004560657534246576,0.1582,0.002057033424657534,0.1815,0.008393504794520548,0.20350000000000001,0.02110322876712329,0.2182,0.04761124
2016-05-24,5,0,True,0.0,0.023625995714285714,124.74,-2.4739999999999993,0.1191,0.00034976243835616435,0.1442,0.0017090663013698628,0.17079999999999998,0.007433028821917807,0.1937,0.01911962284931507,0.2119,0.04490161
2016-05-25,5,0,True,0.0,0.022021938571428572,127.13,-2.7129999999999996,0.11410000000000001,0.0003210117534246576,0.139,0.0015880273972602743,0.1677,0.007165660191780821,0.1909,0.018570856602739723,0.20929999999999999,0.04380649
2016-05-26,5,0,True,0.0,0.021077345714285715,129.28,-2.928,0.10460000000000001,0.00026978202739726034,0.1343,0.0014824512328767124,0.1656,0.006987321863013699,0.1894,0.01828016153424658,0.2086,0.043513960000000004
2016-05-27,5,0,True,0.0,0.020499789999999997,129.61,-2.961000000000001,0.0977,0.00023536331506849315,0.13119999999999998,0.0014148032876712326,0.1631,0.006777944465753425,0.18719999999999998,0.017857956821917806,0.20670000000000002,0.04272489000000001
2016-05-31,5,0,True,0.0,0.022747049999999994,127.7,-2.7700000000000005,0.1185,0.00034624726027397256,0.1419,0.0016549816438356161,0.1663,0.007046518273972603,0.19030000000000002,0.018454303397260282,0.20929999999999999,0.04380649
2016-06-01,5,0,True,0.0,0.023028909999999996,132.46,-3.246000000000001,0.1161,0.00033236408219178076,0.142,0.0016573150684931505,0.16699999999999998,0.007105964383561643,0.1898,0.018357456,0.2087,0.04355569
2016-06-02,5,0,True,0.0,0.02134441,134.15,-3.4150000000000005,0.1101,0.0002988988767123288,0.1363,0.0015269334246575342,0.1637,0.0068279045753424665,0.1877,0.017953479287671235,0.2084,0.04343056
2016-06-03,5,0,True,0.0,0.021539610000000004,125.04,-2.5040000000000004,0.1011,0.0002520298356164383,0.13470000000000001,0.001491295068493151,0.1649,0.00692837515068493,0.19010000000000002,0.018415533863013703,0.2066,0.04268356
2016-06-06,5,0,True,0.0,0.021183745714285718,125.57,-2.5569999999999995,0.11259999999999999,0.00031262695890410953,0.1365,0.0015314178082191782,0.16440000000000002,0.0068864232328767145,0.1887,0.01814528860273973,0.20629999999999998,0.04255968999999999
2016-06-07,5,0,True,0.0,0.022473202857142865,128.54,-2.853999999999999,0.11560000000000001,0.0003295075068493151,0.1405,0.0016224863013698633,0.1663,0.007046518273972603,0.19030000000000002,0.018454303397260282,0.2089,0.04363921
2016-06-08,5,0,True,0.0,0.023238395714285712,129.23,-2.922999999999999,0.10890000000000001,0.0002924188767123288,0.1408,0.0016294224657534247,0.1679,0.007182762,0.19039999999999999,0.01847370345205479,0.2084,0.04343056
2016-06-09,5,0,True,0.0,0.024208247142857145,129.31,-2.931,0.1223,0.00036880989041095894,0.1464,0.0017616131506849315,0.1732,0.007643387178082192,0.1953,0.019436791068493154,0.213,0.045369
2016-06-10,5,0,True,0.0,0.030692032857142858,133.67,-3.3669999999999987,0.1583,0.0006178904383561644,0.1703,0.0023837334246575343,0.1894,0.00914008076712329,0.20739999999999997,0.02191985030136986,0.2223,0.049417289999999996
2016-06-13,5,0,True,0.0,0.04026683142857142,137.49,-3.749000000000001,0.22940000000000002,0.0012975869589041099,0.2097,0.0036143087671232873,0.2187,0.01218674293150685,0.22940000000000002,0.026816797150684937,0.2382,0.056739239999999996
2016-06-14,5,0,True,0.0,0.0366690357142857,138.02,-3.802000000000001,0.2335,0.0013443842465753427,0.205,0.0034541095890410953,0.2194,0.012264880767123289,0.2262,0.026073857095890416,0.2349,0.05517801
2016-06-15,5,0,True,0.0,0.03605594285714285,140.91,-4.090999999999999,0.226,0.0012594082191780822,0.2014,0.0033338597260273973,0.2181,0.012119966383561644,0.2232,0.025386829150684936,0.2311,0.05340721
2016-06-16,5,0,True,0.0,0.03306361,142.5,-4.25,0.2189,0.0011815202465753425,0.1937,0.0030838101369863014,0.2116,0.011408312547945207,0.218,0.024217709589041094,0.2275,0.051756250000000004
2016-06-17,5,0,True,0.0,0.03307829999999999,137.94,-3.7939999999999996,0.22,0.0011934246575342465,0.1941,0.0030965597260273967,0.21309999999999998,0.011570629397260272,0.2208,0.024843811068493152,0.2281,0.05202961
2016-06-20,5,0,True,0.0,0.027067381428571423,137.81,-3.781,0.22210000000000002,0.0012163169589041098,0.1837,0.0027736183561643834,0.1981,0.009999056794520548,0.2087,0.022195502301369865,0.21989999999999998,0.04835600999999999
2016-06-21,5,0,True,0.0,0.02714858999999999,135.92,-3.5919999999999987,0.22469999999999998,0.001244961123287671,0.1848,0.002806934794520547,0.19690000000000002,0.009878284191780825,0.2076,0.021962146191780826,0.2186,0.047785959999999995
2016-06-22,5,0,True,0.0,0.03075928857142858,136.48,-3.647999999999999,0.2786,0.0019138675068493154,0.21170000000000003,0.003683580000000001,0.2108,0.011322212383561642,0.2139,0.023315334410958906,0.2216,0.049106559999999994
2016-06-23,5,0,True,0.0,0.023374204285714278,145.7,-4.5699999999999985,0.2113,0.0011009019452054793,0.1725,0.002445719178082191,0.18420000000000003,0.008645086356164386,0.1953,0.019436791068493154,0.20879999999999999,0.043597439999999994
2016-06-24,5,0,True,0.0,0.05293436142857143,142.92,-4.291999999999999,0.3071,0.0023254621643835614,0.2576,0.0054540624657534245,0.23929999999999998,0.014590678273972603,0.23550000000000001,0.02826193561643836,0.2398,0.057504040000000006
2016-06-27,5,0,True,0.0,0.05434591714285716,136.43,-3.6430000000000007,0.2506,0.0015485020273972602,0.23850000000000002,0.004675253424657535,0.2368,0.014287409095890413,0.23739999999999997,0.02871980646575342,0.24280000000000002,0.058951840000000005
2016-06-28,5,0,True,0.0,0.03462122571428572,153.66,-5.366,0.19079999999999997,0.0008976486575342463,0.1875,0.002889554794520548,0.2026,0.010458489534246575,0.21230000000000002,0.0229678354520548,0.22510000000000002,0.05067001000000001
2016-06-29,5,0,True,0.0,0.02877538857142857,136.46,-3.646000000000001,0.1586,0.0006202346301369862,0.1664,0.0022758049315068493,0.1873,0.008938520465753426,0.20190000000000002,0.020772688931506855,0.2192,0.048048640000000004
2016-06-30,5,0,True,0.0,0.026439449999999996,140.58,-4.058000000000002,0.1405,0.000486745890410959,0.1563,0.002007919726027397,0.1809,0.008338102273972603,0.1979,0.019957754136986302,0.21660000000000001,0.04691556000000001
2016-07-01,5,0,True,0.0,0.025146592857142856,128.53,-2.853,0.1185,0.00034624726027397256,0.1477,0.0017930375342465753,0.1765,0.007937422602739726,0.1955,0.019476620547945207,0.2163,0.04678569
2016-07-05,5,0,True,0.0,0.026047081428571425,125.35,-2.5349999999999993,0.1419,0.0004964944931506849,0.1558,0.0019950936986301367,0.18239999999999998,0.008476952547945204,0.1999,0.02036318317808219,0.2195,0.04818025
2016-07-06,5,0,True,0.0,0.02452684,123.14,-2.314,0.1318,0.0004283319452054794,0.1496,0.0018394652054794522,0.17739999999999997,0.00801857720547945,0.1977,0.019917435452054794,0.2205,0.048620250000000004
2016-07-07,5,0,True,0.0,0.023756567142857146,124.72,-2.472,0.1311,0.0004237942191780821,0.1476,0.001790610410958904,0.1776,0.008036667616438358,0.196,0.01957637260273973,0.21660000000000001,0.04691556000000001
2016-07-08,5,0,True,0.0,0.01929236142857143,127.2,-2.72,0.1143,0.0003221381095890411,0.132,0.001432109589041096,0.1649,0.00692837515068493,0.18760000000000002,0.017934354410958905,0.2108,0.04443663999999999
2016-07-11,5,0,True,0.0,0.01977996142857142,125.03,-2.503,0.1223,0.00036880989041095894,0.1354,0.0015068350684931504,0.1649,0.00692837515068493,0.18600000000000003,0.01762974246575343,0.2091,0.04372281
2016-07-12,5,0,True,0.0,0.019797678571428574,126.1,-2.6099999999999994,0.1225,0.0003700171232876712,0.1355,0.0015090616438356165,0.1617,0.0066620843013698635,0.1827,0.017009720383561643,0.2054,0.042189159999999996
2016-07-13,5,0,True,0.0,0.019001709999999998,127.29,-2.7290000000000005,0.11109999999999999,0.0003043531232876712,0.1304,0.0013976021917808217,0.1597,0.006498302383561645,0.1807,0.016639351068493152,0.2039,0.04157521
2016-07-14,5,0,True,0.0,0.018358990000000006,128.28,-2.8280000000000003,0.1093,0.0002945709863013698,0.1282,0.0013508416438356167,0.1586,0.006409091178082191,0.18030000000000002,0.016565766410958905,0.2039,0.04157521
2016-07-15,5,0,True,0.0,0.018421231428571428,129.76,-2.975999999999999,0.1026,0.00025956394520547946,0.1267,0.001319415616438356,0.15990000000000001,0.0065145888493150705,0.1815,0.016787009589041096,0.2048,0.04194304
2016-07-18,5,0,True,0.0,0.01693136714285714,125.38,-2.5379999999999994,0.1099,0.00029781394520547944,0.1244,0.0012719473972602738,0.1577,0.006336558821917809,0.17989999999999998,0.016492344821917804,0.2048,0.04194304
2016-07-19,5,0,True,0.0,0.01526411142857143,129.92,-2.9919999999999987,0.11019999999999999,0.00029944208219178075,0.1197,0.0011776512328767123,0.1574,0.006312473095890412,0.17920000000000003,0.01636424942465754,0.2041,0.04165681
2016-07-20,5,0,True,0.0,0.015128204285714281,128.49,-2.849000000000001,0.1043,0.00026823673972602743,0.1177,0.0011386265753424655,0.15439999999999998,0.006074138301369861,0.17859999999999998,0.016254850849315067,0.20379999999999998,0.04153443999999999
2016-07-21,5,0,True,0.0,0.017518942857142863,128.01,-2.8009999999999993,0.115,0.00032609589041095893,0.1274,0.001334035068493151,0.161,0.006604528767123289,0.1845,0.017346538356164384,0.20829999999999999,0.04338888999999999
2016-07-22,5,0,True,0.0,0.01616369714285714,128.36,-2.836000000000001,0.10220000000000001,0.00025754400000000007,0.1202,0.0011875101369863013,0.158,0.0063606904109589045,0.182,0.016879627397260275,0.2054,0.042189159999999996
2016-07-25,5,0,True,0.0,0.017562775714285706,129.65,-2.9650000000000007,0.1193,0.0003509381095890411,0.12869999999999998,0.0013613991780821913,0.16269999999999998,0.0067447396438356155,0.1844,0.017327739616438357,0.2061,0.04247721
2016-07-26,5,0,True,0.0,0.018178054285714285,130.02,-3.002000000000001,0.1198,0.0003538859178082192,0.1305,0.0013997465753424656,0.1632,0.006786258410958905,0.1843,0.017308951068493148,0.20600000000000002,0.04243600000000001
2016-07-27,5,0,True,0.0,0.017738752857142853,125.68,-2.5680000000000005,0.1161,0.00033236408219178076,0.1283,0.0013529498630136985,0.161,0.006604528767123289,0.1839,0.01723389879452055,0.2073,0.042973290000000004
2016-07-28,5,0,True,0.0,0.017156738571428572,128.51,-2.850999999999999,0.11789999999999999,0.0003427498356164383,0.1272,0.0013298498630136986,0.16,0.0065227397260273975,0.1832,0.01710294969863014,0.20739999999999997,0.04301475999999999
2016-07-29,5,0,True,0.0,0.015833838571428564,128.25,-2.825,0.1001,0.00024706873972602737,0.11869999999999999,0.0011580567123287667,0.1542,0.006058412383561645,0.1788,0.016291276273972602,0.2039,0.04157521
2016-08-01,5,0,True,0.0,0.016827228571428567,128.01,-2.8009999999999993,0.111,0.0003038054794520548,0.1244,0.0012719473972602738,0.157,0.006280430136986302,0.1808,0.016657772712328767,0.205,0.04202499999999999
2016-08-02,5,0,True,0.0,0.01900002142857142,129.25,-2.925,0.1235,0.0003760828767123288,0.13369999999999999,0.0014692347945205475,0.16390000000000002,0.006844598712328768,0.1864,0.017705650849315073,0.2086,0.043513960000000004
2016-08-03,5,0,True,0.0,0.018162909999999994,129.99,-2.999000000000001,0.11289999999999999,0.00031429504109589033,0.1286,0.0013592843835616435,0.16079999999999997,0.00658813019178082,0.18359999999999999,0.017177716602739725,0.2069,0.04280761
2016-08-04,5,0,True,0.0,0.017037771428571425,127.06,-2.7060000000000004,0.10800000000000001,0.00028760547945205485,0.1242,0.0012678608219178081,0.15710000000000002,0.006288433232876714,0.1801,0.016529035232876712,0.20370000000000002,0.04149369000000001
2016-08-05,5,0,True,0.0,0.014921482857142856,130.6,-3.0599999999999996,0.09179999999999999,0.00020779495890410957,0.1139,0.0010662912328767123,0.1514,0.005840389808219179,0.1759,0.015767097698630137,0.2002,0.04008004
2016-08-08,5,0,True,0.0,0.014521,132.94,-3.2939999999999996,0.10099999999999999,0.000251531506849315,0.115,0.001086986301369863,0.1516,0.005855830356164385,0.1753,0.015659717095890414,0.19949999999999998,0.039800249999999995
2016-08-09,5,0,True,0.0,0.014706224285714284,135.56,-3.556,0.10490000000000001,0.00027133175342465755,0.1166,0.0011174432876712328,0.15109999999999998,0.00581726720547945,0.174,0.015428317808219178,0.19829999999999998,0.03932288999999999
2016-08-10,5,0,True,0.0,0.015854825714285717,133.25,-3.325,0.10679999999999999,0.0002812497534246575,0.12050000000000001,0.001193445205479452,0.15410000000000001,0.006050557068493152,0.17579999999999998,0.015749175452054794,0.1989,0.03956121
2016-08-11,5,0,True,0.0,0.015423159999999998,131.28,-3.128,0.0974,0.00023392010958904109,0.1168,0.0011212799999999999,0.153,0.005964484931506849,0.17559999999999998,0.015713361534246573,0.1991,0.03964081
2016-08-12,5,0,True,0.0,0.01515700285714286,132.13,-3.2129999999999996,0.09539999999999998,0.00022441216438356156,0.1155,0.001096458904109589,0.15259999999999999,0.005933338849315068,0.17620000000000002,0.0158209255890411,0.19920000000000002,0.03968064
2016-08-15,5,0,True,0.0,0.01587608285714286,134.45,-3.444999999999999,0.09720000000000001,0.00023296043835616443,0.11810000000000001,0.0011463789041095893,0.15380000000000002,0.006027021698630139,0.1773,0.016019079287671236,0.2002,0.04008004
2016-08-16,5,0,True,0.0,0.01776036142857143,132.27,-3.227000000000001,0.10869999999999999,0.00029134578082191774,0.1264,0.001313174794520548,0.1602,0.006539056767123288,0.1818,0.016842549698630135,0.20420000000000002,0.04169764000000001
2016-08-17,5,0,True,0.0,0.01626611714285714,136.71,-3.6710000000000007,0.1076,0.0002854790136986301,0.1219,0.0012213378082191779,0.1552,0.006137245808219179,0.1789,0.016309504273972604,0.2023,0.04092529
2016-08-18,5,0,True,0.0,0.01446312857142857,134.87,-3.4870000000000005,0.099,0.00024166849315068495,0.1143,0.001073793698630137,0.1516,0.005855830356164385,0.177,0.01596491506849315,0.20149999999999998,0.04060224999999999
2016-08-19,5,0,True,0.0,0.014583942857142856,136.58,-3.6580000000000013,0.094,0.0002178739726027397,0.1134,0.0010569501369863013,0.15130000000000002,0.005832677178082194,0.1771,0.015982959616438357,0.20170000000000002,0.040682890000000006
2016-08-22,5,0,True,0.0,0.016368878571428568,135.2,-3.5199999999999987,0.10949999999999999,0.00029564999999999995,0.12269999999999999,0.0012374210958904107,0.155,0.006121438356164384,0.179,0.016327742465753425,0.2029,0.041168409999999996
2016-08-23,5,0,True,0.0,0.016354475714285714,131.79,-3.1789999999999994,0.1137,0.00031876495890410957,0.12380000000000001,0.001259707397260274,0.1542,0.006058412383561645,0.1793,0.01638251819178082,0.2025,0.04100625000000001
2016-08-24,5,0,True,0.0,0.01896340428571428,130.43,-3.0430000000000006,0.1267,0.0003958246849315068,0.13449999999999998,0.001486869863013698,0.16,0.0065227397260273975,0.1827,0.017009720383561643,0.20440000000000003,0.04177936000000001
2016-08-25,5,0,True,0.0,0.01955071857142857,131.06,-3.1060000000000003,0.1277,0.0004020975616438357,0.1363,0.0015269334246575342,0.1613,0.006629164849315069,0.18280000000000002,0.017028345863013702,0.20440000000000003,0.04177936000000001
2016-08-26,5,0,True,0.0,0.020342785714285716,132.4,-3.2400000000000007,0.121,0.0003610109589041096,0.1365,0.0015314178082191782,0.1624,0.006719889534246575,0.18420000000000003,0.017290172712328772,0.2052,0.04210704
2016-08-29,5,0,True,0.0,0.018601959999999994,131.3,-3.1300000000000012,0.1114,0.0003059990136986301,0.1294,0.0013762487671232873,0.1593,0.006465790602739726,0.1818,0.016842549698630135,0.20329999999999998,0.041330889999999995
2016-08-30,5,0,True,0.0,0.01920502428571428,136.14,-3.6139999999999985,0.1121,0.00030985668493150687,0.13119999999999998,0.0014148032876712326,0.1603,0.006547222931506849,0.18289999999999998,0.017046981534246573,0.20370000000000002,0.04149369000000001
2016-08-31,5,0,True,0.0,0.019921359999999996,129.25,-2.925,0.1164,0.00033408394520547947,0.13419999999999999,0.0014802443835616435,0.16140000000000002,0.006637387068493152,0.185,0.01744068493150685,0.20559999999999998,0.042271359999999994
2016-09-01,5,0,True,0.0,0.019899824285714286,129.83,-2.9830000000000014,0.1189,0.0003485887397260274,0.1348,0.0014935101369863012,0.1631,0.006777944465753425,0.1856,0.01755399715068493,0.2064,0.04260096
2016-09-02,5,0,True,0.0,0.016953914285714286,128.4,-2.8400000000000007,0.091,0.0002041890410958904,0.1198,0.0011796197260273973,0.1565,0.006240491095890411,0.1819,0.016861083452054795,0.20440000000000003,0.04177936000000001
2016-09-06,5,0,True,0.0,0.01637146857142857,131.16,-3.1159999999999997,0.0998,0.00024559002739726025,0.1202,0.0011875101369863013,0.15560000000000002,0.0061689218630137,0.18030000000000002,0.016565766410958905,0.2026,0.04104676
2016-09-07,5,0,True,0.0,0.016250228571428566,130.94,-3.094,0.098,0.00023681095890410963,0.11939999999999999,0.0011717556164383559,0.1549,0.006113542273972604,0.1801,0.016529035232876712,0.2023,0.04092529
2016-09-08,5,0,True,0.0,0.01718086714285714,129.74,-2.974000000000001,0.1099,0.00029781394520547944,0.1251,0.0012863021917808217,0.15810000000000002,0.006368744465753426,0.18309999999999998,0.017084283452054795,0.2041,0.04165681
2016-09-09,5,0,True,0.0,0.028634782857142844,125.25,-2.525,0.18780000000000002,0.0008696426301369865,0.175,0.0025171232876712323,0.1883,0.009034221287671233,0.203,0.02099965479452055,0.2182,0.04761124
2016-09-12,5,0,True,0.0,0.021819618571428577,134.18,-3.4180000000000006,0.1603,0.0006336022191780821,0.1516,0.0018889775342465754,0.1727,0.007599320465753424,0.1912,0.01862927079452055,0.21100000000000002,0.04452100000000001
2016-09-13,5,0,True,0.0,0.029137392857142865,131.56,-3.156,0.1955,0.0009424171232876713,0.17850000000000002,0.0026188150684931513,0.1905,0.00924655684931507,0.2032,0.02104105380821918,0.21739999999999998,0.047262759999999994
2016-09-14,5,0,True,0.0,0.030912040000000005,127.4,-2.7400000000000007,0.1938,0.0009260985205479451,0.1814,0.002704599452054795,0.1935,0.009540080136986302,0.2075,0.021940993150684932,0.22030000000000002,0.048532090000000014
2016-09-15,5,0,True,0.0,0.025570000000000002,130.57,-3.0569999999999995,0.17,0.0007126027397260275,0.163,0.0021837534246575345,0.1819,0.008430541726027398,0.1993,0.020241126410958907,0.21489999999999998,0.04618200999999999
2016-09-16,5,0,True,0.0,0.02375500428571429,125.25,-2.525,0.1527,0.0005749468767123288,0.1537,0.0019416731506849316,0.1788,0.008145638136986301,0.19579999999999997,0.019536441205479448,0.2143,0.04592449
2016-09-19,5,0,True,0.0,0.023053724285714283,125.81,-2.5810000000000004,0.1631,0.0006559301095890411,0.1553,0.0019823087671232875,0.1778,0.008054778410958904,0.19510000000000002,0.01939700235616439,0.20879999999999999,0.043597439999999994
2016-09-20,5,0,True,0.0,0.023498268571428574,126.85,-2.6849999999999996,0.1722,0.0007311659178082191,0.1592,0.002083121095890411,0.17989999999999998,0.008246172410958902,0.19649999999999998,0.019676379452054794,0.2114,0.04468996
2016-09-21,5,0,True,0.0,0.01821533285714286,122.13,-2.2129999999999996,0.1283,0.00040588495890410956,0.133,0.0014538904109589043,0.1666,0.007071964602739726,0.18719999999999998,0.017857956821917806,0.20379999999999998,0.04153443999999999
2016-09-22,5,0,True,0.0,0.01565045285714286,124.29,-2.4290000000000007,0.1079,0.0002870731232876712,0.1202,0.0011875101369863013,0.1594,0.006473910904109588,0.182,0.016879627397260275,0.20120000000000002,0.04048144000000001
2016-09-23,5,0,True,0.0,0.016017781428571423,125.13,-2.5129999999999995,0.1139,0.0003198873698630137,0.1229,0.0012414583561643833,0.1605,0.006563570547945206,0.1827,0.017009720383561643,0.2011,0.04044121
2016-09-26,5,0,True,0.0,0.019512189999999995,121.72,-2.1719999999999997,0.1567,0.0006054630410958905,0.145,0.0017280821917808216,0.1728,0.007608123616438357,0.18989999999999999,0.018376805095890406,0.207,0.042849
2016-09-27,5,0,True,0.0,0.017494000000000003,123.74,-2.3739999999999997,0.128,0.00040398904109589036,0.131,0.0014104931506849316,0.16449999999999998,0.006894803424657533,0.1838,0.017215161205479453,0.2024,0.04096576
2016-09-28,5,0,True,0.0,0.016043511428571428,126.85,-2.6849999999999996,0.11720000000000001,0.0003386919452054795,0.12390000000000001,0.001261743287671233,0.16010000000000002,0.006530895698630139,0.1813,0.016750033808219177,0.2007,0.040280489999999995
2016-09-29,5,0,True,0.0,0.01880645285714285,122.67,-2.2670000000000003,0.1471,0.0005335498356164385,0.1402,0.001615564931506849,0.16870000000000002,0.007251373068493152,0.1887,0.01814528860273973,0.2048,0.04194304
2016-09-30,5,0,True,0.0,0.018674147142857138,124.58,-2.4579999999999997,0.12369999999999999,0.0003773019452054794,0.1329,0.001451704931506849,0.1637,0.0068279045753424665,0.1844,0.017327739616438357,0.2029,0.041168409999999996
2016-10-03,5,0,True,0.0,0.019063557142857145,122.86,-2.286,0.13,0.0004167123287671233,0.13570000000000002,0.0015135197260273976,0.16399999999999998,0.006852953424657532,0.183,0.017065627397260273,0.20120000000000002,0.04048144000000001
2016-10-04,5,0,True,0.0,0.019352307142857142,119.67,-1.967,0.1295,0.00041351301369863013,0.1363,0.0015269334246575342,0.16469999999999999,0.0069115790958904095,0.1833,0.0171216261369863,0.2016,0.04064256
2016-10-05,5,0,True,0.0,0.017903404285714294,121.54,-2.154000000000001,0.12029999999999999,0.0003568460547945205,0.12990000000000002,0.0013869049315068497,0.16219999999999998,0.006703348273972601,0.1816,0.01680551276712329,0.2007,0.040280489999999995
2016-10-06,5,0,True,0.0,0.01791390428571428,120.48,-2.0480000000000005,0.11470000000000001,0.00032439673972602746,0.1284,0.0013550597260273969,0.1607,0.006579938547945206,0.18059999999999998,0.016620939616438356,0.19920000000000002,0.03968064
2016-10-07,5,0,True,0.0,0.020320304285714283,119.95,-1.9950000000000003,0.11470000000000001,0.00032439673972602746,0.1348,0.0014935101369863012,0.16440000000000002,0.0068864232328767145,0.1837,0.01719643380821918,0.20120000000000002,0.04048144000000001
2016-10-10,5,0,True,0.0,0.020566795714285716,123.84,-2.3840000000000003,0.1081,0.0002881383287671233,0.1338,0.0014714334246575343,0.1595,0.006482036301369863,0.1805,0.016602538356164383,0.1991,0.03964081
2016-10-11,5,0,True,0.0,0.02607755999999999,119.79,-1.9790000000000005,0.1334,0.00043879463013698626,0.1536,0.0019391473972602735,0.16940000000000002,0.007311675287671235,0.18760000000000002,0.017934354410958905,0.20420000000000002,0.04169764000000001
2016-10-12,5,0,True,0.0,0.02873891714285714,122.34,-2.2340000000000004,0.1316,0.0004270329863013699,0.1591,0.002080504931506849,0.1702,0.007380897863013698,0.1891,0.018222297698630135,0.2047,0.041902089999999996
2016-10-13,5,0,True,0.0,0.03130951857142858,123.32,-2.3319999999999994,0.1407,0.0004881326301369862,0.16690000000000002,0.0022895021917808222,0.1759,0.007883548849315069,0.19269999999999998,0.018922717643835612,0.207,0.042849
2016-10-14,5,0,True,0.0,0.029945902857142857,121.86,-2.186,0.1294,0.0004128746301369862,0.1612,0.0021357895890410958,0.17420000000000002,0.00773190279452055,0.19140000000000001,0.01866826454794521,0.20629999999999998,0.04255968999999999
2016-10-17,5,0,True,0.0,0.029364181428571435,124.08,-2.408,0.1381,0.00047025887671232875,0.16210000000000002,0.0021597049315068497,0.1747,0.007776351698630136,0.1918,0.018746374356164382,0.207,0.042849
2016-10-18,5,0,True,0.0,0.026711092857142852,122.76,-2.2760000000000007,0.1245,0.00038219794520547945,0.1528,0.0019190005479452052,0.16920000000000002,0.007294420602739728,0.1886,0.018126061808219178,0.205,0.04202499999999999
2016-10-19,5,0,True,0.0,0.023523404285714287,122.56,-2.2560000000000002,0.1197,0.0003532953698630137,0.1441,0.001706696712328767,0.1646,0.0069031887123287665,0.1852,0.01747841490410959,0.2021,0.04084441
2016-10-20,5,0,True,0.0,0.02175700428571429,123.91,-2.3909999999999996,0.1107,0.0003021655068493151,0.1375,0.0015539383561643837,0.1623,0.006711616356164384,0.1837,0.01719643380821918,0.20079999999999998,0.04032063999999999
2016-10-21,5,0,True,0.0,0.020533839999999998,123.0,-2.3,0.10679999999999999,0.0002812497534246575,0.1334,0.0014626487671232874,0.1604,0.006555394191780821,0.18239999999999998,0.01695390509589041,0.20010000000000003,0.04004001000000001
2016-10-24,5,0,True,0.0,0.018696235714285706,124.6,-2.4599999999999995,0.11349999999999999,0.00031764452054794515,0.13019999999999998,0.001393318356164383,0.1561,0.0062086315890410955,0.17980000000000002,0.01647401490410959,0.1977,0.039085289999999995
2016-10-25,5,0,True,0.0,0.01981265714285714,122.83,-2.283,0.11900000000000001,0.00034917534246575347,0.1346,0.0014890816438356163,0.15810000000000002,0.006368744465753426,0.1805,0.016602538356164383,0.19920000000000002,0.03968064
2016-10-26,5,0,True,0.0,0.022185811428571428,123.31,-2.3310000000000004,0.1258,0.00039022126027397257,0.1424,0.001666665205479452,0.1625,0.006728167808219179,0.18350000000000002,0.0171590095890411,0.201,0.040401000000000006
2016-10-27,5,0,True,0.0,0.02458130999999999,122.35,-2.2349999999999994,0.1459,0.0005248802465753424,0.1536,0.0019391473972602735,0.1693,0.007303045397260274,0.1881,0.018030080712328766,0.20489999999999997,0.04198400999999999
2016-10-28,5,0,True,0.0,0.025507038571428574,126.35,-2.6349999999999993,0.16690000000000002,0.0006868506575342467,0.16190000000000002,0.0021543789041095895,0.17370000000000002,0.0076875812876712355,0.19030000000000002,0.018454303397260282,0.2057,0.042312489999999994
2016-10-31,5,0,True,0.0,0.024107538571428555,126.12,-2.6120000000000005,0.20190000000000002,0.0010051301095890413,0.17059999999999997,0.002392139178082191,0.17850000000000002,0.00811832671232877,0.1923,0.01884424093150685,0.20679999999999998,0.04276623999999999
2016-11-01,5,0,True,0.0,0.026814245714285704,124.46,-2.4459999999999993,0.2286,0.0012885524383561644,0.1856,0.002831289863013698,0.18739999999999998,0.008948067616438354,0.19879999999999998,0.020139692712328763,0.2115,0.044732249999999994
2016-11-02,5,0,True,0.0,0.028307245714285712,126.15,-2.6150000000000007,0.2416,0.0014392740821917809,0.1932,0.0030679101369863013,0.1918,0.009373187178082191,0.2011,0.020608397424657535,0.2122,0.04502884
2016-11-03,5,0,True,0.0,0.03628620000000001,141.18,-4.118,0.27899999999999997,0.0019193671232876706,0.2208,0.004007066301369863,0.207,0.010917690410958905,0.21,0.022472876712328765,0.217,0.047089
2016-11-04,5,0,True,0.0,0.03678891142857144,133.03,-3.303,0.2882,0.0020480360547945205,0.22510000000000002,0.004164658356164384,0.2113,0.011375986767123288,0.2144,0.023424462904109593,0.2208,0.04875264
2016-11-07,5,0,True,0.0,0.02392591857142858,134.91,-3.4909999999999997,0.24670000000000003,0.001500679479452055,0.18710000000000002,0.0028772391780821924,0.1815,0.008393504794520548,0.1924,0.018863844821917806,0.2059,0.04239481
2016-11-08,5,0,True,0.0,0.022715538571428568,135.6,-3.5599999999999996,0.2531,0.00157955202739726,0.18739999999999998,0.0028864734246575336,0.18100000000000002,0.008347323287671234,0.19260000000000002,0.0189030831780822,0.2045,0.041820249999999996
2016-11-09,5,0,True,0.0,0.019429360000000003,134.61,-3.461000000000001,0.1536,0.0005817442191780821,0.1438,0.0016995978082191782,0.1628,0.006753033205479452,0.1809,0.016676204547945207,0.196,0.038416000000000006
2016-11-10,5,0,True,0.0,0.02249361142857143,127.0,-2.7,0.1412,0.000491608109589041,0.1474,0.001785761095890411,0.1675,0.007148578767123289,0.1856,0.01755399715068493,0.2007,0.040280489999999995
2016-11-11,5,0,True,0.0,0.021618459999999996,121.71,-2.1709999999999994,0.1284,0.0004065179178082191,0.1417,0.001650319726027397,0.1649,0.00692837515068493,0.1845,0.017346538356164384,0.20010000000000003,0.04004001000000001
2016-11-14,5,0,True,0.0,0.023245767142857147,122.71,-2.2709999999999995,0.1251,0.0003858906575342465,0.1448,0.0017233183561643837,0.16699999999999998,0.007105964383561643,0.1862,0.017667676273972605,0.2024,0.04096576
2016-11-15,5,0,True,0.0,0.020684859999999992,119.79,-1.9790000000000005,0.10640000000000001,0.0002791469589041096,0.13369999999999999,0.0014692347945205475,0.1575,0.0063204965753424665,0.18030000000000002,0.016565766410958905,0.1978,0.03912484
2016-11-16,5,0,True,0.0,0.02300704000000001,123.77,-2.377,0.09519999999999999,0.00022347221917808213,0.13720000000000002,0.0015471649315068497,0.1607,0.006579938547945206,0.1827,0.017009720383561643,0.19899999999999998,0.03960099999999999
2016-11-17,5,0,True,0.0,0.02168959714285714,123.06,-2.306,0.09380000000000001,0.00021694783561643837,0.1335,0.0014648424657534246,0.1564,0.006232518575342467,0.1796,0.01643738564383562,0.1981,0.03924361
2016-11-18,5,0,True,0.0,0.02039706142857143,126.38,-2.6379999999999995,0.0863,0.0001836416712328767,0.1285,0.0013571712328767122,0.1552,0.006137245808219179,0.1802,0.016547395726027397,0.19920000000000002,0.03968064
2016-11-21,5,0,True,0.0,0.017750914285714285,124.01,-2.4010000000000007,0.1,0.00024657534246575347,0.1242,0.0012678608219178081,0.1532,0.005980088547945205,0.1782,0.016182122301369863,0.19699999999999998,0.03880899999999999
2016-11-22,5,0,True,0.0,0.0175423,127.98,-2.7980000000000005,0.102,0.0002565369863013698,0.1241,0.00126582,0.1535,0.006003532191780822,0.17809999999999998,0.016163965643835616,0.1966,0.03865156
2016-11-23,5,0,True,0.0,0.017734831428571428,125.33,-2.533,0.10060000000000001,0.00024954312328767127,0.1243,0.0012699032876712327,0.1543,0.006066272794520548,0.17859999999999998,0.016254850849315067,0.1968,0.03873024
2016-11-25,5,0,True,0.0,0.01709144714285714,126.27,-2.627,0.1043,0.00026823673972602743,0.1234,0.0012515802739726026,0.1551,0.006129339534246574,0.1793,0.01638251819178082,0.19519999999999998,0.03810303999999999
2016-11-28,5,0,True,0.0,0.017615517142857147,125.75,-2.575,0.1286,0.0004077853150684931,0.1315,0.0014212808219178084,0.1602,0.006539056767123288,0.182,0.016879627397260275,0.19949999999999998,0.039800249999999995
2016-11-29,5,0,True,0.0,0.01692558857142857,128.31,-2.8310000000000004,0.1264,0.0003939524383561644,0.129,0.0013677534246575342,0.159,0.006441460273972604,0.1814,0.01676851660273973,0.1996,0.03984016
2016-11-30,5,0,True,0.0,0.017882718571428566,126.39,-2.6390000000000002,0.1323,0.00043158797260273976,0.1333,0.0014604567123287669,0.161,0.006604528767123289,0.1825,0.016972499999999998,0.1991,0.03964081
2016-12-01,5,0,True,0.0,0.01992863142857142,128.37,-2.8370000000000006,0.1396,0.0004805299726027397,0.1407,0.0016271087671232874,0.16670000000000001,0.00708045690410959,0.1864,0.017705650849315073,0.2023,0.04092529
2016-12-02,5,0,True,0.0,0.020508502857142855,128.99,-2.899000000000001,0.1364,0.0004587524383561643,0.1412,0.0016386936986301367,0.1678,0.007174208547945206,0.1875,0.017915239726027397,0.2026,0.04104676
2016-12-05,5,0,True,0.0,0.015474738571428573,128.35,-2.8349999999999995,0.11410000000000001,0.0003210117534246576,0.12140000000000001,0.0012113391780821919,0.1577,0.006336558821917809,0.1802,0.016547395726027397,0.1978,0.03912484
2016-12-06,5,0,True,0.0,0.014821774285714285,130.92,-3.0919999999999987,0.1084,0.0002897398356164383,0.11789999999999999,0.0011424994520547944,0.1548,0.0061056512876712325,0.1784,0.016218466191780825,0.19690000000000002,0.03876961000000001
2016-12-07,5,0,True,0.0,0.015375310000000001,123.61,-2.3609999999999998,0.11789999999999999,0.0003427498356164383,0.1222,0.0012273567123287671,0.1548,0.0061056512876712325,0.1775,0.016055239726027397,0.1957,0.038298490000000004
2016-12-08,5,0,True,0.0,0.01567024,119.08,-1.908,0.1292,0.00041159934246575347,0.1264,0.001313174794520548,0.1572,0.006296441424657535,0.1795,0.016419086301369862,0.1973,0.03892729
2016-12-09,5,0,True,0.0,0.014442785714285714,119.51,-1.9510000000000005,0.111,0.0003038054794520548,0.1175,0.0011347602739726027,0.1522,0.005902274301369863,0.1766,0.01589283879452055,0.1953,0.038142090000000003
2016-12-12,5,0,True,0.0,0.016392978571428574,123.28,-2.3280000000000003,0.1225,0.0003700171232876712,0.1264,0.001313174794520548,0.1573,0.006304454712328766,0.17850000000000002,0.01623665342465754,0.1973,0.03892729
2016-12-13,5,0,True,0.0,0.016682807142857144,119.34,-1.9340000000000004,0.1225,0.0003700171232876712,0.1272,0.0013298498630136986,0.157,0.006280430136986302,0.1782,0.016182122301369863,0.19640000000000002,0.03857296000000001
2016-12-14,5,0,True,0.0,0.017788059999999998,125.43,-2.5430000000000006,0.1284,0.0004065179178082191,0.1319,0.0014299405479452053,0.15869999999999998,0.006417175808219176,0.1791,0.01634599084931507,0.1967,0.038690890000000006
2016-12-15,5,0,True,0.0,0.017351049999999993,129.44,-2.944,0.1185,0.00034624726027397256,0.12789999999999999,0.0013445268493150681,0.1575,0.0063204965753424665,0.179,0.016327742465753425,0.1974,0.038966759999999996
2016-12-16,5,0,True,0.0,0.016383618571428574,131.95,-3.194999999999999,0.1067,0.00028072331506849313,0.122,0.0012233424657534246,0.1557,0.0061768536164383565,0.1777,0.01609144093150685,0.1972,0.03888783999999999
2016-12-19,5,0,True,0.0,0.015346192857142862,130.47,-3.0469999999999997,0.09949999999999999,0.00024411575342465748,0.11710000000000001,0.001127047397260274,0.1531,0.005972284191780823,0.1757,0.015731263397260272,0.1961,0.03845521
2016-12-20,5,0,True,0.0,0.014570821428571426,122.09,-2.2090000000000005,0.09849999999999999,0.00023923356164383554,0.11449999999999999,0.0010775547945205478,0.1514,0.005840389808219179,0.1752,0.015641856,0.1959,0.03837681
2016-12-21,5,0,True,0.0,0.014414032857142857,124.9,-2.4900000000000007,0.0933,0.00021464112328767118,0.1127,0.0010439416438356164,0.1509,0.005801877616438357,0.1752,0.015641856,0.19649999999999998,0.038612249999999994
2016-12-22,5,0,True,0.0,0.014924888571428572,128.02,-2.802000000000001,0.0934,0.00021510147945205479,0.1143,0.001073793698630137,0.15289999999999998,0.0059566907671232865,0.1769,0.01594688071232877,0.1974,0.038966759999999996
2016-12-23,5,0,True,0.0,0.015240211428571428,120.51,-2.0510000000000006,0.0898,0.00019883934246575345,0.1144,0.0010756734246575343,0.1525,0.005925565068493151,0.17629999999999998,0.015838888602739725,0.1973,0.03892729
2016-12-27,5,0,True,0.0,0.016060797142857144,123.65,-2.3650000000000007,0.10220000000000001,0.00025754400000000007,0.1199,0.0011815898630136987,0.1536,0.006011356931506849,0.1764,0.01585686180821918,0.1967,0.038690890000000006
2016-12-28,5,0,True,0.0,0.018562282857142856,122.37,-2.2370000000000005,0.11220000000000001,0.00031040975342465756,0.1295,0.001378376712328767,0.1593,0.006465790602739726,0.1804,0.016584147287671235,0.1989,0.03956121
2016-12-29,5,0,True,0.0,0.01973000285714285,124.57,-2.4569999999999994,0.1164,0.00033408394520547947,0.13369999999999999,0.0014692347945205475,0.1616,0.006653846794520548,0.1822,0.0169167458630137,0.1999,0.03996001
2016-12-30,5,0,True,0.0,0.02126955428571428,127.26,-2.7260000000000004,0.1268,0.0003964497534246575,0.1404,0.0016201775342465751,0.1654,0.006970454465753425,0.1857,0.017572918191780824,0.2036,0.041452960000000004
2017-01-03,5,0,True,0.0,0.017427781428571425,125.79,-2.5790000000000006,0.1199,0.0003544769589041096,0.1285,0.0013571712328767122,0.15560000000000002,0.0061689218630137,0.1777,0.01609144093150685,0.1974,0.038966759999999996
2017-01-04,5,0,True,0.0,0.01517196857142857,124.4,-2.4400000000000004,0.10679999999999999,0.0002812497534246575,0.1185,0.0011541575342465752,0.1484,0.005611227616438356,0.1716,0.015005644273972604,0.1932,0.037326240000000004
2017-01-05,5,0,True,0.0,0.015212592857142857,128.21,-2.8210000000000006,0.09949999999999999,0.00024411575342465748,0.1167,0.0011193608219178081,0.147,0.005505854794520548,0.1703,0.014779147232876714,0.19149999999999998,0.03667224999999999
2017-01-06,5,0,True,0.0,0.014686510000000005,123.67,-2.367,0.0919,0.00020824791780821916,0.11320000000000001,0.0010532252054794523,0.1456,0.005401480767123288,0.16920000000000002,0.014588841205479456,0.1894,0.035872360000000006
2017-01-09,5,0,True,0.0,0.015271360000000001,122.59,-2.2590000000000003,0.0944,0.00021973216438356163,0.11560000000000001,0.0010983583561643836,0.1463,0.00545354293150685,0.1704,0.014796508931506849,0.1902,0.03617604
2017-01-10,5,0,True,0.0,0.015480540000000001,121.84,-2.184,0.0888,0.00019443550684931509,0.1149,0.0010850967123287672,0.1466,0.005475931726027399,0.1709,0.014883470301369864,0.1913,0.03659569
2017-01-11,5,0,True,0.0,0.014733039999999996,123.06,-2.306,0.0888,0.00019443550684931509,0.11259999999999999,0.0010420898630136984,0.1447,0.005334910602739726,0.1697,0.01467519106849315,0.19190000000000002,0.03682561000000001
2017-01-12,5,0,True,0.0,0.015301839999999997,126.22,-2.622,0.0932,0.00021418126027397262,0.11539999999999999,0.0010945610958904108,0.1458,0.0054163301917808234,0.17129999999999998,0.014953222849315065,0.1932,0.037326240000000004
2017-01-13,5,0,True,0.0,0.014552410000000002,132.32,-3.2319999999999993,0.08990000000000001,0.0001992824383561644,0.11230000000000001,0.001036544383561644,0.1454,0.005386651726027397,0.1716,0.015005644273972604,0.19399999999999998,0.03763599999999999
2017-01-17,5,0,True,0.0,0.015082878571428565,131.55,-3.155000000000001,0.1085,0.00029027465753424654,0.11869999999999999,0.0011580567123287667,0.1489,0.005649102821917809,0.1745,0.015517113698630135,0.1957,0.038298490000000004
2017-01-18,5,0,True,0.0,0.01678731,143.43,-4.343000000000001,0.11289999999999999,0.00031429504109589033,0.12480000000000001,0.0012801402739726028,0.1494,0.005687105424657534,0.1741,0.015446056602739728,0.19399999999999998,0.03763599999999999
2017-01-19,5,0,True,0.0,0.017664771428571424,141.03,-4.103,0.115,0.00032609589041095893,0.1278,0.0013424252054794518,0.1502,0.0057481745753424655,0.17379999999999998,0.015392870794520546,0.1946,0.03786916
2017-01-20,5,0,True,0.0,0.014975439999999996,146.33,-4.633000000000001,0.09720000000000001,0.00023296043835616443,0.11539999999999999,0.0010945610958904108,0.1449,0.005349668301369863,0.1707,0.01484865517808219,0.19210000000000002,0.03690241000000001
2017-01-23,5,0,True,0.0,0.014679854285714281,137.78,-3.778,0.1092,0.0002940322191780822,0.1177,0.0011386265753424655,0.1454,0.005386651726027397,0.16940000000000002,0.01462335057534247,0.19079999999999997,0.03640463999999999
2017-01-24,5,0,True,0.0,0.013151854285714287,138.16,-3.816,0.1008,0.00025053632876712327,0.1107,0.0010072183561643836,0.1387,0.004901658,0.1625,0.013456335616438359,0.182,0.033124
2017-01-25,5,0,True,0.0,0.012356431428571428,128.8,-2.8800000000000012,0.10060000000000001,0.00024954312328767127,0.1081,0.000960461095890411,0.1361,0.004719612410958904,0.1595,0.012964072602739726,0.18280000000000002,0.03341584000000001
2017-01-26,5,0,True,0.0,0.012101667142857144,129.58,-2.958000000000001,0.0971,0.00023248134246575347,0.1063,0.0009287416438356165,0.1363,0.004733493616438356,0.1607,0.013159877095890412,0.1844,0.03400336
2017-01-27,5,0,True,0.0,0.012236217142857145,129.95,-2.9949999999999988,0.09359999999999999,0.00021602367123287666,0.1058,0.0009200252054794521,0.1368,0.004768285808219178,0.16210000000000002,0.01339017057534247,0.1865,0.03478225
2017-01-30,5,0,True,0.0,0.014335388571428576,134.32,-3.4319999999999995,0.1166,0.0003352329863013698,0.1188,0.0011600087671232878,0.1441,0.005290759808219179,0.1663,0.014093036547945206,0.1895,0.03591025
2017-01-31,5,0,True,0.0,0.01460003285714286,138.08,-3.808000000000001,0.1177,0.0003415879726027397,0.1199,0.0011815898630136987,0.1448,0.00534228690410959,0.16699999999999998,0.014211928767123285,0.1888,0.03564544
2017-02-01,5,0,True,0.0,0.013712517142857147,133.97,-3.397,0.1204,0.00035743956164383553,0.11810000000000001,0.0011463789041095893,0.1429,0.005203008575342466,0.1653,0.01392405682191781,0.18719999999999998,0.03504383999999999
2017-02-02,5,0,True,0.0,0.01499446,136.65,-3.6650000000000005,0.1116,0.00030709873972602745,0.1193,0.001169793698630137,0.1459,0.005423762547945205,0.16649999999999998,0.014126954794520545,0.1857,0.03448449
2017-02-03,5,0,True,0.0,0.01357201,133.25,-3.325,0.0919,0.00020824791780821916,0.1097,0.0009891032876712328,0.1405,0.005029707534246576,0.16269999999999998,0.013489479287671231,0.1844,0.03400336
2017-02-06,5,0,True,0.0,0.014035461428571422,131.41,-3.1409999999999996,0.1017,0.00025503016438356167,0.1137,0.0010625498630136984,0.1424,0.0051666621369863015,0.1641,0.013722626465753424,0.18420000000000003,0.03392964000000001
2017-02-07,5,0,True,0.0,0.014365689999999992,130.46,-3.0460000000000007,0.0947,0.0002211309863013699,0.11289999999999999,0.001047650136986301,0.1435,0.005246792465753424,0.16440000000000002,0.013772846465753429,0.1843,0.033966489999999995
2017-02-08,5,0,True,0.0,0.014779214285714283,134.01,-3.400999999999999,0.096,0.00022724383561643837,0.11449999999999999,0.0010775547945205478,0.1456,0.005401480767123288,0.166,0.014042235616438359,0.1852,0.03429904
2017-02-09,5,0,True,0.0,0.013553950000000002,129.19,-2.9189999999999996,0.0885,0.0001931239726027397,0.10880000000000001,0.0009729402739726028,0.1417,0.005115991150684931,0.1635,0.013622461643835617,0.18309999999999998,0.03352561
2017-02-10,5,0,True,0.0,0.013330625714285714,130.47,-3.0469999999999997,0.0902,0.00020061468493150686,0.1085,0.0009675821917808218,0.1391,0.004929970767123288,0.1617,0.013324168602739727,0.1816,0.032978560000000004
2017-02-13,5,0,True,0.0,0.013783740000000001,130.1,-3.0099999999999993,0.0932,0.00021418126027397262,0.1107,0.0010072183561643836,0.1368,0.004768285808219178,0.1591,0.012899130575342465,0.17920000000000003,0.03211264000000001
2017-02-14,5,0,True,0.0,0.013052931428571429,133.66,-3.3659999999999997,0.0894,0.00019707189041095886,0.1074,0.0009480624657534246,0.1319,0.004432815698630136,0.15439999999999998,0.012148276602739722,0.17629999999999998,0.031081689999999995
2017-02-15,5,0,True,0.0,0.01595723142857143,137.55,-3.7550000000000012,0.1026,0.00025956394520547946,0.1197,0.0011776512328767123,0.1341,0.004581921452054794,0.1543,0.012132545589041095,0.17800000000000002,0.031684000000000004
2017-02-16,5,0,True,0.0,0.01545392571428571,141.41,-4.141,0.1002,0.0002475626301369863,0.1176,0.0011366926027397259,0.1363,0.004733493616438356,0.1568,0.012528878465753424,0.1775,0.03150625
2017-02-17,5,0,True,0.0,0.015365404285714288,141.13,-4.1129999999999995,0.09029999999999999,0.0002010597534246575,0.1149,0.0010850967123287672,0.13720000000000002,0.004796211287671234,0.15789999999999998,0.012705282904109588,0.1787,0.03193369
2017-02-21,5,0,True,0.0,0.014647197142857138,136.93,-3.6930000000000005,0.10220000000000001,0.00025754400000000007,0.1157,0.0011002594520547943,0.1404,0.005022550356164383,0.15990000000000001,0.013029177698630141,0.1795,0.03222025
2017-02-22,5,0,True,0.0,0.015063138571428573,138.24,-3.8240000000000007,0.1039,0.00026618326027397264,0.1174,0.001132829589041096,0.1439,0.005276083643835617,0.1625,0.013456335616438359,0.1805,0.03258025
2017-02-23,5,0,True,0.0,0.015173907142857145,137.91,-3.7909999999999995,0.1015,0.00025402808219178083,0.11710000000000001,0.001127047397260274,0.1474,0.005535859397260275,0.1654,0.01394090893150685,0.1815,0.03294225
2017-02-24,5,0,True,0.0,0.014999495714285715,138.66,-3.8659999999999997,0.0941,0.00021833778082191782,0.11470000000000001,0.0010813224657534248,0.1476,0.005550892273972603,0.1668,0.014177908602739727,0.1816,0.032978560000000004
2017-02-27,5,0,True,0.0,0.01585449,134.39,-3.4389999999999987,0.10830000000000001,0.00028920550684931513,0.1209,0.0012013816438356164,0.1491,0.005664288575342467,0.16620000000000001,0.01407609271232877,0.1819,0.03308761
2017-02-28,5,0,True,0.0,0.01778782428571429,131.98,-3.197999999999999,0.1189,0.0003485887397260274,0.1292,0.0013719978082191782,0.1528,0.005948901698630137,0.16949999999999998,0.014640620547945203,0.1848,0.034151039999999994
2017-03-01,5,0,True,0.0,0.017676304285714275,132.16,-3.2159999999999997,0.1057,0.00027548605479452056,0.12539999999999998,0.0012924789041095885,0.14859999999999998,0.0056263624109589025,0.16620000000000001,0.01407609271232877,0.1833,0.03359889
2017-03-02,5,0,True,0.0,0.01597544285714286,133.36,-3.336000000000001,0.096,0.00022724383561643837,0.11810000000000001,0.0011463789041095893,0.1477,0.005558416356164384,0.1663,0.014093036547945206,0.18239999999999998,0.033269759999999995
2017-03-03,5,0,True,0.0,0.01401993142857143,136.1,-3.6099999999999994,0.08560000000000001,0.00018067463013698634,0.1096,0.0009873008219178083,0.1426,0.0051811854246575344,0.1625,0.013456335616438359,0.18030000000000002,0.03250809
2017-03-06,5,0,True,0.0,0.014040704285714287,140.17,-4.016999999999999,0.0967,0.00023056989041095888,0.1124,0.0010383912328767123,0.1434,0.005239482410958905,0.1632,0.01357251682191781,0.1809,0.03272481
2017-03-07,5,0,True,0.0,0.014243804285714283,138.85,-3.8849999999999993,0.1023,0.0002580482465753425,0.11449999999999999,0.0010775547945205478,0.1441,0.005290759808219179,0.1638,0.013672498191780822,0.1816,0.032978560000000004
2017-03-08,5,0,True,0.0,0.014993024285714284,139.63,-3.9629999999999996,0.1091,0.00029349394520547945,0.1186,0.001156106301369863,0.1454,0.005386651726027397,0.1641,0.013722626465753424,0.1815,0.03294225
2017-03-09,5,0,True,0.0,0.01566564,139.48,-3.947999999999999,0.11779999999999999,0.0003421686575342465,0.12300000000000001,0.0012434794520547947,0.1478,0.005565945534246575,0.16620000000000001,0.01407609271232877,0.1826,0.033342760000000006
2017-03-10,5,0,True,0.0,0.01454299,138.99,-3.899000000000001,0.1067,0.00028072331506849313,0.1166,0.0011174432876712328,0.1438,0.005268753205479453,0.16329999999999997,0.013589154904109585,0.18030000000000002,0.03250809
2017-03-13,5,0,True,0.0,0.013422854285714284,145.75,-4.575,0.10779999999999999,0.00028654126027397253,0.11349999999999999,0.0010588150684931504,0.1436,0.005254107616438356,0.16269999999999998,0.013489479287671231,0.1805,0.03258025
2017-03-14,5,0,True,0.0,0.01566564,146.11,-4.6110000000000015,0.11779999999999999,0.0003421686575342465,0.12300000000000001,0.0012434794520547947,0.1463,0.00545354293150685,0.16399999999999998,0.013705906849315065,0.18109999999999998,0.03279720999999999
2017-03-15,5,0,True,0.0,0.014360517142857148,147.2,-4.719999999999999,0.1076,0.0002854790136986301,0.11630000000000001,0.0011117005479452057,0.142,0.005137676712328767,0.1613,0.013258329698630137,0.1795,0.03222025
2017-03-16,5,0,True,0.0,0.013886260000000004,149.49,-4.949000000000001,0.0974,0.00023392010958904109,0.1121,0.0010328556164383564,0.1378,0.004838252383561644,0.1578,0.01268919517808219,0.1778,0.03161284
2017-03-17,5,0,True,0.0,0.014001904285714286,154.34,-5.434,0.0987,0.0002402060547945205,0.1128,0.0010457950684931506,0.1392,0.004937061698630137,0.1585,0.012802023287671235,0.1783,0.031790889999999995
2017-03-20,5,0,True,0.0,0.013885675714285712,152.93,-5.293000000000001,0.1023,0.0002580482465753425,0.1134,0.0010569501369863013,0.139,0.004922884931506851,0.1586,0.012818182356164382,0.17309999999999998,0.02996360999999999
2017-03-21,5,0,True,0.0,0.013536147142857141,141.02,-4.102000000000001,0.1423,0.0004992975616438357,0.1247,0.001278089589041096,0.1462,0.005446090191780822,0.1643,0.013756096273972602,0.1777,0.03157729
2017-03-22,5,0,True,0.0,0.014419152857142853,136.07,-3.6069999999999993,0.1451,0.0005191399726027397,0.1281,0.0013487350684931504,0.14679999999999999,0.00549088306849315,0.16399999999999998,0.013705906849315065,0.17739999999999997,0.03147075999999999
2017-03-23,5,0,True,0.0,0.014766931428571424,132.54,-3.253999999999999,0.1514,0.0005651990136986302,0.13119999999999998,0.0014148032876712326,0.1491,0.005664288575342467,0.16519999999999999,0.013907214904109587,0.17859999999999998,0.031897959999999996
2017-03-24,5,0,True,0.0,0.016264590000000006,136.62,-3.6620000000000004,0.1343,0.00044473536986301373,0.12960000000000002,0.0013805063013698634,0.14550000000000002,0.005394063698630138,0.1628,0.013506066410958905,0.1766,0.031187560000000003
2017-03-27,5,0,True,0.0,0.016025954285714288,135.37,-3.5370000000000004,0.12119999999999999,0.0003622053698630136,0.125,0.0012842465753424657,0.1423,0.005159408136986302,0.15990000000000001,0.013029177698630141,0.1751,0.03066001
2017-03-28,5,0,True,0.0,0.014257552857142856,134.43,-3.4430000000000005,0.1051,0.0002723673698630137,0.1153,0.0010926649315068492,0.1368,0.004768285808219178,0.154,0.012085413698630138,0.17149999999999999,0.029412249999999994
2017-03-29,5,0,True,0.0,0.014276354285714282,132.37,-3.2370000000000005,0.1008,0.00025053632876712327,0.1142,0.001071915616438356,0.1343,0.004595598821917809,0.1519,0.011758058794520548,0.1696,0.02876416
2017-03-30,5,0,True,0.0,0.015091239999999997,138.84,-3.8840000000000003,0.0958,0.0002262979726027397,0.11539999999999999,0.0010945610958904108,0.13369999999999999,0.004554627863013698,0.1509,0.011603755232876715,0.16870000000000002,0.028459690000000006
2017-03-31,5,0,True,0.0,0.01786031714285714,138.31,-3.8310000000000004,0.0966,0.00023009326027397263,0.12369999999999999,0.0012576731506849313,0.136,0.0047126794520547955,0.1525,0.011851130136986302,0.16949999999999998,0.028730249999999995
2017-04-03,5,0,True,0.0,0.01747096,135.23,-3.522999999999999,0.1016,0.0002545288767123288,0.12380000000000001,0.001259707397260274,0.1367,0.0047613171780821915,0.1527,0.011882235452054796,0.16899999999999998,0.028560999999999996
2017-04-04,5,0,True,0.0,0.015981724285714285,132.28,-3.228,0.0951,0.00022300298630136984,0.11789999999999999,0.0011424994520547944,0.13369999999999999,0.004554627863013698,0.1494,0.011374210849315069,0.1675,0.028056250000000005
2017-04-05,5,0,True,0.0,0.017677210000000006,130.91,-3.0909999999999997,0.1189,0.0003485887397260274,0.12890000000000001,0.0013656336986301372,0.1412,0.005079950465753424,0.1545,0.012164017808219178,0.17010000000000003,0.02893401000000001
2017-04-06,5,0,True,0.0,0.017410032857142863,131.27,-3.127000000000001,0.1027,0.0002600701643835616,0.12390000000000001,0.001261743287671233,0.1366,0.004754353643835616,0.15130000000000002,0.011665354356164387,0.1679,0.02819041
2017-04-07,5,0,True,0.0,0.019325117142857135,132.7,-3.2699999999999987,0.10060000000000001,0.00024954312328767127,0.12869999999999998,0.0013613991780821913,0.1406,0.0050368698082191785,0.15439999999999998,0.012148276602739722,0.1703,0.02900209
2017-04-10,5,0,True,0.0,0.021980206666666672,132.86,-3.2860000000000014,0.1036,0.00026464832876712326,0.1405,0.0016224863013698633,0.1458,0.0054163301917808234,0.1583,0.012769735726027397,0.1725,0.029756249999999995
2017-04-11,5,0,True,0.0,0.023112117142857148,136.66,-3.6659999999999995,0.1054,0.0002739244931506849,0.1507,0.001866615616438356,0.1516,0.005855830356164385,0.16190000000000002,0.013357149205479455,0.1744,0.03041536
2017-04-12,5,0,True,0.0,0.022623339999999995,131.93,-3.1930000000000005,0.1091,0.00029349394520547945,0.1577,0.0020440512328767126,0.1528,0.005948901698630137,0.1629,0.013522663726027395,0.1729,0.02989441
2017-04-13,5,0,True,0.0,0.02448915,134.36,-3.4360000000000013,0.1275,0.0004008390410958904,0.15960000000000002,0.0020936021917808225,0.1575,0.0063204965753424665,0.16570000000000001,0.013991526410958906,0.1771,0.03136441
2017-04-17,5,0,True,0.0,0.022363102857142846,139.63,-3.9629999999999996,0.1344,0.0004453979178082191,0.1466,0.001766429589041096,0.14859999999999998,0.0056263624109589025,0.1606,0.013143503999999999,0.1745,0.030450249999999995
2017-04-18,5,0,True,0.0,0.021063485714285714,137.2,-3.719999999999999,0.142,0.0004971945205479451,0.1442,0.0017090663013698628,0.1476,0.005550892273972603,0.1602,0.013078113534246576,0.175,0.030624999999999996
2017-04-19,5,0,True,0.0,0.02059612857142857,140.2,-4.019999999999999,0.162,0.0006471123287671233,0.1493,0.0018320950684931503,0.1508,0.005794190465753424,0.16210000000000002,0.01339017057534247,0.1751,0.03066001
2017-04-20,5,0,True,0.0,0.01786369000000001,146.85,-4.685,0.1583,0.0006178904383561644,0.14150000000000001,0.0016456643835616443,0.14529999999999998,0.005379244849315068,0.1576,0.012657050301369863,0.172,0.029583999999999996
2017-04-21,5,0,True,0.0,0.01805949571428572,148.42,-4.841999999999999,0.1709,0.0007201679178082191,0.1463,0.0017592073972602742,0.1475,0.005543373287671232,0.1593,0.012931581205479452,0.1728,0.029859840000000002
2017-04-24,5,0,True,0.0,0.01253501714285714,144.45,-4.4449999999999985,0.09960000000000001,0.0002446066849315069,0.1084,0.0009657994520547944,0.129,0.004240035616438357,0.1472,0.011041693808219179,0.16649999999999998,0.027722249999999993
2017-04-25,5,0,True,0.0,0.01242365714285714,139.04,-3.903999999999999,0.098,0.00023681095890410963,0.1076,0.000951596712328767,0.1285,0.004207230821917808,0.1462,0.010892180383561644,0.1655,0.02739025
2017-04-26,5,0,True,0.0,0.012709895714285714,142.13,-4.212999999999999,0.09789999999999999,0.00023632791780821912,0.1085,0.0009675821917808218,0.1298,0.004292788273972602,0.1477,0.011116832712328767,0.1661,0.02758921
2017-04-27,5,0,True,0.0,0.01167376,142.55,-4.255000000000001,0.0924,0.00021052010958904106,0.1036,0.0008821610958904109,0.128,0.004174553424657534,0.147,0.011011709589041095,0.166,0.027556000000000004
2017-04-28,5,0,True,0.0,0.01292164,146.98,-4.697999999999999,0.0942,0.00021880208219178082,0.1082,0.0009622389041095891,0.1293,0.004259779643835617,0.1474,0.01107171879452055,0.16699999999999998,0.027888999999999994
2017-05-01,5,0,True,0.0,0.01074201,128.46,-2.846000000000001,0.0949,0.00022206599999999998,0.1011,0.0008400994520547945,0.1263,0.0040644032054794514,0.1448,0.01068457380821918,0.1635,0.026732250000000003
2017-05-02,5,0,True,0.0,0.011305152857142856,127.49,-2.7489999999999997,0.10490000000000001,0.00027133175342465755,0.1059,0.0009217652054794519,0.1283,0.004194144575342466,0.1466,0.010951863452054797,0.16449999999999998,0.027060249999999994
2017-05-03,5,0,True,0.0,0.011314268571428567,129.39,-2.9389999999999987,0.10779999999999999,0.00028654126027397253,0.10679999999999999,0.0009374991780821915,0.1309,0.0043658556986301365,0.1487,0.01126787490410959,0.16620000000000001,0.027622440000000005
2017-05-04,5,0,True,0.0,0.010406731428571429,130.48,-3.047999999999999,0.1104,0.00030052997260273973,0.10460000000000001,0.0008992734246575343,0.1283,0.004194144575342466,0.1471,0.011026696602739729,0.16670000000000001,0.027788890000000004
2017-05-05,5,0,True,0.0,0.010351831428571429,131.36,-3.1360000000000015,0.1144,0.0003227020273972603,0.1057,0.0009182868493150685,0.1285,0.004207230821917808,0.1465,0.010936927397260274,0.16449999999999998,0.027060249999999994
2017-05-08,5,0,True,0.0,0.010094924285714285,128.12,-2.8120000000000003,0.0909,0.00020374052054794516,0.0977,0.0007845443835616438,0.1259,0.004038699534246576,0.1464,0.010922001534246576,0.1654,0.02735716
2017-05-09,5,0,True,0.0,0.010456967142857144,128.28,-2.8280000000000003,0.0931,0.0002137218904109589,0.09960000000000001,0.0008153556164383562,0.12710000000000002,0.004116055150684933,0.1472,0.011041693808219179,0.1677,0.028123289999999995
2017-05-10,5,0,True,0.0,0.011080947142857147,128.27,-2.827000000000001,0.0943,0.00021926687671232874,0.10210000000000001,0.0008568008219178083,0.1291,0.004246611863013698,0.14880000000000002,0.011283035178082195,0.1672,0.027955839999999996
2017-05-11,5,0,True,0.0,0.011460464285714284,128.21,-2.8210000000000006,0.1035,0.0002641376712328767,0.106,0.0009235068493150684,0.1301,0.004312654602739726,0.1499,0.01145047084931507,0.16879999999999998,0.02849343999999999
2017-05-12,5,0,True,0.0,0.011664571428571432,129.65,-2.9650000000000007,0.094,0.0002178739726027397,0.10400000000000001,0.0008889863013698632,0.1297,0.004286176356164384,0.151,0.011619139726027397,0.1714,0.029377959999999998
2017-05-15,5,0,True,0.0,0.01191496,129.44,-2.944,0.0916,0.0002068905205479452,0.1042,0.0008924087671232877,0.1278,0.004161518136986301,0.1497,0.011419936273972604,0.16949999999999998,0.028730249999999995
2017-05-16,5,0,True,0.0,0.012762574285714284,131.24,-3.124000000000001,0.08960000000000001,0.00019795463013698637,0.1065,0.0009322397260273972,0.1265,0.004077285616438356,0.1497,0.011419936273972604,0.17010000000000003,0.02893401000000001
2017-05-17,5,0,True,0.0,0.017285632857142855,133.51,-3.350999999999999,0.20170000000000002,0.0010031397534246576,0.1559,0.001997655616438356,0.156,0.006200679452054794,0.168,0.014382641095890413,0.1827,0.03337929
2017-05-18,5,0,True,0.0,0.018792704285714282,137.01,-3.700999999999999,0.16670000000000001,0.0006852055068493152,0.1466,0.001766429589041096,0.1497,0.005709968136986302,0.1642,0.013739356273972606,0.1802,0.03247204
2017-05-19,5,0,True,0.0,0.01554192571428571,131.39,-3.1389999999999985,0.10980000000000001,0.0002972722191780822,0.1204,0.0011914652054794519,0.1349,0.004636753232876711,0.1557,0.012353707232876713,0.17550000000000002,0.030800250000000005
2017-05-22,5,0,True,0.0,0.013287609999999997,128.57,-2.8569999999999993,0.09390000000000001,0.00021741065753424664,0.1093,0.0009819032876712327,0.12960000000000002,0.004279569534246576,0.1525,0.011851130136986302,0.1728,0.029859840000000002
2017-05-23,5,0,True,0.0,0.01269424,124.54,-2.4540000000000006,0.0932,0.00021418126027397262,0.1072,0.000944534794520548,0.129,0.004240035616438357,0.1516,0.01171166071232877,0.17129999999999998,0.02934368999999999
2017-05-24,5,0,True,0.0,0.011202617142857143,123.11,-2.311,0.08560000000000001,0.00018067463013698634,0.1002,0.0008252087671232877,0.1259,0.004038699534246576,0.149,0.011313386301369863,0.1697,0.028798089999999995
2017-05-25,5,0,True,0.0,0.011431397142857144,123.65,-2.3650000000000007,0.0812,0.0001625779726027397,0.0999,0.0008202747945205479,0.1251,0.003987536794520548,0.1482,0.011192226410958904,0.16870000000000002,0.028459690000000006
2017-05-26,5,0,True,0.0,0.011272585714285716,125.41,-2.5409999999999995,0.076,0.00014242191780821918,0.0981,0.0007909816438356165,0.1244,0.0039430369315068495,0.1484,0.011222455232876712,0.1698,0.028832040000000003
2017-05-30,5,0,True,0.0,0.011889702857142859,125.37,-2.5370000000000004,0.0904,0.00020150531506849312,0.1038,0.0008855704109589042,0.1274,0.004135508712328768,0.1503,0.011511662301369862,0.1714,0.029377959999999998
2017-05-31,5,0,True,0.0,0.01222983857142857,125.11,-2.511,0.08710000000000001,0.0001870621643835617,0.1041,0.000890696712328767,0.1263,0.0040644032054794514,0.1494,0.011374210849315069,0.1718,0.02951524
2017-06-01,5,0,True,0.0,0.010876728571428572,124.55,-2.4549999999999996,0.085,0.00017815068493150688,0.0989,0.0008039350684931507,0.1242,0.003930368547945206,0.1483,0.011207335726027397,0.17120000000000002,0.029309440000000006
2017-06-02,5,0,True,0.0,0.010505747142857142,124.23,-2.4230000000000005,0.08470000000000001,0.00017689536986301374,0.0975,0.0007813356164383562,0.1246,0.0039557256986301375,0.14880000000000002,0.011283035178082195,0.1704,0.02903616
2017-06-05,5,0,True,0.0,0.010462295714285714,125.05,-2.505,0.0969,0.00023152463013698628,0.1007,0.0008334649315068493,0.1285,0.004207230821917808,0.1508,0.011588380931506848,0.17149999999999999,0.029412249999999994
2017-06-06,5,0,True,0.0,0.010973838571428569,125.72,-2.572,0.1039,0.00026618326027397264,0.1045,0.0008975547945205478,0.1308,0.0043591877260273975,0.153,0.011928969863013698,0.17379999999999998,0.030206439999999994
2017-06-07,5,0,True,0.0,0.01102386142857143,125.98,-2.5980000000000003,0.1013,0.00025302797260273974,0.1039,0.0008872775342465754,0.1309,0.0043658556986301365,0.1527,0.011882235452054796,0.17309999999999998,0.02996360999999999
2017-06-08,5,0,True,0.0,0.010780325714285712,127.09,-2.7090000000000005,0.0962,0.0002281916712328767,0.1016,0.0008484295890410958,0.1276,0.004148503232876712,0.1501,0.011481046191780824,0.1707,0.029138489999999996
2017-06-09,5,0,True,0.0,0.01174699,131.26,-3.125999999999999,0.10369999999999999,0.0002651594794520547,0.107,0.0009410136986301369,0.12960000000000002,0.004279569534246576,0.1517,0.011727116547945206,0.1723,0.02968729
2017-06-12,5,0,True,0.0,0.013240692857142859,136.86,-3.6860000000000013,0.11349999999999999,0.00031764452054794515,0.11460000000000001,0.0010794378082191781,0.133,0.0045070602739726035,0.1532,0.01196017709589041,0.17300000000000001,0.029929000000000004
2017-06-13,5,0,True,0.0,0.011764235714285714,136.41,-3.6409999999999996,0.0935,0.0002155623287671233,0.1042,0.0008924087671232877,0.1273,0.004129019095890411,0.1496,0.011404684273972605,0.1723,0.02968729
2017-06-14,5,0,True,0.0,0.011963881428571427,135.89,-3.5889999999999986,0.09910000000000001,0.00024215695890410962,0.10640000000000001,0.0009304898630136986,0.1277,0.004155008136986302,0.1494,0.011374210849315069,0.1725,0.029756249999999995
2017-06-15,5,0,True,0.0,0.012566302857142856,134.12,-3.4120000000000004,0.1014,0.00025352778082191784,0.109,0.0009765205479452054,0.1291,0.004246611863013698,0.1507,0.011573016821917808,0.1718,0.02951524
2017-06-16,5,0,True,0.0,0.012418247142857145,135.02,-3.502000000000001,0.0833,0.00017109591780821917,0.1038,0.0008855704109589042,0.12710000000000002,0.004116055150684933,0.1487,0.01126787490410959,0.17300000000000001,0.029929000000000004
2017-06-19,5,0,True,0.0,0.012251397142857142,138.77,-3.877000000000001,0.0852,0.00017899002739726026,0.10369999999999999,0.0008838649315068491,0.124,0.003917720547945205,0.1449,0.010699336602739726,0.1697,0.028798089999999995
2017-06-20,5,0,True,0.0,0.013045525714285707,133.37,-3.3370000000000006,0.0942,0.00021880208219178082,0.10859999999999999,0.0009693665753424654,0.12689999999999999,0.004103111589041095,0.1466,0.010951863452054797,0.17010000000000003,0.02893401000000001
2017-06-21,5,0,True,0.0,0.012592059999999997,129.89,-2.9889999999999985,0.0956,0.00022535408219178084,0.1075,0.0009498287671232875,0.1276,0.004148503232876712,0.14730000000000001,0.011056701205479455,0.1703,0.02900209
2017-06-22,5,0,True,0.0,0.012038932857142859,130.86,-3.086000000000001,0.09230000000000001,0.00021006468493150687,0.1048,0.0009027156164383562,0.12619999999999998,0.004057969643835615,0.1465,0.010936927397260274,0.16870000000000002,0.028459690000000006
2017-06-23,5,0,True,0.0,0.011333297142857144,132.76,-3.275999999999999,0.08380000000000001,0.00017315605479452059,0.1002,0.0008252087671232877,0.12359999999999999,0.0038924856986301366,0.1449,0.010699336602739726,0.16829999999999998,0.02832488999999999
2017-06-26,5,0,True,0.0,0.010757571428571429,128.6,-2.8599999999999994,0.087,0.00018663287671232874,0.099,0.0008055616438356164,0.12269999999999999,0.0038360053972602733,0.14279999999999998,0.01039145819178082,0.16760000000000003,0.02808976000000001
2017-06-27,5,0,True,0.0,0.012749800000000002,125.46,-2.5459999999999994,0.105,0.0002718493150684931,0.1106,0.0010053994520547946,0.12960000000000002,0.004279569534246576,0.1478,0.01113189106849315,0.1709,0.02920681
2017-06-28,5,0,True,0.0,0.01128241,126.95,-2.6950000000000003,0.0849,0.00017773175342465755,0.1003,0.0008268567123287671,0.124,0.003917720547945205,0.1444,0.010625624547945205,0.16820000000000002,0.028291240000000006
2017-06-29,5,0,True,0.0,0.01315579,129.15,-2.9150000000000005,0.1137,0.00031876495890410957,0.1144,0.0010756734246575343,0.1315,0.004405970547945206,0.14880000000000002,0.011283035178082195,0.1698,0.028832040000000003
2017-06-30,5,0,True,0.0,0.013630132857142855,129.51,-2.950999999999999,0.0993,0.00024313536986301368,0.1118,0.0010273347945205479,0.13140000000000002,0.004399272000000001,0.14859999999999998,0.011252724821917805,0.17120000000000002,0.029309440000000006
2017-07-03,5,0,True,0.0,0.012868647430167593,126.63,-2.6629999999999994,0.10210000000000001,0.0002570402465753425,0.11220000000000001,0.0010346991780821918,0.1331,0.0045138403561643834,0.1496,0.011404684273972605,0.1331,0.01771561
2017-07-05,5,0,True,0.0,0.013515450000000002,128.67,-2.8669999999999987,0.0965,0.00022961712328767124,0.1107,0.0010072183561643836,0.1331,0.0045138403561643834,0.1494,0.011374210849315069,0.1702,0.028968039999999997
2017-07-06,5,0,True,0.0,0.016767047142857133,127.25,-2.725,0.1153,0.00032779947945205476,0.12539999999999998,0.0012924789041095885,0.1411,0.005072757616438357,0.1548,0.012211302575342465,0.1732,0.02999824
2017-07-07,5,0,True,0.0,0.01421311714285714,131.58,-3.1580000000000013,0.0926,0.0002114324383561644,0.1119,0.0010291734246575342,0.1352,0.004657399232876711,0.15109999999999998,0.0116345344109589,0.1709,0.02920681
2017-07-10,5,0,True,0.0,0.013432728571428569,133.4,-3.3400000000000007,0.099,0.00024166849315068495,0.11109999999999999,0.001014510410958904,0.1335,0.004541011643835617,0.149,0.011313386301369863,0.1704,0.02903616
2017-07-11,5,0,True,0.0,0.013179004285714288,132.75,-3.275,0.09369999999999999,0.00021648550684931503,0.10890000000000001,0.000974729589041096,0.1316,0.004412674191780822,0.1474,0.01107171879452055,0.1689,0.028527209999999997
2017-07-12,5,0,True,0.0,0.012371560000000002,134.95,-3.4949999999999988,0.0806,0.0001601842191780822,0.10300000000000001,0.0008719726027397261,0.1278,0.004161518136986301,0.1448,0.01068457380821918,0.1663,0.02765569
2017-07-13,5,0,True,0.0,0.01125171,138.35,-3.8349999999999995,0.0801,0.00015820298630136987,0.099,0.0008055616438356164,0.1255,0.0040130773972602745,0.1432,0.010449755178082191,0.16469999999999999,0.027126089999999995
2017-07-14,5,0,True,0.0,0.01047705,137.71,-3.771000000000001,0.0755,0.00014055410958904109,0.0951,0.0007433432876712328,0.1223,0.0038110355342465757,0.1401,0.010002218794520549,0.1617,0.026146890000000002
2017-07-17,5,0,True,0.0,0.010759252857142859,139.87,-3.9870000000000005,0.0839,0.00017356956164383562,0.09820000000000001,0.0007925950684931508,0.12279999999999999,0.003842260602739726,0.1404,0.010045100712328767,0.1617,0.026146890000000002
2017-07-18,5,0,True,0.0,0.010920288571428573,137.53,-3.753,0.08439999999999999,0.00017564449315068487,0.0989,0.0008039350684931507,0.1225,0.0038235102739726024,0.1404,0.010045100712328767,0.16219999999999998,0.026308839999999993
2017-07-19,5,0,True,0.0,0.011051049999999995,136.88,-3.6879999999999997,0.0785,0.0001519458904109589,0.09789999999999999,0.000787759726027397,0.12,0.003669041095890411,0.1391,0.009859941534246576,0.1607,0.025824490000000002
2017-07-20,5,0,True,0.0,0.010576509999999997,130.88,-3.0879999999999996,0.07690000000000001,0.00014581504109589043,0.0958,0.0007543265753424657,0.1204,0.003693542136986301,0.139,0.009845769863013701,0.1606,0.025792359999999997
2017-07-21,5,0,True,0.0,0.010355228571428569,134.53,-3.4530000000000003,0.071,0.00012429863013698627,0.09359999999999999,0.0007200789041095888,0.1206,0.0037058232328767123,0.1389,0.009831608383561643,0.16,0.0256
2017-07-24,5,0,True,0.0,0.010202002857142857,132.67,-3.2669999999999986,0.0764,0.0001439250410958904,0.0943,0.0007308895890410958,0.1204,0.003693542136986301,0.1382,0.009732763397260272,0.1595,0.02544025
2017-07-25,5,0,True,0.0,0.010049118571428569,135.61,-3.5610000000000013,0.0787,0.00015272112328767125,0.0943,0.0007308895890410958,0.12050000000000001,0.003699680136986302,0.1375,0.00963441780821918,0.1583,0.02505889
2017-07-26,5,0,True,0.0,0.010374647142857142,135.61,-3.5610000000000013,0.08070000000000001,0.00016058194520547948,0.096,0.0007574794520547945,0.1211,0.0037366151506849315,0.1379,0.0096905541369863,0.1577,0.024869290000000002
2017-07-27,5,0,True,0.0,0.011107118571428572,140.81,-4.081,0.09029999999999999,0.0002010597534246575,0.1011,0.0008400994520547945,0.1242,0.003930368547945206,0.1387,0.009803316,0.1576,0.024837759999999997
2017-07-28,5,0,True,0.0,0.01199333571428571,139.91,-3.9909999999999997,0.0855,0.00018025273972602742,0.10289999999999999,0.0008702802739726025,0.1258,0.004032286356164383,0.1396,0.009930952767123288,0.1586,0.025153959999999996
2017-07-31,5,0,True,0.0,0.01122716142857143,139.82,-3.9819999999999993,0.0943,0.00021926687671232874,0.1026,0.0008652131506849314,0.1247,0.0039620777260273975,0.1394,0.009902517698630138,0.158,0.024964
2017-08-01,5,0,True,0.0,0.011126375714285715,138.72,-3.872,0.08929999999999999,0.00019663126027397258,0.1009,0.000836778904109589,0.124,0.003917720547945205,0.1376,0.009648436602739726,0.15560000000000002,0.024211360000000005
2017-08-02,5,0,True,0.0,0.011867954285714284,142.02,-4.202000000000001,0.0868,0.0001857757808219178,0.10279999999999999,0.0008685895890410958,0.12560000000000002,0.004019475287671235,0.1392,0.009874123397260274,0.15689999999999998,0.024617609999999995
2017-08-03,5,0,True,0.0,0.011855824285714283,138.32,-3.8319999999999994,0.0931,0.0002137218904109589,0.10439999999999999,0.0008958378082191779,0.1274,0.004135508712328768,0.14150000000000001,0.010203119178082195,0.1591,0.025312809999999998
2017-08-04,5,0,True,0.0,0.01121656857142857,139.81,-3.9810000000000003,0.0858,0.0001815198904109589,0.1003,0.0008268567123287671,0.1275,0.004142003424657534,0.1425,0.010347842465753423,0.16010000000000002,0.025632010000000007
2017-08-07,5,0,True,0.0,0.011040775714285715,138.91,-3.8909999999999996,0.0843,0.0001752285205479452,0.0993,0.0008104512328767123,0.1266,0.004083734465753424,0.1416,0.010217545643835618,0.1612,0.025985440000000002
2017-08-08,5,0,True,0.0,0.012435228571428574,140.05,-4.005000000000001,0.105,0.0002718493150684931,0.1096,0.0009873008219178083,0.132,0.004439539726027398,0.146,0.0108624,0.16329999999999997,0.02666688999999999
2017-08-09,5,0,True,0.0,0.012708082857142856,141.2,-4.119999999999999,0.1072,0.00028336043835616443,0.11109999999999999,0.001014510410958904,0.1349,0.004636753232876711,0.1489,0.011298205643835617,0.1643,0.02699449
2017-08-10,5,0,True,0.0,0.02312984714285714,136.48,-3.647999999999999,0.1783,0.0007838849589041094,0.1604,0.0021146432876712326,0.16210000000000002,0.006695085287671235,0.1674,0.014280091397260273,0.1769,0.03129361
2017-08-11,5,0,True,0.0,0.02402940428571428,135.43,-3.5430000000000006,0.1553,0.0005946926301369863,0.1551,0.0019772063013698627,0.16390000000000002,0.006844598712328768,0.1686,0.014485557698630138,0.1784,0.031826560000000004
2017-08-14,5,0,True,0.0,0.01592169,142.07,-4.206999999999999,0.11630000000000001,0.00033351016438356175,0.1233,0.001249552602739726,0.1392,0.004937061698630137,0.1518,0.011742582575342464,0.16690000000000002,0.027855610000000006
2017-08-15,5,0,True,0.0,0.016064452857142853,143.23,-4.322999999999999,0.1041,0.0002672090136986301,0.1204,0.0011914652054794519,0.139,0.004922884931506851,0.15109999999999998,0.0116345344109589,0.1656,0.02742336
2017-08-16,5,0,True,0.0,0.015632247142857145,148.62,-4.862,0.0973,0.00023344002739726026,0.1174,0.001132829589041096,0.1358,0.0046988288219178085,0.1492,0.011343778191780821,0.16469999999999999,0.027126089999999995
2017-08-17,5,0,True,0.0,0.023884947142857136,142.73,-4.272999999999999,0.1577,0.0006132153698630138,0.1555,0.001987417808219178,0.16140000000000002,0.006637387068493152,0.165,0.013873561643835618,0.174,0.030275999999999997
2017-08-18,5,0,True,0.0,0.021616132857142856,128.86,-2.8860000000000015,0.1317,0.00042768221917808223,0.1426,0.0016713501369863013,0.1565,0.006240491095890411,0.1638,0.013672498191780822,0.1725,0.029756249999999995
2017-08-21,5,0,True,0.0,0.018178711428571425,131.61,-3.1610000000000014,0.12480000000000001,0.00038404208219178085,0.1319,0.0014299405479452053,0.1499,0.005725235424657535,0.1592,0.012915350794520549,0.17059999999999997,0.029104359999999992
2017-08-22,5,0,True,0.0,0.01418579714285714,135.72,-3.572,0.0992,0.00024264591780821915,0.11349999999999999,0.0010588150684931504,0.1363,0.004733493616438356,0.1499,0.01145047084931507,0.1653,0.027324090000000002
2017-08-23,5,0,True,0.0,0.01611894571428571,129.98,-2.997999999999999,0.1114,0.0003059990136986301,0.1225,0.0012333904109589038,0.1433,0.005232177452054796,0.1553,0.012290314356164383,0.1693,0.028662490000000002
2017-08-24,5,0,True,0.0,0.016794318571428574,129.95,-2.9949999999999988,0.1033,0.00026311783561643834,0.1223,0.001229366301369863,0.1439,0.005276083643835617,0.1563,0.012449102301369861,0.1702,0.028968039999999997
2017-08-25,5,0,True,0.0,0.014728589999999998,130.16,-3.0159999999999996,0.0897,0.0001983967397260274,0.1128,0.0010457950684931506,0.1399,0.004986840904109589,0.1542,0.01211682476712329,0.1696,0.02876416
2017-08-28,5,0,True,0.0,0.014478807142857148,128.32,-2.8319999999999994,0.09449999999999999,0.0002201979452054794,0.11320000000000001,0.0010532252054794523,0.1399,0.004986840904109589,0.15410000000000001,0.012101114136986304,0.1699,0.028866009999999998
2017-08-29,5,0,True,0.0,0.015431309999999993,131.48,-3.147999999999999,0.0981,0.00023729449315068496,0.11699999999999999,0.0011251232876712325,0.1412,0.005079950465753424,0.1552,0.012274491616438357,0.1711,0.02927521
2017-08-30,5,0,True,0.0,0.014395950000000001,130.53,-3.053,0.0915,0.00020643904109589038,0.11220000000000001,0.0010346991780821918,0.1414,0.005094351452054794,0.156,0.012401358904109589,0.1714,0.029377959999999998
2017-08-31,5,0,True,0.0,0.012807059999999997,134.0,-3.4,0.0866,0.00018492065753424657,0.1059,0.0009217652054794519,0.138,0.0048523068493150695,0.15460000000000002,0.012179769205479455,0.1714,0.029377959999999998
2017-09-01,5,0,True,0.0,0.011957688571428572,134.85,-3.4849999999999994,0.0794,0.00015544997260273971,0.1013,0.0008434265753424657,0.1359,0.004705751589041096,0.1533,0.011975795999999999,0.17010000000000003,0.02893401000000001
2017-09-05,5,0,True,0.0,0.015856317142857144,133.48,-3.347999999999999,0.1134,0.0003170850410958904,0.1223,0.001229366301369863,0.1458,0.0054163301917808234,0.1605,0.013127141095890412,0.1744,0.03041536
2017-09-06,5,0,True,0.0,0.014846054285714288,136.48,-3.647999999999999,0.10220000000000001,0.00025754400000000007,0.11630000000000001,0.0011117005479452057,0.14400000000000002,0.005283419178082193,0.1602,0.013078113534246576,0.1744,0.03041536
2017-09-07,5,0,True,0.0,0.014983392857142858,135.39,-3.538999999999999,0.0975,0.00023440068493150686,0.1155,0.001096458904109589,0.1432,0.005224877589041096,0.1598,0.013012886136986302,0.174,0.030275999999999997
2017-09-08,5,0,True,0.0,0.015522167142857137,130.57,-3.0569999999999995,0.11289999999999999,0.00031429504109589033,0.12119999999999999,0.001207351232876712,0.1469,0.0054983663835616444,0.1637,0.013655809150684933,0.17800000000000002,0.031684000000000004
2017-09-11,5,0,True,0.0,0.01296841,136.96,-3.6960000000000006,0.0901,0.0002001701095890411,0.1073,0.0009462978082191781,0.1386,0.004894592547945206,0.1577,0.012673117643835618,0.17370000000000002,0.030171690000000008
2017-09-12,5,0,True,0.0,0.012323950000000002,139.6,-3.9599999999999995,0.0925,0.00021097602739726025,0.1058,0.0009200252054794521,0.1356,0.004684998575342466,0.1549,0.012227084547945207,0.1725,0.029756249999999995
2017-09-13,5,0,True,0.0,0.011979239999999999,142.74,-4.274000000000001,0.09380000000000001,0.00021694783561643837,0.105,0.0009061643835616437,0.1323,0.004459742383561644,0.1522,0.011804548602739726,0.1709,0.02920681
2017-09-14,5,0,True,0.0,0.01187176714285714,,,0.0929,0.0002128046301369863,0.10439999999999999,0.0008958378082191779,0.1316,0.004412674191780822,0.152,0.011773545205479453,0.17129999999999998,0.02934368999999999
2017-09-15,5,0,True,0.0,0.011823128571428572,144.54,-4.453999999999999,0.083,0.00016986575342465754,0.1017,0.0008501005479452055,0.12960000000000002,0.004279569534246576,0.1509,0.011603755232876715,0.17129999999999998,0.02934368999999999
2017-09-18,5,0,True,0.0,0.011458711428571428,143.65,-4.365,0.0872,0.00018749194520547945,0.1015,0.0008467602739726027,0.12689999999999999,0.004103111589041095,0.1484,0.011222455232876712,0.16690000000000002,0.027855610000000006
2017-09-19,5,0,True,0.0,0.011263424285714288,142.64,-4.2639999999999985,0.0909,0.00020374052054794516,0.1018,0.0008517731506849316,0.1273,0.004129019095890411,0.1485,0.01123758493150685,0.16760000000000003,0.02808976000000001
2017-09-20,5,0,True,0.0,0.010231092857142857,138.94,-3.8939999999999997,0.0895,0.00019751301369863014,0.0978,0.0007861512328767123,0.1266,0.004083734465753424,0.1471,0.011026696602739729,0.16579999999999998,0.027489639999999992
2017-09-21,5,0,True,0.0,0.010305545714285713,137.87,-3.7870000000000004,0.08439999999999999,0.00017564449315068487,0.0967,0.0007685663013698629,0.1266,0.004083734465753424,0.14800000000000002,0.011162038356164387,0.1671,0.027922409999999998
2017-09-22,5,0,True,0.0,0.010409139999999997,137.5,-3.75,0.07980000000000001,0.00015702016438356168,0.0959,0.0007559021917808218,0.1285,0.004207230821917808,0.1497,0.011419936273972604,0.1723,0.02968729
2017-09-25,5,0,True,0.0,0.011256695714285716,135.07,-3.5069999999999992,0.09210000000000002,0.0002091553150684932,0.10210000000000001,0.0008568008219178083,0.1306,0.004345867068493151,0.1514,0.011680779616438357,0.1696,0.02876416
2017-09-26,5,0,True,0.0,0.011036888571428573,134.25,-3.425,0.0934,0.00021510147945205479,0.1017,0.0008501005479452055,0.13019999999999998,0.004319286904109588,0.151,0.011619139726027397,0.1698,0.028832040000000003
2017-09-27,5,0,True,0.0,0.010422089999999998,129.49,-2.9490000000000007,0.09029999999999999,0.0002010597534246575,0.0987,0.0008006868493150684,0.1291,0.004246611863013698,0.15039999999999998,0.011526985643835613,0.16920000000000002,0.028628640000000007
2017-09-28,5,0,True,0.0,0.010012124285714285,132.99,-3.299000000000001,0.0839,0.00017356956164383562,0.0955,0.0007496095890410959,0.1276,0.004148503232876712,0.1493,0.011358989424657533,0.1684,0.028358559999999998
2017-09-29,5,0,True,0.0,0.010211335714285712,137.75,-3.775,0.0795,0.00015584178082191783,0.0951,0.0007433432876712328,0.1249,0.003974797068493151,0.1481,0.011177127287671234,0.1664,0.02768896
2017-10-02,5,0,True,0.0,0.009889825714285712,138.02,-3.802000000000001,0.0818,0.00016498947945205476,0.09449999999999999,0.0007339931506849313,0.12359999999999999,0.0038924856986301366,0.1457,0.010817805863013698,0.16449999999999998,0.027060249999999994
2017-10-03,5,0,True,0.0,0.01014966,137.15,-3.7150000000000007,0.08039999999999999,0.0001593902465753424,0.0951,0.0007433432876712328,0.1231,0.003861056794520548,0.1446,0.01065507879452055,0.16399999999999998,0.026895999999999993
2017-10-04,5,0,True,0.0,0.010491540000000004,144.19,-4.419,0.0802,0.00015859824657534245,0.09630000000000001,0.0007622210958904112,0.12380000000000001,0.0039050929315068497,0.1444,0.010625624547945205,0.1628,0.02650384
2017-10-05,5,0,True,0.0,0.00945103857142857,140.33,-4.033000000000001,0.0781,0.0001504013424657534,0.0919,0.0006941597260273971,0.12179999999999999,0.0037799378630136984,0.1425,0.010347842465753423,0.1634,0.026699559999999997
2017-10-06,5,0,True,0.0,0.010642025714285715,140.35,-4.034999999999999,0.0788,0.00015310947945205476,0.0965,0.0007653904109589042,0.1244,0.0039430369315068495,0.1459,0.01084752509589041,0.1649,0.027192009999999996
2017-10-09,5,0,True,0.0,0.011505460000000002,139.83,-3.9830000000000014,0.0934,0.00021510147945205479,0.1033,0.0008770594520547946,0.1273,0.004129019095890411,0.1494,0.011374210849315069,0.1668,0.02782224
2017-10-10,5,0,True,0.0,0.011256411428571427,139.24,-3.924000000000001,0.0872,0.00018749194520547945,0.1008,0.0008351210958904109,0.1247,0.0039620777260273975,0.1482,0.011192226410958904,0.1668,0.02782224
2017-10-11,5,0,True,0.0,0.010893682857142853,138.74,-3.874000000000001,0.0832,0.00017068536986301368,0.09849999999999999,0.0007974452054794517,0.12240000000000001,0.0038172703561643842,0.1466,0.010951863452054797,0.1664,0.02768896
2017-10-12,5,0,True,0.0,0.011048774285714285,136.36,-3.6360000000000015,0.0834,0.0001715069589041096,0.09910000000000001,0.0008071898630136986,0.1226,0.003829755287671233,0.1472,0.011041693808219179,0.1671,0.027922409999999998
2017-10-13,5,0,True,0.0,0.010429689999999998,138.28,-3.8280000000000003,0.0803,0.00015899399999999998,0.09609999999999999,0.0007590583561643834,0.1198,0.003656821150684932,0.1452,0.0107436861369863,0.1663,0.02765569
2017-10-16,5,0,True,0.0,0.010962374285714284,147.53,-4.753,0.08460000000000001,0.0001764779178082192,0.09910000000000001,0.0008071898630136986,0.11939999999999999,0.0036324424109589037,0.1448,0.01068457380821918,0.16519999999999999,0.027291039999999996
2017-10-17,5,0,True,0.0,0.011948752857142862,150.12,-5.0120000000000005,0.08689999999999999,0.0001862040821917808,0.10310000000000001,0.000873666575342466,0.12050000000000001,0.003699680136986302,0.1454,0.010773303452054794,0.16510000000000002,0.02725801000000001
2017-10-18,5,0,True,0.0,0.011483975714285714,147.95,-4.794999999999999,0.0837,0.00017274304109589039,0.1007,0.0008334649315068493,0.1192,0.0036202836164383563,0.1448,0.01068457380821918,0.1664,0.02768896
2017-10-19,5,0,True,0.0,0.011049454285714288,146.16,-4.616,0.0888,0.00019443550684931509,0.1005,0.0008301575342465755,0.11960000000000001,0.003644621589041097,0.1448,0.01068457380821918,0.1655,0.02739025
2017-10-20,5,0,True,0.0,0.011168924285714288,148.81,-4.881,0.08410000000000001,0.00017439805479452057,0.09970000000000001,0.0008169936986301372,0.1185,0.0035778883561643836,0.1435,0.010493584931506848,0.16399999999999998,0.026895999999999993
2017-10-23,5,0,True,0.0,0.012535290000000001,142.46,-4.246,0.10769999999999999,0.0002860098904109589,0.1107,0.0010072183561643836,0.1255,0.0040130773972602745,0.1485,0.01123758493150685,0.1675,0.028056250000000005
2017-10-24,5,0,True,0.0,0.013085211428571431,142.15,-4.215000000000001,0.1048,0.0002708146849315069,0.1116,0.0010236624657534248,0.1267,0.004090188410958904,0.1479,0.011146959616438357,0.166,0.027556000000000004
2017-10-25,5,0,True,0.0,0.012745210000000003,138.0,-3.8,0.1109,0.00030325832876712327,0.11230000000000001,0.001036544383561644,0.1295,0.004272967808219178,0.15,0.011465753424657533,0.168,0.028224000000000003
2017-10-26,5,0,True,0.0,0.01334388142857143,135.36,-3.5360000000000014,0.1069,0.0002817766849315068,0.113,0.0010495068493150685,0.1293,0.004259779643835617,0.1494,0.011374210849315069,0.1664,0.02768896
2017-10-27,5,0,True,0.0,0.010542910000000003,135.7,-3.569999999999999,0.0861,0.00018279147945205476,0.098,0.0007893698630136988,0.1223,0.0038110355342465757,0.1448,0.01068457380821918,0.165,0.027225000000000003
2017-10-30,5,0,True,0.0,0.011625595714285711,132.54,-3.253999999999999,0.0981,0.00023729449315068496,0.105,0.0009061643835616437,0.1257,0.004025878273972603,0.1475,0.011086746575342464,0.16519999999999999,0.027291039999999996
2017-10-31,5,0,True,0.0,0.011081954285714285,131.81,-3.181,0.0932,0.00021418126027397262,0.1018,0.0008517731506849316,0.12380000000000001,0.0039050929315068497,0.146,0.0108624,0.1641,0.026928809999999997
2017-11-01,5,0,True,0.0,0.011164109999999998,129.05,-2.905000000000001,0.0929,0.0002128046301369863,0.102,0.0008551232876712327,0.1257,0.004025878273972603,0.1475,0.011086746575342464,0.1654,0.02735716
2017-11-02,5,0,True,0.0,0.010960774285714287,128.97,-2.897,0.08539999999999999,0.00017983134246575338,0.0993,0.0008104512328767123,0.1268,0.004096647452054795,0.149,0.011313386301369863,0.1672,0.027955839999999996
2017-11-03,5,0,True,0.0,0.009299988571428575,130.34,-3.0340000000000003,0.0784,0.00015155901369863012,0.09140000000000001,0.0006866268493150687,0.1242,0.003930368547945206,0.1481,0.011177127287671234,0.1673,0.02798929
2017-11-06,5,0,True,0.0,0.009817938571428571,130.52,-3.052000000000001,0.0809,0.00016137887671232876,0.094,0.0007262465753424657,0.1257,0.004025878273972603,0.1487,0.01126787490410959,0.1663,0.02765569
2017-11-07,5,0,True,0.0,0.010631632857142859,129.15,-2.9150000000000005,0.0883,0.00019225208219178085,0.0989,0.0008039350684931507,0.1276,0.004148503232876712,0.1512,0.011649939287671234,0.1686,0.02842596
2017-11-08,5,0,True,0.0,0.01072584,131.5,-3.15,0.0828,0.0001690481095890411,0.0978,0.0007861512328767123,0.1288,0.004226898410958905,0.1521,0.011789041808219181,0.16870000000000002,0.028459690000000006
2017-11-09,5,0,True,0.0,0.011759035714285713,128.95,-2.8949999999999987,0.0965,0.00022961712328767124,0.105,0.0009061643835616437,0.13140000000000002,0.004399272000000001,0.1543,0.012132545589041095,0.17059999999999997,0.029104359999999992
2017-11-10,5,0,True,0.0,0.013653609999999993,130.56,-3.056,0.10310000000000001,0.0002620999726027398,0.11289999999999999,0.001047650136986301,0.1361,0.004719612410958904,0.1591,0.012899130575342465,0.1744,0.03041536
2017-11-13,5,0,True,0.0,0.014743188571428572,129.75,-2.975,0.0984,0.00023874805479452054,0.115,0.001086986301369863,0.1375,0.00481720890410959,0.1591,0.012899130575342465,0.17489999999999997,0.03059000999999999
2017-11-14,5,0,True,0.0,0.01513231857142857,130.15,-3.0150000000000006,0.0973,0.00023344002739726026,0.1159,0.0011040665753424656,0.1393,0.004944157726027398,0.16149999999999998,0.013291228767123284,0.1765,0.031152249999999996
2017-11-15,5,0,True,0.0,0.018731289999999994,135.21,-3.521000000000001,0.1173,0.00033927016438356164,0.1313,0.001416960821917808,0.1466,0.005475931726027399,0.1672,0.014245989698630135,0.1808,0.03268864
2017-11-16,5,0,True,0.0,0.016483045714285712,136.3,-3.6300000000000012,0.0874,0.0001883529863013699,0.1176,0.0011366926027397259,0.1396,0.004965476383561644,0.1606,0.013143503999999999,0.17550000000000002,0.030800250000000005
2017-11-17,5,0,True,0.0,0.01557441,137.19,-3.719,0.0849,0.00017773175342465755,0.1143,0.001073793698630137,0.138,0.0048523068493150695,0.1598,0.013012886136986302,0.1753,0.030730090000000005
2017-11-20,5,0,True,0.0,0.0130335,135.83,-3.583000000000001,0.086,0.0001823671232876712,0.1065,0.0009322397260273972,0.1328,0.004493515397260274,0.1551,0.012258679068493148,0.17170000000000002,0.029480890000000006
2017-11-21,5,0,True,0.0,0.010802375714285713,133.56,-3.3560000000000003,0.0797,0.00015662687671232873,0.0973,0.0007781334246575342,0.1255,0.0040130773972602745,0.1491,0.011328577150684934,0.1689,0.028527209999999997
2017-11-22,5,0,True,0.0,0.011290475714285719,132.52,-3.252000000000001,0.0787,0.00015272112328767125,0.09880000000000001,0.0008023101369863016,0.1244,0.0039430369315068495,0.1485,0.01123758493150685,0.1696,0.02876416
2017-11-24,5,0,True,0.0,0.010703975714285711,130.98,-3.097999999999999,0.0787,0.00015272112328767125,0.0967,0.0007685663013698629,0.1242,0.003930368547945206,0.14800000000000002,0.011162038356164387,0.1684,0.028358559999999998
2017-11-27,5,0,True,0.0,0.010445271428571427,130.18,-3.0180000000000007,0.09,0.00019972602739726025,0.0987,0.0008006868493150684,0.1257,0.004025878273972603,0.1487,0.01126787490410959,0.1693,0.028662490000000002
2017-11-28,5,0,True,0.0,0.010759882857142857,124.08,-2.408,0.09179999999999999,0.00020779495890410957,0.1003,0.0008268567123287671,0.12269999999999999,0.0038360053972602733,0.1463,0.0109070858630137,0.1675,0.028056250000000005
2017-11-29,5,0,True,0.0,0.011931759999999998,126.28,-2.628,0.1016,0.0002545288767123288,0.107,0.0009410136986301369,0.1282,0.004187609095890412,0.1517,0.011727116547945206,0.17190000000000003,0.029549610000000007
2017-11-30,5,0,True,0.0,0.01262672571428571,128.9,-2.8900000000000006,0.11380000000000001,0.0003193259178082192,0.1128,0.0010457950684931506,0.1304,0.004332566794520548,0.1515,0.011696215068493152,0.1778,0.03161284
2017-12-01,5,0,True,0.0,0.012512682857142857,128.83,-2.8830000000000013,0.1198,0.0003538859178082192,0.1143,0.001073793698630137,0.1328,0.004493515397260274,0.153,0.011928969863013698,0.1725,0.029756249999999995
2017-12-04,5,0,True,0.0,0.013099595714285713,132.14,-3.2139999999999986,0.12210000000000001,0.00036760463013698637,0.1168,0.0011212799999999999,0.1355,0.004678091095890412,0.1527,0.011882235452054796,0.1698,0.028832040000000003
2017-12-05,5,0,True,0.0,0.013048467142857142,132.07,-3.2069999999999994,0.11109999999999999,0.0003043531232876712,0.1133,0.0010550868493150684,0.1354,0.004671188712328767,0.1537,0.012038373534246577,0.172,0.029583999999999996
2017-12-06,5,0,True,0.0,0.012256771428571428,130.98,-3.097999999999999,0.109,0.0002929561643835616,0.11019999999999999,0.0009981402739726026,0.13449999999999998,0.004609296575342464,0.153,0.011928969863013698,0.17120000000000002,0.029309440000000006
2017-12-07,5,0,True,0.0,0.01087051,130.84,-3.0840000000000005,0.0951,0.00022300298630136984,0.1016,0.0008484295890410958,0.1293,0.004259779643835617,0.1497,0.011419936273972604,0.16940000000000002,0.028696360000000008
2017-12-08,5,0,True,0.0,0.010058045714285714,132.54,-3.253999999999999,0.08439999999999999,0.00017564449315068487,0.0958,0.0007543265753424657,0.1246,0.0039557256986301375,0.1461,0.010877285095890412,0.1725,0.029756249999999995
2017-12-11,5,0,True,0.0,0.009150909999999998,133.98,-3.397999999999999,0.08789999999999999,0.00019051421917808215,0.0934,0.0007170049315068492,0.12279999999999999,0.003842260602739726,0.1444,0.010625624547945205,0.16579999999999998,0.027489639999999992
2017-12-12,5,0,True,0.0,0.010399017142857143,133.02,-3.302000000000001,0.0924,0.00021052010958904106,0.0992,0.0008088197260273972,0.12480000000000001,0.003968434849315069,0.1459,0.01084752509589041,0.1672,0.027955839999999996
2017-12-13,5,0,True,0.0,0.01105795,134.71,-3.471000000000001,0.0935,0.0002155623287671233,0.1018,0.0008517731506849316,0.125,0.003981164383561644,0.1471,0.011026696602739729,0.16760000000000003,0.02808976000000001
2017-12-14,5,0,True,0.0,0.011545004285714287,134.03,-3.403,0.0987,0.0002402060547945205,0.10490000000000001,0.0009044391780821918,0.128,0.004174553424657534,0.1476,0.011101784547945207,0.17,0.028900000000000006
2017-12-15,5,0,True,0.0,0.009759664285714285,135.73,-3.572999999999999,0.0825,0.00016782534246575343,0.0942,0.0007293402739726027,0.1208,0.0037181247123287673,0.1438,0.010537506410958906,0.1672,0.027955839999999996
2017-12-18,5,0,True,0.0,0.010197164285714284,132.72,-3.272,0.0805,0.00015978698630136987,0.0953,0.0007464731506849314,0.1207,0.0037119714246575345,0.14279999999999998,0.01039145819178082,0.1638,0.02683044
2017-12-19,5,0,True,0.0,0.010876947142857144,130.69,-3.069,0.09029999999999999,0.0002010597534246575,0.1003,0.0008268567123287671,0.1251,0.003987536794520548,0.1457,0.010817805863013698,0.1655,0.02739025
2017-12-20,5,0,True,0.0,0.010515960000000003,133.15,-3.3150000000000004,0.0834,0.0001715069589041096,0.09720000000000001,0.0007765347945205482,0.12369999999999999,0.003898786767123287,0.1444,0.010625624547945205,0.1638,0.02683044
2017-12-21,5,0,True,0.0,0.01072561857142857,132.63,-3.2629999999999995,0.07629999999999999,0.00014354852054794518,0.0962,0.000760638904109589,0.1235,0.0038861897260273975,0.1446,0.01065507879452055,0.1638,0.02683044
2017-12-22,5,0,True,0.0,0.011584281428571428,134.4,-3.4400000000000004,0.0751,0.0001390687397260274,0.099,0.0008055616438356164,0.1249,0.003974797068493151,0.1466,0.010951863452054797,0.16579999999999998,0.027489639999999992
2017-12-26,5,0,True,0.0,0.011927054285714283,135.6,-3.5599999999999996,0.0848,0.00017731331506849315,0.1025,0.0008635273972602738,0.12619999999999998,0.004057969643835615,0.1482,0.011192226410958904,0.16579999999999998,0.027489639999999992
2017-12-27,5,0,True,0.0,0.01161938142857143,138.43,-3.843000000000001,0.0971,0.00023248134246575347,0.1047,0.000900993698630137,0.1265,0.004077285616438356,0.1474,0.01107171879452055,0.1663,0.02765569
2017-12-28,5,0,True,0.0,0.011121790000000001,137.82,-3.781999999999999,0.09269999999999999,0.00021188934246575336,0.1018,0.0008517731506849316,0.1276,0.004148503232876712,0.1491,0.011328577150684934,0.1681,0.02825761
2017-12-29,5,0,True,0.0,0.012758382857142859,137.05,-3.705000000000001,0.1042,0.0002677226301369863,0.1104,0.0010017665753424658,0.1309,0.0043658556986301365,0.15109999999999998,0.0116345344109589,0.1668,0.02782224
2018-01-02,5,0,True,0.0,0.010510488571428571,135.37,-3.5370000000000004,0.08539999999999999,0.00017983134246575338,0.0977,0.0007845443835616438,0.1261,0.004051541178082192,0.1472,0.011041693808219179,0.1635,0.026732250000000003
2018-01-03,5,0,True,0.0,0.009319392857142858,133.43,-3.343000000000001,0.0785,0.0001519458904109589,0.0915,0.0006881301369863013,0.1232,0.003867332383561644,0.1441,0.010581519616438358,0.1605,0.025760250000000002
2018-01-04,5,0,True,0.0,0.00958321857142857,131.24,-3.124000000000001,0.07730000000000001,0.0001473359178082192,0.0922,0.0006986991780821918,0.12240000000000001,0.0038172703561643842,0.1438,0.010537506410958906,0.1597,0.025504090000000004
2018-01-05,5,0,True,0.0,0.009603057142857143,127.03,-2.7030000000000003,0.077,0.0001461945205479452,0.0922,0.0006986991780821918,0.1206,0.0037058232328767123,0.1419,0.01026088619178082,0.15869999999999998,0.025185689999999993
2018-01-08,5,0,True,0.0,0.010272485714285712,128.0,-2.8,0.079,0.00015388767123287672,0.09519999999999999,0.0007449073972602738,0.1215,0.0037613404109589042,0.1421,0.01028983084931507,0.1573,0.024743289999999998
2018-01-09,5,0,True,0.0,0.011527092857142858,126.37,-2.6370000000000005,0.08349999999999999,0.00017191849315068488,0.1008,0.0008351210958904109,0.1241,0.003924042,0.1432,0.010449755178082191,0.1586,0.025153959999999996
2018-01-10,5,0,True,0.0,0.01113509285714286,129.12,-2.9120000000000004,0.0785,0.0001519458904109589,0.09820000000000001,0.0007925950684931508,0.12359999999999999,0.0038924856986301366,0.1431,0.010435165643835616,0.1593,0.025376489999999998
2018-01-11,5,0,True,0.0,0.01131067428571429,126.1,-2.6099999999999994,0.0784,0.00015155901369863012,0.09880000000000001,0.0008023101369863016,0.1216,0.003767534465753425,0.1411,0.010145515232876713,0.1562,0.02439844
2018-01-12,5,0,True,0.0,0.011517554285714285,124.95,-2.495,0.0868,0.0001857757808219178,0.1016,0.0008484295890410958,0.122,0.0037923616438356165,0.1418,0.010246429150684933,0.1563,0.024429689999999997
2018-01-16,5,0,True,0.0,0.013998121428571427,128.65,-2.8650000000000007,0.1125,0.0003120719178082192,0.1166,0.0011174432876712328,0.1323,0.004459742383561644,0.1499,0.01145047084931507,0.16269999999999998,0.026471289999999995
2018-01-17,5,0,True,0.0,0.014407324285714283,136.19,-3.6189999999999998,0.11689999999999999,0.0003369602465753424,0.1191,0.0011658747945205478,0.1325,0.004473236301369864,0.14880000000000002,0.011283035178082195,0.1616,0.02611456
2018-01-18,5,0,True,0.0,0.01477476142857143,131.41,-3.1409999999999996,0.12369999999999999,0.0003773019452054794,0.1222,0.0012273567123287671,0.1358,0.0046988288219178085,0.1515,0.011696215068493152,0.16390000000000002,0.026863210000000005
2018-01-19,5,0,True,0.0,0.013500352857142857,132.28,-3.228,0.1041,0.0002672090136986301,0.1127,0.0010439416438356164,0.1304,0.004332566794520548,0.14859999999999998,0.011252724821917805,0.1624,0.026373759999999996
2018-01-22,5,0,True,0.0,0.012325574285714286,127.18,-2.718000000000001,0.10859999999999999,0.00029080997260273967,0.1103,0.0009999526027397259,0.12990000000000002,0.004299405287671234,0.1484,0.011222455232876712,0.16329999999999997,0.02666688999999999
2018-01-23,5,0,True,0.0,0.012396840000000001,122.95,-2.2950000000000004,0.11019999999999999,0.00029944208219178075,0.111,0.0010126849315068493,0.1322,0.004453003068493152,0.1494,0.011374210849315069,0.16390000000000002,0.026863210000000005
2018-01-24,5,0,True,0.0,0.013175735714285718,120.2,-2.0200000000000005,0.11449999999999999,0.00032326643835616436,0.11470000000000001,0.0010813224657534248,0.1353,0.004664291424657535,0.1525,0.011851130136986302,0.16570000000000001,0.027456490000000004
2018-01-25,5,0,True,0.0,0.01334993142857143,121.87,-2.1870000000000003,0.1164,0.00033408394520547947,0.1158,0.001102162191780822,0.1368,0.004768285808219178,0.1539,0.012069723452054796,0.1664,0.02768896
2018-01-26,5,0,True,0.0,0.012848988571428568,117.99,-1.7989999999999995,0.10460000000000001,0.00026978202739726034,0.1108,0.001009038904109589,0.1346,0.0046161530958904115,0.15109999999999998,0.0116345344109589,0.1649,0.027192009999999996
2018-01-29,5,0,True,0.0,0.017836167142857136,118.8,-1.8799999999999997,0.1491,0.0005481569589041097,0.1384,0.0015743473972602738,0.1499,0.005725235424657535,0.16140000000000002,0.013274774136986304,0.172,0.029583999999999996
2018-01-30,5,0,True,0.0,0.020001728571428574,122.85,-2.2849999999999993,0.162,0.0006471123287671233,0.1479,0.0017978967123287672,0.1583,0.0063848678630136985,0.1678,0.014348417095890412,0.17629999999999998,0.031081689999999995
2018-01-31,5,0,True,0.0,0.017957388571428565,121.23,-2.123,0.1386,0.0004736702465753425,0.1354,0.0015068350684931504,0.149,0.0056566931506849315,0.1606,0.013143503999999999,0.1722,0.029652839999999996
2018-02-01,5,0,True,0.0,0.017687288571428577,120.59,-2.059,0.1386,0.0004736702465753425,0.13470000000000001,0.001491295068493151,0.1472,0.0055208469041095895,0.159,0.012882920547945207,0.17079999999999998,0.029172639999999993
2018-02-02,5,0,True,0.0,0.027560888571428563,126.45,-2.6450000000000005,0.1886,0.0008770675068493149,0.17309999999999998,0.002462762465753424,0.1703,0.007389573616438357,0.17489999999999997,0.015588333863013695,0.1807,0.03265249
2018-02-05,5,0,True,0.0,0.0405108220670391,117.33,-1.7329999999999999,0.5934,0.008682498739726029,0.3732,0.011447526575342462,0.2813,0.020161811424657537,0.2455,0.030713058904109587,0.2249,0.050580009999999995
2018-02-06,5,0,True,0.0,0.0360664977094972,129.61,-2.961000000000001,0.3946,0.0038394039452054798,0.2998,0.007387400547945205,0.2375,0.014372003424657534,0.21539999999999998,0.0236434842739726,0.20329999999999998,0.041330889999999995
2018-02-07,5,0,True,0.0,0.03783488290502793,136.9,-3.6900000000000004,0.3286,0.0026624702465753423,0.2773,0.006320160821917807,0.2303,0.013513814712328768,0.21760000000000002,0.024128918794520553,0.2066,0.04268356
2018-02-08,5,0,True,0.0,0.04162701083798882,130.92,-3.0919999999999987,0.4144,0.004234373260273972,0.3346,0.009201958356164382,0.2733,0.01903133909589041,0.2489,0.03156965769863014,0.228,0.051984
2018-02-09,5,0,True,0.0,0.04223323022346368,128.51,-2.850999999999999,0.3164,0.002468440109589041,0.29059999999999997,0.006940961095890409,0.2492,0.01582290279452055,0.2318,0.02738085106849315,0.2193,0.048092489999999995
2018-02-12,5,0,True,0.0,0.03858157854748605,148.02,-4.802000000000001,0.2683,0.0017749698904109587,0.2561,0.005390729589041095,0.2286,0.013315041863013698,0.2208,0.024843811068493152,0.20920000000000002,0.04376464000000001
2018-02-13,5,0,True,0.0,0.040019403966480446,143.07,-4.3069999999999995,0.2529,0.001577056684931507,0.24969999999999998,0.005124664931506848,0.22649999999999998,0.01307153219178082,0.2167,0.0239297357260274,0.2087,0.04355569
2018-02-14,5,0,True,0.0,0.03668760279329608,127.84,-2.7840000000000003,0.1873,0.0008650181095890411,0.19260000000000002,0.0030488843835616447,0.1934,0.0095302221369863,0.1975,0.01987715753424658,0.1946,0.03786916
2018-02-15,5,0,True,0.0,0.036313663809523784,131.67,-3.166999999999999,0.1858,0.0008512185205479452,0.1913,0.0030078649315068494,0.19079999999999997,0.009275702794520545,0.19399999999999998,0.019178893150684925,0.19390000000000002,0.037597210000000006
2018-02-16,5,0,True,0.0,0.03621542809523811,137.8,-3.780000000000001,0.1868,0.0008604059178082191,0.1946,0.0031125336986301366,0.1917,0.00936341580821918,0.1948,0.019337395726027398,0.19519999999999998,0.03810303999999999
2018-02-20,5,0,True,0.0,0.038899062380952386,131.63,-3.1629999999999994,0.2064,0.0010504346301369863,0.20600000000000002,0.0034878904109589045,0.20010000000000003,0.010201975150684934,0.2004,0.020465177424657536,0.1989,0.03956121
2018-02-21,5,0,True,0.0,0.03868363737430167,130.03,-3.003,0.20010000000000003,0.0009872879178082193,0.2002,0.0032942498630136982,0.2003,0.010222379095890412,0.2014,0.020669930301369863,0.1991,0.03964081
2018-02-22,5,0,True,0.0,0.03597561857142856,134.31,-3.431,0.1813,0.0008104855068493149,0.18719999999999998,0.0028803156164383553,0.1906,0.00925626706849315,0.1936,0.019099886465753425,0.1946,0.03786916
2018-02-23,5,0,True,0.0,0.02922856857142856,139.2,-3.919999999999999,0.14980000000000002,0.0005533160547945207,0.1649,0.002234959726027397,0.175,0.0078030821917808215,0.1821,0.016898181534246576,0.183,0.033489
2018-02-26,5,0,True,0.0,0.025813188571428572,131.72,-3.1719999999999997,0.1516,0.0005666932602739727,0.158,0.002051835616438356,0.16920000000000002,0.007294420602739728,0.17600000000000002,0.015785030136986306,0.1814,0.032905960000000005
2018-02-27,5,0,True,0.0,0.03529825428571429,132.27,-3.227000000000001,0.1812,0.0008095916712328767,0.1859,0.002840450136986301,0.1902,0.009217456767123287,0.19260000000000002,0.0189030831780822,0.1917,0.036748890000000006
2018-02-28,5,0,True,0.0,0.038015192122905044,138.95,-3.8949999999999987,0.19190000000000002,0.0009080287397260276,0.1985,0.0032385410958904112,0.1989,0.010079979534246575,0.1999,0.02036318317808219,0.1975,0.039006250000000006
2018-03-01,5,0,True,0.0,0.0376847131284916,136.54,-3.653999999999999,0.2389,0.0014072846301369862,0.22469999999999998,0.004149870410958903,0.21420000000000003,0.011690390465753429,0.21100000000000002,0.022687413698630143,0.2029,0.041168409999999996
2018-03-02,5,0,True,0.0,0.03522505536312851,127.48,-2.748,0.1887,0.0008779978356164384,0.1959,0.003154258356164383,0.1986,0.010049595287671232,0.1997,0.020322456821917804,0.19390000000000002,0.037597210000000006
2018-03-05,5,0,True,0.0,0.03432889921787709,130.12,-3.0120000000000005,0.1826,0.0008221502465753426,0.1873,0.002883393698630137,0.19210000000000002,0.0094025318630137,0.19519999999999998,0.01941689161643835,0.19039999999999999,0.03625215999999999
2018-03-06,5,0,True,0.0,0.035432532857142846,128.41,-2.8409999999999997,0.1723,0.0007320153698630137,0.18359999999999999,0.002770599452054794,0.1924,0.009431922410958903,0.196,0.01957637260273973,0.1993,0.039720490000000004
2018-03-07,5,0,True,0.0,0.03309291,128.17,-2.816999999999999,0.1671,0.0006884977808219177,0.1776,0.0025924734246575345,0.1884,0.009043819397260275,0.19440000000000002,0.019258062904109596,0.1984,0.03936256
2018-03-08,5,0,True,0.0,0.028301388571428568,129.62,-2.9620000000000006,0.1586,0.0006202346301369862,0.1654,0.002248533698630137,0.1818,0.008421274849315067,0.1888,0.018164525589041098,0.195,0.038025
2018-03-09,5,0,True,0.0,0.022773047142857144,127.79,-2.779000000000001,0.1353,0.0004513830410958904,0.1464,0.0017616131506849315,0.17010000000000003,0.007372227205479455,0.1795,0.016419086301369862,0.18510000000000001,0.03426201
2018-03-12,5,0,True,0.0,0.025618731428571427,141.98,-4.197999999999999,0.1524,0.0005726899726027397,0.1578,0.0020466443835616436,0.17800000000000002,0.008072909589041097,0.1865,0.017724653424657535,0.19039999999999999,0.03625215999999999
2018-03-13,5,0,True,0.0,0.02807766,140.43,-4.043000000000001,0.1536,0.0005817442191780821,0.1635,0.002197171232876712,0.1805,0.008301269178082191,0.1886,0.018126061808219178,0.1883,0.03545689
2018-03-14,5,0,True,0.0,0.02961334,141.66,-4.1659999999999995,0.1728,0.0007362700273972603,0.1723,0.002440051232876712,0.18780000000000002,0.008986307178082194,0.19399999999999998,0.019178893150684925,0.19510000000000002,0.03806401000000001
2018-03-15,5,0,True,0.0,0.028401659999999995,146.55,-4.655000000000001,0.15960000000000002,0.0006280806575342467,0.1659,0.0022621487671232875,0.1821,0.008449090767123288,0.1911,0.01860978920547945,0.1942,0.03771364000000001
2018-03-16,5,0,True,0.0,0.026109790000000004,147.35,-4.734999999999999,0.1493,0.0005496285205479451,0.158,0.002051835616438356,0.17739999999999997,0.00801857720547945,0.1869,0.017800765643835616,0.19219999999999998,0.036940839999999996
2018-03-19,5,0,True,0.0,0.031031378571428566,143.96,-4.396000000000001,0.2195,0.0011880061643835616,0.1902,0.002973373150684931,0.1938,0.009569684712328767,0.19699999999999998,0.019776641095890408,0.19760000000000003,0.03904576000000001
2018-03-20,5,0,True,0.0,0.03068757142857143,139.52,-3.952000000000001,0.19699999999999998,0.0009569342465753422,0.182,0.0027225205479452052,0.1888,0.009082262794520549,0.1954,0.019456700712328766,0.1961,0.03845521
2018-03-21,5,0,True,0.0,0.030868925714285702,133.69,-3.3689999999999998,0.1852,0.0008457297534246575,0.17859999999999998,0.0026217501369863007,0.18710000000000002,0.008919441452054797,0.1949,0.019357254410958903,0.1956,0.03825936
2018-03-22,5,0,True,0.0,0.03901875916201115,131.52,-3.152000000000001,0.2631,0.0017068342191780823,0.2334,0.0044774432876712325,0.21660000000000001,0.011953827616438359,0.2144,0.023424462904109593,0.20629999999999998,0.04255968999999999
2018-03-23,5,0,True,0.0,0.038297525642458086,130.79,-3.0789999999999993,0.2822,0.001963648109589041,0.2487,0.005083700547945205,0.2279,0.013233622273972602,0.2286,0.026630083726027397,0.21309999999999998,0.04541160999999999
2018-03-26,5,0,True,0.0,0.04072276675977655,128.96,-2.896000000000001,0.2228,0.0012239960547945205,0.21030000000000001,0.0036350210958904115,0.207,0.010917690410958905,0.209,0.02225935890410959,0.20550000000000002,0.042230250000000004
2018-03-27,5,0,True,0.0,0.04239328268156425,128.65,-2.8650000000000007,0.22949999999999998,0.0012987184931506847,0.225,0.0041609589041095895,0.2194,0.012264880767123289,0.22,0.024664109589041097,0.2132,0.04545424
2018-03-28,5,0,True,0.0,0.0440384309497207,128.33,-2.833000000000001,0.2494,0.0015337075068493152,0.22870000000000001,0.004298933424657534,0.2231,0.01268204309589041,0.2229,0.025318630849315064,0.21660000000000001,0.04691556000000001
2018-03-29,5,0,True,0.0,0.03883763285714285,119.34,-1.9340000000000004,0.2057,0.0010433216712328766,0.1997,0.0032778156164383556,0.20550000000000002,0.010760036301369864,0.21050000000000002,0.022580017808219183,0.2087,0.04355569
2018-04-02,5,0,True,0.0,0.04411815703910616,119.68,-1.9680000000000006,0.2731,0.0018390479178082193,0.23620000000000002,0.004585515616438357,0.2257,0.012979357726027398,0.22329999999999997,0.025409582301369856,0.2169,0.04704561
2018-04-03,5,0,True,0.0,0.03997384000000001,118.38,-1.8379999999999996,0.2348,0.0013593955068493151,0.21100000000000002,0.0036592602739726034,0.2102,0.011257851287671233,0.2126,0.023032792767123292,0.2084,0.04343056
2018-04-04,5,0,True,0.0,0.03683755,119.23,-1.9230000000000005,0.2195,0.0011880061643835616,0.2006,0.0033074268493150684,0.20420000000000002,0.010624330191780825,0.20850000000000002,0.02215298219178083,0.205,0.04202499999999999
2018-04-05,5,0,True,0.0,0.03422316142857144,121.51,-2.1510000000000007,0.1993,0.0009794093424657536,0.1894,0.002948413150684932,0.1961,0.009798176794520547,0.20129999999999998,0.020649409150684927,0.201,0.040401000000000006
2018-04-06,5,0,True,0.0,0.041183285977653625,122.39,-2.239,0.2306,0.001311197917808219,0.21489999999999998,0.0037957816438356153,0.212,0.011451484931506849,0.2141,0.02335895523287672,0.2087,0.04355569
2018-04-09,5,0,True,0.0,0.04171572396648046,119.9,-1.9900000000000007,0.23829999999999998,0.0014002246849315067,0.2177,0.003895338904109589,0.21230000000000002,0.0114839177260274,0.21289999999999998,0.023097841808219173,0.2087,0.04355569
2018-04-10,5,0,True,0.0,0.041103854285714274,121.25,-2.125,0.20920000000000002,0.0010791281095890413,0.2047,0.0034440073972602735,0.204,0.010603528767123286,0.2075,0.021940993150684932,0.2057,0.042312489999999994
2018-04-11,5,0,True,0.0,0.040739504285714274,122.27,-2.2269999999999994,0.20370000000000002,0.0010231320821917809,0.2024,0.0033670487671232873,0.20370000000000002,0.01057236484931507,0.20800000000000002,0.02204686027397261,0.2072,0.04293184
2018-04-12,5,0,True,0.0,0.0352306257142857,122.29,-2.2290000000000005,0.1782,0.0007830059178082191,0.18489999999999998,0.0028099734246575334,0.1928,0.009471181150684932,0.1998,0.02034281490410959,0.2018,0.04072324
2018-04-13,5,0,True,0.0,0.03183046,126.0,-2.6,0.1636,0.000659957917808219,0.1741,0.0024912994520547944,0.1855,0.00876754315068493,0.1935,0.019080160273972604,0.19699999999999998,0.03880899999999999
2018-04-16,5,0,True,0.0,0.027409161428571433,131.47,-3.147,0.16570000000000001,0.0006770093424657535,0.1656,0.002253974794520548,0.1782,0.008091061150684932,0.1877,0.017953479287671235,0.1925,0.03705625
2018-04-17,5,0,True,0.0,0.023125107142857138,130.57,-3.0569999999999995,0.1535,0.0005809869863013698,0.1525,0.0019114726027397257,0.168,0.007191320547945207,0.18030000000000002,0.016565766410958905,0.1868,0.03489424
2018-04-18,5,0,True,0.0,0.025580159999999994,146.26,-4.6259999999999994,0.1464,0.0005284839452054795,0.156,0.0020002191780821915,0.168,0.007191320547945207,0.1793,0.01638251819178082,0.185,0.034225
2018-04-19,5,0,True,0.0,0.02609237142857144,138.2,-3.819999999999999,0.155,0.0005923972602739727,0.15960000000000002,0.0020936021917808225,0.17120000000000002,0.007467884712328769,0.1821,0.016898181534246576,0.18710000000000002,0.03500641000000001
2018-04-20,5,0,True,0.0,0.029415789999999983,133.07,-3.3069999999999995,0.1623,0.0006495112602739726,0.16879999999999998,0.002341926575342465,0.1772,0.008000507178082192,0.1865,0.017724653424657535,0.19039999999999999,0.03625215999999999
2018-04-23,5,0,True,0.0,0.026559074285714277,126.48,-2.6480000000000006,0.16440000000000002,0.0006664280547945208,0.1634,0.0021944843835616434,0.17350000000000002,0.007669888356164385,0.1838,0.017215161205479453,0.1883,0.03545689
2018-04-24,5,0,True,0.0,0.030639104285714282,126.5,-2.65,0.1917,0.0009061370136986302,0.1802,0.002668934794520548,0.18230000000000002,0.008467660191780824,0.19,0.018396164383561644,0.1924,0.03701776
2018-04-25,5,0,True,0.0,0.030463767142857145,124.29,-2.4290000000000007,0.18710000000000002,0.0008631717534246578,0.1784,0.002615881643835617,0.18230000000000002,0.008467660191780824,0.18989999999999999,0.018376805095890406,0.1918,0.03678724
2018-04-26,5,0,True,0.0,0.026691652857142843,127.08,-2.7079999999999997,0.16010000000000002,0.0006320221643835618,0.1624,0.0021677063013698624,0.1729,0.007616931863013699,0.18289999999999998,0.017046981534246573,0.18710000000000002,0.03500641000000001
2018-04-27,5,0,True,0.0,0.024987717142857146,128.4,-2.8400000000000007,0.1444,0.0005141431232876712,0.15410000000000001,0.0019517926027397261,0.17079999999999998,0.007433028821917807,0.1822,0.0169167458630137,0.18710000000000002,0.03500641000000001
2018-04-30,5,0,True,0.0,0.02465487857142857,130.77,-3.077000000000001,0.16449999999999998,0.0006672390410958903,0.1593,0.0020857389041095886,0.1734,0.0076610495342465754,0.1833,0.0171216261369863,0.18899999999999997,0.03572099999999999
2018-05-01,5,0,True,0.0,0.0237133,128.21,-2.8210000000000006,0.157,0.0006077835616438356,0.1549,0.001972110410958904,0.1691,0.0072858009041095895,0.1808,0.016657772712328767,0.1868,0.03489424
2018-05-02,5,0,True,0.0,0.024724090000000004,122.42,-2.242,0.1653,0.0006737446849315069,0.1597,0.002096226575342466,0.1726,0.007590522410958904,0.1832,0.01710294969863014,0.1889,0.03568321000000001
2018-05-03,5,0,True,0.0,0.025484464285714287,126.79,-2.6790000000000007,0.1575,0.0006116609589041096,0.159,0.0020778904109589043,0.1703,0.007389573616438357,0.1816,0.01680551276712329,0.187,0.034969
2018-05-04,5,0,True,0.0,0.02293186,127.37,-2.7370000000000005,0.1386,0.0004736702465753425,0.1477,0.0017930375342465753,0.16649999999999998,0.007063477397260273,0.1784,0.016218466191780825,0.1843,0.033966489999999995
2018-05-07,5,0,True,0.0,0.022414282857142854,123.04,-2.3040000000000007,0.1422,0.0004985960547945205,0.1475,0.001788184931506849,0.16649999999999998,0.007063477397260273,0.1789,0.016309504273972604,0.18469999999999998,0.03411408999999999
2018-05-08,5,0,True,0.0,0.022535997142857145,125.1,-2.5099999999999993,0.1398,0.0004819078356164384,0.1471,0.0017784994520547946,0.1648,0.006919974575342467,0.1776,0.016073335232876716,0.18359999999999999,0.033708959999999996
2018-05-09,5,0,True,0.0,0.019422189999999992,126.05,-2.6049999999999995,0.1213,0.0003628033150684932,0.13419999999999999,0.0014802443835616435,0.1578,0.006344597589041095,0.1727,0.015198640931506848,0.1805,0.03258025
2018-05-10,5,0,True,0.0,0.01838306142857143,129.35,-2.9349999999999996,0.1243,0.00038097098630136985,0.1323,0.0014386265753424659,0.1524,0.005917796383561645,0.16829999999999998,0.014434053534246571,0.17739999999999997,0.03147075999999999
2018-05-11,5,0,True,0.0,0.017445888571428567,131.59,-3.1590000000000003,0.1124,0.00031151736986301373,0.1265,0.0013152534246575341,0.1482,0.005596113205479452,0.16570000000000001,0.013991526410958906,0.1759,0.03094081
2018-05-14,5,0,True,0.0,0.01779414,133.97,-3.397,0.1192,0.0003503500273972603,0.1293,0.0013741224657534245,0.14529999999999998,0.005379244849315068,0.16260000000000002,0.013472902356164386,0.1734,0.03006756
2018-05-15,5,0,True,0.0,0.021825095714285717,136.76,-3.6759999999999993,0.1429,0.0005035169589041096,0.1463,0.0017592073972602742,0.15789999999999998,0.006352641452054794,0.1705,0.014813880821917811,0.17859999999999998,0.031897959999999996
2018-05-16,5,0,True,0.0,0.01918078857142857,134.45,-3.444999999999999,0.12359999999999999,0.0003766921643835616,0.13419999999999999,0.0014802443835616435,0.1514,0.005840389808219179,0.166,0.014042235616438359,0.1747,0.030520089999999996
2018-05-17,5,0,True,0.0,0.01957439714285714,134.78,-3.478,0.1202,0.0003562530410958904,0.1343,0.0014824512328767124,0.1502,0.0057481745753424655,0.1663,0.014093036547945206,0.17489999999999997,0.03059000999999999
2018-05-18,5,0,True,0.0,0.02007989714285714,133.32,-3.3319999999999994,0.1148,0.0003249626301369863,0.13419999999999999,0.0014802443835616435,0.1519,0.005879029397260274,0.1679,0.014365524,0.1771,0.03136441
2018-05-21,5,0,True,0.0,0.018900475714285717,134.02,-3.402000000000001,0.1137,0.00031876495890410957,0.1308,0.001406189589041096,0.1469,0.0054983663835616444,0.1628,0.013506066410958905,0.17350000000000002,0.030102250000000004
2018-05-22,5,0,True,0.0,0.019856354285714292,134.61,-3.461000000000001,0.1092,0.0002940322191780822,0.1322,0.0014364526027397264,0.14880000000000002,0.0056415175890410976,0.16399999999999998,0.013705906849315065,0.1753,0.030730090000000005
2018-05-23,5,0,True,0.0,0.018270759999999994,135.61,-3.5610000000000013,0.10060000000000001,0.00024954312328767127,0.1258,0.001300737534246575,0.1448,0.00534228690410959,0.16190000000000002,0.013357149205479455,0.17350000000000002,0.030102250000000004
2018-05-24,5,0,True,0.0,0.017855461428571428,139.24,-3.924000000000001,0.1033,0.00026311783561643834,0.1253,0.0012904183561643836,0.14429999999999998,0.005305456356164383,0.1616,0.013307693589041096,0.17379999999999998,0.030206439999999994
2018-05-25,5,0,True,0.0,0.019338417142857146,140.78,-4.078,0.11460000000000001,0.00032383134246575347,0.1322,0.0014364526027397264,0.1483,0.005603667863013698,0.1643,0.013756096273972602,0.17550000000000002,0.030800250000000005
2018-05-29,5,0,True,0.0,0.028645017142857134,141.84,-4.184,0.1724,0.0007328653150684931,0.1702,0.0023809347945205474,0.17129999999999998,0.007476611424657532,0.1794,0.01640079715068493,0.1844,0.03400336
2018-05-30,5,0,True,0.0,0.024350760000000003,143.89,-4.3889999999999985,0.1326,0.000433547506849315,0.1494,0.0018345501369863013,0.16,0.0065227397260273975,0.1726,0.015181044821917808,0.17980000000000002,0.03232804
2018-05-31,5,0,True,0.0,0.02546751142857142,140.07,-4.007,0.1412,0.000491608109589041,0.1543,0.0019568621917808214,0.16329999999999997,0.0067945774520547925,0.1754,0.015677588383561643,0.1822,0.03319684
2018-06-01,5,0,True,0.0,0.020272788571428568,134.53,-3.4530000000000003,0.1144,0.0003227020273972603,0.1346,0.0014890816438356163,0.1527,0.005941117726027398,0.1681,0.014399768383561645,0.1759,0.03094081
2018-06-04,5,0,True,0.0,0.016994782857142864,132.7,-3.2699999999999987,0.1202,0.0003562530410958904,0.1274,0.001334035068493151,0.149,0.0056566931506849315,0.16469999999999999,0.013823158191780819,0.1741,0.03031081
2018-06-05,5,0,True,0.0,0.016119039999999998,132.58,-3.2580000000000013,0.1168,0.000336384,0.124,0.001263780821917808,0.1472,0.0055208469041095895,0.1631,0.01355588893150685,0.1729,0.02989441
2018-06-06,5,0,True,0.0,0.014141618571428571,136.57,-3.656999999999999,0.1103,0.00029998578082191777,0.1164,0.0011136131506849314,0.1419,0.00513044309589041,0.1597,0.01299660476712329,0.1704,0.02903616
2018-06-07,5,0,True,0.0,0.014950557142857143,133.84,-3.3840000000000003,0.11900000000000001,0.00034917534246575347,0.1213,0.0012093443835616438,0.14429999999999998,0.005305456356164383,0.1606,0.013143503999999999,0.1722,0.029652839999999996
2018-06-08,5,0,True,0.0,0.015466045714285712,133.11,-3.3110000000000013,0.11560000000000001,0.0003295075068493151,0.12179999999999999,0.0012193347945205477,0.146,0.0054312,0.1613,0.013258329698630137,0.1723,0.02968729
2018-06-11,5,0,True,0.0,0.01506031857142857,138.93,-3.8930000000000007,0.1253,0.00038712550684931506,0.1235,0.0012536095890410958,0.14550000000000002,0.005394063698630138,0.1612,0.013241895452054796,0.17170000000000002,0.029480890000000006
2018-06-12,5,0,True,0.0,0.015551332857142854,142.82,-4.281999999999999,0.12029999999999999,0.0003568460547945205,0.1234,0.0012515802739726026,0.1459,0.005423762547945205,0.1617,0.013324168602739727,0.1723,0.02968729
2018-06-13,5,0,True,0.0,0.017051559999999993,141.74,-4.174000000000001,0.1266,0.000395200109589041,0.1294,0.0013762487671232873,0.1492,0.0056718890958904105,0.1643,0.013756096273972602,0.1744,0.03041536
2018-06-14,5,0,True,0.0,0.015257759999999995,142.39,-4.238999999999999,0.11560000000000001,0.0003295075068493151,0.12119999999999999,0.001207351232876712,0.14400000000000002,0.005283419178082193,0.1609,0.013192653863013696,0.17309999999999998,0.02996360999999999
2018-06-15,5,0,True,0.0,0.015466960000000002,140.92,-4.091999999999999,0.1084,0.0002897398356164383,0.1198,0.0011796197260273973,0.1442,0.005298105534246575,0.1632,0.01357251682191781,0.1754,0.03076516
2018-06-18,5,0,True,0.0,0.015791324285714285,140.92,-4.091999999999999,0.11689999999999999,0.0003369602465753424,0.1231,0.0012455021917808218,0.1448,0.00534228690410959,0.1635,0.013622461643835617,0.1761,0.03101121
2018-06-19,5,0,True,0.0,0.01825089,139.35,-3.9349999999999996,0.1297,0.00041479126027397264,0.1335,0.0014648424657534246,0.1517,0.005863558273972603,0.1689,0.014537153589041094,0.1809,0.03272481
2018-06-20,5,0,True,0.0,0.017032059999999995,140.82,-4.081999999999999,0.1216,0.0003646001095890411,0.12789999999999999,0.0013445268493150681,0.1479,0.005573479808219178,0.16519999999999999,0.013907214904109587,0.1777,0.03157729
2018-06-21,5,0,True,0.0,0.021533074285714285,139.94,-3.9939999999999998,0.1456,0.0005227239452054794,0.1464,0.0017616131506849315,0.15869999999999998,0.006417175808219176,0.172,0.01507568219178082,0.1818,0.033051239999999996
2018-06-22,5,0,True,0.0,0.02075046,140.54,-4.053999999999999,0.1216,0.0003646001095890411,0.1377,0.0015584621917808217,0.155,0.006121438356164384,0.16920000000000002,0.014588841205479456,0.1812,0.03283344
2018-06-25,5,0,True,0.0,0.02950773999999999,134.66,-3.4659999999999997,0.17679999999999998,0.0007707511232876711,0.17329999999999998,0.0024684567123287662,0.1752,0.007820928,0.1827,0.017009720383561643,0.1887,0.035607690000000004
2018-06-26,5,0,True,0.0,0.02635696,134.92,-3.4919999999999987,0.1516,0.0005666932602739727,0.1592,0.002083121095890411,0.16870000000000002,0.007251373068493152,0.1779,0.01612768290410959,0.18489999999999998,0.03418800999999999
2018-06-27,5,0,True,0.0,0.03207681,131.3,-3.1300000000000012,0.1791,0.0007909350410958905,0.1791,0.0026364501369863015,0.1805,0.008301269178082191,0.1866,0.01774366619178082,0.18989999999999999,0.03606200999999999
2018-06-28,5,0,True,0.0,0.029820832857142862,136.34,-3.6340000000000003,0.1583,0.0006178904383561644,0.1685,0.0023336095890410962,0.1752,0.007820928,0.18289999999999998,0.017046981534246573,0.18780000000000002,0.03526884000000001
2018-06-29,5,0,True,0.0,0.027430947142857137,141.72,-4.172,0.1493,0.0005496285205479451,0.1609,0.0021278473972602733,0.1714,0.007485343232876712,0.1809,0.016676204547945207,0.1867,0.03485689
2018-07-02,5,0,True,0.0,0.02585415428571428,140.89,-4.088999999999999,0.1442,0.0005127198904109589,0.156,0.0020002191780821915,0.16949999999999998,0.0073203102739726016,0.1797,0.016455695178082194,0.1865,0.03478225
2018-07-03,5,0,True,0.0,0.027351561428571435,134.57,-3.4569999999999994,0.1517,0.0005674411232876712,0.16140000000000002,0.0021410926027397264,0.17350000000000002,0.007669888356164385,0.18230000000000002,0.016935320383561648,0.1882,0.035419240000000005
2018-07-05,5,0,True,0.0,0.023445574285714282,139.86,-3.9860000000000015,0.1414,0.0004930017534246575,0.1497,0.001841925205479452,0.1653,0.006962028410958905,0.17629999999999998,0.015838888602739725,0.18350000000000002,0.03367225000000001
2018-07-06,5,0,True,0.0,0.01987869571428571,141.02,-4.102000000000001,0.1149,0.00032552901369863014,0.13369999999999999,0.0014692347945205475,0.15710000000000002,0.006288433232876714,0.1707,0.01484865517808219,0.18,0.0324
2018-07-09,5,0,True,0.0,0.018015552857142854,138.96,-3.896000000000001,0.1079,0.0002870731232876712,0.12689999999999999,0.0013235843835616436,0.1487,0.005633937452054795,0.1629,0.013522663726027395,0.174,0.030275999999999997
2018-07-10,5,0,True,0.0,0.017954131428571427,139.26,-3.9259999999999993,0.1066,0.0002801973698630137,0.1264,0.001313174794520548,0.1471,0.005513348301369864,0.1611,0.013225471397260272,0.1723,0.02968729
2018-07-11,5,0,True,0.0,0.02057212857142857,136.85,-3.6849999999999996,0.11800000000000001,0.0003433315068493151,0.1363,0.0015269334246575342,0.15380000000000002,0.006027021698630139,0.1654,0.01394090893150685,0.1746,0.03048516
2018-07-12,5,0,True,0.0,0.017792628571428565,138.22,-3.822,0.106,0.0002770520547945205,0.1258,0.001300737534246575,0.1476,0.005550892273972603,0.161,0.013209057534246577,0.1722,0.029652839999999996
2018-07-13,5,0,True,0.0,0.016847275714285712,142.48,-4.247999999999999,0.1007,0.0002500394794520548,0.12179999999999999,0.0012193347945205477,0.1454,0.005386651726027397,0.159,0.012882920547945207,0.1711,0.02927521
2018-07-16,5,0,True,0.0,0.017847699999999998,148.16,-4.816,0.115,0.00032609589041095893,0.1283,0.0013529498630136985,0.1485,0.005618792465753425,0.161,0.013209057534246577,0.1721,0.02961841
2018-07-17,5,0,True,0.0,0.015998502857142854,149.58,-4.958000000000001,0.1056,0.00027496504109589037,0.1206,0.0011954268493150684,0.14400000000000002,0.005283419178082193,0.1583,0.012769735726027397,0.1714,0.029377959999999998
2018-07-18,5,0,True,0.0,0.016604247142857142,154.25,-5.425,0.1003,0.00024805701369863016,0.121,0.0012033698630136986,0.1439,0.005276083643835617,0.1588,0.01285053106849315,0.17170000000000002,0.029480890000000006
2018-07-19,5,0,True,0.0,0.018334307142857133,150.98,-5.097999999999999,0.1115,0.0003065486301369863,0.12869999999999998,0.0013613991780821913,0.1497,0.005709968136986302,0.16219999999999998,0.013406696547945202,0.1741,0.03031081
2018-07-20,5,0,True,0.0,0.018430509999999994,152.72,-5.272,0.1101,0.0002988988767123288,0.1286,0.0013592843835616435,0.1508,0.005794190465753424,0.1641,0.013722626465753424,0.17620000000000002,0.03104644000000001
2018-07-23,5,0,True,0.0,0.01724081714285713,153.78,-5.378,0.1134,0.0003170850410958904,0.12619999999999998,0.001309022465753424,0.14859999999999998,0.0056263624109589025,0.1624,0.01343977906849315,0.1745,0.030450249999999995
2018-07-24,5,0,True,0.0,0.016673050000000002,145.94,-4.593999999999999,0.1115,0.0003065486301369863,0.1241,0.00126582,0.147,0.005505854794520548,0.1609,0.013192653863013696,0.17329999999999998,0.030032889999999993
2018-07-25,5,0,True,0.0,0.016134318571428566,145.09,-4.509,0.1127,0.0003131824931506849,0.1229,0.0012414583561643833,0.14550000000000002,0.005394063698630138,0.1589,0.01286672071232877,0.1714,0.029377959999999998
2018-07-26,5,0,True,0.0,0.01580230428571429,142.18,-4.218000000000001,0.1107,0.0003021655068493151,0.12140000000000001,0.0012113391780821919,0.14400000000000002,0.005283419178082193,0.15869999999999998,0.012834351616438353,0.1718,0.02951524
2018-07-27,5,0,True,0.0,0.018497495714285717,144.57,-4.456999999999999,0.1159,0.0003312199726027397,0.1303,0.0013954594520547946,0.15,0.005732876712328767,0.16219999999999998,0.013406696547945202,0.17329999999999998,0.030032889999999993
2018-07-30,5,0,True,0.0,0.021157732857142855,141.57,-4.156999999999999,0.13570000000000002,0.0004540559178082193,0.1426,0.0016713501369863013,0.1566,0.006248468712328766,0.1668,0.014177908602739727,0.1766,0.031187560000000003
2018-07-31,5,0,True,0.0,0.017708859999999996,144.49,-4.449000000000001,0.1164,0.00033408394520547947,0.1283,0.0013529498630136985,0.1487,0.005633937452054795,0.16210000000000002,0.01339017057534247,0.17420000000000002,0.030345640000000007
2018-08-01,5,0,True,0.0,0.018229895714285717,142.77,-4.277000000000001,0.1229,0.000372437506849315,0.1315,0.0014212808219178084,0.1522,0.005902274301369863,0.1641,0.013722626465753424,0.1759,0.03094081
2018-08-02,5,0,True,0.0,0.016494009999999996,143.83,-4.383000000000001,0.1051,0.0002723673698630137,0.1219,0.0012213378082191779,0.1476,0.005550892273972603,0.16079999999999997,0.01317626038356164,0.1734,0.03006756
2018-08-03,5,0,True,0.0,0.015422382857142855,146.19,-4.619,0.0958,0.0002262979726027397,0.1164,0.0011136131506849314,0.1449,0.005349668301369863,0.159,0.012882920547945207,0.17129999999999998,0.02934368999999999
2018-08-06,5,0,True,0.0,0.014078945714285715,142.01,-4.200999999999999,0.0974,0.00023392010958904109,0.1127,0.0010439416438356164,0.1423,0.005159408136986302,0.1568,0.012528878465753424,0.16920000000000002,0.028628640000000007
2018-08-07,5,0,True,0.0,0.01349397571428571,138.94,-3.8939999999999997,0.0913,0.00020553756164383565,0.1093,0.0009819032876712327,0.1393,0.004944157726027398,0.15410000000000001,0.012101114136986304,0.16760000000000003,0.02808976000000001
2018-08-08,5,0,True,0.0,0.013453231428571428,139.84,-3.9840000000000004,0.0886,0.00019356065753424657,0.1085,0.0009675821917808218,0.1396,0.004965476383561644,0.1545,0.012164017808219178,0.1685,0.028392250000000004
2018-08-09,5,0,True,0.0,0.014309345714285713,138.61,-3.8610000000000015,0.0946,0.0002206642191780822,0.1127,0.0010439416438356164,0.1413,0.005087148410958905,0.15539999999999998,0.01230614728767123,0.1689,0.028527209999999997
2018-08-10,5,0,True,0.0,0.017397310000000003,149.2,-4.919999999999999,0.1309,0.00042250216438356156,0.1316,0.001423443287671233,0.1522,0.005902274301369863,0.1629,0.013522663726027395,0.174,0.030275999999999997
2018-08-13,5,0,True,0.0,0.021121959999999995,159.03,-5.9030000000000005,0.1534,0.0005802302465753425,0.1478,0.0017954663013698628,0.16210000000000002,0.006695085287671235,0.1697,0.01467519106849315,0.1783,0.031790889999999995
2018-08-14,5,0,True,0.0,0.018482397142857144,152.41,-5.241,0.12619999999999998,0.0003927067397260272,0.1331,0.0014560775342465752,0.1535,0.006003532191780822,0.16390000000000002,0.013689197424657537,0.1745,0.030450249999999995
2018-08-15,5,0,True,0.0,0.020962795714285713,148.4,-4.840000000000001,0.1501,0.000555534493150685,0.1464,0.0017616131506849315,0.16190000000000002,0.0066785746027397275,0.16940000000000002,0.01462335057534247,0.1772,0.03139984
2018-08-16,5,0,True,0.0,0.018689225714285707,148.45,-4.844999999999999,0.1292,0.00041159934246575347,0.13449999999999998,0.001486869863013698,0.1551,0.006129339534246574,0.16469999999999999,0.013823158191780819,0.17379999999999998,0.030206439999999994
2018-08-17,5,0,True,0.0,0.017087161428571432,146.01,-4.600999999999999,0.1157,0.0003300778356164383,0.1264,0.001313174794520548,0.1517,0.005863558273972603,0.16260000000000002,0.013472902356164386,0.1727,0.029825289999999997
2018-08-20,5,0,True,0.0,0.016696454285714285,145.55,-4.5550000000000015,0.1142,0.0003215746849315068,0.1249,0.001282192602739726,0.15,0.005732876712328767,0.16149999999999998,0.013291228767123284,0.1716,0.02944656
2018-08-21,5,0,True,0.0,0.017908407142857137,144.7,-4.469999999999999,0.1155,0.00032893767123287675,0.1286,0.0013592843835616435,0.1519,0.005879029397260274,0.16329999999999997,0.013589154904109585,0.1724,0.02972176
2018-08-22,5,0,True,0.0,0.01646637571428571,143.75,-4.375,0.10769999999999999,0.0002860098904109589,0.1225,0.0012333904109589038,0.1508,0.005794190465753424,0.1625,0.013456335616438359,0.172,0.029583999999999996
2018-08-23,5,0,True,0.0,0.017002299999999998,147.38,-4.7379999999999995,0.10800000000000001,0.00028760547945205485,0.1241,0.00126582,0.1506,0.005778831452054795,0.1628,0.013506066410958905,0.1725,0.029756249999999995
2018-08-24,5,0,True,0.0,0.01610449,148.2,-4.8199999999999985,0.1017,0.00025503016438356167,0.1199,0.0011815898630136987,0.1482,0.005596113205479452,0.1607,0.013159877095890412,0.17079999999999998,0.029172639999999993
2018-08-27,5,0,True,0.0,0.016638532857142854,144.85,-4.484999999999999,0.1023,0.0002580482465753425,0.1216,0.001215333698630137,0.1479,0.005573479808219178,0.16,0.013045479452054795,0.17010000000000003,0.02893401000000001
2018-08-28,5,0,True,0.0,0.017862571428571426,140.88,-4.087999999999999,0.102,0.0002565369863013698,0.125,0.0012842465753424657,0.15109999999999998,0.00581726720547945,0.1625,0.013456335616438359,0.1721,0.02961841
2018-08-29,5,0,True,0.0,0.017346661428571424,140.76,-4.075999999999999,0.0977,0.00023536331506849315,0.1225,0.0012333904109589038,0.1495,0.0056947212328767125,0.162,0.013373654794520549,0.172,0.029583999999999996
2018-08-30,5,0,True,0.0,0.02049355285714286,141.82,-4.1819999999999995,0.1149,0.00032552901369863014,0.1353,0.0015046101369863014,0.15539999999999998,0.006153073643835615,0.16690000000000002,0.014194913589041099,0.17579999999999998,0.030905639999999995
2018-08-31,5,0,True,0.0,0.018430509999999994,146.91,-4.691,0.1101,0.0002988988767123288,0.1286,0.0013592843835616435,0.1515,0.005848107534246576,0.1643,0.013756096273972602,0.1741,0.03031081
2018-09-04,5,0,True,0.0,0.01860019,142.18,-4.218000000000001,0.1197,0.0003532953698630137,0.1316,0.001423443287671233,0.1545,0.006082008904109589,0.1659,0.014025322356164382,0.175,0.030624999999999996
2018-09-05,5,0,True,0.0,0.02078305,142.22,-4.2219999999999995,0.1265,0.00039457602739726024,0.1391,0.0015903131506849314,0.1592,0.0064576753972602745,0.1693,0.014606090794520549,0.17800000000000002,0.031684000000000004
2018-09-06,5,0,True,0.0,0.022895859999999997,140.56,-4.056,0.1346,0.0004467244931506849,0.1465,0.0017640205479452053,0.1634,0.0068029015890410955,0.1726,0.015181044821917808,0.1802,0.03247204
2018-09-07,5,0,True,0.0,0.023831481428571433,145.87,-4.587000000000001,0.1349,0.00044871805479452045,0.14880000000000002,0.0018198443835616442,0.1659,0.007012661178082191,0.1747,0.015552703397260273,0.1818,0.033051239999999996
2018-09-10,5,0,True,0.0,0.021872018571428575,144.88,-4.4879999999999995,0.1257,0.00038960112328767125,0.1416,0.0016479912328767124,0.1617,0.0066620843013698635,0.17149999999999999,0.0149881602739726,0.1804,0.03254416
2018-09-11,5,0,True,0.0,0.019781200000000006,147.88,-4.787999999999999,0.11,0.0002983561643835616,0.1322,0.0014364526027397264,0.15539999999999998,0.006153073643835615,0.1664,0.014109990575342466,0.17679999999999998,0.03125823999999999
2018-09-12,5,0,True,0.0,0.019786418571428578,148.75,-4.875,0.1067,0.00028072331506849313,0.13140000000000002,0.0014191200000000003,0.1532,0.005980088547945205,0.16399999999999998,0.013705906849315065,0.1745,0.030450249999999995
2018-09-13,5,0,True,0.0,0.017548089999999995,150.64,-5.063999999999998,0.1003,0.00024805701369863016,0.12369999999999999,0.0012576731506849313,0.1477,0.005558416356164384,0.1586,0.012818182356164382,0.1711,0.02927521
2018-09-14,5,0,True,0.0,0.016586204285714286,151.59,-5.159000000000001,0.0993,0.00024313536986301368,0.1207,0.0011974101369863013,0.1437,0.005261427863013699,0.156,0.012401358904109589,0.1698,0.028832040000000003
2018-09-17,5,0,True,0.0,0.018923914285714286,150.95,-5.094999999999999,0.135,0.00044938356164383564,0.1368,0.001538156712328767,0.1528,0.005948901698630137,0.161,0.013209057534246577,0.1723,0.02968729
2018-09-18,5,0,True,0.0,0.017462259999999993,151.37,-5.1370000000000005,0.1174,0.0003398488767123288,0.12789999999999999,0.0013445268493150681,0.15039999999999998,0.005763492821917807,0.15990000000000001,0.013029177698630141,0.171,0.029241000000000003
2018-09-19,5,0,True,0.0,0.014104535714285715,145.19,-4.519,0.11449999999999999,0.00032326643835616436,0.1175,0.0011347602739726027,0.1465,0.005468463698630137,0.1585,0.012802023287671235,0.1699,0.028866009999999998
2018-09-20,5,0,True,0.0,0.014667931428571429,144.84,-4.484,0.1104,0.00030052997260273973,0.11800000000000001,0.0011444383561643836,0.1451,0.005364446383561644,0.157,0.012560860273972603,0.1684,0.028358559999999998
2018-09-21,5,0,True,0.0,0.014646189999999998,141.55,-4.155000000000001,0.1063,0.00027862249315068496,0.1168,0.0011212799999999999,0.1458,0.0054163301917808234,0.159,0.012882920547945207,0.17,0.028900000000000006
2018-09-24,5,0,True,0.0,0.015466132857142855,138.84,-3.8840000000000003,0.11630000000000001,0.00033351016438356175,0.122,0.0012233424657534246,0.1477,0.005558416356164384,0.15960000000000002,0.0129803335890411,0.1707,0.029138489999999996
2018-09-25,5,0,True,0.0,0.016109588571428572,137.68,-3.7680000000000007,0.1176,0.00034100778082191775,0.1242,0.0012678608219178081,0.1492,0.0056718890958904105,0.1605,0.013127141095890412,0.1711,0.02927521
2018-09-26,5,0,True,0.0,0.016823585714285716,140.98,-4.097999999999999,0.127,0.00039770136986301373,0.12890000000000001,0.0013656336986301372,0.1515,0.005848107534246576,0.162,0.013373654794520549,0.1725,0.029756249999999995
2018-09-27,5,0,True,0.0,0.01573681,142.1,-4.209999999999999,0.1209,0.0003604144931506849,0.1241,0.00126582,0.1489,0.005649102821917809,0.1607,0.013159877095890412,0.1723,0.02968729
2018-09-28,5,0,True,0.0,0.01563767571428571,144.43,-4.4430000000000005,0.1117,0.0003076493424657534,0.12119999999999999,0.001207351232876712,0.1477,0.005558416356164384,0.1598,0.013012886136986302,0.1722,0.029652839999999996
2018-10-01,5,0,True,0.0,0.015205024285714285,141.52,-4.152000000000001,0.1119,0.00030875202739726027,0.12,0.0011835616438356164,0.1474,0.005535859397260275,0.1595,0.012964072602739726,0.172,0.029583999999999996
2018-10-02,5,0,True,0.0,0.015434204285714286,137.98,-3.797999999999999,0.11130000000000001,0.00030544989041095895,0.12050000000000001,0.001193445205479452,0.1484,0.005611227616438356,0.1603,0.013094445863013698,0.1722,0.029652839999999996
2018-10-03,5,0,True,0.0,0.01424789571428571,136.33,-3.6330000000000013,0.1081,0.0002881383287671233,0.1161,0.0011078802739726025,0.14679999999999999,0.00549088306849315,0.15960000000000002,0.0129803335890411,0.17170000000000002,0.029480890000000006
2018-10-04,5,0,True,0.0,0.018696497142857135,136.73,-3.672999999999999,0.1542,0.0005862979726027398,0.1422,0.0016619868493150682,0.15839999999999999,0.006392937205479451,0.16699999999999998,0.014211928767123285,0.1761,0.03101121
2018-10-05,5,0,True,0.0,0.02191236,130.28,-3.028,0.14859999999999998,0.0005444866849315066,0.1482,0.001805197808219178,0.1625,0.006728167808219179,0.1714,0.014970686465753424,0.1797,0.03229209
2018-10-08,5,0,True,0.0,0.025627739999999996,129.64,-2.9639999999999986,0.1492,0.0005488924931506848,0.15689999999999998,0.0020233652054794517,0.16510000000000002,0.006945191589041099,0.1736,0.015357464547945206,0.1814,0.032905960000000005
2018-10-09,5,0,True,0.0,0.02745635714285714,128.98,-2.897999999999999,0.14400000000000002,0.0005112986301369864,0.1595,0.0020909794520547944,0.1663,0.007046518273972603,0.174,0.015428317808219178,0.1822,0.03319684
2018-10-10,5,0,True,0.0,0.038150352380952386,127.65,-2.7650000000000006,0.25980000000000003,0.0016642859178082196,0.2296,0.0043328350684931505,0.207,0.010917690410958905,0.20309999999999997,0.02102034920547945,0.1999,0.03996001
2018-10-11,5,0,True,0.0,0.038903988571428565,130.85,-3.0849999999999995,0.2958,0.0021574760547945207,0.2498,0.005128770410958904,0.21559999999999999,0.011843705424657533,0.20879999999999999,0.022216777643835613,0.2053,0.042148090000000006
2018-10-12,5,0,True,0.0,0.03648206,125.51,-2.5510000000000006,0.2284,0.0012862987397260271,0.21309999999999998,0.00373246109589041,0.1984,0.010029364602739725,0.19870000000000002,0.02011943654794521,0.19829999999999998,0.03932288999999999
2018-10-15,5,0,True,0.0,0.039168129047619044,128.32,-2.8319999999999994,0.2391,0.0014096418904109588,0.213,0.003728958904109589,0.2029,0.010489485287671232,0.2027,0.020937632712328767,0.20190000000000002,0.04076361000000001
2018-10-16,5,0,True,0.0,0.030696807142857153,132.15,-3.2150000000000007,0.17850000000000002,0.0007856445205479454,0.17620000000000002,0.0025517621917808225,0.1796,0.00821869282191781,0.1858,0.017591849424657535,0.19010000000000002,0.036138010000000005
2018-10-17,5,0,True,0.0,0.02974874999999999,130.65,-3.0650000000000004,0.1775,0.0007768664383561644,0.174,0.002488438356164383,0.18100000000000002,0.008347323287671234,0.1864,0.017705650849315073,0.1907,0.03636649
2018-10-18,5,0,True,0.0,0.03615468142857143,125.96,-2.595999999999999,0.2231,0.0012272944931506849,0.2006,0.0033074268493150684,0.1986,0.010049595287671232,0.1993,0.020241126410958907,0.20010000000000003,0.04004001000000001
2018-10-19,5,0,True,0.0,0.03738129,124.94,-2.4939999999999998,0.2113,0.0011009019452054793,0.1989,0.003251606301369863,0.1984,0.010029364602739725,0.2003,0.020444758191780824,0.20079999999999998,0.04032063999999999
2018-10-22,5,0,True,0.0,0.03679356142857144,125.68,-2.5680000000000005,0.20670000000000002,0.0010534904383561645,0.19640000000000002,0.0031703802739726033,0.19820000000000002,0.010009154301369864,0.20010000000000003,0.020403950301369867,0.2002,0.04008004
2018-10-23,5,0,True,0.0,0.03774494714285715,126.54,-2.654000000000001,0.2343,0.0013536120821917809,0.2071,0.003525239178082192,0.2028,0.010479148273972604,0.2029,0.020978970575342464,0.2021,0.04084441
2018-10-24,5,0,True,0.0,0.04369423402234635,128.91,-2.8909999999999996,0.3191,0.0025107487397260275,0.2523,0.005231941643835617,0.2262,0.013036928547945208,0.22039999999999998,0.024753878794520547,0.21489999999999998,0.04618200999999999
2018-10-25,5,0,True,0.0,0.04347026949720668,125.26,-2.5260000000000007,0.2962,0.0021633149589041097,0.2422,0.004821438904109588,0.22440000000000002,0.01283026980821918,0.2184,0.0243066634520548,0.21359999999999998,0.04562495999999999
2018-10-26,5,0,True,0.0,0.04331453022346371,121.7,-2.1700000000000004,0.2989,0.0022029339452054797,0.2416,0.0047975802739726025,0.2248,0.012876051287671234,0.21969999999999998,0.024596889698630133,0.2141,0.04583881000000001
2018-10-29,5,0,True,0.0,0.04228501290502792,120.83,-2.0829999999999997,0.3103,0.002374177561643836,0.247,0.005014438356164383,0.2306,0.013549045150684932,0.2227,0.025273216273972606,0.2145,0.046010249999999996
2018-10-30,5,0,True,0.0,0.04216849000000001,118.11,-1.811,0.2887,0.002055148520547945,0.2335,0.004481280821917809,0.2223,0.012591254712328767,0.21719999999999998,0.024040291068493147,0.2126,0.045198760000000004
2018-10-31,5,0,True,0.0,0.03725788857142858,117.64,-1.764,0.2516,0.0015608850410958903,0.21230000000000002,0.0037044895890410963,0.2115,0.01139753219178082,0.21,0.022472876712328765,0.207,0.042849
2018-11-01,5,0,True,0.0,0.033549159999999995,118.28,-1.828,0.21539999999999998,0.0011440395616438355,0.1934,0.0030742652054794517,0.2007,0.0102632481369863,0.2023,0.020855079287671236,0.2021,0.04084441
2018-11-02,5,0,True,0.0,0.03516991857142858,115.73,-1.5730000000000004,0.21170000000000003,0.0011050740000000002,0.19510000000000002,0.003128548767123288,0.203,0.010499827397260275,0.2045,0.02131114109589041,0.2047,0.041902089999999996
2018-11-05,5,0,True,0.0,0.036863504285714284,118.89,-1.889,0.2163,0.0011536197534246576,0.1996,0.003274533698630137,0.20199999999999999,0.010396635616438355,0.2025,0.02089633561643836,0.2026,0.04104676
2018-11-06,5,0,True,0.0,0.03659725428571428,119.93,-1.9930000000000008,0.2162,0.0011525533150684932,0.1991,0.0032581487671232874,0.19579999999999997,0.009768220602739724,0.19699999999999998,0.019776641095890408,0.1989,0.03956121
2018-11-07,5,0,True,0.0,0.02788601714285714,120.56,-2.056,0.15539999999999998,0.0005954587397260273,0.1636,0.002199859726027397,0.17620000000000002,0.00791046279452055,0.18289999999999998,0.017046981534246573,0.1895,0.03591025
2018-11-08,5,0,True,0.0,0.029560617142857133,121.85,-2.1849999999999996,0.15560000000000002,0.0005969924383561645,0.1672,0.0022977402739726024,0.17679999999999998,0.0079644282739726,0.18239999999999998,0.01695390509589041,0.1893,0.03583449
2018-11-09,5,0,True,0.0,0.03258293285714286,120.06,-2.0060000000000002,0.1563,0.0006023759178082191,0.1736,0.002477010410958904,0.18460000000000001,0.008682673643835617,0.1894,0.01828016153424658,0.1938,0.03755844
2018-11-12,5,0,True,0.0,0.03941389659217878,121.35,-2.1349999999999993,0.2069,0.0010555301095890412,0.2045,0.0034372808219178077,0.2023,0.010427539643835618,0.2016,0.020711003178082193,0.20010000000000003,0.04004001000000001
2018-11-13,5,0,True,0.0,0.04067266251396649,122.06,-2.2060000000000004,0.1938,0.0009260985205479451,0.2002,0.0032942498630136982,0.2027,0.010468816356164383,0.2029,0.020978970575342464,0.2023,0.04092529
2018-11-14,5,0,True,0.0,0.04196627424581005,120.68,-2.0680000000000005,0.2139,0.0011281613424657534,0.2125,0.0037114726027397253,0.2122,0.011473101698630138,0.2104,0.022558569205479453,0.2077,0.04313929
2018-11-15,5,0,True,0.0,0.040732199999999996,120.76,-2.0760000000000005,0.195,0.0009376027397260274,0.1998,0.0032810991780821918,0.20309999999999997,0.010510174602739725,0.2048,0.021373713534246577,0.2051,0.04206601
2018-11-16,5,0,True,0.0,0.035551835714285725,118.71,-1.8709999999999993,0.1635,0.0006591513698630138,0.1814,0.002704599452054795,0.1935,0.009540080136986302,0.19820000000000002,0.020018308602739728,0.2002,0.04008004
2018-11-19,5,0,True,0.0,0.03982779000000001,115.79,-1.5790000000000006,0.2043,0.0010291682465753426,0.201,0.003320630136986302,0.2064,0.010854491178082192,0.2079,0.022025666465753428,0.20829999999999999,0.04338888999999999
2018-11-20,5,0,True,0.0,0.04531440413407821,119.55,-1.9549999999999996,0.23629999999999998,0.0013768197534246571,0.2248,0.004153564931506849,0.2227,0.012636608136986303,0.22089999999999999,0.024866319616438357,0.217,0.047089
2018-11-21,5,0,True,0.0,0.04490201714285716,119.31,-1.9310000000000003,0.1986,0.0009725414794520547,0.20800000000000002,0.003555945205479453,0.2132,0.011581491287671233,0.2147,0.023490062301369862,0.21420000000000003,0.045881640000000015
2018-11-23,5,0,True,0.0,0.04615203430167599,117.21,-1.7209999999999994,0.21420000000000003,0.0011313281095890414,0.2152,0.003806386849315068,0.2175,0.012053373287671233,0.21789999999999998,0.024195496602739723,0.2164,0.04682896
2018-11-26,5,0,True,0.0,0.03381850285714284,117.57,-1.7569999999999992,0.2004,0.0009902505205479453,0.18899999999999997,0.002935972602739725,0.2011,0.010304198712328768,0.20550000000000002,0.021520072602739727,0.2071,0.042890410000000004
2018-11-27,5,0,True,0.0,0.03263578285714286,115.83,-1.5829999999999997,0.2108,0.0010956979726027395,0.1902,0.002973373150684931,0.19940000000000002,0.010130721863013701,0.2039,0.021186271397260276,0.2115,0.044732249999999994
2018-11-28,5,0,True,0.0,0.028247739999999983,115.96,-1.5959999999999994,0.2192,0.00118476098630137,0.18489999999999998,0.0028099734246575334,0.1928,0.009471181150684932,0.19699999999999998,0.019776641095890408,0.20809999999999998,0.043305609999999994
2018-11-29,5,0,True,0.0,0.028972111428571423,115.49,-1.5489999999999995,0.2238,0.001235008109589041,0.18789999999999998,0.002901896712328767,0.1959,0.009778200904109588,0.2002,0.02042434915068493,0.20739999999999997,0.04301475999999999
2018-11-30,5,0,True,0.0,0.025695609999999997,114.71,-1.4709999999999994,0.2211,0.0012053887397260273,0.1807,0.002683766301369863,0.1889,0.009091886383561646,0.19690000000000002,0.01975656838356165,0.2003,0.040120090000000004
2018-12-03,5,0,True,0.0,0.02591691000000001,,,0.1721,0.0007303169589041096,0.16440000000000002,0.002221426849315069,0.1795,0.008209543150684931,0.18600000000000003,0.01762974246575343,0.1924,0.03701776
2018-12-04,5,0,True,0.0,0.03438464714285714,117.76,-1.7760000000000005,0.25129999999999997,0.001557164958904109,0.20739999999999997,0.0035354597260273965,0.2075,0.010970496575342466,0.2059,0.021603930575342465,0.2051,0.04206601
2018-12-06,5,0,True,0.0,0.03723071714285714,116.68,-1.6680000000000006,0.2506,0.0015485020273972602,0.2119,0.003690543287671233,0.21059999999999998,0.011300738301369863,0.20739999999999997,0.02191985030136986,0.20559999999999998,0.042271359999999994
2018-12-07,5,0,True,0.0,0.04336801458100559,114.3,-1.4299999999999997,0.2747,0.0018606597534246573,0.2323,0.004435338904109589,0.22440000000000002,0.01283026980821918,0.2192,0.024485060383561647,0.2139,0.04575321
2018-12-10,5,0,True,0.0,0.04318234134078214,117.64,-1.764,0.25239999999999996,0.0015708269589041089,0.22640000000000002,0.004212900821917809,0.22010000000000002,0.012343268301369866,0.2175,0.024106746575342466,0.21280000000000002,0.045283840000000006
2018-12-11,5,0,True,0.0,0.04338691,116.8,-1.6799999999999997,0.2379,0.001395527917808219,0.21760000000000002,0.003891761095890411,0.21719999999999998,0.012020145534246574,0.2169,0.023973927287671233,0.21600000000000003,0.04665600000000001
2018-12-12,5,0,True,0.0,0.04382296,116.78,-1.6780000000000002,0.22640000000000002,0.0012638702465753427,0.2146,0.0037851912328767125,0.2159,0.011876688575342468,0.2165,0.02388558493150685,0.2143,0.04592449
2018-12-13,5,0,True,0.0,0.04320426142857142,117.03,-1.703,0.20329999999999998,0.0010191178356164382,0.2065,0.003504842465753424,0.21350000000000002,0.01161410753424658,0.2146,0.02346818564383562,0.2225,0.04950625
2018-12-14,5,0,True,0.0,0.04594271142857142,118.6,-1.8599999999999994,0.2208,0.001202119890410959,0.2163,0.0038453991780821916,0.21960000000000002,0.0122872517260274,0.2212,0.024933906410958908,0.22699999999999998,0.05152899999999999
2018-12-17,5,0,True,0.0,0.05226936714285714,123.96,-2.3959999999999995,0.28,0.0019331506849315071,0.2452,0.0049416197260273974,0.2341,0.013963455698630138,0.2323,0.027499101205479454,0.2336,0.05456896
2018-12-18,5,0,True,0.0,0.05060015312849162,124.23,-2.4230000000000005,0.2851,0.0020042139452054798,0.25579999999999997,0.0053781073972602724,0.239,0.014554117808219177,0.23379999999999998,0.02785538038356164,0.22949999999999998,0.052670249999999995
2018-12-19,5,0,True,0.0,0.05153534000000002,125.38,-2.5379999999999994,0.2616,0.0016874275068493151,0.25579999999999997,0.0053781073972602724,0.2402,0.014700634849315069,0.23370000000000002,0.027831557095890417,0.23199999999999998,0.05382399999999999
2018-12-20,5,0,True,0.0,0.05031509743016759,124.07,-2.406999999999999,0.3119,0.0023987246301369865,0.2838,0.006619926575342465,0.25239999999999996,0.01623187857534246,0.24559999999999998,0.030738084821917807,0.2354,0.055413159999999996
2018-12-21,5,0,True,0.0,0.054206710000000005,122.17,-2.217,0.33030000000000004,0.0026900898904109595,0.3011,0.007451606301369862,0.2623,0.017530191698630133,0.248,0.03134176438356164,0.2429,0.05900041
2018-12-24,5,0,True,0.0,0.05579536,118.27,-1.8269999999999995,0.424,0.004432832876712328,0.3607,0.010693519726027398,0.2884,0.0211924221369863,0.2636,0.0354087741369863,0.2509,0.06295081000000001
2018-12-26,5,0,True,0.0,0.04786230999999999,116.47,-1.6469999999999998,0.3392,0.0028370130410958904,0.3041,0.007600833698630136,0.2569,0.016815829397260278,0.2386,0.0290108837260274,0.2291,0.05248681
2018-12-27,5,0,True,0.0,0.04723438972067041,115.18,-1.5180000000000007,0.34380000000000005,0.0029144820821917815,0.29960000000000003,0.007377547397260275,0.2589,0.017078675424657536,0.2438,0.030289177643835614,0.23120000000000002,0.053453440000000005
2018-12-28,5,0,True,0.0,0.047217227597765365,117.26,-1.7260000000000004,0.3164,0.002468440109589041,0.2834,0.006601278904109588,0.2532,0.016334937863013696,0.2401,0.029376794136986305,0.22920000000000001,0.052532640000000005
2018-12-31,5,0,True,0.0,0.04453584553072627,117.8,-1.7799999999999998,0.2857,0.0020126586575342467,0.25420000000000004,0.00531103890410959,0.2373,0.014347808136986304,0.23149999999999998,0.02731002328767123,0.2217,0.04915089
2019-01-02,5,0,True,0.0,0.04696964307262573,116.06,-1.6060000000000003,0.22820000000000001,0.0012840470136986303,0.2322,0.00443152109589041,0.2275,0.01318720890410959,0.22329999999999997,0.025409582301369856,0.22010000000000002,0.04844401000000001
2019-01-03,5,0,True,0.0,0.04783415508379889,112.22,-1.222,0.2659,0.00174335695890411,0.2545,0.005323582191780822,0.24109999999999998,0.014811004191780821,0.2328,0.027617606136986304,0.226,0.051076
2019-01-04,5,0,True,0.0,0.04580422402234636,111.44,-1.1439999999999997,0.20850000000000002,0.0010719184931506853,0.2138,0.003757022465753424,0.2186,0.012175600767123287,0.2175,0.024106746575342466,0.2158,0.046569639999999995
2019-01-07,5,0,True,0.0,0.045106539999999994,113.56,-1.3560000000000003,0.2147,0.001136615917808219,0.214,0.0037640547945205476,0.2162,0.011909717589041097,0.2143,0.02340261682191781,0.214,0.045795999999999996
2019-01-08,5,0,True,0.0,0.042493689999999994,115.3,-1.5299999999999998,0.20129999999999998,0.0009991649589041094,0.2047,0.0034440073972602735,0.2114,0.01138675693150685,0.2114,0.0227735138630137,0.21230000000000002,0.04507129000000001
2019-01-09,5,0,True,0.0,0.041752011428571434,117.01,-1.7010000000000005,0.1888,0.0008789286575342465,0.1998,0.0032810991780821918,0.2069,0.010907144465753426,0.20800000000000002,0.02204686027397261,0.2104,0.04426816
2019-01-10,5,0,True,0.0,0.04083396,117.72,-1.7719999999999998,0.17739999999999997,0.0007759913424657532,0.195,0.0031253424657534247,0.2052,0.01072864306849315,0.2079,0.022025666465753428,0.2097,0.04397409
2019-01-11,5,0,True,0.0,0.036351374285714284,119.09,-1.9090000000000003,0.15960000000000002,0.0006280806575342467,0.1819,0.002719529589041096,0.1974,0.00992851693150685,0.20350000000000001,0.02110322876712329,0.20620000000000002,0.04251844000000001
2019-01-14,5,0,True,0.0,0.03950806,125.2,-2.5200000000000005,0.1704,0.000715960109589041,0.1907,0.0029890265753424656,0.1993,0.010120563205479454,0.2024,0.020875702356164382,0.2061,0.04247721
2019-01-15,5,0,True,0.0,0.03775500000000001,126.87,-2.6870000000000003,0.165,0.0006713013698630137,0.18600000000000003,0.002843506849315069,0.1924,0.009431922410958903,0.1961,0.019596353589041094,0.20129999999999998,0.04052168999999999
2019-01-16,5,0,True,0.0,0.03904205666666668,131.66,-3.1659999999999995,0.1634,0.0006583453150684931,0.19039999999999999,0.002979629589041095,0.1953,0.009718395534246577,0.19649999999999998,0.019676379452054794,0.2003,0.040120090000000004
2019-01-17,5,0,True,0.0,0.03607127571428571,133.02,-3.302000000000001,0.1567,0.0006054630410958905,0.18059999999999998,0.0026807967123287668,0.1917,0.00936341580821918,0.1963,0.019636346136986303,0.1996,0.03984016
2019-01-18,5,0,True,0.0,0.03556850285714287,131.19,-3.1189999999999998,0.15039999999999998,0.0005577573698630136,0.17800000000000002,0.002604164383561644,0.1884,0.009043819397260275,0.19260000000000002,0.0189030831780822,0.1962,0.038494440000000005
2019-01-22,5,0,True,0.0,0.04131486446927376,122.82,-2.281999999999999,0.21239999999999998,0.0011123940821917806,0.20800000000000002,0.003555945205479453,0.2069,0.010907144465753426,0.2051,0.02143637769863014,0.20420000000000002,0.04169764000000001
2019-01-23,5,0,True,0.0,0.03830319999999999,123.88,-2.3879999999999995,0.19399999999999998,0.0009280109589041093,0.19519999999999998,0.003131756712328766,0.20079999999999998,0.0102734781369863,0.20129999999999998,0.020649409150684927,0.2004,0.04016016
2019-01-24,5,0,True,0.0,0.03764017428571429,130.92,-3.0919999999999987,0.1764,0.000767267506849315,0.1889,0.002932866575342466,0.1967,0.00985822676712329,0.1972,0.019816817095890407,0.1998,0.039920040000000004
2019-01-25,5,0,True,0.0,0.03183811000000001,126.11,-2.6109999999999998,0.16390000000000002,0.0006623805205479453,0.17420000000000002,0.0024941621917808224,0.1882,0.009024628273972605,0.1936,0.019099886465753425,0.1971,0.03884841
2019-01-28,5,0,True,0.0,0.03458841000000001,123.06,-2.306,0.1949,0.0009366413424657532,0.1887,0.002926659452054795,0.19579999999999997,0.009768220602739724,0.1971,0.019796724,0.1989,0.03956121
2019-01-29,5,0,True,0.0,0.035222307142857144,121.9,-2.1900000000000004,0.19949999999999998,0.0009813760273972602,0.1913,0.0030078649315068494,0.196,0.009788186301369866,0.1972,0.019816817095890407,0.1984,0.03936256
2019-01-30,5,0,True,0.0,0.031622932857142856,123.28,-2.3280000000000003,0.17370000000000002,0.000743959479452055,0.1766,0.002563361095890411,0.1868,0.008890861150684931,0.1906,0.0185125341369863,0.1935,0.03744225
2019-01-31,5,0,True,0.0,0.02878046714285715,126.53,-2.653,0.1561,0.0006008353150684931,0.16570000000000001,0.0022566978082191784,0.1788,0.008145638136986301,0.185,0.01744068493150685,0.1889,0.03568321000000001
2019-02-01,5,0,True,0.0,0.028705881428571438,126.03,-2.603,0.1409,0.0004895213424657534,0.16140000000000002,0.0021410926027397264,0.1759,0.007883548849315069,0.18309999999999998,0.017084283452054795,0.1885,0.03553225
2019-02-04,5,0,True,0.0,0.02733888999999999,128.4,-2.8400000000000007,0.1367,0.00046077263013698624,0.1573,0.0020336950684931502,0.17190000000000003,0.00752907871232877,0.1794,0.01640079715068493,0.1859,0.03455881
2019-02-05,5,0,True,0.0,0.02686763142857143,123.42,-2.342,0.1346,0.0004467244931506849,0.1557,0.0019925334246575343,0.1707,0.007424327589041095,0.1769,0.01594688071232877,0.1837,0.03374569
2019-02-06,5,0,True,0.0,0.026846932857142864,123.72,-2.372,0.1273,0.00039958249315068494,0.15380000000000002,0.0019442005479452058,0.16899999999999998,0.007277186301369862,0.1769,0.01594688071232877,0.18359999999999999,0.033708959999999996
2019-02-07,5,0,True,0.0,0.028780467142857143,124.45,-2.4450000000000003,0.1489,0.0005466873698630137,0.1637,0.0022025498630136985,0.1752,0.007820928,0.1805,0.016602538356164383,0.1863,0.03470769
2019-02-08,5,0,True,0.0,0.027364109999999997,127.72,-2.772,0.1361,0.0004567366849315068,0.1572,0.0020311101369863012,0.1726,0.007590522410958904,0.179,0.016327742465753425,0.18530000000000002,0.03433609000000001
2019-02-11,5,0,True,0.0,0.02721117571428572,129.19,-2.9189999999999996,0.1467,0.0005306520821917808,0.1597,0.002096226575342466,0.1722,0.007555381150684931,0.17850000000000002,0.01623665342465754,0.185,0.034225
2019-02-12,5,0,True,0.0,0.02623608999999999,128.6,-2.8599999999999994,0.13470000000000001,0.0004473885205479453,0.1543,0.0019568621917808214,0.16820000000000002,0.0072084529315068506,0.1751,0.015624005095890412,0.1819,0.03308761
2019-02-13,5,0,True,0.0,0.02718978142857143,127.12,-2.7120000000000006,0.1349,0.00044871805479452045,0.1565,0.0020130616438356163,0.1696,0.007328950356164384,0.17620000000000002,0.0158209255890411,0.18280000000000002,0.03341584000000001
2019-02-14,5,0,True,0.0,0.02905153857142856,126.89,-2.689,0.1411,0.0004909120273972603,0.16219999999999998,0.0021623704109589035,0.1732,0.007643387178082192,0.17980000000000002,0.01647401490410959,0.1859,0.03455881
2019-02-15,5,0,True,0.0,0.025400340000000004,129.55,-2.955000000000001,0.12179999999999999,0.0003658004383561643,0.1491,0.0018271898630136988,0.1648,0.006919974575342467,0.174,0.015428317808219178,0.1822,0.03319684
2019-02-19,5,0,True,0.0,0.02395815428571429,124.68,-2.468000000000001,0.1338,0.00044143002739726033,0.14880000000000002,0.0018198443835616442,0.16449999999999998,0.006894803424657533,0.17190000000000003,0.01505815742465754,0.1804,0.03254416
2019-02-20,5,0,True,0.0,0.021276057142857137,123.39,-2.339,0.126,0.00039146301369863016,0.1402,0.001615564931506849,0.1582,0.006376803616438357,0.1675,0.014297157534246579,0.1773,0.031435290000000005
2019-02-21,5,0,True,0.0,0.022425411428571428,122.42,-2.242,0.1318,0.0004283319452054794,0.1446,0.001718561095890411,0.1616,0.006653846794520548,0.1697,0.01467519106849315,0.17850000000000002,0.03186225000000001
2019-02-22,5,0,True,0.0,0.020416295714285715,121.08,-2.1079999999999997,0.1149,0.00032552901369863014,0.1351,0.001500165205479452,0.15460000000000002,0.006089884602739727,0.1653,0.01392405682191781,0.17559999999999998,0.030835359999999992
2019-02-25,5,0,True,0.0,0.023031059999999996,127.67,-2.7670000000000003,0.1406,0.00048743901369863017,0.1485,0.0018125136986301368,0.16,0.0065227397260273975,0.1681,0.014399768383561645,0.1765,0.031152249999999996
2019-02-26,5,0,True,0.0,0.024233842857142862,125.53,-2.553,0.142,0.0004971945205479451,0.1517,0.0018914704109589042,0.163,0.006769635616438357,0.17079999999999998,0.014866057643835614,0.1783,0.031790889999999995
2019-02-27,5,0,True,0.0,0.023470302857142848,126.44,-2.6439999999999997,0.13140000000000002,0.00042573600000000007,0.147,0.0017760821917808215,0.15990000000000001,0.0065145888493150705,0.16829999999999998,0.014434053534246571,0.17620000000000002,0.03104644000000001
2019-02-28,5,0,True,0.0,0.023762097142857142,128.85,-2.8849999999999993,0.1318,0.0004283319452054794,0.1478,0.0017954663013698628,0.161,0.006604528767123289,0.1693,0.014606090794520549,0.177,0.031328999999999996
2019-03-01,5,0,True,0.0,0.020804890000000003,126.97,-2.697,0.1133,0.00031652605479452056,0.13570000000000002,0.0015135197260273976,0.15380000000000002,0.006027021698630139,0.1648,0.013839949150684934,0.17370000000000002,0.030171690000000008
2019-03-04,5,0,True,0.0,0.02288127142857143,125.04,-2.5040000000000004,0.134,0.0004427506849315069,0.1463,0.0017592073972602742,0.1603,0.006547222931506849,0.1693,0.014606090794520549,0.1764,0.03111696
2019-03-05,5,0,True,0.0,0.023388674285714284,126.4,-2.6400000000000006,0.1336,0.00044011134246575343,0.1474,0.001785761095890411,0.16149999999999998,0.006645614383561642,0.1699,0.014709802356164382,0.1764,0.03111696
2019-03-06,5,0,True,0.0,0.025762510000000006,125.8,-2.5799999999999996,0.1499,0.0005540550410958905,0.1574,0.002036281643835617,0.1674,0.007140045698630137,0.1747,0.015552703397260273,0.1804,0.03254416
2019-03-07,5,0,True,0.0,0.028140192857142858,123.14,-2.314,0.16149999999999998,0.0006431239726027395,0.1659,0.0022621487671232875,0.17300000000000001,0.0076257452054794535,0.1787,0.016273058465753425,0.18359999999999999,0.033708959999999996
2019-03-08,5,0,True,0.0,0.027627347142857143,125.73,-2.5730000000000004,0.1463,0.0005277622191780822,0.1605,0.002117280821917808,0.1711,0.007459163095890411,0.17809999999999998,0.016163965643835616,0.18350000000000002,0.03367225000000001
2019-03-11,5,0,True,0.0,0.021640128571428576,132.93,-3.2930000000000006,0.134,0.0004427506849315069,0.1433,0.001687799178082192,0.16010000000000002,0.006530895698630139,0.17,0.014727123287671236,0.17800000000000002,0.031684000000000004
2019-03-12,5,0,True,0.0,0.020142432857142855,130.17,-3.0169999999999986,0.1273,0.00039958249315068494,0.1377,0.0015584621917808217,0.1565,0.006240491095890411,0.1674,0.014280091397260273,0.17620000000000002,0.03104644000000001
2019-03-13,5,0,True,0.0,0.01896111857142857,132.57,-3.2569999999999992,0.1253,0.00038712550684931506,0.1341,0.0014780391780821916,0.1533,0.005987897999999999,0.1646,0.013806377424657533,0.1741,0.03031081
2019-03-14,5,0,True,0.0,0.019317840000000003,130.57,-3.0569999999999995,0.1252,0.00038650783561643837,0.135,0.0014979452054794521,0.153,0.005964484931506849,0.16449999999999998,0.013789606849315066,0.1745,0.030450249999999995
2019-03-15,5,0,True,0.0,0.018303982857142857,128.76,-2.875999999999999,0.11220000000000001,0.00031040975342465756,0.1288,0.0013635156164383561,0.14980000000000002,0.005717599232876714,0.1624,0.01343977906849315,0.17300000000000001,0.029929000000000004
2019-03-18,5,0,True,0.0,0.01778710428571429,127.1,-2.7099999999999995,0.1253,0.00038712550684931506,0.131,0.0014104931506849316,0.1524,0.005917796383561645,0.1636,0.013639130301369862,0.174,0.030275999999999997
2019-03-19,5,0,True,0.0,0.018422189999999995,123.13,-2.3129999999999997,0.1353,0.0004513830410958904,0.1356,0.0015112898630136983,0.15560000000000002,0.0061689218630137,0.1661,0.01405915906849315,0.1751,0.03066001
2019-03-20,5,0,True,0.0,0.019842010000000004,120.59,-2.059,0.1349,0.00044871805479452045,0.1391,0.0015903131506849314,0.15789999999999998,0.006352641452054794,0.1678,0.014348417095890412,0.1769,0.03129361
2019-03-21,5,0,True,0.0,0.019173610000000004,120.67,-2.067,0.1311,0.0004237942191780821,0.1363,0.0015269334246575342,0.1551,0.006129339534246574,0.165,0.013873561643835618,0.1739,0.03024121
2019-03-22,5,0,True,0.0,0.026630521428571426,117.55,-1.7549999999999997,0.1685,0.0007000828767123288,0.1648,0.0022322498630136987,0.17370000000000002,0.0076875812876712355,0.1778,0.01610955682191781,0.1825,0.033306249999999996
2019-03-25,5,0,True,0.0,0.02655463857142856,117.6,-1.7599999999999993,0.1641,0.0006639980547945204,0.16329999999999997,0.002191799178082191,0.1745,0.007758556849315068,0.1783,0.01620028915068493,0.18289999999999998,0.033452409999999995
2019-03-26,5,0,True,0.0,0.022445949999999996,117.8,-1.7799999999999998,0.13949999999999999,0.00047984178082191765,0.14679999999999999,0.0017712526027397256,0.16449999999999998,0.006894803424657533,0.1728,0.015216247232876713,0.1793,0.032148489999999995
2019-03-27,5,0,True,0.0,0.023527928571428575,117.66,-1.7659999999999996,0.147,0.0005328246575342464,0.1515,0.001886486301369863,0.1678,0.007174208547945206,0.17559999999999998,0.015713361534246573,0.182,0.033124
2019-03-28,5,0,True,0.0,0.02170255714285714,119.25,-1.925,0.13699999999999998,0.00046279726027397244,0.14429999999999998,0.0017114375342465748,0.163,0.006769635616438357,0.1725,0.015163458904109587,0.1805,0.03258025
2019-03-29,5,0,True,0.0,0.02032591714285714,120.96,-2.095999999999999,0.1234,0.00037547408219178077,0.1371,0.0015449104109589039,0.158,0.0063606904109589045,0.1689,0.014537153589041094,0.1773,0.031435290000000005
2019-04-01,5,0,True,0.0,0.019366338571428575,126.77,-2.6769999999999996,0.1211,0.00036160791780821914,0.134,0.0014758356164383563,0.15460000000000002,0.006089884602739727,0.1653,0.01392405682191781,0.1741,0.03031081
2019-04-02,5,0,True,0.0,0.019470245714285715,127.31,-2.7310000000000003,0.1186,0.00034683189041095886,0.1336,0.001467037808219178,0.15539999999999998,0.006153073643835615,0.1663,0.014093036547945206,0.17489999999999997,0.03059000999999999
2019-04-03,5,0,True,0.0,0.02049633857142857,125.96,-2.595999999999999,0.1229,0.000372437506849315,0.1374,0.0015516789041095888,0.1563,0.006224551150684931,0.166,0.014042235616438359,0.1745,0.030450249999999995
2019-04-04,5,0,True,0.0,0.02059821142857143,126.23,-2.623,0.1158,0.00033064865753424657,0.1358,0.0015157512328767123,0.1548,0.0061056512876712325,0.1656,0.013974643726027398,0.174,0.030275999999999997
2019-04-05,5,0,True,0.0,0.01908972571428572,128.75,-2.875,0.1012,0.0002525286575342465,0.1282,0.0013508416438356167,0.1506,0.005778831452054795,0.1628,0.013506066410958905,0.1722,0.029652839999999996
2019-04-08,5,0,True,0.0,0.019872588571428568,129.13,-2.9129999999999994,0.1074,0.0002844187397260274,0.1318,0.0014277731506849313,0.1528,0.005948901698630137,0.1638,0.013672498191780822,0.1718,0.02951524
2019-04-09,5,0,True,0.0,0.02318398285714285,127.66,-2.7659999999999996,0.11779999999999999,0.0003421686575342465,0.14279999999999998,0.001676041643835616,0.15990000000000001,0.0065145888493150705,0.16899999999999998,0.014554372602739724,0.1752,0.03069504
2019-04-10,5,0,True,0.0,0.020863445714285715,127.61,-2.761,0.1014,0.00025352778082191784,0.133,0.0014538904109589043,0.15380000000000002,0.006027021698630139,0.1649,0.01385675030136986,0.1727,0.029825289999999997
2019-04-11,5,0,True,0.0,0.01947418285714285,126.23,-2.623,0.1052,0.0002728859178082192,0.13019999999999998,0.001393318356164383,0.1525,0.005925565068493151,0.1643,0.013756096273972602,0.1728,0.029859840000000002
2019-04-12,5,0,True,0.0,0.016539974285714285,124.22,-2.4219999999999997,0.0974,0.00023392010958904109,0.1201,0.0011855350684931505,0.1446,0.005327539397260275,0.1604,0.013110788383561642,0.17059999999999997,0.029104359999999992
2019-04-15,5,0,True,0.0,0.01685868142857143,127.69,-2.7689999999999997,0.1061,0.00027757504109589043,0.1232,0.0012475265753424658,0.14529999999999998,0.005379244849315068,0.1609,0.013192653863013696,0.172,0.029583999999999996
2019-04-16,5,0,True,0.0,0.016231302857142856,125.81,-2.5810000000000004,0.1076,0.0002854790136986301,0.12179999999999999,0.0012193347945205477,0.1447,0.005334910602739726,0.1606,0.013143503999999999,0.172,0.029583999999999996
2019-04-17,5,0,True,0.0,0.017494285714285716,125.78,-2.5780000000000003,0.11,0.0002983561643835616,0.126,0.001304876712328767,0.1482,0.005596113205479452,0.1629,0.013522663726027395,0.1734,0.03006756
2019-04-18,5,0,True,0.0,0.016655232857142856,123.6,-2.3599999999999994,0.0993,0.00024313536986301368,0.1209,0.0012013816438356164,0.1457,0.005408902931506849,0.16140000000000002,0.013274774136986304,0.1725,0.029756249999999995
2019-04-22,5,0,True,0.0,0.01623990428571428,124.24,-2.4239999999999995,0.11630000000000001,0.00033351016438356175,0.1242,0.0012678608219178081,0.1472,0.0055208469041095895,0.16190000000000002,0.013357149205479455,0.17300000000000001,0.029929000000000004
2019-04-23,5,0,True,0.0,0.015735931428571426,124.65,-2.4650000000000007,0.1164,0.00033408394520547947,0.12279999999999999,0.0012394389041095889,0.1454,0.005386651726027397,0.16,0.013045479452054795,0.17129999999999998,0.02934368999999999
2019-04-24,5,0,True,0.0,0.017926302857142862,123.81,-2.3810000000000002,0.12539999999999998,0.0003877436712328766,0.13140000000000002,0.0014191200000000003,0.15039999999999998,0.005763492821917807,0.1628,0.013506066410958905,0.1739,0.03024121
2019-04-25,5,0,True,0.0,0.018533088571428578,124.18,-2.4180000000000006,0.12359999999999999,0.0003766921643835616,0.1325,0.0014429794520547947,0.1521,0.0058945209041095905,0.16440000000000002,0.013772846465753429,0.17489999999999997,0.03059000999999999
2019-04-26,5,0,True,0.0,0.017172867142857144,126.29,-2.6290000000000004,0.11810000000000001,0.0003439136712328768,0.1273,0.0013319416438356164,0.1489,0.005649102821917809,0.162,0.013373654794520549,0.1729,0.02989441
2019-04-29,5,0,True,0.0,0.01783528285714285,125.79,-2.5790000000000006,0.1252,0.00038650783561643837,0.1311,0.0014126473972602737,0.1523,0.005910032794520547,0.1646,0.013806377424657533,0.1752,0.03069504
2019-04-30,5,0,True,0.0,0.017958331428571426,126.47,-2.647,0.1244,0.0003815842191780822,0.13119999999999998,0.0014148032876712326,0.1523,0.005910032794520547,0.1643,0.013756096273972602,0.1753,0.030730090000000005
2019-05-01,5,0,True,0.0,0.021712750000000006,125.32,-2.531999999999999,0.1495,0.0005511020547945205,0.14800000000000002,0.0018003287671232882,0.16190000000000002,0.0066785746027397275,0.1709,0.014883470301369864,0.1795,0.03222025
2019-05-02,5,0,True,0.0,0.02140092571428571,124.59,-2.4590000000000005,0.1392,0.0004777801643835616,0.1442,0.0017090663013698628,0.1603,0.006547222931506849,0.17,0.014727123287671236,0.1783,0.031790889999999995
2019-05-03,5,0,True,0.0,0.018514345714285705,122.22,-2.222,0.1096,0.0002961902465753425,0.12869999999999998,0.0013613991780821913,0.1507,0.005786508410958904,0.1638,0.013672498191780822,0.1751,0.03066001
2019-05-06,5,0,True,0.0,0.02382612142857142,123.23,-2.3230000000000004,0.1545,0.000588581506849315,0.15439999999999998,0.001959399452054794,0.16399999999999998,0.006852953424657532,0.17149999999999999,0.0149881602739726,0.17980000000000002,0.03232804
2019-05-07,5,0,True,0.0,0.034146539999999996,116.88,-1.6879999999999995,0.20739999999999997,0.0010606379178082189,0.1932,0.0030679101369863013,0.18780000000000002,0.008986307178082194,0.1863,0.017686658465753426,0.1882,0.035419240000000005
2019-05-08,5,0,True,0.0,0.033975416666666675,117.79,-1.7790000000000006,0.2133,0.0011218411232876712,0.19399999999999998,0.0030933698630136977,0.1875,0.008957619863013699,0.18600000000000003,0.01762974246575343,0.18710000000000002,0.03500641000000001
2019-05-09,5,0,True,0.0,0.031636017142857145,117.68,-1.7680000000000007,0.2186,0.0011782839452054792,0.191,0.0029984383561643835,0.1844,0.008663869808219178,0.1838,0.017215161205479453,0.1863,0.03470769
2019-05-10,5,0,True,0.0,0.02498744714285714,118.54,-1.8540000000000005,0.16570000000000001,0.0006770093424657535,0.1604,0.0021146432876712326,0.16899999999999998,0.007277186301369862,0.1747,0.015552703397260273,0.18059999999999998,0.03261636
2019-05-13,5,0,True,0.0,0.03564270999999999,119.36,-1.936,0.22760000000000002,0.0012773036712328768,0.20550000000000002,0.0034709794520547945,0.1979,0.009978877068493151,0.1934,0.0190604442739726,0.1912,0.036557440000000004
2019-05-14,5,0,True,0.0,0.03151175999999999,119.95,-1.9950000000000003,0.18760000000000002,0.0008677913424657535,0.18059999999999998,0.0026807967123287668,0.18289999999999998,0.008523490767123287,0.1837,0.01719643380821918,0.1857,0.03448449
2019-05-15,5,0,True,0.0,0.027209824285714296,120.87,-2.0870000000000006,0.1631,0.0006559301095890411,0.16440000000000002,0.002221426849315069,0.17489999999999997,0.007794166931506847,0.17809999999999998,0.016163965643835616,0.1825,0.033306249999999996
2019-05-16,5,0,True,0.0,0.023677574285714275,121.09,-2.1090000000000004,0.1506,0.0005592417534246577,0.15289999999999998,0.001921513150684931,0.1674,0.007140045698630137,0.17350000000000002,0.01533977671232877,0.1796,0.032256160000000006
2019-05-17,5,0,True,0.0,0.025057902857142867,118.69,-1.8689999999999998,0.16260000000000002,0.0006519146301369864,0.15960000000000002,0.0020936021917808225,0.17059999999999997,0.007415631452054793,0.1757,0.015731263397260272,0.18100000000000002,0.032761000000000005
2019-05-20,5,0,True,0.0,0.02587748285714285,115.25,-1.525,0.16820000000000002,0.0006975922191780823,0.1631,0.0021864336986301366,0.1729,0.007616931863013699,0.1769,0.01594688071232877,0.1821,0.03316041
2019-05-21,5,0,True,0.0,0.02291821428571428,117.17,-1.717,0.145,0.0005184246575342465,0.1495,0.0018370068493150683,0.1642,0.006869678136986303,0.17120000000000002,0.014935769424657538,0.17809999999999998,0.031719609999999995
2019-05-22,5,0,True,0.0,0.022776082857142853,115.42,-1.5420000000000003,0.1392,0.0004777801643835616,0.1475,0.001788184931506849,0.1642,0.006869678136986303,0.171,0.014900893150684933,0.17800000000000002,0.031684000000000004
2019-05-23,5,0,True,0.0,0.027922628571428583,114.71,-1.4709999999999994,0.174,0.0007465315068493149,0.16920000000000002,0.0023530389041095897,0.1769,0.007973440356164384,0.1801,0.016529035232876712,0.1843,0.033966489999999995
2019-05-24,5,0,True,0.0,0.025777660000000004,114.12,-1.4120000000000004,0.1536,0.0005817442191780821,0.1585,0.002064842465753425,0.1709,0.007441735150684932,0.1772,0.016001014356164384,0.1827,0.03337929
2019-05-28,5,0,True,0.0,0.029895125714285705,112.58,-1.2579999999999998,0.17980000000000002,0.0007971297534246576,0.175,0.0025171232876712323,0.179,0.008163871232876712,0.18289999999999998,0.017046981534246573,0.1861,0.03463321
2019-05-29,5,0,True,0.0,0.03135761714285714,111.93,-1.1930000000000007,0.1834,0.0008293699726027397,0.179,0.0026335068493150682,0.18239999999999998,0.008476952547945204,0.1861,0.017648704273972603,0.1889,0.03568321000000001
2019-05-30,5,0,True,0.0,0.030194525714285717,112.68,-1.2680000000000007,0.17120000000000002,0.0007226985205479454,0.17300000000000001,0.0024599178082191785,0.1796,0.00821869282191781,0.1848,0.017402995726027395,0.18780000000000002,0.03526884000000001
2019-05-31,5,0,True,0.0,0.03453772857142859,112.65,-1.2650000000000006,0.19,0.0008901369863013698,0.18710000000000002,0.0028772391780821924,0.1883,0.009034221287671233,0.19140000000000001,0.01866826454794521,0.1923,0.03697929
2019-06-03,5,0,True,0.0,0.03491647428571428,112.32,-1.2319999999999993,0.19260000000000002,0.0009146653150684934,0.1886,0.0029235583561643833,0.1877,0.008976739643835618,0.1909,0.018570856602739723,0.1923,0.03697929
2019-06-04,5,0,True,0.0,0.02925916428571428,112.74,-1.2739999999999996,0.16649999999999998,0.0006835623287671231,0.1697,0.0023669663013698625,0.1759,0.007883548849315069,0.18170000000000003,0.016824026136986307,0.18530000000000002,0.03433609000000001
2019-06-05,5,0,True,0.0,0.027469299999999988,112.91,-1.2909999999999997,0.149,0.0005474219178082192,0.1609,0.0021278473972602733,0.17129999999999998,0.007476611424657532,0.1782,0.016182122301369863,0.1838,0.03378244
2019-06-06,5,0,True,0.0,0.02676293999999999,113.89,-1.389,0.14880000000000002,0.0005459533150684933,0.1593,0.0020857389041095886,0.16920000000000002,0.007294420602739728,0.17670000000000002,0.015910842575342473,0.18170000000000003,0.03301489000000001
2019-06-07,5,0,True,0.0,0.028287125714285717,114.67,-1.467,0.1502,0.0005562749589041096,0.163,0.0021837534246575345,0.17149999999999999,0.0074940801369863,0.17859999999999998,0.016254850849315067,0.1827,0.03337929
2019-06-10,5,0,True,0.0,0.026330692857142846,114.38,-1.4379999999999995,0.1525,0.0005734417808219178,0.1594,0.002088358356164383,0.16879999999999998,0.007259972383561642,0.1766,0.01589283879452055,0.1818,0.033051239999999996
2019-06-11,5,0,True,0.0,0.026689050000000006,113.81,-1.3810000000000002,0.1515,0.0005659458904109589,0.15990000000000001,0.002101480273972603,0.1699,0.007354901178082191,0.17809999999999998,0.016163965643835616,0.1839,0.03381921
2019-06-12,5,0,True,0.0,0.026950488571428566,114.66,-1.4659999999999997,0.1466,0.0005299288767123289,0.1591,0.002080504931506849,0.1705,0.007406940410958906,0.1782,0.016182122301369863,0.1837,0.03374569
2019-06-13,5,0,True,0.0,0.02663028142857143,113.33,-1.3329999999999997,0.1459,0.0005248802465753424,0.1582,0.002057033424657534,0.1686,0.007242778849315069,0.1764,0.01585686180821918,0.1816,0.032978560000000004
2019-06-14,5,0,True,0.0,0.025473759999999995,113.16,-1.3159999999999996,0.1356,0.00045338695890410956,0.1528,0.0019190005479452052,0.166,0.007021117808219179,0.1748,0.015570513534246579,0.18059999999999998,0.03261636
2019-06-17,5,0,True,0.0,0.024030352857142855,115.3,-1.5299999999999998,0.1499,0.0005540550410958905,0.1535,0.0019366232876712327,0.1661,0.007029579534246575,0.17489999999999997,0.015588333863013695,0.18109999999999998,0.03279720999999999
2019-06-18,5,0,True,0.0,0.022769610000000003,116.21,-1.6209999999999993,0.15289999999999998,0.0005764539452054793,0.1515,0.001886486301369863,0.165,0.006936780821917809,0.17379999999999998,0.015392870794520546,0.18059999999999998,0.03261636
2019-06-19,5,0,True,0.0,0.021090832857142864,115.93,-1.5930000000000006,0.1387,0.00047435399999999996,0.1433,0.001687799178082192,0.161,0.006604528767123289,0.1714,0.014970686465753424,0.179,0.032041
2019-06-20,5,0,True,0.0,0.02173094714285714,119.23,-1.9230000000000005,0.1477,0.0005379112602739726,0.1475,0.001788184931506849,0.16140000000000002,0.006637387068493152,0.1705,0.014813880821917811,0.1773,0.031435290000000005
2019-06-21,5,0,True,0.0,0.024454475714285717,118.46,-1.8459999999999994,0.1483,0.0005422904383561643,0.154,0.0019492602739726028,0.16670000000000001,0.00708045690410959,0.1743,0.01548156476712329,0.1804,0.03254416
2019-06-24,5,0,True,0.0,0.022567942857142854,117.09,-1.7090000000000003,0.158,0.0006155506849315069,0.15259999999999999,0.0019139802739726024,0.16469999999999999,0.0069115790958904095,0.1727,0.015198640931506848,0.1796,0.032256160000000006
2019-06-25,5,0,True,0.0,0.02546233857142857,116.83,-1.6829999999999998,0.17010000000000003,0.0007134413424657537,0.1628,0.002178397808219178,0.17120000000000002,0.007467884712328769,0.1778,0.01610955682191781,0.18289999999999998,0.033452409999999995
2019-06-26,5,0,True,0.0,0.025441728571428575,117.16,-1.7159999999999997,0.168,0.0006959342465753425,0.16210000000000002,0.0021597049315068497,0.1705,0.007406940410958906,0.17800000000000002,0.016145819178082194,0.1834,0.03363556
2019-06-27,5,0,True,0.0,0.024310531428571428,117.5,-1.75,0.1634,0.0006583453150684931,0.1582,0.002057033424657534,0.16760000000000003,0.0071571169315068515,0.1752,0.015641856,0.18109999999999998,0.03279720999999999
2019-06-28,5,0,True,0.0,0.02196310428571428,118.12,-1.8120000000000005,0.1567,0.0006054630410958905,0.1508,0.0018690936986301367,0.1606,0.006571751999999999,0.1696,0.014657900712328769,0.1773,0.031435290000000005
2019-07-01,5,0,True,0.0,0.021533367142857144,119.86,-1.986,0.1251,0.0003858906575342465,0.1406,0.0016247967123287671,0.1543,0.006066272794520548,0.1638,0.013672498191780822,0.17350000000000002,0.030102250000000004
2019-07-02,5,0,True,0.0,0.019230282857142855,122.14,-2.214,0.1042,0.0002677226301369863,0.1293,0.0013741224657534245,0.1472,0.0055208469041095895,0.1592,0.012915350794520549,0.17059999999999997,0.029104359999999992
2019-07-03,5,0,True,0.0,0.018363209999999998,120.82,-2.0819999999999994,0.09910000000000001,0.00024215695890410962,0.1257,0.001298670410958904,0.14529999999999998,0.005379244849315068,0.1574,0.012624946191780824,0.1681,0.02825761
2019-07-05,5,0,True,0.0,0.02040584714285714,,,0.1057,0.00027548605479452056,0.1328,0.001449521095890411,0.14980000000000002,0.005717599232876714,0.15990000000000001,0.013029177698630141,0.16940000000000002,0.028696360000000008
2019-07-08,5,0,True,0.0,0.022540754285714285,121.42,-2.1420000000000003,0.1112,0.00030490126027397257,0.1396,0.0016017665753424656,0.1548,0.0061056512876712325,0.1636,0.013639130301369862,0.17190000000000003,0.029549610000000007
2019-07-09,5,0,True,0.0,0.023099739999999997,120.44,-2.0439999999999996,0.1108,0.0003027116712328767,0.1409,0.0016317378082191779,0.1557,0.0061768536164383565,0.16469999999999999,0.013823158191780819,0.1728,0.029859840000000002
2019-07-10,5,0,True,0.0,0.02001997428571429,120.66,-2.066,0.09939999999999999,0.00024362531506849308,0.1303,0.0013954594520547946,0.1519,0.005879029397260274,0.1625,0.013456335616438359,0.17149999999999999,0.029412249999999994
2019-07-11,5,0,True,0.0,0.01952899714285714,122.45,-2.245,0.1008,0.00025053632876712327,0.1293,0.0013741224657534245,0.14980000000000002,0.005717599232876714,0.16149999999999998,0.013291228767123284,0.171,0.029241000000000003
2019-07-12,5,0,True,0.0,0.017746825714285715,123.65,-2.3650000000000007,0.09880000000000001,0.0002406930410958905,0.12390000000000001,0.001261743287671233,0.14800000000000002,0.0055810191780821935,0.1609,0.013192653863013696,0.1709,0.02920681
2019-07-15,5,0,True,0.0,0.017773767142857146,126.22,-2.622,0.1101,0.0002988988767123288,0.1268,0.0013214991780821919,0.15039999999999998,0.005763492821917807,0.1628,0.013506066410958905,0.1727,0.029825289999999997
2019-07-16,5,0,True,0.0,0.017748909999999993,125.15,-2.5150000000000006,0.11710000000000001,0.00033811421917808224,0.1286,0.0013592843835616435,0.1522,0.005902274301369863,0.16390000000000002,0.013689197424657537,0.1734,0.03006756
2019-07-17,5,0,True,0.0,0.020161711428571438,123.98,-2.3980000000000006,0.13419999999999999,0.00044407331506849307,0.13970000000000002,0.0016040621917808224,0.1582,0.006376803616438357,0.1684,0.014451211397260274,0.17679999999999998,0.03125823999999999
2019-07-18,5,0,True,0.0,0.019260882857142857,125.42,-2.5420000000000003,0.1268,0.0003964497534246575,0.1353,0.0015046101369863014,0.15539999999999998,0.006153073643835615,0.1661,0.01405915906849315,0.1752,0.03069504
2019-07-19,5,0,True,0.0,0.02194863142857142,125.5,-2.55,0.1356,0.00045338695890410956,0.1445,0.0017161849315068488,0.1593,0.006465790602739726,0.16899999999999998,0.014554372602739724,0.1777,0.03157729
2019-07-22,5,0,True,0.0,0.01817800285714286,125.36,-2.536,0.1364,0.0004587524383561643,0.1353,0.0015046101369863014,0.1547,0.006097765397260274,0.16570000000000001,0.013991526410958906,0.1753,0.030730090000000005
2019-07-23,5,0,True,0.0,0.015672339999999993,124.65,-2.4650000000000007,0.1282,0.000405252493150685,0.1261,0.0013069487671232875,0.1493,0.0056794947123287665,0.1618,0.013340653808219178,0.1722,0.029652839999999996
2019-07-24,5,0,True,0.0,0.014443724285714285,123.08,-2.308,0.1219,0.0003664013424657534,0.1207,0.0011974101369863013,0.1456,0.005401480767123288,0.1593,0.012931581205479452,0.17059999999999997,0.029104359999999992
2019-07-25,5,0,True,0.0,0.016458190000000004,121.88,-2.1879999999999997,0.1253,0.00038712550684931506,0.1274,0.001334035068493151,0.1505,0.005771159589041095,0.1625,0.013456335616438359,0.1726,0.02979076
2019-07-26,5,0,True,0.0,0.015416302857142856,123.27,-2.3269999999999995,0.11539999999999999,0.0003283683287671232,0.1216,0.001215333698630137,0.1469,0.0054983663835616444,0.1595,0.012964072602739726,0.1702,0.028968039999999997
2019-07-29,5,0,True,0.0,0.016635747142857142,125.1,-2.5099999999999993,0.1267,0.0003958246849315068,0.1283,0.0013529498630136985,0.15,0.005732876712328767,0.1616,0.013307693589041096,0.17190000000000003,0.029549610000000007
2019-07-30,5,0,True,0.0,0.01879944571428571,121.94,-2.194,0.1446,0.0005155683287671233,0.1394,0.0015971802739726025,0.157,0.006280430136986302,0.1661,0.01405915906849315,0.1747,0.030520089999999996
2019-07-31,5,0,True,0.0,0.022596567142857137,121.71,-2.1709999999999994,0.1841,0.0008357131232876713,0.1612,0.0021357895890410958,0.1691,0.0072858009041095895,0.1747,0.015552703397260273,0.1809,0.03272481
2019-08-01,5,0,True,0.0,0.029622597142857143,117.07,-1.7069999999999994,0.1932,0.0009203730410958905,0.1787,0.0026246868493150686,0.17989999999999998,0.008246172410958902,0.18170000000000003,0.016824026136986307,0.1839,0.03381921
2019-08-02,5,0,True,0.0,0.030890181428571434,117.25,-1.725,0.1769,0.0007716232602739725,0.1761,0.002548866575342466,0.1789,0.008154752136986302,0.18109999999999998,0.016713098794520546,0.18309999999999998,0.03352561
2019-08-05,5,0,True,0.0,0.03591391139664806,113.3,-1.3299999999999996,0.2914,0.002093768876712329,0.2459,0.004969874794520548,0.21899999999999997,0.012220199999999997,0.20809999999999998,0.0220680642739726,0.19920000000000002,0.03968064
2019-08-06,5,0,True,0.0,0.03454111167597767,114.2,-1.4200000000000004,0.2184,0.0011761288767123288,0.20170000000000002,0.003343799178082192,0.19690000000000002,0.009878284191780825,0.1941,0.01919867030136986,0.19010000000000002,0.036138010000000005
2019-08-07,5,0,True,0.0,0.03498887312849159,113.96,-1.3959999999999995,0.2095,0.0010822253424657533,0.1949,0.0031221378082191774,0.195,0.009688561643835617,0.19260000000000002,0.0189030831780822,0.18989999999999999,0.03606200999999999
2019-08-08,5,0,True,0.0,0.028796890000000002,117.71,-1.7709999999999995,0.1677,0.0006934509863013698,0.1691,0.0023502583561643836,0.17859999999999998,0.008127425424657534,0.1805,0.016602538356164383,0.1818,0.033051239999999996
2019-08-09,5,0,True,0.0,0.03262887857142857,116.34,-1.6340000000000003,0.1775,0.0007768664383561644,0.1797,0.002654144383561644,0.1856,0.008776998575342466,0.1856,0.01755399715068493,0.18510000000000001,0.03426201
2019-08-12,5,0,True,0.0,0.03532305536312849,115.15,-1.5150000000000006,0.2245,0.001242745890410959,0.2109,0.003655792602739726,0.205,0.010707739726027395,0.19870000000000002,0.02011943654794521,0.1935,0.03744225
2019-08-13,5,0,True,0.0,0.03074005285714286,117.58,-1.7579999999999998,0.17489999999999997,0.0007542742191780819,0.1752,0.00252288,0.18530000000000002,0.008748647589041097,0.1869,0.017800765643835616,0.1864,0.034744960000000005
2019-08-14,5,0,True,0.0,0.03658450536312849,113.48,-1.3480000000000003,0.24420000000000003,0.0014704185205479455,0.221,0.004014328767123288,0.213,0.011559772602739726,0.2073,0.02189871764383562,0.1996,0.03984016
2019-08-15,5,0,True,0.0,0.03739127128491622,112.52,-1.2519999999999996,0.2245,0.001242745890410959,0.2118,0.0036870608219178075,0.2107,0.01131147279452055,0.20579999999999998,0.021582950794520543,0.1998,0.039920040000000004
2019-08-16,5,0,True,0.0,0.03428771714285714,115.84,-1.5840000000000003,0.18359999999999999,0.0008311798356164383,0.18469999999999998,0.0028038978082191774,0.19699999999999998,0.009888320547945204,0.19640000000000002,0.019656357698630143,0.19329999999999997,0.03736488999999999
2019-08-19,5,0,True,0.0,0.02802605714285713,116.48,-1.6480000000000004,0.172,0.0007294684931506848,0.16879999999999998,0.002341926575342465,0.18359999999999999,0.008588858301369863,0.1882,0.01804925654794521,0.1885,0.03553225
2019-08-20,5,0,True,0.0,0.02919293285714285,114.78,-1.4780000000000002,0.1843,0.0008375298904109588,0.175,0.0025171232876712323,0.1887,0.009072644301369864,0.19149999999999998,0.01868777671232876,0.19219999999999998,0.036940839999999996
2019-08-21,5,0,True,0.0,0.02456765285714286,114.48,-1.4480000000000004,0.1609,0.0006383542191780821,0.158,0.002051835616438356,0.1772,0.008000507178082192,0.1837,0.01719643380821918,0.187,0.034969
2019-08-22,5,0,True,0.0,0.02777931,114.46,-1.4459999999999993,0.1671,0.0006884977808219177,0.1668,0.0022867594520547944,0.18230000000000002,0.008467660191780824,0.1875,0.017915239726027397,0.18969999999999998,0.03598608999999999
2019-08-23,5,0,True,0.0,0.03649945000000001,112.62,-1.2620000000000005,0.2155,0.0011451020547945203,0.19870000000000002,0.0032450704109589046,0.2036,0.010561987068493152,0.2022,0.020834466410958905,0.2011,0.04044121
2019-08-26,5,0,True,0.0,0.03648752571428571,113.07,-1.3069999999999993,0.19820000000000002,0.0009686278356164385,0.1932,0.0030679101369863013,0.19820000000000002,0.010009154301369864,0.19879999999999998,0.020139692712328763,0.19820000000000002,0.039283240000000004
2019-08-27,5,0,True,0.0,0.04002232787709497,111.76,-1.1760000000000006,0.20809999999999998,0.0010678095616438355,0.20309999999999997,0.0033903789041095883,0.2064,0.010854491178082192,0.20559999999999998,0.021541021808219176,0.2029,0.041168409999999996
2019-08-28,5,0,True,0.0,0.03775583142857144,113.65,-1.3650000000000007,0.1916,0.0009051918904109588,0.1935,0.0030774452054794523,0.2005,0.010242803424657537,0.2016,0.020711003178082193,0.2006,0.04024036
2019-08-29,5,0,True,0.0,0.033502521428571415,115.02,-1.5019999999999996,0.1685,0.0007000828767123288,0.1788,0.0026276252054794513,0.19030000000000002,0.009227151698630141,0.1945,0.01927788082191781,0.1956,0.03825936
2019-08-30,5,0,True,0.0,0.036636057142857135,115.37,-1.5370000000000004,0.18600000000000003,0.0008530520547945208,0.1898,0.00296088,0.1954,0.009728350356164383,0.1985,0.020078954794520553,0.1986,0.03944196
2019-09-03,5,0,True,0.0,0.03963087571428572,114.68,-1.4680000000000006,0.1907,0.0008967079726027397,0.1966,0.0031768405479452055,0.20120000000000002,0.010314449095890414,0.2036,0.021123974136986304,0.2028,0.041127840000000006
2019-09-04,5,0,True,0.0,0.03247441428571427,115.99,-1.5989999999999995,0.156,0.0006000657534246575,0.17329999999999998,0.0024684567123287662,0.1881,0.009015040356164383,0.1943,0.01923825517808219,0.1971,0.03884841
2019-09-05,5,0,True,0.0,0.028693209999999997,118.58,-1.8579999999999999,0.1459,0.0005248802465753424,0.16269999999999998,0.0021757224657534243,0.1808,0.008328886356164383,0.1888,0.018164525589041098,0.19260000000000002,0.03709476000000001
2019-09-06,5,0,True,0.0,0.025563767142857137,118.87,-1.8870000000000005,0.12390000000000001,0.0003785229863013699,0.15,0.0018493150684931504,0.1746,0.007767451726027398,0.18510000000000001,0.01745954482191781,0.19010000000000002,0.036138010000000005
2019-09-09,5,0,True,0.0,0.02531346,118.79,-1.8790000000000007,0.1366,0.0004600987397260273,0.1527,0.0019164895890410958,0.17550000000000002,0.007847734931506851,0.1858,0.017591849424657535,0.1905,0.03629025
2019-09-10,5,0,True,0.0,0.02489124571428571,119.01,-1.9010000000000005,0.1376,0.00046685983561643837,0.152,0.001898958904109589,0.1741,0.007723028301369864,0.1848,0.017402995726027395,0.18989999999999999,0.03606200999999999
2019-09-11,5,0,True,0.0,0.023104718571428574,119.95,-1.9950000000000003,0.1313,0.0004250882465753424,0.1461,0.0017544008219178085,0.171,0.007450446575342467,0.1825,0.016972499999999998,0.1882,0.035419240000000005
2019-09-12,5,0,True,0.0,0.021532199999999994,119.95,-1.9950000000000003,0.131,0.0004231479452054795,0.1422,0.0016619868493150682,0.1681,0.007199884191780822,0.1807,0.016639351068493152,0.1865,0.03478225
2019-09-13,5,0,True,0.0,0.02014404,118.4,-1.8400000000000005,0.12619999999999998,0.0003927067397260272,0.1374,0.0015516789041095888,0.16670000000000001,0.00708045690410959,0.1804,0.016584147287671235,0.187,0.034969
2019-09-16,5,0,True,0.0,0.021608699999999998,119.16,-1.9159999999999997,0.146,0.0005256,0.1467,0.0017688402739726027,0.172,0.00753784109589041,0.18469999999999998,0.017384166410958902,0.1905,0.03629025
2019-09-17,5,0,True,0.0,0.020727159999999998,117.94,-1.7939999999999998,0.1454,0.0005212888767123288,0.1444,0.001713810410958904,0.1723,0.007564158821917809,0.18539999999999998,0.017516185643835613,0.19149999999999998,0.03667224999999999
2019-09-18,5,0,True,0.0,0.01924363285714285,118.09,-1.8090000000000004,0.1413,0.0004923046849315069,0.13949999999999999,0.0015994726027397255,0.1686,0.007242778849315069,0.18309999999999998,0.017084283452054795,0.19,0.0361
2019-09-19,5,0,True,0.0,0.020755540000000003,118.77,-1.8769999999999996,0.1318,0.0004283319452054794,0.1405,0.0016224863013698633,0.1679,0.007182762,0.1826,0.016991105095890413,0.1898,0.03602404
2019-09-20,5,0,True,0.0,0.024293097142857142,117.5,-1.75,0.14679999999999999,0.0005313757808219177,0.1532,0.0019290608219178081,0.1771,0.007991479808219178,0.18960000000000002,0.018318788383561647,0.1957,0.038298490000000004
2019-09-23,5,0,True,0.0,0.02761706142857143,118.78,-1.8780000000000001,0.0983,0.00023826304109589042,0.1491,0.0018271898630136988,0.1787,0.008136529232876713,0.19039999999999999,0.01847370345205479,0.1972,0.03888783999999999
2019-09-24,5,0,True,0.0,0.02805666142857143,118.01,-1.8010000000000006,0.1773,0.0007751167397260275,0.1705,0.0023893356164383563,0.1855,0.00876754315068493,0.19440000000000002,0.019258062904109596,0.1984,0.03936256
2019-09-25,5,0,True,0.0,0.026356371428571442,117.98,-1.7980000000000005,0.153,0.0005772082191780821,0.15960000000000002,0.0020936021917808225,0.18,0.008255342465753424,0.1906,0.0185125341369863,0.1967,0.038690890000000006
2019-09-26,5,0,True,0.0,0.02699041428571429,117.51,-1.7510000000000006,0.152,0.0005696876712328767,0.1607,0.0021225608219178085,0.1812,0.008365780602739726,0.1916,0.01870729906849315,0.1974,0.038966759999999996
2019-09-27,5,0,True,0.0,0.03030836142857142,116.61,-1.661,0.1677,0.0006934509863013698,0.1722,0.0024372197260273966,0.1875,0.008957619863013699,0.1962,0.01961634476712329,0.2003,0.040120090000000004
2019-09-30,5,0,True,0.0,0.027670582857142845,117.67,-1.7670000000000001,0.1528,0.0005757001643835616,0.1624,0.0021677063013698624,0.1796,0.00821869282191781,0.1902,0.018434913534246575,0.196,0.038416000000000006
2019-10-01,5,0,True,0.0,0.033836645714285705,114.01,-1.4010000000000005,0.1894,0.0008845239452054795,0.1856,0.002831289863013698,0.1935,0.009540080136986302,0.2003,0.020444758191780824,0.2027,0.04108729
2019-10-02,5,0,True,0.0,0.040188052857142845,111.47,-1.1469999999999998,0.21710000000000002,0.0011621690136986303,0.20559999999999998,0.003474358356164383,0.20739999999999997,0.01095992515068493,0.21,0.022472876712328765,0.2091,0.04372281
2019-10-03,5,0,True,0.0,0.03596189714285715,112.44,-1.2439999999999998,0.1948,0.0009356804383561643,0.1912,0.003004721095890411,0.1978,0.00996879484931507,0.204,0.021207057534246572,0.20620000000000002,0.04251844000000001
2019-10-04,5,0,True,0.0,0.030135389999999995,114.54,-1.4540000000000006,0.16269999999999998,0.0006527167397260272,0.1704,0.0023865336986301365,0.1859,0.008805395424657535,0.19510000000000002,0.01939700235616439,0.2,0.04000000000000001
2019-10-07,5,0,True,0.0,0.03214179999999999,118.76,-1.8760000000000006,0.177,0.0007724958904109588,0.17859999999999998,0.0026217501369863007,0.1891,0.009111148849315067,0.19760000000000003,0.01989729139726028,0.2011,0.04044121
2019-10-08,5,0,True,0.0,0.041110452857142855,118.42,-1.842,0.2029,0.0010151114794520546,0.2028,0.0033803704109589042,0.2039,0.010593135698630138,0.2082,0.022089278465753422,0.2094,0.04384836
2019-10-09,5,0,True,0.0,0.03534590285714286,119.95,-1.9950000000000003,0.1826,0.0008221502465753426,0.1864,0.002855750136986302,0.19510000000000002,0.009698501178082195,0.2026,0.02091697906849315,0.20579999999999998,0.04235363999999999
2019-10-10,5,0,True,0.0,0.03055233999999999,120.85,-2.0849999999999995,0.1778,0.000779494684931507,0.1757,0.002537300547945205,0.18789999999999998,0.008995879808219177,0.1974,0.0198570338630137,0.20190000000000002,0.04076361000000001
2019-10-11,5,0,True,0.0,0.024670411428571425,122.4,-2.2400000000000007,0.1528,0.0005757001643835616,0.1558,0.0019950936986301367,0.17550000000000002,0.007847734931506851,0.1886,0.018126061808219178,0.1956,0.03825936
2019-10-14,5,0,True,0.0,0.02191441,124.85,-2.4849999999999994,0.1401,0.0004839783287671233,0.1457,0.0017448073972602739,0.17120000000000002,0.007467884712328769,0.1858,0.017591849424657535,0.1949,0.037986009999999994
2019-10-15,5,0,True,0.0,0.01970637142857142,127.17,-2.717,0.12300000000000001,0.00037304383561643844,0.1354,0.0015068350684931504,0.1648,0.006919974575342467,0.18100000000000002,0.01669464657534247,0.1912,0.036557440000000004
2019-10-16,5,0,True,0.0,0.02064521142857143,125.53,-2.553,0.1192,0.0003503500273972603,0.1368,0.001538156712328767,0.1648,0.006919974575342467,0.1812,0.016731561205479452,0.19260000000000002,0.03709476000000001
2019-10-17,5,0,True,0.0,0.021097299999999996,128.01,-2.8009999999999993,0.11900000000000001,0.00034917534246575347,0.1379,0.0015629926027397258,0.16440000000000002,0.0068864232328767145,0.1801,0.016529035232876712,0.1923,0.03697929
2019-10-18,5,0,True,0.0,0.022472249999999992,126.24,-2.6239999999999997,0.1235,0.0003760828767123288,0.1425,0.0016690068493150681,0.16649999999999998,0.007063477397260273,0.1821,0.016898181534246576,0.1945,0.03783025
2019-10-21,5,0,True,0.0,0.02118519571428572,128.44,-2.844,0.1261,0.0003920846301369863,0.14,0.0016109589041095893,0.1628,0.006753033205479452,0.1782,0.016182122301369863,0.19219999999999998,0.036940839999999996
2019-10-22,5,0,True,0.0,0.022289228571428572,125.79,-2.5790000000000006,0.133,0.0004361671232876713,0.1446,0.001718561095890411,0.1655,0.006978885616438357,0.1802,0.016547395726027397,0.1934,0.037403559999999995
2019-10-23,5,0,True,0.0,0.021587747142857144,127.92,-2.7920000000000003,0.12269999999999999,0.0003712263287671232,0.1401,0.001613261095890411,0.1629,0.006761331863013698,0.1784,0.016218466191780825,0.193,0.037249000000000004
2019-10-24,5,0,True,0.0,0.020793209999999996,125.22,-2.522,0.1189,0.0003485887397260274,0.1371,0.0015449104109589039,0.1625,0.006728167808219179,0.1784,0.016218466191780825,0.193,0.037249000000000004
2019-10-25,5,0,True,0.0,0.018287118571428573,125.7,-2.5700000000000003,0.1033,0.00026311783561643834,0.1265,0.0013152534246575341,0.15710000000000002,0.006288433232876714,0.1745,0.015517113698630135,0.19010000000000002,0.036138010000000005
2019-10-28,5,0,True,0.0,0.018686442857142854,125.26,-2.5260000000000007,0.11699999999999999,0.00033753698630136983,0.1311,0.0014126473972602737,0.15990000000000001,0.0065145888493150705,0.1759,0.015767097698630137,0.1911,0.036519209999999996
2019-10-29,5,0,True,0.0,0.01897446428571429,127.29,-2.7290000000000005,0.1175,0.00034042808219178077,0.132,0.001432109589041096,0.1609,0.006596326931506848,0.1777,0.01609144093150685,0.1918,0.03678724
2019-10-30,5,0,True,0.0,0.016839175714285715,129.64,-2.9639999999999986,0.1067,0.00028072331506849313,0.1233,0.001249552602739726,0.15689999999999998,0.0062724321369863004,0.1748,0.015570513534246579,0.1902,0.03617604
2019-10-31,5,0,True,0.0,0.01921992571428572,130.71,-3.0710000000000006,0.1158,0.00033064865753424657,0.1322,0.0014364526027397264,0.1605,0.006563570547945206,0.1771,0.015982959616438357,0.1912,0.036557440000000004
2019-11-01,5,0,True,0.0,0.017463188571428576,126.88,-2.6879999999999997,0.0984,0.00023874805479452054,0.12300000000000001,0.0012434794520547947,0.1542,0.006058412383561645,0.1729,0.015233863726027398,0.1883,0.03545689
2019-11-04,5,0,True,0.0,0.01825414,129.74,-2.974000000000001,0.1108,0.0003027116712328767,0.1283,0.0013529498630136985,0.1562,0.0062165888219178084,0.17379999999999998,0.015392870794520546,0.1886,0.03556996
2019-11-05,5,0,True,0.0,0.019339424285714286,126.78,-2.678,0.1099,0.00029781394520547944,0.131,0.0014104931506849316,0.1591,0.006449565287671232,0.1765,0.01587484520547945,0.1909,0.03644280999999999
2019-11-06,5,0,True,0.0,0.01890858999999999,125.2,-2.5200000000000005,0.0947,0.0002211309863013699,0.12619999999999998,0.001309022465753424,0.1583,0.0063848678630136985,0.1766,0.01589283879452055,0.19140000000000001,0.03663396000000001
2019-11-07,5,0,True,0.0,0.01872646,124.68,-2.468000000000001,0.1016,0.0002545288767123288,0.1273,0.0013319416438356164,0.158,0.0063606904109589045,0.1764,0.01585686180821918,0.19140000000000001,0.03663396000000001
2019-11-08,5,0,True,0.0,0.017089454285714283,123.3,-2.3299999999999996,0.0932,0.00021418126027397262,0.1207,0.0011974101369863013,0.1553,0.006145157178082191,0.175,0.015606164383561643,0.1907,0.03636649
2019-11-11,5,0,True,0.0,0.01810761,123.85,-2.3849999999999993,0.1069,0.0002817766849315068,0.12689999999999999,0.0013235843835616436,0.156,0.006200679452054794,0.1754,0.015677588383561643,0.191,0.036481
2019-11-12,5,0,True,0.0,0.017970057142857144,123.18,-2.3180000000000005,0.10800000000000001,0.00028760547945205485,0.1268,0.0013214991780821919,0.1549,0.006113542273972604,0.1745,0.015517113698630135,0.18989999999999999,0.03606200999999999
2019-11-13,5,0,True,0.0,0.01898539,124.61,-2.461,0.1097,0.0002967309863013699,0.13,0.001389041095890411,0.1562,0.0062165888219178084,0.1748,0.015570513534246579,0.1895,0.03591025
2019-11-14,5,0,True,0.0,0.018924089999999998,126.28,-2.628,0.11230000000000001,0.0003109633150684932,0.1305,0.0013997465753424656,0.156,0.006200679452054794,0.1748,0.015570513534246579,0.18960000000000002,0.03594816000000001
2019-11-15,5,0,True,0.0,0.01673569,124.95,-2.495,0.0967,0.00023056989041095888,0.12050000000000001,0.001193445205479452,0.1499,0.005725235424657535,0.171,0.014900893150684933,0.1868,0.03489424
2019-11-18,5,0,True,0.0,0.01773741142857143,126.59,-2.6590000000000003,0.1018,0.00025553194520547945,0.1246,0.0012760405479452055,0.1517,0.005863558273972603,0.1716,0.015005644273972604,0.1873,0.03508129
2019-11-19,5,0,True,0.0,0.019122978571428566,127.46,-2.7459999999999996,0.1025,0.00025905821917808215,0.1286,0.0013592843835616435,0.155,0.006121438356164384,0.174,0.015428317808219178,0.1887,0.035607690000000004
2019-11-20,5,0,True,0.0,0.018873771428571426,125.64,-2.564,0.102,0.0002565369863013698,0.1278,0.0013424252054794518,0.1564,0.006232518575342467,0.17600000000000002,0.015785030136986306,0.1909,0.03644280999999999
2019-11-21,5,0,True,0.0,0.01984897428571428,124.87,-2.4870000000000005,0.1056,0.00027496504109589037,0.1313,0.001416960821917808,0.1582,0.006376803616438357,0.1784,0.016218466191780825,0.19269999999999998,0.03713328999999999
2019-11-22,5,0,True,0.0,0.01811044,125.53,-2.553,0.0922,0.00020960975342465755,0.1234,0.0012515802739726026,0.154,0.006042706849315069,0.1753,0.015659717095890414,0.19079999999999997,0.03640463999999999
2019-11-25,5,0,True,0.0,0.016045659999999993,128.65,-2.8650000000000007,0.09759999999999999,0.00023488175342465748,0.11869999999999999,0.0011580567123287667,0.1499,0.005725235424657535,0.17149999999999999,0.0149881602739726,0.18739999999999998,0.03511875999999999
2019-11-26,5,0,True,0.0,0.015156657142857142,130.28,-3.028,0.095,0.00022253424657534245,0.11539999999999999,0.0010945610958904108,0.1485,0.005618792465753425,0.17,0.014727123287671236,0.1866,0.03481955999999999
2019-11-27,5,0,True,0.0,0.015522785714285713,130.37,-3.0370000000000004,0.099,0.00024166849315068495,0.1175,0.0011347602739726027,0.1496,0.0057023421369863025,0.17059999999999997,0.014831262904109585,0.1862,0.034670440000000004
2019-11-29,5,0,True,0.0,0.01722135999999999,129.83,-2.9830000000000014,0.11359999999999999,0.0003182044931506849,0.12619999999999998,0.001309022465753424,0.1551,0.006129339534246574,0.1741,0.015446056602739728,0.1894,0.035872360000000006
2019-12-02,5,0,True,0.0,0.021725871428571433,126.35,-2.6349999999999993,0.153,0.0005772082191780821,0.1491,0.0018271898630136988,0.1684,0.007225605698630137,0.182,0.016879627397260275,0.19390000000000002,0.037597210000000006
2019-12-03,5,0,True,0.0,0.024206245714285726,122.78,-2.278,0.1686,0.0007009140821917808,0.15960000000000002,0.0020936021917808225,0.17629999999999998,0.007919444301369863,0.1884,0.01808763879452055,0.1971,0.03884841
2019-12-04,5,0,True,0.0,0.021751154285714298,123.31,-2.3310000000000004,0.1492,0.0005488924931506848,0.14800000000000002,0.0018003287671232882,0.1698,0.0073462458082191795,0.1827,0.017009720383561643,0.19390000000000002,0.037597210000000006
2019-12-05,5,0,True,0.0,0.021790474285714283,123.64,-2.364,0.1394,0.0004791540821917808,0.1452,0.0017328526027397258,0.1678,0.007174208547945206,0.1813,0.016750033808219177,0.1935,0.03744225
2019-12-06,5,0,True,0.0,0.019467938571428568,131.48,-3.147999999999999,0.1281,0.00040462052054794515,0.1362,0.0015246936986301367,0.16210000000000002,0.006695085287671235,0.17739999999999997,0.0160371544109589,0.191,0.036481
2019-12-09,5,0,True,0.0,0.023460931428571426,136.56,-3.656,0.17059999999999997,0.0007176417534246573,0.1586,0.002067448767123287,0.17300000000000001,0.0076257452054794535,0.1843,0.017308951068493148,0.195,0.038025
2019-12-10,5,0,True,0.0,0.023820160000000003,135.0,-3.5,0.1624,0.0006503118904109588,0.1568,0.0020207868493150685,0.17129999999999998,0.007476611424657532,0.1837,0.01719643380821918,0.19440000000000002,0.03779136000000001
2019-12-11,5,0,True,0.0,0.022106889999999997,134.37,-3.4370000000000003,0.1527,0.0005749468767123288,0.1499,0.0018468501369863013,0.1691,0.0072858009041095895,0.1818,0.016842549698630135,0.1925,0.03705625
2019-12-12,5,0,True,0.0,0.018537275714285713,132.68,-3.2680000000000007,0.1467,0.0005306520821917808,0.1394,0.0015971802739726025,0.1609,0.006596326931506848,0.1761,0.015802972767123287,0.1891,0.035758809999999995
2019-12-13,5,0,True,0.0,0.016187781428571423,144.51,-4.450999999999999,0.1241,0.00037974600000000003,0.1263,0.0013110978082191778,0.1528,0.005948901698630137,0.1705,0.014813880821917811,0.1859,0.03455881
2019-12-16,5,0,True,0.0,0.015257504285714285,143.85,-4.385,0.11630000000000001,0.00033351016438356175,0.12140000000000001,0.0012113391780821919,0.14980000000000002,0.005717599232876714,0.1668,0.014177908602739727,0.1837,0.03374569
2019-12-17,5,0,True,0.0,0.016240059999999997,137.48,-3.747999999999999,0.1116,0.00030709873972602745,0.1229,0.0012414583561643833,0.1515,0.005848107534246576,0.1689,0.014537153589041094,0.18460000000000001,0.03407716
2019-12-18,5,0,True,0.0,0.018061342857142854,144.56,-4.456,0.10300000000000001,0.00026159178082191785,0.1258,0.001300737534246575,0.152,0.005886772602739726,0.1691,0.014571601808219179,0.1837,0.03374569
2019-12-19,5,0,True,0.0,0.018542624285714286,150.14,-5.0139999999999985,0.09390000000000001,0.00021741065753424664,0.125,0.0012842465753424657,0.1514,0.005840389808219179,0.1677,0.014331320383561642,0.18280000000000002,0.03341584000000001
2019-12-20,5,0,True,0.0,0.01867431857142857,147.17,-4.716999999999999,0.09269999999999999,0.00021188934246575336,0.1251,0.0012863021917808217,0.1532,0.005980088547945205,0.1685,0.014468379452054796,0.1837,0.03374569
2019-12-23,5,0,True,0.0,0.018574775714285712,143.91,-4.391,0.0983,0.00023826304109589042,0.1261,0.0013069487671232875,0.155,0.006121438356164384,0.17,0.014727123287671236,0.1838,0.03378244
2019-12-24,5,0,True,0.0,0.01901583142857143,143.87,-4.3870000000000005,0.0956,0.00022535408219178084,0.1267,0.001319415616438356,0.1552,0.006137245808219179,0.1697,0.01467519106849315,0.1837,0.03374569
2019-12-26,5,0,True,0.0,0.01862591714285714,143.07,-4.3069999999999995,0.09939999999999999,0.00024362531506849308,0.1265,0.0013152534246575341,0.1552,0.006137245808219179,0.16920000000000002,0.014588841205479456,0.1834,0.03363556
2019-12-27,5,0,True,0.0,0.020580700000000004,140.29,-4.028999999999999,0.11,0.0002983561643835616,0.1343,0.0014824512328767124,0.1595,0.006482036301369863,0.1728,0.015216247232876713,0.18510000000000001,0.03426201
2019-12-30,5,0,True,0.0,0.023249789999999996,133.56,-3.3560000000000003,0.1377,0.00046753865753424654,0.1482,0.001805197808219178,0.1668,0.007088954301369864,0.177,0.01596491506849315,0.18780000000000002,0.03526884000000001
2019-12-31,5,0,True,0.0,0.019591445714285713,139.52,-3.952000000000001,0.1326,0.000433547506849315,0.1378,0.0015607265753424656,0.15869999999999998,0.006417175808219176,0.17129999999999998,0.014953222849315065,0.185,0.034225
2020-01-02,5,0,True,0.0,0.017398985714285713,137.7,-3.7699999999999987,0.106,0.0002770520547945205,0.1247,0.001278089589041096,0.1519,0.005879029397260274,0.16579999999999998,0.01400841928767123,0.18059999999999998,0.03261636
2020-01-03,5,0,True,0.0,0.021080268571428567,133.46,-3.346000000000001,0.1278,0.0004027275616438356,0.1402,0.001615564931506849,0.16010000000000002,0.006530895698630139,0.1716,0.015005644273972604,0.1844,0.03400336
2020-01-06,5,0,True,0.0,0.020792225714285704,132.51,-3.250999999999999,0.1242,0.00038035824657534247,0.13849999999999998,0.0015766232876712324,0.1592,0.0064576753972602745,0.17079999999999998,0.014866057643835614,0.18289999999999998,0.033452409999999995
2020-01-07,5,0,True,0.0,0.020640202857142857,129.78,-2.978,0.1234,0.00037547408219178077,0.1379,0.0015629926027397258,0.1586,0.006409091178082191,0.1702,0.014761795726027396,0.182,0.033124
2020-01-08,5,0,True,0.0,0.019443425714285707,136.42,-3.6419999999999986,0.1222,0.00036820701369863013,0.13449999999999998,0.001486869863013698,0.154,0.006042706849315069,0.16649999999999998,0.014126954794520545,0.1789,0.03200521
2020-01-09,5,0,True,0.0,0.01740995999999999,133.47,-3.347,0.10859999999999999,0.00029080997260273967,0.12539999999999998,0.0012924789041095885,0.1495,0.0056947212328767125,0.1636,0.013639130301369862,0.17600000000000002,0.030976000000000007
2020-01-10,5,0,True,0.0,0.01774801857142858,128.15,-2.8150000000000004,0.1057,0.00027548605479452056,0.12560000000000002,0.0012966049315068498,0.1495,0.0056947212328767125,0.16329999999999997,0.013589154904109585,0.1765,0.031152249999999996
2020-01-13,5,0,True,0.0,0.01735452142857143,131.27,-3.127000000000001,0.1005,0.00024904726027397264,0.1232,0.0012475265753424658,0.1464,0.005461000767123288,0.1603,0.013094445863013698,0.1741,0.03031081
2020-01-14,5,0,True,0.0,0.01748891142857143,130.82,-3.0819999999999994,0.1018,0.00025553194520547945,0.12390000000000001,0.001261743287671233,0.1464,0.005461000767123288,0.16010000000000002,0.013061791397260278,0.1736,0.03013696
2020-01-15,5,0,True,0.0,0.01801251,135.53,-3.553,0.0969,0.00023152463013698628,0.1242,0.0012678608219178081,0.1463,0.00545354293150685,0.1598,0.013012886136986302,0.17350000000000002,0.030102250000000004
2020-01-16,5,0,True,0.0,0.017642452857142856,133.13,-3.3129999999999997,0.0971,0.00023248134246575347,0.1232,0.0012475265753424658,0.1445,0.005320173287671232,0.1578,0.01268919517808219,0.1718,0.02951524
2020-01-17,5,0,True,0.0,0.017413360000000003,134.62,-3.4620000000000006,0.0904,0.00020150531506849312,0.121,0.0012033698630136986,0.1441,0.005290759808219179,0.1576,0.012657050301369863,0.17079999999999998,0.029172639999999993
2020-01-21,5,0,True,0.0,0.018038739999999998,132.7,-3.2699999999999987,0.11380000000000001,0.0003193259178082192,0.1285,0.0013571712328767122,0.1487,0.005633937452054795,0.1594,0.012947821808219176,0.1722,0.029652839999999996
2020-01-22,5,0,True,0.0,0.018595689999999995,129.93,-2.9930000000000008,0.1103,0.00029998578082191777,0.1291,0.0013698747945205475,0.14980000000000002,0.005717599232876714,0.1611,0.013225471397260272,0.1729,0.02989441
2020-01-23,5,0,True,0.0,0.01849891428571428,131.76,-3.1759999999999993,0.114,0.00032044931506849315,0.1298,0.0013847704109589039,0.1499,0.005725235424657535,0.1611,0.013225471397260272,0.1721,0.02961841
2020-01-24,5,0,True,0.0,0.021086692857142857,127.02,-2.7019999999999995,0.1465,0.0005292061643835616,0.1456,0.0017424131506849315,0.1607,0.006579938547945206,0.1678,0.014348417095890412,0.1775,0.03150625
2020-01-27,5,0,True,0.0,0.028032271428571436,127.21,-2.720999999999999,0.213,0.0011186876712328767,0.18230000000000002,0.0027315032876712333,0.1816,0.008402756383561645,0.18109999999999998,0.016713098794520546,0.1852,0.03429904
2020-01-28,5,0,True,0.0,0.023447388571428574,125.61,-2.561,0.1834,0.0008293699726027397,0.1628,0.002178397808219178,0.1703,0.007389573616438357,0.17350000000000002,0.01533977671232877,0.1805,0.03258025
2020-01-29,5,0,True,0.0,0.024304540000000006,125.15,-2.5150000000000006,0.1812,0.0008095916712328767,0.16390000000000002,0.002207935068493151,0.1703,0.007389573616438357,0.1736,0.015357464547945206,0.18030000000000002,0.03250809
2020-01-30,5,0,True,0.0,0.022736238571428573,129.95,-2.9949999999999988,0.1641,0.0006639980547945204,0.1549,0.001972110410958904,0.1659,0.007012661178082191,0.1703,0.014779147232876714,0.1784,0.031826560000000004
2020-01-31,5,0,True,0.0,0.030599845714285707,135.73,-3.572999999999999,0.21660000000000001,0.0011568220273972605,0.1884,0.002917361095890411,0.1863,0.008843329232876713,0.1834,0.01714031276712329,0.1857,0.03448449
2020-02-03,5,0,True,0.0,0.030283290000000004,127.7,-2.7700000000000005,0.1923,0.000911818109589041,0.1797,0.002654144383561644,0.1804,0.008292073643835617,0.1809,0.016676204547945207,0.1838,0.03378244
2020-02-04,5,0,True,0.0,0.026087952857142854,128.65,-2.8650000000000007,0.15810000000000002,0.0006163301095890412,0.1605,0.002117280821917808,0.16699999999999998,0.007105964383561643,0.17059999999999997,0.014831262904109585,0.1783,0.031790889999999995
2020-02-05,5,0,True,0.0,0.02475681,129.78,-2.978,0.1369,0.00046212189041095885,0.1515,0.001886486301369863,0.1611,0.006612735698630136,0.16670000000000001,0.01416091380821918,0.1753,0.030730090000000005
2020-02-06,5,0,True,0.0,0.024751068571428576,134.48,-3.447999999999999,0.1298,0.00041543112328767116,0.1496,0.0018394652054794522,0.1589,0.006433360356164385,0.16570000000000001,0.013991526410958906,0.1746,0.03048516
2020-02-07,5,0,True,0.0,0.026109575714285713,132.21,-3.221000000000001,0.1373,0.00046482632876712333,0.1547,0.001967021095890411,0.1629,0.006761331863013698,0.16940000000000002,0.01462335057534247,0.1773,0.031435290000000005
2020-02-10,5,0,True,0.0,0.025193709999999987,133.29,-3.3289999999999993,0.12890000000000001,0.0004096901095890412,0.15039999999999998,0.0018591912328767117,0.1613,0.006629164849315069,0.1678,0.014348417095890412,0.1757,0.030870489999999997
2020-02-11,5,0,True,0.0,0.025631417142857136,132.95,-3.294999999999999,0.1304,0.0004192806575342465,0.1518,0.0018939649315068488,0.16140000000000002,0.006637387068493152,0.16829999999999998,0.014434053534246571,0.1761,0.03101121
2020-02-12,5,0,True,0.0,0.021933702857142853,133.2,-3.319999999999999,0.1084,0.0002897398356164383,0.1374,0.0015516789041095888,0.1536,0.006011356931506849,0.1634,0.013605803178082191,0.1732,0.02999824
2020-02-13,5,0,True,0.0,0.022605404285714295,133.04,-3.3039999999999994,0.1183,0.0003450794794520548,0.14150000000000001,0.0016456643835616443,0.1568,0.006264439232876712,0.1655,0.013957771232876713,0.1746,0.03048516
2020-02-14,5,0,True,0.0,0.021567754285714284,132.67,-3.2669999999999986,0.10980000000000001,0.0002972722191780822,0.1368,0.001538156712328767,0.155,0.006121438356164384,0.1646,0.013806377424657533,0.17370000000000002,0.030171690000000008
2020-02-18,5,0,True,0.0,0.024153254285714285,137.66,-3.7659999999999996,0.13019999999999998,0.0004179955068493149,0.1483,0.0018076347945205477,0.161,0.006604528767123289,0.1686,0.014485557698630138,0.1759,0.03094081
2020-02-19,5,0,True,0.0,0.023492011428571432,141.81,-4.181,0.1188,0.00034800263013698635,0.1438,0.0016995978082191782,0.1582,0.006376803616438357,0.16760000000000003,0.014314233863013703,0.17559999999999998,0.030835359999999992
2020-02-20,5,0,True,0.0,0.026354817142857145,137.12,-3.7120000000000006,0.1386,0.0004736702465753425,0.15560000000000002,0.001989974794520548,0.166,0.007021117808219179,0.1724,0.015145883178082192,0.17859999999999998,0.031897959999999996
2020-02-21,5,0,True,0.0,0.03101693285714284,135.14,-3.5139999999999985,0.1577,0.0006132153698630138,0.17079999999999998,0.0023977512328767115,0.1761,0.007901486383561643,0.17920000000000003,0.01636424942465754,0.1833,0.03359889
2020-02-24,5,0,True,0.0,0.03583744,130.48,-3.047999999999999,0.319,0.0025091753424657534,0.2503,0.005149322465753425,0.2192,0.012242530191780824,0.2048,0.021373713534246577,0.19899999999999998,0.03960099999999999
2020-02-25,5,0,True,0.0,0.03881691999999999,130.79,-3.0789999999999993,0.3635,0.003258055479452054,0.2785,0.006374979452054795,0.2386,0.0145054418630137,0.2188,0.024395780383561643,0.2086,0.043513960000000004
2020-02-26,5,0,True,0.0,0.03852581648044692,130.65,-3.0650000000000004,0.34840000000000004,0.002992994630136987,0.2756,0.0062429063013698625,0.237,0.014311553424657534,0.21850000000000003,0.02432892739726028,0.2079,0.04322241
2020-02-27,5,0,True,0.0,0.04075089715083799,128.93,-2.8930000000000007,0.5474,0.007388550246575342,0.39159999999999995,0.012604155616438352,0.2992,0.02280936854794521,0.2561,0.03342252345205479,0.2311,0.05340721
2020-02-28,5,0,True,0.0,0.03942778067039105,130.82,-3.0819999999999994,0.529,0.006900189041095891,0.4011,0.01322311315068493,0.2985,0.02270276506849315,0.2591,0.034210144273972606,0.2314,0.05354596
2020-03-02,5,0,True,0.0,0.03794475815642458,126.84,-2.684,0.4217,0.004384871260273973,0.3342,0.009179970410958903,0.27699999999999997,0.01955012876712328,0.2473,0.031165084767123288,0.2231,0.049773609999999996
2020-03-03,5,0,True,0.0,0.04051690972067037,123.06,-2.306,0.47340000000000004,0.0055259398356164394,0.3682,0.011142841643835617,0.3017,0.02319213361643836,0.2634,0.0353550634520548,0.235,0.055224999999999996
2020-03-04,5,0,True,0.0,0.04158576430167597,127.38,-2.7379999999999995,0.37060000000000004,0.0033865732602739733,0.31989999999999996,0.008411178904109586,0.2751,0.019282851863013702,0.2488,0.031544295452054796,0.2279,0.05193841
2020-03-05,5,0,True,0.0,0.04632617458100559,123.61,-2.3609999999999998,0.4863,0.005831203315068493,0.3962,0.012902008767123286,0.3257,0.027028727589041096,0.289,0.04256138630136986,0.2555,0.06528025
2020-03-06,5,0,True,0.0,0.054345948882681544,126.08,-2.6079999999999997,0.4855,0.005812033561643835,0.4194,0.01445723506849315,0.3546,0.03203815857534247,0.314,0.05024344109589041,0.2773,0.07689528999999999
2020-03-09,5,0,True,0.0,0.05657705776536312,121.57,-2.156999999999999,0.703,0.012185975342465752,0.5446,0.024377191232876707,0.4305,0.047221132191780826,0.3689,0.06934855084931507,0.3116,0.09709456
2020-03-10,5,0,True,0.0,0.05976303262569828,121.38,-2.1379999999999995,0.5739,0.008121235315068491,0.473,0.018388684931506846,0.3944,0.039633634191780814,0.34340000000000004,0.060092553863013716,0.299,0.089401
2020-03-11,5,0,True,0.0,0.05826447983240222,121.72,-2.1719999999999997,0.6820999999999999,0.011472174493150682,0.539,0.023878438356164385,0.4437,0.0501613182739726,0.38539999999999996,0.07569087057534245,0.32289999999999996,0.10426440999999997
2020-03-12,5,0,True,0.0,0.06284683318435758,115.79,-1.5790000000000006,1.0356,0.02644440065753425,0.7547,0.04681414438356165,0.5724,0.08348132515068493,0.4781,0.11648166427397262,0.38380000000000003,0.14730244000000003
2020-03-13,5,0,True,0.0,0.05963663944134079,132.37,-3.2370000000000005,0.6987000000000001,0.01203735673972603,0.5783,0.027487470410958906,0.48310000000000003,0.059465374602739735,0.41229999999999994,0.08662569846575341,0.3404,0.11587215999999999
2020-03-16,5,0,True,0.0,0.031759200279329707,114.66,-1.4659999999999997,1.0666,0.028051287780821915,0.8269,0.05619974876712328,0.677,0.11677971780821919,0.5539999999999999,0.15640103013698625,0.4147,0.17197609
2020-03-17,5,0,True,0.0,0.04770800106145237,116.67,-1.6670000000000003,0.9293,0.02129420934246575,0.7591,0.04736160082191781,0.6527,0.10854687115068491,0.5481,0.15308748345205483,0.4201,0.17648400999999997
2020-03-18,5,0,True,0.0,0.04080535385474861,113.54,-1.3540000000000005,0.9722,0.023305631671232875,0.7645000000000001,0.04803782876712329,0.7298,0.13570561019178085,0.6111,0.19030256728767123,0.4586,0.21031396
2020-03-19,5,0,True,0.0,0.052048305530726396,115.44,-1.5439999999999998,0.9102,0.020427880438356166,0.72,0.042608219178082184,0.6947,0.12296589690410958,0.5606,0.16014975057534245,0.43090000000000006,0.18567481000000005
2020-03-20,5,0,True,0.0,0.03550034307262561,118.12,-1.8120000000000005,0.8347,0.01717949810958904,0.6604000000000001,0.03584615013698631,0.6559,0.10961382830136988,0.5312,0.14379249271232877,0.40149999999999997,0.16120224999999996
2020-03-23,5,0,True,0.0,0.04417695078212284,117.05,-1.7049999999999996,0.7876000000000001,0.015295407780821921,0.6159,0.031178039178082192,0.5664,0.08174036515068495,0.46590000000000004,0.11061282920547946,0.36369999999999997,0.13227768999999998
2020-03-24,5,0,True,0.0,0.03790258206703907,117.75,-1.775,0.7804000000000001,0.015017034082191785,0.6167,0.03125908684931507,0.5211,0.0691882315890411,0.41590000000000005,0.08814504838356166,0.3267,0.10673289
2020-03-25,5,0,True,0.0,0.03392882089385462,116.6,-1.6599999999999995,0.813,0.016297865753424654,0.6395000000000001,0.033613171232876715,0.5385,0.07388588835616439,0.44310000000000005,0.10005149441095894,0.34159999999999996,0.11669055999999997
2020-03-26,5,0,True,0.0,0.04477497849162008,118.97,-1.8969999999999998,0.7361,0.013360517506849315,0.61,0.030583561643835612,0.4979,0.06316468528767125,0.40850000000000003,0.08503626986301371,0.3271,0.10699441
2020-03-27,5,0,True,0.0,0.016271058044692754,117.41,-1.7409999999999997,0.7232999999999999,0.012899906876712327,0.6554000000000001,0.03530541041095891,0.5575,0.0791917294520548,0.4771,0.11599490482191782,0.3521,0.12397441000000002
2020-03-30,5,0,True,0.0,0.039033542960893876,122.18,-2.218000000000001,0.628,0.00972453698630137,0.5708,0.02677912109589041,0.5126,0.06694949227397258,0.4389,0.09816377276712329,0.3425,0.11730625000000001
2020-03-31,5,0,True,0.0,0.04996384837988823,125.49,-2.5489999999999995,0.6015999999999999,0.008924117917808217,0.5354,0.02356053369863013,0.4832,0.05948999539726028,0.42469999999999997,0.09191462120547944,0.34119999999999995,0.11641743999999997
2020-04-01,5,0,True,0.0,0.05910782240223457,115.48,-1.5480000000000005,0.6133,0.00927460824657534,0.5706,0.026760358356164384,0.5117,0.06671460484931509,0.4518,0.1040189661369863,0.36469999999999997,0.13300608999999997
2020-04-02,5,0,True,0.0,0.0576089503351955,118.43,-1.8430000000000006,0.5281,0.006876730109589041,0.5091,0.021302696712328765,0.473,0.05700492328767123,0.4267,0.09278234942465755,0.3479,0.12103441
2020-04-03,5,0,True,0.0,0.059918315307262535,120.57,-2.0569999999999995,0.46659999999999996,0.005368328876712328,0.46799999999999997,0.01800197260273972,0.4484,0.051229638575342476,0.40840000000000004,0.0849946415342466,0.3382,0.11437924000000001
2020-04-06,5,0,True,0.0,0.05744190782122909,121.01,-2.1010000000000004,0.4702,0.005451485917808219,0.4524,0.016821843287671234,0.43090000000000006,0.047308924191780836,0.39149999999999996,0.07810585890410958,0.326,0.10627600000000001
2020-04-07,5,0,True,0.0,0.06884939575418994,118.48,-1.8480000000000003,0.48340000000000005,0.0057618631232876725,0.467,0.017925123287671235,0.43420000000000003,0.04803631923287672,0.3954,0.07966974180821917,0.3368,0.11343423999999999
2020-04-08,5,0,True,0.0,0.06880159000000004,119.3,-1.9299999999999997,0.42460000000000003,0.004445387506849315,0.4335,0.015445664383561642,0.41590000000000005,0.04407252419178083,0.3832,0.0748291962739726,0.3295,0.10857025000000001
2020-04-09,5,0,True,0.0,0.06895228944134073,120.85,-2.0849999999999995,0.4042,0.004028489753424657,0.4167,0.014271689589041096,0.4061,0.0420200014520548,0.37420000000000003,0.07135553161643837,0.3243,0.10517048999999999
2020-04-13,5,0,True,0.0,0.07140735670391062,119.6,-1.9599999999999995,0.4174,0.004295903671232877,0.4117,0.013931251232876713,0.3997,0.04070599553424657,0.37,0.0697627397260274,0.3237,0.10478169
2020-04-14,5,0,True,0.0,0.07071453067039107,122.33,-2.2329999999999997,0.3881,0.0037139575068493146,0.3776,0.011719048767123288,0.36460000000000004,0.033870640767123296,0.34909999999999997,0.062104029205479444,0.3111,0.09678321
2020-04-15,5,0,True,0.0,0.07678069519553077,122.42,-2.242,0.4164,0.004275344219178081,0.40840000000000004,0.013708813150684934,0.39280000000000004,0.039312715397260285,0.36939999999999995,0.06953666564383561,0.3274,0.10719076000000001
2020-04-16,5,0,True,0.0,0.0788248910055866,122.33,-2.2329999999999997,0.40490000000000004,0.004042455041095891,0.4011,0.01322311315068493,0.3921,0.039172723643835616,0.3704,0.06991365961643836,0.3295,0.10857025000000001
2020-04-17,5,0,True,0.0,0.08231735581005586,126.43,-2.6430000000000007,0.3618,0.003227652493150685,0.3815,0.011962376712328767,0.3728,0.035411301698630146,0.3566,0.06480115660273972,0.3243,0.10517048999999999
2020-04-20,5,0,True,0.0,0.07772406363128492,125.34,-2.5340000000000003,0.44,0.004773698630136986,0.43829999999999997,0.01578960739726027,0.4097,0.04276830238356165,0.3829,0.07471207742465755,0.33590000000000003,0.11282881000000002
2020-04-21,5,0,True,0.0,0.08529649268156432,123.71,-2.3709999999999996,0.4546,0.005095754630136986,0.45409999999999995,0.016948504931506847,0.4328,0.047727049643835624,0.4039,0.0831319152328767,0.35350000000000004,0.12496225000000002
2020-04-22,5,0,True,0.0,0.08540618206703914,126.19,-2.6189999999999998,0.4021,0.003986738876712329,0.41979999999999995,0.014484825205479447,0.4092,0.04266397676712329,0.3889,0.0770718823561644,0.34490000000000004,0.11895601000000003
2020-04-23,5,0,True,0.0,0.08759640134078214,125.22,-2.522,0.3935,0.003818028082191781,0.4138,0.014073734794520548,0.4086,0.042538954191780824,0.39159999999999995,0.07814576482191779,0.348,0.12110399999999999
2020-04-24,5,0,True,0.0,0.08608840000000009,126.51,-2.6510000000000007,0.3172,0.002480938520547945,0.3593,0.010610670410958905,0.37810000000000005,0.03642532528767124,0.371,0.07014034520547945,0.33520000000000005,0.11235904000000003
2020-04-27,5,0,True,0.0,0.08207761905027935,129.29,-2.9289999999999994,0.3141,0.00243268298630137,0.3329,0.00910869123287671,0.3533,0.031803678821917813,0.35119999999999996,0.06285344613698629,0.3211,0.10310521
2020-04-28,5,0,True,0.0,0.07914582765363126,129.23,-2.922999999999999,0.32439999999999997,0.002594844493150684,0.3357,0.009262560821917808,0.35369999999999996,0.03187573471232876,0.34950000000000003,0.0622464287671233,0.3179,0.10106041
2020-04-29,5,0,True,0.0,0.07746794491620117,132.6,-3.2599999999999993,0.2966,0.002169161753424657,0.3123,0.008016270410958905,0.3333,0.028304840465753423,0.3319,0.05613511084931506,0.3068,0.09412624000000001
2020-04-30,5,0,True,0.0,0.08013795413407818,130.38,-3.0379999999999994,0.32880000000000004,0.002665712219178083,0.34149999999999997,0.009585390410958902,0.3505,0.031301570547945204,0.34490000000000004,0.060618679068493164,0.3161,0.09991921
2020-05-01,5,0,True,0.0,0.08487609581005583,129.97,-2.997,0.3557,0.0031197326301369865,0.37189999999999995,0.011367913150684928,0.3797,0.0367342585479452,0.3685,0.06919824246575343,0.3329,0.11082240999999998
2020-05-04,5,0,True,0.0,0.08536709782122906,131.29,-3.128999999999999,0.35450000000000004,0.003098718493150686,0.35969999999999996,0.010634308767123285,0.37,0.0348813698630137,0.3643,0.06762984969863015,0.3309,0.10949481000000001
2020-05-05,5,0,True,0.0,0.08438439296089392,128.26,-2.825999999999999,0.3319,0.00271621504109589,0.3361,0.009284647397260273,0.3552,0.03214667046575343,0.3529,0.06346340893150684,0.32380000000000003,0.10484644000000003
2020-05-06,5,0,True,0.0,0.08662872966480446,128.59,-2.8590000000000004,0.3398,0.002847058520547945,0.34119999999999995,0.009568556712328764,0.3568,0.03243693238356165,0.3558,0.06451073161643836,0.3271,0.10699441
2020-05-07,5,0,True,0.0,0.08431021871508378,130.67,-3.066999999999999,0.2975,0.0021823458904109585,0.3144,0.008124440547945205,0.34009999999999996,0.029471575150684926,0.34450000000000003,0.06047815479452056,0.3191,0.10182481
2020-05-08,5,0,True,0.0,0.0804937481005587,132.21,-3.221000000000001,0.2489,0.0015275640821917809,0.2798,0.006434633424657533,0.3164,0.02550721446575343,0.3273,0.05458987380821917,0.30670000000000003,0.09406489000000001
2020-05-11,5,0,True,0.0,0.07923488999999997,129.1,-2.9099999999999993,0.26170000000000004,0.0016887178356164388,0.2757,0.006247437534246575,0.3039,0.023531601452054796,0.32130000000000003,0.052606757095890425,0.30269999999999997,0.09162728999999999
2020-05-12,5,0,True,0.0,0.08305094810055862,125.97,-2.597,0.3336,0.0027441113424657537,0.33039999999999997,0.008972396712328766,0.34259999999999996,0.02990644569863013,0.3477,0.06160691490410959,0.31989999999999996,0.10233600999999998
2020-05-13,5,0,True,0.0,0.086005691396648,123.43,-2.343000000000001,0.34630000000000005,0.0029570224931506858,0.3528,0.010230233424657533,0.3651,0.033963602547945206,0.36719999999999997,0.0687108664109589,0.33299999999999996,0.11088899999999997
2020-05-14,5,0,True,0.0,0.08630340050279328,124.35,-2.4349999999999996,0.3166,0.0024715617534246575,0.3261,0.008740373424657534,0.349,0.03103422739726027,0.3566,0.06480115660273972,0.3273,0.10712528999999998
2020-05-15,5,0,True,0.0,0.08830637826815639,124.47,-2.447,0.29710000000000003,0.0021764813424657537,0.3189,0.008358674794520548,0.34509999999999996,0.030344501178082187,0.3557,0.0644744743561644,0.3283,0.10778088999999999
2020-05-18,5,0,True,0.0,0.08044906754189943,129.23,-2.922999999999999,0.2762,0.001881035506849315,0.293,0.007056082191780821,0.3177,0.025717249232876712,0.33140000000000003,0.055966105643835626,0.3089,0.09541921
2020-05-19,5,0,True,0.0,0.08074500413407819,127.48,-2.748,0.2803,0.0019372953698630134,0.3053,0.007660938904109589,0.3281,0.02742853076712329,0.33590000000000003,0.05749632509589042,0.3116,0.09709456
2020-05-20,5,0,True,0.0,0.07791374944134076,125.95,-2.595,0.2493,0.0015324778356164382,0.2799,0.006439233698630136,0.3111,0.024659831589041094,0.3245,0.05365985342465754,0.3031,0.09186960999999999
2020-05-21,5,0,True,0.0,0.08036395636871502,124.53,-2.4530000000000003,0.2615,0.0016861376712328769,0.2953,0.007167295068493151,0.32380000000000003,0.02671429841095891,0.33590000000000003,0.05749632509589042,0.31129999999999997,0.09690768999999998
2020-05-22,5,0,True,0.0,0.07767477899441347,125.78,-2.5780000000000003,0.2347,0.0013582378356164382,0.2816,0.006517689863013699,0.3154,0.025346235287671236,0.33159999999999995,0.05603367715068492,0.3068,0.09412624000000001
2020-05-26,5,0,True,0.0,0.07269265307262573,129.11,-2.9110000000000014,0.255,0.0016033561643835617,0.2801,0.006448439178082192,0.3085,0.02424936780821918,0.32549999999999996,0.053991086301369846,0.2994,0.08964036
2020-05-27,5,0,True,0.0,0.06881051592178772,129.96,-2.996000000000001,0.25170000000000003,0.001562126054794521,0.2762,0.006270118356164383,0.3019,0.023222892410958904,0.3185,0.05169385890410959,0.2923,0.08543929
2020-05-28,5,0,True,0.0,0.06901904324022343,130.78,-3.0780000000000003,0.2602,0.0016694146849315066,0.2859,0.006718258356164383,0.3121,0.024818619534246574,0.3259,0.05412386482191782,0.2966,0.08797155999999999
2020-05-29,5,0,True,0.0,0.06879712787709497,131.72,-3.1719999999999997,0.2459,0.0014909624383561645,0.2751,0.006220274794520548,0.30269999999999997,0.02334613142465753,0.3196,0.05205154454794521,0.2929,0.08579041
2020-06-01,5,0,True,0.0,0.06746350944134083,132.09,-3.2090000000000005,0.2708,0.0018082020821917806,0.2823,0.006550133424657534,0.30920000000000003,0.02435953841095891,0.32409999999999994,0.053527645643835595,0.2943,0.08661249
2020-06-02,5,0,True,0.0,0.06642414195530724,132.61,-3.2610000000000015,0.2506,0.0015485020273972602,0.26839999999999997,0.005920977534246574,0.2993,0.022824618000000005,0.3178,0.05146688284931508,0.2899,0.08404201
2020-06-03,5,0,True,0.0,0.06601492324022343,131.5,-3.15,0.2397,0.001416725506849315,0.2566,0.005411799452054794,0.2891,0.021295422821917813,0.3107,0.049192918191780816,0.28559999999999997,0.08156735999999998
2020-06-04,5,0,True,0.0,0.06711369715083801,130.77,-3.077000000000001,0.23559999999999998,0.001368674630136986,0.2581,0.005475255616438355,0.28850000000000003,0.021207121232876717,0.3099,0.04893991742465754,0.2861,0.08185321000000001
2020-06-05,5,0,True,0.0,0.062336023519553065,129.87,-2.9870000000000005,0.2263,0.0012627539999999998,0.2452,0.0049416197260273974,0.2742,0.01915688909589041,0.2968,0.04488982093150685,0.2747,0.07546009
2020-06-08,5,0,True,0.0,0.06156184491620114,129.11,-2.9110000000000014,0.2518,0.001563367561643836,0.2581,0.005475255616438355,0.2808,0.020090201424657533,0.3004,0.045985396602739724,0.276,0.07617600000000001
2020-06-09,5,0,True,0.0,0.06654885832402231,124.93,-2.4930000000000008,0.2692,0.0017868979726027396,0.2757,0.006247437534246575,0.2967,0.02242978841095891,0.3124,0.04973271057534247,0.287,0.08236899999999998
2020-06-10,5,0,True,0.0,0.06579545759776534,127.74,-2.7739999999999996,0.271,0.0018108739726027398,0.2757,0.006247437534246575,0.2957,0.022278848136986305,0.3123,0.049700876547945215,0.2863,0.08196769
2020-06-11,5,0,True,0.0,0.060880212067039106,131.29,-3.128999999999999,0.42060000000000003,0.004362025315068494,0.4079,0.013675266575342463,0.4043,0.04164832758904109,0.3968,0.0802349168219178,0.3318,0.11009123999999999
2020-06-12,5,0,True,0.0,0.06487203988826816,133.54,-3.353999999999999,0.3652,0.0032886009863013705,0.36090000000000005,0.01070538164383562,0.38049999999999995,0.03688921438356164,0.3779,0.07277360071232877,0.3234,0.10458756000000001
2020-06-15,5,0,True,0.0,0.06332188318435754,137.33,-3.7330000000000014,0.35979999999999995,0.0031920667397260264,0.344,0.009726246575342464,0.3643,0.03381492484931507,0.3666,0.0684865045479452,0.3155,0.09954025
2020-06-16,5,0,True,0.0,0.06442732201117321,133.85,-3.3849999999999993,0.3538,0.00308649304109589,0.3367,0.009317826575342466,0.358,0.03265548493150685,0.3626,0.0670001352328767,0.314,0.098596
2020-06-17,5,0,True,0.0,0.06695445245810051,135.49,-3.549000000000001,0.3398,0.002847058520547945,0.3347,0.009207459452054794,0.35719999999999996,0.032509701698630135,0.36590000000000006,0.06822521276712332,0.3179,0.10106041
2020-06-18,5,0,True,0.0,0.07292075860335194,134.9,-3.4900000000000007,0.32049999999999995,0.00253282808219178,0.32939999999999997,0.008918166575342463,0.3514,0.031462526794520544,0.3611,0.06644695084931507,0.3197,0.10220808999999999
2020-06-19,5,0,True,0.0,0.07298263821229047,125.38,-2.5379999999999994,0.3392,0.0028370130410958904,0.35119999999999996,0.010137652602739723,0.3668,0.03428062553424658,0.3774,0.07258115441095891,0.3292,0.10837263999999999
2020-06-22,5,0,True,0.0,0.07260635558659218,135.54,-3.5539999999999994,0.3123,0.0024048811232876715,0.3177,0.008295886849315067,0.3375,0.029022688356164388,0.35,0.06242465753424657,0.3131,0.09803160999999999
2020-06-23,5,0,True,0.0,0.07387540703910614,135.2,-3.5199999999999987,0.3029,0.0022622895616438354,0.31370000000000003,0.008088303287671234,0.3306,0.02784811364383562,0.3417,0.05949905079452055,0.3094,0.09572836
2020-06-24,5,0,True,0.0,0.07720368999999994,134.05,-3.405000000000001,0.3325,0.0027260445205479454,0.33840000000000003,0.009412155616438359,0.3539,0.03191179323287671,0.3557,0.0644744743561644,0.31989999999999996,0.10233600999999998
2020-06-25,5,0,True,0.0,0.07504642173184355,131.92,-3.191999999999999,0.30920000000000003,0.002357374684931507,0.3222,0.008532562191780821,0.34090000000000004,0.02961038720547946,0.34840000000000004,0.0618552223561644,0.3141,0.09865881
2020-06-26,5,0,True,0.0,0.0768707232402235,137.47,-3.747,0.3331,0.0027358917534246576,0.34729999999999994,0.009913749863013695,0.358,0.03265548493150685,0.36229999999999996,0.06688931490410958,0.3234,0.10458756000000001
2020-06-29,5,0,True,0.0,0.07470409586592182,135.75,-3.575,0.3042,0.0022817500273972606,0.3178,0.008301110136986303,0.33909999999999996,0.02929851871232876,0.3448,0.06058353271232877,0.3118,0.09721924000000001
2020-06-30,5,0,True,0.0,0.07278580173184353,148.27,-4.827000000000001,0.2914,0.002093768876712329,0.3043,0.007610834794520548,0.32520000000000004,0.026945804712328773,0.33130000000000004,0.0559323351780822,0.30269999999999997,0.09162728999999999
2020-07-01,5,0,True,0.0,0.07189312089385476,142.44,-4.244,0.252,0.0015658520547945207,0.2862,0.006732364931506849,0.31679999999999997,0.025571748821917803,0.3256,0.05402426564383562,0.2988,0.08928144
2020-07-02,5,0,True,0.0,0.06972496653631285,146.34,-4.634,0.22640000000000002,0.0012638702465753427,0.2768,0.006297389589041095,0.30870000000000003,0.024280819643835622,0.3182,0.05159652230136986,0.2929,0.08579041
2020-07-06,5,0,True,0.0,0.06792529100558657,140.98,-4.097999999999999,0.2523,0.0015695824931506854,0.27940000000000004,0.00641624876712329,0.3098,0.024454169095890415,0.3166,0.05107894290410959,0.2905,0.08439024999999999
2020-07-07,5,0,True,0.0,0.07139272703910612,138.34,-3.8340000000000005,0.26839999999999997,0.0017762932602739723,0.2943,0.0071188347945205475,0.3207,0.026205231698630135,0.3249,0.05379222427397261,0.298,0.088804
2020-07-08,5,0,True,0.0,0.07049598245810054,144.46,-4.446000000000001,0.23670000000000002,0.0013814849589041099,0.2808,0.0064807101369863005,0.3119,0.024786821178082195,0.31829999999999997,0.051628957643835606,0.29359999999999997,0.08620095999999998
2020-07-09,5,0,True,0.0,0.0715943402793296,138.84,-3.8840000000000003,0.2555,0.00160965,0.2926,0.007036829589041097,0.3206,0.026188891726027397,0.3237,0.05339560093150685,0.2975,0.08850625
2020-07-10,5,0,True,0.0,0.06966924363128493,135.68,-3.5680000000000005,0.2259,0.0012582939452054794,0.2729,0.0061211843835616425,0.3102,0.024517358136986297,0.3172,0.05127272942465753,0.2923,0.08543929
2020-07-13,5,0,True,0.0,0.07502277212290502,128.52,-2.852000000000001,0.3031,0.0022652780547945204,0.32189999999999996,0.0085166802739726,0.3454,0.030397281863013697,0.3502,0.06249602038356165,0.3151,0.09928801
2020-07-14,5,0,True,0.0,0.09141598285714285,131.1,-3.1099999999999994,0.2778,0.0019028919452054793,0.2952,0.007162441643835616,0.3256,0.02701213282191781,0.3328,0.05643996230136986,0.3185,0.10144225
2020-07-15,5,0,True,0.0,0.08282901142857144,146.53,-4.6530000000000005,0.2522,0.001568338520547945,0.2776,0.006333843287671233,0.3156,0.02537839035616438,0.3274,0.05462323660273973,0.3176,0.10086975999999999
2020-07-16,5,0,True,0.0,0.08336189285714288,142.44,-4.244,0.2585,0.001647671917808219,0.28,0.006443835616438357,0.3155,0.025362310273972604,0.3275,0.0546566095890411,0.3106,0.09647236
2020-07-17,5,0,True,0.0,0.0731632457142857,140.81,-4.081,0.2216,0.0012108466849315067,0.2568,0.0054202389041095875,0.3037,0.023500638821917816,0.3173,0.05130506284931508,0.31,0.0961
2020-07-20,5,0,True,0.0,0.06373521142857144,145.9,-4.590000000000001,0.22519999999999998,0.0012505078356164381,0.2446,0.004917465205479452,0.29100000000000004,0.021576254794520553,0.3043,0.0471871757260274,0.3011,0.09066120999999999
2020-07-21,5,0,True,0.0,0.06481984714285714,134.84,-3.4840000000000004,0.23329999999999998,0.001342082219178082,0.2484,0.0050714432876712325,0.29469999999999996,0.02212841745205479,0.307,0.048028257534246575,0.3034,0.09205156
2020-07-22,5,0,True,0.0,0.06440652142857142,140.39,-4.038999999999999,0.2165,0.001155754109589041,0.2432,0.004861334794520548,0.2905,0.02150217328767123,0.3043,0.0471871757260274,0.3005,0.09030025
2020-07-23,5,0,True,0.0,0.07227477142857142,140.74,-4.074000000000001,0.24100000000000002,0.0014321342465753427,0.2608,0.005590408767123287,0.3025,0.023315291095890412,0.3194,0.05198641906849316,0.3072,0.09437183999999998
2020-07-24,5,0,True,0.0,0.07330265714285715,139.4,-3.9400000000000004,0.22699999999999998,0.0012705780821917806,0.2584,0.005487991232876713,0.3056,0.023795606794520547,0.3165,0.05104668082191781,0.30519999999999997,0.09314703999999999
2020-07-27,5,0,True,0.0,0.06597261142857141,139.61,-3.961000000000001,0.2238,0.001235008109589041,0.24739999999999998,0.005030692602739725,0.3,0.022931506849315067,0.31329999999999997,0.05001967545205479,0.3025,0.09150625
2020-07-28,5,0,True,0.0,0.06870773142857144,139.64,-3.9639999999999986,0.2354,0.0013663518904109587,0.2544,0.0053193994520547945,0.301,0.02308463835616438,0.3147,0.0504677061369863,0.3093,0.09566649
2020-07-29,5,0,True,0.0,0.06236179,140.86,-4.086000000000001,0.2193,0.001185842219178082,0.24100000000000002,0.004773780821917808,0.2929,0.021858926383561645,0.3097,0.04887676915068492,0.3059,0.09357481000000001
2020-07-30,5,0,True,0.0,0.06532033857142858,138.99,-3.899000000000001,0.2279,0.001280673123287671,0.24760000000000001,0.005038829589041096,0.29760000000000003,0.02256607035616439,0.3139,0.05021144400000001,0.3004,0.09024016
2020-07-31,5,0,True,0.0,0.06726571,141.56,-4.156000000000001,0.2061,0.0010473832602739726,0.2446,0.004917465205479452,0.29710000000000003,0.022490307205479457,0.3121,0.04963723906849315,0.3053,0.09320809000000001
2020-08-03,5,0,True,0.0,0.06540680714285715,141.77,-4.177000000000001,0.2095,0.0010822253424657533,0.24280000000000002,0.0048453567123287675,0.2966,0.022414671452054793,0.3118,0.04954185928767124,0.3065,0.09394224999999999
2020-08-04,5,0,True,0.0,0.06274278857142858,141.64,-4.163999999999999,0.20440000000000003,0.0010301760000000003,0.2376,0.004640035068493151,0.2909,0.02156142830136986,0.3072,0.04809085545205479,0.30010000000000003,0.09006001000000002
2020-08-05,5,0,True,0.0,0.06000171142857143,139.59,-3.9590000000000005,0.1902,0.0008920119452054794,0.2299,0.004344165205479452,0.28600000000000003,0.02084117260273973,0.3032,0.04684664284931508,0.2967,0.08803089000000001
2020-08-06,5,0,True,0.0,0.057159214285714285,141.75,-4.175,0.19399999999999998,0.0009280109589041093,0.22649999999999998,0.004216623287671232,0.282,0.02026227945205479,0.3011,0.04619995906849315,0.3009,0.09054081
2020-08-07,5,0,True,0.0,0.05645974000000001,139.75,-3.975,0.1808,0.0008060212602739725,0.22210000000000002,0.004054389863013699,0.2828,0.020377405808219177,0.30219999999999997,0.0465381376438356,0.30269999999999997,0.09162728999999999
2020-08-10,5,0,True,0.0,0.05468579714285714,137.5,-3.75,0.1888,0.0008789286575342465,0.2213,0.004025234794520547,0.2805,0.02004729657534247,0.2991,0.04558824838356164,0.302,0.091204
2020-08-11,5,0,True,0.0,0.061955609999999994,136.39,-3.6389999999999985,0.2189,0.0011815202465753425,0.2403,0.004746089589041096,0.2917,0.021680182931506854,0.3079,0.048310269205479456,0.3081,0.09492561
2020-08-12,5,0,True,0.0,0.055605057142857135,137.01,-3.700999999999999,0.18899999999999997,0.0008807917808219176,0.2228,0.004079986849315068,0.2812,0.020147479232876714,0.2985,0.0454055301369863,0.3006,0.09036035999999999
2020-08-13,5,0,True,0.0,0.05523105999999999,136.11,-3.6110000000000015,0.18539999999999998,0.0008475573698630135,0.2213,0.004025234794520547,0.2817,0.02021919115068493,0.3005,0.04601601780821918,0.3011,0.09066120999999999
2020-08-14,5,0,True,0.0,0.055771632857142865,136.82,-3.6819999999999995,0.1787,0.0007874060547945205,0.2205,0.00399618493150685,0.2837,0.02050731279452055,0.3045,0.04724922328767123,0.3095,0.09579025
2020-08-17,5,0,True,0.0,0.051842071428571446,137.45,-3.7449999999999988,0.17600000000000002,0.000763791780821918,0.21350000000000002,0.003746486301369864,0.27449999999999997,0.019198830821917805,0.295,0.04434698630136986,0.30210000000000004,0.09126441000000002
2020-08-18,5,0,True,0.0,0.05248776857142858,138.08,-3.808000000000001,0.1782,0.0007830059178082191,0.2151,0.0038028501369863016,0.2735,0.01905920342465754,0.2963,0.044738702301369865,0.3014,0.09084196
2020-08-19,5,0,True,0.0,0.05673053285714286,138.2,-3.819999999999999,0.1923,0.000911818109589041,0.2254,0.0041757665753424655,0.2811,0.020133152136986302,0.303,0.046784860273972606,0.30269999999999997,0.09162728999999999
2020-08-20,5,0,True,0.0,0.05851452142857142,144.05,-4.405000000000001,0.1885,0.0008761376712328767,0.22719999999999999,0.004242726575342465,0.2813,0.020161811424657537,0.2934,0.04386723879452055,0.31679999999999997,0.10036223999999998
2020-08-21,5,0,True,0.0,0.058677652857142854,146.73,-4.672999999999999,0.1801,0.0007997920273972603,0.2254,0.0041757665753424655,0.2817,0.02021919115068493,0.29510000000000003,0.04437705715068494,0.3179,0.10106041
2020-08-24,5,0,True,0.0,0.05632458142857144,147.23,-4.722999999999999,0.1881,0.0008724232602739724,0.2237,0.004113015616438356,0.281,0.020118830136986305,0.295,0.04434698630136986,0.3257,0.10608049
2020-08-25,5,0,True,0.0,0.05530663857142859,146.53,-4.6530000000000005,0.1809,0.0008069131232876712,0.22030000000000002,0.00398893890410959,0.2791,0.019847680356164386,0.29359999999999997,0.0439270645479452,0.31379999999999997,0.09847043999999998
2020-08-26,5,0,True,0.0,0.06028177428571429,142.09,-4.2090000000000005,0.1996,0.000982360109589041,0.2327,0.004450626575342466,0.287,0.020987169863013695,0.2987,0.045466395452054796,0.3166,0.10023556
2020-08-27,5,0,True,0.0,0.06807000999999999,145.07,-4.507,0.20190000000000002,0.0010051301095890413,0.2447,0.004921486849315068,0.2993,0.022824618000000005,0.3063,0.04780948586301371,0.3392,0.11505664
2020-08-28,5,0,True,0.0,0.06273293285714286,145.73,-4.572999999999999,0.17129999999999998,0.0007235430410958901,0.2296,0.0043328350684931505,0.2962,0.02235425457534247,0.3049,0.04737344071232877,0.32520000000000004,0.10575504000000002
2020-08-31,5,0,True,0.0,0.08056072857142856,144.67,-4.466999999999999,0.21100000000000002,0.0010977780821917812,0.2641,0.005732778904109588,0.3185,0.025846929452054794,0.322,0.05283623013698631,0.3446,0.11874916
2020-09-01,5,0,True,0.0,0.08091680714285714,142.28,-4.228,0.19649999999999998,0.0009520828767123286,0.2612,0.005607570410958903,0.321,0.026254282191780824,0.32420000000000004,0.05356068230136988,0.34020000000000006,0.11573604000000004
2020-09-02,5,0,True,0.0,0.08247052428571429,141.1,-4.109999999999999,0.2071,0.0010575717534246575,0.2657,0.005802451232876712,0.3267,0.027194955534246574,0.33240000000000003,0.05630437084931508,0.3577,0.12794929000000002
2020-09-03,5,0,True,0.0,0.11101662999999996,144.66,-4.465999999999999,0.3045,0.0022862527397260273,0.336,0.009279123287671233,0.3763,0.03607933471232878,0.3554,0.0643657637260274,0.4086,0.16695396
2020-09-04,5,0,True,0.0,0.09801115285714283,133.28,-3.3280000000000003,0.29410000000000003,0.0021327487397260277,0.3075,0.007771746575342465,0.3475,0.030768030821917803,0.3394,0.0587007642739726,0.3433,0.11785488999999999
2020-09-08,5,0,True,0.0,0.09497302428571427,132.51,-3.250999999999999,0.32909999999999995,0.0026705788767123276,0.3146,0.008134780273972601,0.3431,0.029993802000000003,0.3344,0.05698395879452054,0.3389,0.11485320999999998
2020-09-09,5,0,True,0.0,0.08230680999999995,133.2,-3.319999999999999,0.2909,0.0020865898356164383,0.28809999999999997,0.006822050136986299,0.3212,0.026287007999999997,0.31989999999999996,0.052149309205479444,0.3312,0.10969344
2020-09-10,5,0,True,0.0,0.08641266142857146,130.16,-3.0159999999999996,0.3043,0.0022832504383561644,0.29710000000000003,0.0072549378082191794,0.3292,0.027612754849315066,0.3267,0.05438991106849315,0.33399999999999996,0.11155599999999997
2020-09-11,5,0,True,0.0,0.07343089,125.42,-2.5420000000000003,0.2633,0.0017094301643835613,0.2687,0.00593422109589041,0.31129999999999997,0.0246915484109589,0.3166,0.05107894290410959,0.3307,0.10936248999999999
2020-09-14,5,0,True,0.0,0.06854591714285714,130.95,-3.094999999999999,0.2506,0.0015485020273972602,0.2585,0.0054922397260273965,0.3048,0.02367118553424658,0.313,0.04992392876712329,0.32659999999999995,0.10666755999999997
2020-09-15,5,0,True,0.0,0.06840936857142857,132.95,-3.294999999999999,0.2422,0.0014464316712328765,0.2559,0.005382313150684931,0.30269999999999997,0.02334613142465753,0.3129,0.0498920335890411,0.3233,0.10452288999999998
2020-09-16,5,0,True,0.0,0.07265396142857139,136.06,-3.6060000000000003,0.2377,0.0013931824931506848,0.26039999999999996,0.005573273424657532,0.3057,0.023811182383561648,0.31620000000000004,0.05094995572602741,0.3257,0.10608049
2020-09-17,5,0,True,0.0,0.07334012142857144,139.41,-3.941,0.2495,0.0015349376712328767,0.2646,0.0057545063013698635,0.3075,0.024092414383561644,0.3182,0.05159652230136986,0.3274,0.10719076000000001
2020-09-18,5,0,True,0.0,0.07058582571428569,132.09,-3.2090000000000005,0.2402,0.0014226420821917807,0.2583,0.005483744383561643,0.3046,0.02364013117808219,0.3169,0.05117579030136987,0.33659999999999995,0.11329955999999997
2020-09-21,5,0,True,0.0,0.07638239571428569,130.64,-3.0639999999999987,0.2811,0.0019483695616438357,0.2778,0.006342973150684931,0.3164,0.02550721446575343,0.3246,0.05369293084931507,0.3276,0.10732176
2020-09-22,5,0,True,0.0,0.07420555,130.08,-3.0080000000000013,0.2595,0.0016604445205479453,0.2686,0.005929804931506849,0.31670000000000004,0.025555607589041105,0.32539999999999997,0.053957917150684924,0.3267,0.10673289
2020-09-23,5,0,True,0.0,0.08316001857142857,129.84,-2.9840000000000004,0.2797,0.0019290104383561644,0.2858,0.006713559452054794,0.3328,0.02821998115068493,0.33490000000000003,0.0571544927671233,0.3326,0.11062276
2020-09-24,5,0,True,0.0,0.08335190714285716,129.17,-2.916999999999999,0.27649999999999997,0.0018851239726027393,0.2851,0.006680713150684932,0.3306,0.02784811364383562,0.33390000000000003,0.056813679616438365,0.3287,0.10804369
2020-09-25,5,0,True,0.0,0.07354270428571427,129.26,-2.9259999999999993,0.2457,0.0014885381095890412,0.2638,0.005719762191780821,0.32030000000000003,0.02613990238356165,0.3262,0.0542235557260274,0.32280000000000003,0.10419984000000002
2020-09-28,5,0,True,0.0,0.07075041000000001,126.69,-2.6689999999999996,0.2521,0.0015670950410958903,0.2619,0.005637666575342467,0.31739999999999996,0.025668703232876705,0.3221,0.05286905276712329,0.3223,0.10387728999999998
2020-09-29,5,0,True,0.0,0.06963840999999998,123.93,-2.3930000000000007,0.25989999999999996,0.001665567369863013,0.2627,0.005672160821917807,0.3109,0.024628135150684936,0.3184,0.051661403178082196,0.3173,0.10067929000000002
2020-09-30,5,0,True,0.0,0.07087843285714285,120.94,-2.094,0.2577,0.0016374893424657532,0.2637,0.0057154265753424655,0.3164,0.02550721446575343,0.3218,0.05277061545205478,0.3095,0.09579025
2020-10-01,5,0,True,0.0,0.07548257142857144,117.78,-1.778,0.248,0.0015165369863013698,0.267,0.005859369863013698,0.3172,0.025636364712328764,0.3259,0.05412386482191782,0.3179,0.10106041
2020-10-02,5,0,True,0.0,0.08303971714285711,119.12,-1.9120000000000004,0.2464,0.001497031890410959,0.2763,0.006274659452054793,0.3239,0.026730801452054802,0.331,0.055831084931506854,0.31629999999999997,0.10004568999999998
2020-10-05,5,0,True,0.0,0.0879922242857143,119.53,-1.953,0.2351,0.0013628714794520548,0.2796,0.006425437808219178,0.3128,0.024930074301369867,0.322,0.05283623013698631,0.31010000000000004,0.09616201000000002
2020-10-06,5,0,True,0.0,0.0956850129050279,120.05,-2.005,0.25079999999999997,0.0015509746849315064,0.2948,0.007143044383561644,0.3188,0.02589564361643835,0.3267,0.05438991106849315,0.31829999999999997,0.10131488999999998
2020-10-07,5,0,True,0.0,0.09222504571428569,120.6,-2.0599999999999996,0.21739999999999998,0.001165383123287671,0.28059999999999996,0.0064714816438356144,0.307,0.024014128767123288,0.316,0.050885523287671236,0.3119,0.09728161
2020-10-08,5,0,True,0.0,0.08222407428571427,121.81,-2.181,0.19940000000000002,0.0009803924383561646,0.2636,0.005711092602739725,0.2949,0.02215846282191781,0.30829999999999996,0.04843587271232876,0.3084,0.09511056000000001
2020-10-09,5,0,True,0.0,0.07405760714285714,121.93,-2.1930000000000005,0.1885,0.0008761376712328767,0.25,0.005136986301369863,0.2828,0.020377405808219177,0.2959,0.044617990849315066,0.2949,0.08696601
2020-10-12,5,0,True,0.0,0.07212541428571427,123.94,-2.3939999999999997,0.203,0.0010161123287671233,0.2507,0.0051657936986301365,0.2798,0.019947363616438354,0.2928,0.043688006136986306,0.292,0.08526399999999999
2020-10-13,5,0,True,0.0,0.07748360999999998,122.54,-2.2540000000000004,0.2139,0.0011281613424657534,0.2607,0.0055861224657534235,0.28350000000000003,0.020478408904109596,0.2945,0.04419678493150685,0.29350000000000004,0.08614225000000002
2020-10-14,5,0,True,0.0,0.08012185714285715,122.6,-2.2599999999999993,0.213,0.0011186876712328767,0.264,0.005728438356164384,0.2824,0.020319801863013697,0.2929,0.04371785276712329,0.2925,0.08555624999999999
2020-10-15,5,0,True,0.0,0.08363464000000002,123.47,-2.347,0.2138,0.0011271067397260273,0.2697,0.0059784731506849305,0.2872,0.021016430465753425,0.2882,0.04232607846575343,0.2993,0.08958049000000001
2020-10-16,5,0,True,0.0,0.08579008999999997,123.7,-2.37,0.2164,0.001154686684931507,0.2741,0.006175135068493151,0.2921,0.02173968254794521,0.2925,0.04359852739726027,0.30219999999999997,0.09132483999999998
2020-10-19,5,0,True,0.0,0.08975048000000004,124.75,-2.475,0.2465,0.0014982472602739726,0.2918,0.006998403287671233,0.304,0.023547090410958905,0.3018,0.04641502093150686,0.3091,0.09554280999999999
2020-10-20,5,0,True,0.0,0.09078167000000004,125.31,-2.531,0.2457,0.0014885381095890412,0.29350000000000004,0.007080184931506851,0.3011,0.023099979534246574,0.3012,0.04623065161643836,0.3085,0.09517225
2020-10-21,5,0,True,0.0,0.08767520999999999,124.38,-2.4379999999999997,0.23199999999999998,0.0013271671232876708,0.2865,0.006746486301369861,0.2961,0.02233916309589041,0.2961,0.04467832619178082,0.3036,0.09217295999999998
2020-10-22,5,0,True,0.0,0.08667038000000002,124.94,-2.4939999999999998,0.24059999999999998,0.001427384219178082,0.2811,0.006494565205479452,0.293,0.021873854794520548,0.2937,0.04395699271232877,0.3011,0.09066120999999999
2020-10-23,5,0,True,0.0,0.08314303857142859,126.7,-2.6700000000000004,0.2429,0.0014548046301369863,0.2755,0.006238376712328768,0.2899,0.021413443643835618,0.2914,0.043271223452054794,0.2989,0.08934121
2020-10-26,5,0,True,0.0,0.09221409000000004,126.05,-2.6049999999999995,0.3591,0.0031796583287671226,0.3246,0.008660150136986301,0.3207,0.026205231698630135,0.3123,0.049700876547945215,0.3116,0.09709456
2020-10-27,5,0,True,0.0,0.09341128,127.58,-2.758,0.3729,0.0034287388767123292,0.3335,0.009141554794520548,0.3272,0.027278260602739725,0.3166,0.05107894290410959,0.3134,0.09821956000000001
2020-10-28,5,0,True,0.0,0.0966025891620112,129.3,-2.930000000000001,0.479,0.005657449315068492,0.4028,0.013335438904109589,0.3775,0.03630981164383562,0.35229999999999995,0.06324779161643834,0.3326,0.11062276
2020-10-29,5,0,True,0.0,0.09944393357541897,128.05,-2.805000000000001,0.4434,0.00484775901369863,0.3759,0.011613765205479451,0.35840000000000005,0.03272849884931508,0.3403,0.05901249517808219,0.3283,0.10778088999999999
2020-10-30,5,0,True,0.0,0.09578978212290508,129.01,-2.900999999999999,0.44329999999999997,0.004845572630136985,0.38020000000000004,0.011880989589041097,0.3627,0.033518547863013705,0.34299999999999997,0.0599526410958904,0.327,0.10692900000000001
2020-11-02,5,0,True,0.0,0.09417709854748603,133.86,-3.3860000000000015,0.4386,0.004743368876712328,0.3713,0.011331262191780822,0.3506,0.03131943419178083,0.3344,0.05698395879452054,0.3212,0.10316943999999999
2020-11-03,5,0,True,0.0,0.0920366760335196,136.44,-3.6439999999999997,0.43200000000000005,0.004601687671232878,0.3555,0.010387417808219177,0.33520000000000005,0.028628467726027406,0.3218,0.05277061545205478,0.3129,0.09790641000000001
2020-11-04,5,0,True,0.0,0.07975563142857144,133.32,-3.3319999999999994,0.3246,0.0025980450410958904,0.2957,0.007186725205479453,0.2998,0.02290094169863014,0.2993,0.04564923600000001,0.29719999999999996,0.08832783999999998
2020-11-05,5,0,True,0.0,0.07484885285714285,127.65,-2.7650000000000006,0.2809,0.0019455980547945203,0.2758,0.006251970410958903,0.2905,0.02150217328767123,0.29359999999999997,0.0439270645479452,0.2939,0.08637721
2020-11-06,5,0,True,0.0,0.06368501714285714,124.56,-2.4560000000000004,0.2396,0.0014155436712328768,0.2486,0.005079613150684931,0.2737,0.019087088136986303,0.2791,0.03969536071232877,0.2877,0.08277129000000001
2020-11-09,5,0,True,0.0,0.0641478957142857,127.41,-2.7409999999999997,0.2671,0.0017591279178082193,0.2575,0.005449828767123287,0.2688,0.018409780602739723,0.2713,0.03750763380821917,0.2783,0.07745089
2020-11-10,5,0,True,0.0,0.06228464714285713,126.3,-2.63,0.2443,0.0014716230410958904,0.248,0.005055123287671232,0.26489999999999997,0.01787944364383561,0.2705,0.03728675753424658,0.2801,0.07845601
2020-11-11,5,0,True,0.0,0.05858058142857141,129.47,-2.947,0.2159,0.0011493569589041096,0.2345,0.0045197465753424645,0.2562,0.016724314849315067,0.26539999999999997,0.035894004821917805,0.2784,0.07750655999999999
2020-11-12,5,0,True,0.0,0.06736374000000002,131.42,-3.1419999999999986,0.23879999999999998,0.001406106739726027,0.2535,0.005281828767123288,0.2722,0.018878449643835615,0.2764,0.03893105358904109,0.2836,0.08042896000000001
2020-11-13,5,0,True,0.0,0.05731199571428571,129.33,-2.933000000000001,0.2101,0.0010884331232876713,0.231,0.004385835616438356,0.2569,0.016815829397260278,0.2682,0.03665537161643835,0.2784,0.07750655999999999
2020-11-16,5,0,True,0.0,0.055986832857142864,129.56,-2.9560000000000004,0.19329999999999997,0.0009213260547945202,0.2245,0.004142486301369863,0.2535,0.016373669178082195,0.2661,0.03608359742465753,0.2755,0.07590025000000002
2020-11-17,5,0,True,0.0,0.05851418142857143,128.91,-2.8909999999999996,0.1881,0.0008724232602739724,0.2271,0.004238992602739726,0.25379999999999997,0.01641244635616438,0.2673,0.036409775178082186,0.2774,0.07695075999999999
2020-11-18,5,0,True,0.0,0.06474502428571428,133.59,-3.3590000000000004,0.1959,0.0009462775068493149,0.2384,0.004671333698630137,0.2639,0.017744708301369868,0.2761,0.038846589205479454,0.28809999999999997,0.08300160999999998
2020-11-19,5,0,True,0.0,0.060398259999999995,133.55,-3.3550000000000013,0.19260000000000002,0.0009146653150684934,0.2311,0.004389633698630137,0.258,0.016960142465753426,0.2682,0.03665537161643835,0.27940000000000004,0.07806436000000003
2020-11-20,5,0,True,0.0,0.06333773142857142,133.54,-3.353999999999999,0.1986,0.0009725414794520547,0.237,0.004616630136986301,0.2606,0.017303697205479453,0.2707,0.0373419154520548,0.2776,0.07706176
2020-11-23,5,0,True,0.0,0.05692323999999999,134.26,-3.4259999999999993,0.19579999999999997,0.0009453116712328765,0.2266,0.0042203473972602734,0.25429999999999997,0.016477176904109585,0.26649999999999996,0.036192160273972596,0.2737,0.07491169
2020-11-24,5,0,True,0.0,0.052388800000000006,134.19,-3.4189999999999996,0.184,0.0008348054794520547,0.2164,0.0038489556164383563,0.2484,0.015721474191780823,0.263,0.03524776438356165,0.27149999999999996,0.07371224999999998
2020-11-25,5,0,True,0.0,0.051918374285714275,133.9,-3.3900000000000006,0.1714,0.0007243880547945204,0.2125,0.0037114726027397253,0.24420000000000003,0.015194324712328771,0.26,0.0344482191780822,0.2711,0.07349521
2020-11-27,5,0,True,0.0,0.04776955,132.43,-3.2430000000000008,0.1825,0.0008212499999999998,0.2084,0.0035696350684931506,0.2443,0.015206771424657534,0.2605,0.03458083972602741,0.2703,0.07306209
2020-11-30,5,0,True,0.0,0.043525689999999985,133.95,-3.3949999999999987,0.19870000000000002,0.0009735211232876714,0.2057,0.0034777389041095886,0.2433,0.015082533616438356,0.2597,0.03436876915068493,0.26780000000000004,0.07171684000000002
2020-12-01,5,0,True,0.0,0.044706832857142845,132.6,-3.2599999999999993,0.19870000000000002,0.0009735211232876714,0.2077,0.00354569506849315,0.24489999999999998,0.015281558712328764,0.2609,0.03468711961643836,0.2695,0.07263025000000001
2020-12-02,5,0,True,0.0,0.04807681000000002,134.61,-3.461000000000001,0.1929,0.0009175169589041094,0.21170000000000003,0.003683580000000001,0.24539999999999998,0.015344021589041093,0.26170000000000004,0.034900168602739735,0.2723,0.07414728999999999
2020-12-03,5,0,True,0.0,0.048644521428571424,132.46,-3.246000000000001,0.1935,0.0009232335616438357,0.21280000000000002,0.0037219594520547946,0.24559999999999998,0.015369042410958903,0.2625,0.0351138698630137,0.2706,0.07322436
2020-12-04,5,0,True,0.0,0.04792223142857143,133.08,-3.308000000000001,0.1796,0.0007953573698630138,0.2079,0.0035525268493150687,0.2429,0.015032981178082194,0.2608,0.03466053435616438,0.2707,0.07327849
2020-12-07,5,0,True,0.0,0.04976196,132.44,-3.2439999999999998,0.18739999999999998,0.0008659420273972601,0.213,0.003728958904109589,0.2452,0.015319021150684932,0.2632,0.03530139353424658,0.2718,0.07387524
2020-12-08,5,0,True,0.0,0.04694538999999998,134.9,-3.4900000000000007,0.18170000000000003,0.0008140657808219181,0.20679999999999998,0.0035150334246575334,0.23870000000000002,0.014517603205479455,0.2589,0.03415735084931507,0.2688,0.07225343999999999
2020-12-09,5,0,True,0.0,0.053724695714285724,135.75,-3.575,0.1999,0.000985315315068493,0.2227,0.0040763252054794525,0.2473,0.015582542383561644,0.2655,0.03592105890410959,0.2729,0.07447440999999999
2020-12-10,5,0,True,0.0,0.055868247142857125,135.71,-3.5710000000000006,0.1967,0.0009540219452054795,0.22519999999999998,0.004168359452054794,0.2505,0.0159884198630137,0.2692,0.03692922476712329,0.2754,0.07584516
2020-12-11,5,0,True,0.0,0.05969933571428569,139.92,-3.9919999999999987,0.2045,0.0010311842465753423,0.23309999999999997,0.004465940547945204,0.2605,0.017290419863013703,0.2768,0.03904381545205479,0.2803,0.07856809
2020-12-14,5,0,True,0.0,0.06328538999999997,139.29,-3.9289999999999994,0.23670000000000002,0.0013814849589041099,0.24719999999999998,0.005022562191780821,0.2711,0.01872617679452055,0.2873,0.04206213682191781,0.28559999999999997,0.08156735999999998
2020-12-15,5,0,True,0.0,0.057380181428571424,138.95,-3.8949999999999987,0.20190000000000002,0.0010051301095890413,0.2289,0.004306455616438356,0.2587,0.01705229909589041,0.2749,0.038509648931506844,0.281,0.07896100000000002
2020-12-16,5,0,True,0.0,0.05717400000000001,144.79,-4.478999999999999,0.188,0.0008714958904109588,0.225,0.0041609589041095895,0.2547,0.01652905306849315,0.2721,0.037729162356164386,0.2786,0.07761796000000001
2020-12-17,5,0,True,0.0,0.053844797142857136,147.07,-4.706999999999999,0.1862,0.0008548875616438356,0.2193,0.003952807397260273,0.2515,0.016116326712328766,0.2705,0.03728675753424658,0.2781,0.07733961
2020-12-18,5,0,True,0.0,0.05451398571428572,147.02,-4.702000000000001,0.16699999999999998,0.0006876739726027395,0.2157,0.003824095068493151,0.25170000000000003,0.016141969232876717,0.2722,0.03775689928767123,0.2788,0.07772944
2020-12-21,5,0,True,0.0,0.07051078857142856,146.53,-4.6530000000000005,0.21559999999999999,0.0011461650410958901,0.2516,0.0052029501369863,0.2758,0.0193811082739726,0.287,0.04197433972602739,0.28809999999999997,0.08300160999999998
2020-12-22,5,0,True,0.0,0.06688149571428571,146.27,-4.627000000000001,0.1991,0.0009774446301369863,0.24230000000000002,0.004825421095890411,0.2725,0.01892008561643836,0.2863,0.04176983654794521,0.2872,0.08248384
2020-12-23,5,0,True,0.0,0.06182344285714283,147.39,-4.738999999999999,0.192,0.0009089753424657535,0.23309999999999997,0.004465940547945204,0.2626,0.01757031419178082,0.2796,0.03983771441095891,0.2828,0.07997583999999999
2020-12-24,5,0,True,0.0,0.05365894,148.27,-4.827000000000001,0.17120000000000002,0.0007226985205479454,0.21530000000000002,0.0038099252054794525,0.25370000000000004,0.01639951553424658,0.2735,0.03811840684931508,0.2781,0.07733961
2020-12-28,5,0,True,0.0,0.05004132142857142,145.3,-4.530000000000001,0.2005,0.0009912390410958905,0.217,0.0038703287671232873,0.2515,0.016116326712328766,0.2716,0.03759063057534247,0.2756,0.07595536
2020-12-29,5,0,True,0.0,0.05634259,142.74,-4.274000000000001,0.2147,0.001136615917808219,0.23079999999999998,0.004378244383561643,0.26239999999999997,0.017543560767123285,0.2809,0.040209026465753424,0.28190000000000004,0.07946761000000002
2020-12-30,5,0,True,0.0,0.05460543857142855,143.03,-4.303,0.21309999999999998,0.001119738328767123,0.22769999999999999,0.00426142109589041,0.2544,0.016490138301369864,0.275,0.03853767123287672,0.2793,0.07800849
2020-12-31,5,0,True,0.0,0.05467578571428571,147.83,-4.783000000000001,0.212,0.001108208219178082,0.2275,0.004253938356164383,0.2528,0.016283367452054796,0.2729,0.037951343178082186,0.2762,0.07628644
2021-01-04,5,0,True,0.0,0.07175960999999997,143.84,-4.384,0.27390000000000003,0.001849838054794521,0.2697,0.0059784731506849305,0.2826,0.02034859364383562,0.29460000000000003,0.04422680482191782,0.2919,0.08520561
2021-01-05,5,0,True,0.0,0.06644491,145.5,-4.55,0.2429,0.0014548046301369863,0.2534,0.005277662465753424,0.2725,0.01892008561643836,0.2871,0.04200359523287672,0.2874,0.08259876
2021-01-06,5,0,True,0.0,0.06557157571428571,147.06,-4.706,0.2377,0.0013931824931506848,0.2507,0.0051657936986301365,0.26789999999999997,0.01828670720547945,0.2829,0.04078363906849315,0.2829,0.08003241
2021-01-07,5,0,True,0.0,0.05532514,145.92,-4.591999999999999,0.1942,0.0009299253698630139,0.2237,0.004113015616438356,0.2502,0.015950147178082193,0.27190000000000003,0.037673719068493164,0.2741,0.07513081
2021-01-08,5,0,True,0.0,0.05198955999999999,139.25,-3.925,0.1834,0.0008293699726027397,0.21559999999999999,0.0038205501369863006,0.249,0.01579751506849315,0.2708,0.037369509698630135,0.2727,0.07436529
2021-01-11,5,0,True,0.0,0.0626727957142857,134.7,-3.469999999999999,0.2169,0.0011600287397260274,0.2408,0.0047658608219178075,0.267,0.018164046575342468,0.285,0.04139136986301369,0.2815,0.07924224999999999
2021-01-12,5,0,True,0.0,0.05948030714285713,139.99,-3.999000000000001,0.2065,0.0010514527397260272,0.23329999999999998,0.004473607397260273,0.262,0.017490115068493153,0.2809,0.040209026465753424,0.2788,0.07772944
2021-01-13,5,0,True,0.0,0.05514395285714287,139.93,-3.9930000000000008,0.1891,0.0008817240821917807,0.22210000000000002,0.004054389863013699,0.2555,0.01663305,0.2771,0.0391284938630137,0.27649999999999997,0.07645224999999999
2021-01-14,5,0,True,0.0,0.058015975714285725,138.06,-3.806,0.21170000000000003,0.0011050740000000002,0.2325,0.004442979452054795,0.2632,0.01765069676712329,0.27399999999999997,0.03825790684931506,0.2811,0.07901721
2021-01-15,5,0,True,0.0,0.06447125285714285,136.7,-3.669999999999999,0.2169,0.0011600287397260274,0.2434,0.004869333698630136,0.2726,0.018933974465753425,0.281,0.04023766027397261,0.28600000000000003,0.08179600000000002
2021-01-19,5,0,True,0.0,0.056639611428571414,141.32,-4.132,0.2188,0.0011804409863013698,0.2324,0.004439158356164383,0.2669,0.018150443095890416,0.2783,0.03946812476712329,0.282,0.07952399999999998
2021-01-20,5,0,True,0.0,0.05129994999999999,146.66,-4.6659999999999995,0.1885,0.0008761376712328767,0.2158,0.003827641643835616,0.2572,0.01685512635616438,0.2717,0.03761831654794521,0.2766,0.07650756
2021-01-21,5,0,True,0.0,0.050691789999999994,144.2,-4.419999999999999,0.18230000000000002,0.00081945098630137,0.2132,0.003735964931506849,0.257,0.016828923287671233,0.2723,0.037784646410958904,0.278,0.07728400000000002
2021-01-22,5,0,True,0.0,0.05403702571428571,145.55,-4.5550000000000015,0.18420000000000003,0.0008366212602739728,0.2191,0.003945600821917808,0.25989999999999996,0.0172108628219178,0.2752,0.038593746410958904,0.2798,0.07828803999999999
2021-01-25,5,0,True,0.0,0.058532202857142876,145.56,-4.556,0.2066,0.0010524713424657534,0.23190000000000002,0.004420077534246576,0.2688,0.018409780602739723,0.2827,0.040725994356164384,0.2857,0.08162449000000001
2021-01-26,5,0,True,0.0,0.05776241714285713,143.31,-4.331,0.2046,0.00103219298630137,0.2302,0.004355510136986301,0.26890000000000003,0.018423480904109592,0.2838,0.04104354476712328,0.2839,0.08059920999999999
2021-01-27,5,0,True,0.0,0.09682565748603356,137.93,-3.7930000000000006,0.4164,0.004275344219178081,0.3721,0.011380143287671231,0.35729999999999995,0.03252790676712328,0.34659999999999996,0.06121772646575341,0.3297,0.10870209
2021-01-28,5,0,True,0.0,0.08885550497206703,145.84,-4.5840000000000005,0.3,0.0022191780821917808,0.30210000000000004,0.007501184383561645,0.3177,0.025717249232876712,0.3201,0.052214536602739725,0.3095,0.09579025
2021-01-29,5,0,True,0.0,0.08792355217877099,134.3,-3.430000000000001,0.32630000000000003,0.0026253293424657537,0.3309,0.008999573424657535,0.33880000000000005,0.02924670115068494,0.3396,0.058769966465753436,0.31920000000000004,0.10188864000000003
2021-02-01,5,0,True,0.0,0.08528557620111732,141.63,-4.162999999999999,0.2899,0.0020722687397260273,0.3024,0.007516089863013698,0.32530000000000003,0.026962379095890415,0.3271,0.05452317879452055,0.3104,0.09634816
2021-02-02,5,0,True,0.0,0.0717496457142857,141.15,-4.115,0.22440000000000002,0.0012416390136986302,0.2556,0.005369700821917807,0.29359999999999997,0.0219635322739726,0.3056,0.047591213589041094,0.297,0.088209
2021-02-03,5,0,True,0.0,0.05955854714285715,136.59,-3.6590000000000003,0.18969999999999998,0.0008873282465753422,0.2291,0.004313984383561644,0.2757,0.019367056356164383,0.2927,0.04365816969863014,0.28800000000000003,0.08294400000000002
2021-02-04,5,0,True,0.0,0.054609682857142856,136.01,-3.600999999999999,0.1748,0.0007534119452054796,0.2177,0.003895338904109589,0.26789999999999997,0.01828670720547945,0.2861,0.04171149879452055,0.28350000000000003,0.08037225000000002
2021-02-05,5,0,True,0.0,0.05189939714285714,135.09,-3.5090000000000003,0.1552,0.0005939270136986302,0.2087,0.003579919726027397,0.2652,0.017919963616438356,0.2859,0.04165320180821918,0.2841,0.08071281000000001
2021-02-08,5,0,True,0.0,0.05268116142857141,136.65,-3.6650000000000005,0.16570000000000001,0.0006770093424657535,0.21239999999999998,0.0037079802739726016,0.26649999999999996,0.018096080136986298,0.2876,0.042150025643835624,0.2841,0.08071281000000001
2021-02-09,5,0,True,0.0,0.054319495714285716,140.06,-4.006,0.1709,0.0007201679178082191,0.2163,0.0038453991780821916,0.2711,0.01872617679452055,0.2919,0.04341984509589041,0.2863,0.08196769
2021-02-10,5,0,True,0.0,0.05568362571428571,139.33,-3.933000000000001,0.17679999999999998,0.0007707511232876711,0.21989999999999998,0.003974466575342465,0.2749,0.019254824465753422,0.3,0.045863013698630134,0.2899,0.08404201
2021-02-11,5,0,True,0.0,0.051991724285714275,137.6,-3.7599999999999993,0.1709,0.0007201679178082191,0.2125,0.0037114726027397253,0.2722,0.018878449643835615,0.2957,0.04455769627397261,0.2896,0.08386816000000001
2021-02-12,5,0,True,0.0,0.047264307142857134,137.66,-3.7659999999999996,0.1505,0.0005584993150684931,0.1997,0.0032778156164383556,0.265,0.017892945205479457,0.2934,0.04386723879452055,0.2884,0.08317456
2021-02-16,5,0,True,0.0,0.04979326857142857,140.17,-4.016999999999999,0.1932,0.0009203730410958905,0.2146,0.0037851912328767125,0.2755,0.01933896780821918,0.3018,0.04641502093150686,0.29410000000000003,0.08649481000000002
2021-02-17,5,0,True,0.0,0.05151022428571427,144.45,-4.4449999999999985,0.1841,0.0008357131232876713,0.215,0.00379931506849315,0.2752,0.019296873205479452,0.30219999999999997,0.0465381376438356,0.294,0.08643599999999999
2021-02-18,5,0,True,0.0,0.05602751714285713,142.55,-4.255000000000001,0.1946,0.000933760109589041,0.2249,0.00415726109589041,0.2786,0.019776630904109593,0.297,0.0449503397260274,0.2952,0.08714304
2021-02-19,5,0,True,0.0,0.05505797571428572,141.53,-4.1530000000000005,0.1833,0.0008284657808219178,0.2205,0.00399618493150685,0.2709,0.018698557068493146,0.29359999999999997,0.0439270645479452,0.2927,0.08567329000000001
2021-02-22,5,0,True,0.0,0.05925942571428569,138.82,-3.8819999999999992,0.2122,0.0011103001643835617,0.2345,0.0045197465753424645,0.2781,0.01970570884931507,0.2999,0.0458324434520548,0.2943,0.08661249
2021-02-23,5,0,True,0.0,0.05685215714285714,136.64,-3.663999999999999,0.213,0.0011186876712328767,0.2311,0.004389633698630137,0.2712,0.018739994301369862,0.294,0.04404683835616438,0.2895,0.08381024999999999
2021-02-24,5,0,True,0.0,0.05062554999999999,138.52,-3.852000000000001,0.18350000000000002,0.0008302746575342468,0.2134,0.003742977534246575,0.2589,0.017078675424657536,0.2879,0.04223800619178082,0.2828,0.07997583999999999
2021-02-25,5,0,True,0.0,0.07561459726256982,142.07,-4.206999999999999,0.3181,0.0024950369589041093,0.2889,0.006859989863013698,0.3024,0.023299878575342468,0.3173,0.05130506284931508,0.2973,0.08838729000000001
2021-02-26,5,0,True,0.0,0.0740924740223464,136.23,-3.622999999999999,0.2942,0.002134199342465754,0.27949999999999997,0.006420842465753423,0.29600000000000004,0.022324076712328774,0.313,0.04992392876712329,0.2937,0.08625969000000001
2021-03-01,5,0,True,0.0,0.05580507142857144,141.33,-4.133000000000001,0.22699999999999998,0.0012705780821917806,0.2335,0.004481280821917809,0.26780000000000004,0.018273057863013704,0.2891,0.042590845643835626,0.2803,0.07856809
2021-03-02,5,0,True,0.0,0.05996504714285714,141.68,-4.168000000000001,0.23170000000000002,0.0013237370136986303,0.24100000000000002,0.004773780821917808,0.2716,0.018795315287671234,0.29410000000000003,0.044076807287671244,0.2828,0.07997583999999999
2021-03-03,5,0,True,0.0,0.07064693999999999,140.53,-4.053,0.2688,0.0017815916712328765,0.2667,0.005846210136986301,0.2879,0.02111900309589041,0.30519999999999997,0.04746671079452054,0.28859999999999997,0.08328995999999998
2021-03-04,5,0,True,0.0,0.07253663106145247,137.19,-3.719,0.293,0.0021168246575342465,0.2857,0.0067088621917808225,0.30079999999999996,0.023053971287671227,0.3152,0.05062820120547945,0.29359999999999997,0.08620095999999998
2021-03-05,5,0,True,0.0,0.06253641857142858,135.9,-3.5900000000000007,0.23829999999999998,0.0014002246849315067,0.2466,0.004998210410958904,0.2789,0.019819245287671233,0.2987,0.045466395452054796,0.281,0.07896100000000002
2021-03-08,5,0,True,0.0,0.0643677,137.01,-3.700999999999999,0.257,0.0016286054794520546,0.2547,0.005331952602739725,0.2813,0.020161811424657537,0.2952,0.044407138191780826,0.27949999999999997,0.07812024999999999
2021-03-09,5,0,True,0.0,0.05757903857142858,134.45,-3.444999999999999,0.24109999999999998,0.0014333229863013697,0.2403,0.004746089589041096,0.2728,0.01896176745205479,0.2903,0.042945152712328766,0.2774,0.07695075999999999
2021-03-10,5,0,True,0.0,0.05384363999999999,138.57,-3.8569999999999993,0.20980000000000001,0.0010853270136986302,0.2256,0.004183180273972602,0.2668,0.018136844712328765,0.2873,0.04206213682191781,0.2756,0.07595536
2021-03-11,5,0,True,0.0,0.05141829571428571,139.61,-3.961000000000001,0.20010000000000003,0.0009872879178082193,0.2191,0.003945600821917808,0.2609,0.01734355980821918,0.282,0.04052455890410958,0.2723,0.07414728999999999
2021-03-12,5,0,True,0.0,0.048163381428571427,140.29,-4.028999999999999,0.1741,0.0007473898356164383,0.2069,0.003518433698630137,0.25739999999999996,0.016881349808219172,0.2811,0.040266304273972604,0.2717,0.07382089
2021-03-15,5,0,True,0.0,0.04382694571428571,141.26,-4.1259999999999994,0.17739999999999997,0.0007759913424657532,0.2003,0.0032975416438356165,0.2489,0.01578482884931507,0.2743,0.03834172915068493,0.2691,0.07241481000000001
2021-03-16,5,0,True,0.0,0.04217123285714286,142.56,-4.256,0.1793,0.0007927024931506847,0.1979,0.0032189926027397257,0.24710000000000001,0.015557348301369865,0.2725,0.03784017123287672,0.2683,0.07198489
2021-03-17,5,0,True,0.0,0.040889438571428564,143.19,-4.319,0.16690000000000002,0.0006868506575342467,0.1923,0.003039393698630137,0.23879999999999998,0.014529769643835615,0.2661,0.03608359742465753,0.2642,0.06980164
2021-03-18,5,0,True,0.0,0.04881481857142857,148.11,-4.811000000000002,0.20329999999999998,0.0010191178356164382,0.2158,0.003827641643835616,0.2528,0.016283367452054796,0.27649999999999997,0.03895922876712328,0.2699,0.07284600999999999
2021-03-19,5,0,True,0.0,0.048379282857142845,141.47,-4.147,0.18280000000000002,0.0008239522191780823,0.2095,0.0036074178082191777,0.24989999999999998,0.015911920356164382,0.2732,0.03803482915068493,0.2688,0.07225343999999999
2021-03-22,5,0,True,0.0,0.0393952,146.14,-4.613999999999999,0.16399999999999998,0.0006631890410958903,0.1888,0.002929762191780822,0.22940000000000002,0.013408398575342468,0.2547,0.0330581061369863,0.2596,0.06739215999999999
2021-03-23,5,0,True,0.0,0.044407561428571427,143.44,-4.343999999999999,0.1837,0.0008320855068493151,0.203,0.003387041095890411,0.23800000000000002,0.01443258082191781,0.25989999999999996,0.0344217256438356,0.2601,0.06765201
2021-03-24,5,0,True,0.0,0.048620075714285706,143.7,-4.369999999999999,0.1907,0.0008967079726027397,0.212,0.0036940273972602736,0.244,0.015169446575342466,0.26539999999999997,0.035894004821917805,0.2634,0.06937956
2021-03-25,5,0,True,0.0,0.04344234571428571,140.86,-4.086000000000001,0.1716,0.0007260795616438356,0.1981,0.0032255021917808216,0.23370000000000002,0.013915778547945208,0.2571,0.033684044547945206,0.2572,0.06615183999999999
2021-03-26,5,0,True,0.0,0.03939955428571428,145.46,-4.546000000000001,0.1632,0.0006567346849315069,0.1886,0.0029235583561643833,0.2232,0.012693414575342468,0.24789999999999998,0.031316493863013696,0.2516,0.06330256
2021-03-29,5,0,True,0.0,0.04622154999999999,143.67,-4.366999999999999,0.1885,0.0008761376712328767,0.20739999999999997,0.0035354597260273965,0.23199999999999998,0.0137140602739726,0.2544,0.03298027660273973,0.2539,0.06446521000000001
2021-03-30,5,0,True,0.0,0.04213893999999999,142.2,-4.219999999999999,0.1728,0.0007362700273972603,0.1961,0.0031607021917808213,0.2231,0.01268204309589041,0.2463,0.030913551616438353,0.2481,0.061553609999999995
2021-03-31,5,0,True,0.0,0.043309239999999985,140.93,-4.093000000000001,0.1562,0.0006016053698630137,0.19399999999999998,0.0030933698630136977,0.22149999999999997,0.012500792465753422,0.243,0.030090723287671234,0.2464,0.06071296
2021-04-01,5,0,True,0.0,0.03569466142857141,136.29,-3.628999999999999,0.1297,0.00041479126027397264,0.17329999999999998,0.0024684567123287662,0.2097,0.011204357178082193,0.2349,0.02811810920547945,0.2419,0.05851561
2021-04-05,5,0,True,0.0,0.035327335714285715,139.63,-3.9629999999999996,0.1565,0.000603918493150685,0.1791,0.0026364501369863015,0.2096,0.011193673643835618,0.2339,0.0278792138630137,0.2404,0.05779216
2021-04-06,5,0,True,0.0,0.036327595714285704,142.44,-4.244,0.15710000000000002,0.0006085580547945207,0.1812,0.0026986389041095886,0.2116,0.011408312547945207,0.2346,0.028046333589041097,0.2408,0.05798463999999999
2021-04-07,5,0,True,0.0,0.033509790000000005,140.6,-4.06,0.1413,0.0004923046849315069,0.1716,0.002420265205479452,0.2066,0.010875537205479452,0.2306,0.027098090301369865,0.2378,0.05654884
2021-04-08,5,0,True,0.0,0.03271506,139.04,-3.903999999999999,0.1394,0.0004791540821917808,0.16949999999999998,0.0023613904109589037,0.2059,0.010801965287671232,0.23079999999999998,0.02714511517808219,0.23739999999999997,0.05635875999999999
2021-04-09,5,0,True,0.0,0.03233761000000001,132.88,-3.2879999999999994,0.1319,0.00042898216438356157,0.16690000000000002,0.0022895021917808222,0.20739999999999997,0.01095992515068493,0.23190000000000002,0.027404480712328774,0.23809999999999998,0.05669160999999999
2021-04-12,5,0,True,0.0,0.03215926,134.29,-3.4289999999999994,0.1424,0.0004999995616438356,0.1691,0.0023502583561643836,0.2082,0.011044639232876711,0.23170000000000002,0.02735723161643836,0.23829999999999998,0.05678688999999999
2021-04-13,5,0,True,0.0,0.031465139999999996,134.72,-3.472,0.1378,0.0004682179726027397,0.16649999999999998,0.0022785410958904104,0.2078,0.011002241424657536,0.23120000000000002,0.027239287232876715,0.2382,0.056739239999999996
2021-04-14,5,0,True,0.0,0.032716728571428565,137.67,-3.7669999999999986,0.141,0.0004902164383561642,0.1699,0.002372548767123287,0.21059999999999998,0.011300738301369863,0.2351,0.02816601057534247,0.2401,0.057648010000000006
2021-04-15,5,0,True,0.0,0.030557482857142864,139.29,-3.9289999999999994,0.1422,0.0004985960547945205,0.16570000000000001,0.0022566978082191784,0.2076,0.010981073095890413,0.233,0.0276650794520548,0.23850000000000002,0.05688225000000001
2021-04-16,5,0,True,0.0,0.030513747142857144,138.33,-3.833000000000001,0.1297,0.00041479126027397264,0.1625,0.002170376712328767,0.2053,0.010739102383561646,0.2316,0.027333622356164385,0.2384,0.05683456
2021-04-19,5,0,True,0.0,0.03251588285714285,137.15,-3.7150000000000007,0.1542,0.0005862979726027398,0.1729,0.002457074794520548,0.2137,0.011635877178082192,0.23739999999999997,0.02871980646575342,0.24100000000000002,0.05808100000000001
2021-04-20,5,0,True,0.0,0.036977675714285715,134.87,-3.4870000000000005,0.17329999999999998,0.0007405370136986299,0.1868,0.002868019726027397,0.2235,0.012727559589041097,0.2446,0.030488284273972606,0.245,0.060024999999999995
2021-04-21,5,0,True,0.0,0.03437525285714285,139.43,-3.9430000000000005,0.1479,0.0005393690136986302,0.175,0.0025171232876712323,0.21489999999999998,0.011766923095890409,0.23800000000000002,0.02886516164383562,0.2404,0.05779216
2021-04-22,5,0,True,0.0,0.03795631857142859,138.09,-3.809,0.1677,0.0006934509863013698,0.18710000000000002,0.0028772391780821924,0.22519999999999998,0.012921914301369863,0.2465,0.030963776712328767,0.2462,0.06061444
2021-04-23,5,0,True,0.0,0.03441991857142856,140.09,-4.009,0.1407,0.0004881326301369862,0.17329999999999998,0.0024684567123287662,0.2157,0.011854694712328768,0.23879999999999998,0.02905953928767123,0.2421,0.058612410000000004
2021-04-26,5,0,True,0.0,0.035052681428571424,139.09,-3.9090000000000003,0.1481,0.0005408287397260274,0.1764,0.0025575583561643833,0.21539999999999998,0.0118217421369863,0.23809999999999998,0.02888942317808219,0.2426,0.058854760000000006
2021-04-27,5,0,True,0.0,0.03497754999999999,139.13,-3.9129999999999994,0.14550000000000002,0.0005220061643835618,0.17559999999999998,0.002534413150684931,0.2132,0.011581491287671233,0.2369,0.028598957424657536,0.2425,0.05880625
2021-04-28,5,0,True,0.0,0.03470672571428571,139.37,-3.9370000000000003,0.1362,0.00045740810958904104,0.1728,0.002454233424657534,0.2113,0.011375986767123288,0.2361,0.02840612893150685,0.242,0.058564
2021-04-29,5,0,True,0.0,0.03594966,139.3,-3.930000000000001,0.1396,0.0004805299726027397,0.1761,0.002548866575342466,0.21309999999999998,0.011570629397260272,0.23670000000000002,0.028550689150684937,0.2422,0.05866084
2021-04-30,5,0,True,0.0,0.03913968999999999,146.32,-4.632,0.1553,0.0005946926301369863,0.1861,0.0028465652054794517,0.2207,0.012410656356164384,0.2419,0.0298189135890411,0.24489999999999998,0.05997600999999999
2021-05-03,5,0,True,0.0,0.036687918571428564,143.75,-4.375,0.1617,0.0006447178356164384,0.18309999999999998,0.0027555295890410955,0.21739999999999998,0.012042292273972601,0.2394,0.029205750575342467,0.2434,0.05924356
2021-05-04,5,0,True,0.0,0.04070737857142857,139.23,-3.922999999999999,0.1775,0.0007768664383561644,0.1948,0.0031189347945205477,0.2267,0.013094626767123288,0.2464,0.030938659068493152,0.24760000000000001,0.06130576000000001
2021-05-05,5,0,True,0.0,0.03915871857142856,142.12,-4.212000000000001,0.1757,0.0007611901643835616,0.19149999999999998,0.0030141575342465744,0.22260000000000002,0.012625262136986304,0.243,0.030090723287671234,0.2458,0.060417639999999995
2021-05-06,5,0,True,0.0,0.037286802857142864,144.47,-4.447,0.1604,0.0006343929863013698,0.1839,0.002779661095890411,0.2188,0.012197890191780822,0.23879999999999998,0.02905953928767123,0.24239999999999998,0.058757759999999985
2021-05-07,5,0,True,0.0,0.031285381428571436,145.76,-4.575999999999999,0.1409,0.0004895213424657534,0.16690000000000002,0.0022895021917808222,0.2079,0.011012833232876714,0.23129999999999998,0.027262855726027393,0.2377,0.056501289999999996
2021-05-10,5,0,True,0.0,0.03861784,142.72,-4.272,0.1968,0.0009549922191780821,0.1966,0.0031768405479452055,0.22399999999999998,0.012784569863013696,0.24280000000000002,0.03004121161643836,0.245,0.060024999999999995
2021-05-11,5,0,True,0.0,0.047341332857142863,140.12,-4.0120000000000005,0.22030000000000002,0.001196681671232877,0.2184,0.003920429589041097,0.24230000000000002,0.014958805397260275,0.2564,0.033500872767123296,0.2529,0.06395841000000001
2021-05-12,5,0,True,0.0,0.06685890033519555,142.6,-4.26,0.2955,0.00215310205479452,0.2759,0.006256504931506848,0.2818,0.02023354882191781,0.2862,0.041740662575342466,0.273,0.07452900000000001
2021-05-13,5,0,True,0.0,0.053340809999999975,139.26,-3.9259999999999993,0.2321,0.0013283114794520549,0.23129999999999998,0.0043972347945205464,0.2526,0.016257612821917806,0.2633,0.03532822339726027,0.2602,0.06770404
2021-05-14,5,0,True,0.0,0.037554809999999994,139.05,-3.905000000000001,0.1741,0.0007473898356164383,0.1881,0.0029080775342465747,0.22260000000000002,0.012625262136986304,0.24230000000000002,0.02991761079452055,0.2469,0.060959610000000004
2021-05-17,5,0,True,0.0,0.04035824714285713,138.35,-3.8349999999999995,0.1883,0.0008742794794520547,0.1972,0.0031962608219178075,0.2314,0.013643217205479452,0.2509,0.032079042904109595,0.252,0.063504
2021-05-18,5,0,True,0.0,0.04617451,139.46,-3.9460000000000006,0.20989999999999998,0.0010863618904109586,0.2134,0.003742977534246575,0.2422,0.014946460602739726,0.2607,0.034633959287671226,0.2601,0.06765201
2021-05-19,5,0,True,0.0,0.05099902428571428,143.75,-4.375,0.2121,0.0011092539452054796,0.2218,0.004043444383561644,0.2527,0.016270487589041094,0.2669,0.03630088619178083,0.263,0.06916900000000001
2021-05-20,5,0,True,0.0,0.04627240285714287,142.96,-4.296000000000001,0.1856,0.0008493869589041095,0.20670000000000002,0.0035116347945205483,0.23809999999999998,0.014444711589041094,0.25739999999999996,0.033762699616438345,0.2565,0.06579225
2021-05-21,5,0,True,0.0,0.045442025714285704,144.51,-4.450999999999999,0.17120000000000002,0.0007226985205479454,0.20149999999999998,0.0033371712328767117,0.2349,0.014059054602739726,0.2554,0.03324006509589041,0.2551,0.06507600999999999
2021-05-24,5,0,True,0.0,0.03914247571428571,144.64,-4.463999999999999,0.1467,0.0005306520821917808,0.184,0.0027826849315068488,0.2223,0.012591254712328767,0.244,0.030338893150684932,0.24710000000000001,0.06105841000000001
2021-05-25,5,0,True,0.0,0.040021195714285716,144.6,-4.459999999999999,0.15789999999999998,0.0006147717534246574,0.1884,0.002917361095890411,0.22399999999999998,0.012784569863013696,0.24600000000000002,0.030838290410958914,0.2481,0.061553609999999995
2021-05-26,5,0,True,0.0,0.034843702857142854,149.82,-4.981999999999999,0.1384,0.0004723042191780821,0.1736,0.002477010410958904,0.213,0.011559772602739726,0.2384,0.02896226893150685,0.2434,0.05924356
2021-05-27,5,0,True,0.0,0.03275618999999999,149.35,-4.935,0.1303,0.00041863783561643837,0.1674,0.002303240547945205,0.20309999999999997,0.010510174602739725,0.2309,0.02716864290410959,0.23850000000000002,0.05688225000000001
2021-05-28,5,0,True,0.0,0.0331831042857143,155.31,-5.531000000000001,0.1273,0.00039958249315068494,0.16760000000000003,0.0023087473972602745,0.2048,0.010686856767123288,0.2311,0.02721572893150685,0.2382,0.056739239999999996
2021-06-01,5,0,True,0.0,0.036129999999999995,149.04,-4.903999999999999,0.15,0.0005547945205479452,0.179,0.0026335068493150682,0.2134,0.011603230356164384,0.2379,0.028840910301369864,0.2427,0.05890329
2021-06-02,5,0,True,0.0,0.035606200000000005,148.59,-4.859,0.13699999999999998,0.00046279726027397244,0.1748,0.002511373150684932,0.21420000000000003,0.011690390465753429,0.2394,0.029205750575342467,0.2446,0.059829160000000006
2021-06-03,5,0,True,0.0,0.03661598285714286,145.21,-4.521000000000001,0.1518,0.0005681894794520546,0.1804,0.0026748624657534246,0.2182,0.012131083068493151,0.2413,0.029671173534246576,0.24739999999999998,0.06120675999999999
2021-06-04,5,0,True,0.0,0.031604200000000006,147.76,-4.775999999999999,0.127,0.00039770136986301373,0.1642,0.0022160252054794524,0.20620000000000002,0.010833465534246578,0.233,0.0276650794520548,0.242,0.058564
2021-06-07,5,0,True,0.0,0.030224281428571434,151.29,-5.129,0.1391,0.00047709394520547947,0.1642,0.0022160252054794524,0.20550000000000002,0.010760036301369864,0.2322,0.027475430794520545,0.24100000000000002,0.05808100000000001
2021-06-08,5,0,True,0.0,0.03142277571428571,150.7,-5.0699999999999985,0.1543,0.0005870586575342466,0.1707,0.0023949443835616434,0.20850000000000002,0.011076491095890414,0.2334,0.027760148383561643,0.2407,0.05793649
2021-06-09,5,0,True,0.0,0.033204524285714285,150.71,-5.071000000000001,0.1709,0.0007201679178082191,0.1789,0.0026305652054794517,0.21280000000000002,0.011538074301369865,0.2361,0.02840612893150685,0.24230000000000002,0.058709290000000004
2021-06-10,5,0,True,0.0,0.028832761428571434,154.81,-5.481,0.1383,0.00047162194520547945,0.161,0.0021304931506849318,0.20079999999999998,0.0102734781369863,0.2259,0.026004741534246575,0.2347,0.055084089999999995
2021-06-11,5,0,True,0.0,0.027679060000000002,159.28,-5.928,0.1306,0.0004205677808219178,0.1565,0.0020130616438356163,0.19640000000000002,0.009828178849315071,0.223,0.025341353424657535,0.2324,0.05400976
2021-06-14,5,0,True,0.0,0.02883574000000001,160.64,-6.063999999999998,0.1492,0.0005488924931506848,0.16390000000000002,0.002207935068493151,0.2014,0.010334965150684931,0.2268,0.026212363397260276,0.2349,0.05517801
2021-06-15,5,0,True,0.0,0.030520925714285704,161.35,-6.135,0.1592,0.0006249363287671233,0.1702,0.0023809347945205474,0.20679999999999998,0.010896603616438355,0.2311,0.02721572893150685,0.2377,0.056501289999999996
2021-06-16,5,0,True,0.0,0.03326706,155.97,-5.5969999999999995,0.1794,0.0007935869589041096,0.1815,0.0027075821917808217,0.2126,0.011516396383561646,0.2345,0.028022428767123284,0.2394,0.05731236
2021-06-17,5,0,True,0.0,0.033099404285714285,161.01,-6.100999999999999,0.16670000000000001,0.0006852055068493152,0.1775,0.002589554794520548,0.20980000000000001,0.01121504580821918,0.23149999999999998,0.02731002328767123,0.2373,0.05631129000000001
2021-06-18,5,0,True,0.0,0.04382915999999999,150.78,-5.078,0.2014,0.0010001579178082192,0.207,0.0035218356164383557,0.2293,0.013396711150684932,0.24480000000000002,0.030538162849315074,0.24670000000000003,0.060860890000000015
2021-06-21,5,0,True,0.0,0.03358249,158.36,-5.836000000000001,0.16829999999999998,0.0006984219452054793,0.1789,0.0026305652054794517,0.2112,0.011365221698630136,0.23370000000000002,0.027831557095890417,0.2386,0.05692996
2021-06-22,5,0,True,0.0,0.030540382857142848,160.51,-6.050999999999999,0.1458,0.00052416098630137,0.1666,0.0022812789041095887,0.2007,0.0102632481369863,0.22690000000000002,0.026235483452054797,0.2341,0.05480281
2021-06-23,5,0,True,0.0,0.030087047142857145,154.85,-5.484999999999999,0.1363,0.0004580800273972603,0.1632,0.0021891156164383562,0.19699999999999998,0.009888320547945204,0.2223,0.025182509424657534,0.2321,0.05387041
2021-06-24,5,0,True,0.0,0.029445575714285716,161.04,-6.103999999999999,0.1277,0.0004020975616438357,0.1597,0.002096226575342466,0.19260000000000002,0.0094515415890411,0.2191,0.024462725095890408,0.23079999999999998,0.05326863999999999
2021-06-25,5,0,True,0.0,0.028826645714285712,170.55,-7.0550000000000015,0.1186,0.00034683189041095886,0.1562,0.002005351232876712,0.19,0.009198082191780822,0.2183,0.024284409698630136,0.2318,0.05373124
2021-06-28,5,0,True,0.0,0.029393097142857136,162.09,-6.2090000000000005,0.1192,0.0003503500273972603,0.1576,0.002041459726027397,0.1902,0.009217456767123287,0.2184,0.0243066634520548,0.23199999999999998,0.05382399999999999
2021-06-29,5,0,True,0.0,0.030634645714285712,163.84,-6.384,0.1186,0.00034683189041095886,0.1602,0.0021093731506849314,0.1949,0.009678627205479452,0.2214,0.024979015232876715,0.2349,0.05517801
2021-06-30,5,0,True,0.0,0.03050846714285714,161.85,-6.185,0.11109999999999999,0.0003043531232876712,0.1583,0.0020596347945205477,0.19510000000000002,0.009698501178082195,0.2229,0.025318630849315064,0.2349,0.05517801
2021-07-01,5,0,True,0.0,0.028633847142857143,155.65,-5.565,0.1143,0.0003221381095890411,0.1548,0.001969564931506849,0.1945,0.009638940410958904,0.2224,0.025205170849315065,0.2354,0.055413159999999996
2021-07-02,5,0,True,0.0,0.02780812857142857,157.94,-5.794,0.10400000000000001,0.00026669589041095895,0.1507,0.001866615616438356,0.193,0.009490841095890412,0.2194,0.024529761534246578,0.2335,0.05452225000000001
2021-07-06,5,0,True,0.0,0.030496045714285724,153.75,-5.375,0.1376,0.00046685983561643837,0.16440000000000002,0.002221426849315069,0.2026,0.010458489534246575,0.22510000000000002,0.025820881808219183,0.2373,0.05631129000000001
2021-07-07,5,0,True,0.0,0.030170361428571425,152.15,-5.215000000000001,0.1307,0.00042121208219178085,0.162,0.002157041095890411,0.2041,0.01061392693150685,0.22649999999999998,0.02614306438356164,0.23809999999999998,0.05669160999999999
2021-07-08,5,0,True,0.0,0.038833531428571426,152.82,-5.281999999999999,0.1724,0.0007328653150684931,0.19,0.0029671232876712327,0.2198,0.01230964306849315,0.23559999999999998,0.02828594235616438,0.2429,0.05900041
2021-07-09,5,0,True,0.0,0.030133754285714288,155.7,-5.5699999999999985,0.13019999999999998,0.0004179955068493149,0.1618,0.0021517183561643835,0.20440000000000003,0.010645152000000003,0.22640000000000002,0.02611998509589042,0.23989999999999997,0.05755200999999999
2021-07-12,5,0,True,0.0,0.02951882571428572,157.93,-5.793000000000001,0.1352,0.00045071605479452047,0.1617,0.0021490594520547947,0.2046,0.010665994191780822,0.2271,0.0262817541369863,0.2402,0.05769604
2021-07-13,5,0,True,0.0,0.03225346857142857,154.4,-5.44,0.14980000000000002,0.0005533160547945207,0.17120000000000002,0.002408995068493151,0.2113,0.011375986767123288,0.233,0.0276650794520548,0.2437,0.05938969
2021-07-14,5,0,True,0.0,0.030342592857142844,154.31,-5.431,0.13449999999999998,0.00044606095890410946,0.16329999999999997,0.002191799178082191,0.20620000000000002,0.010833465534246578,0.23070000000000002,0.02712159764383562,0.24489999999999998,0.05997600999999999
2021-07-15,5,0,True,0.0,0.03226133571428573,154.15,-5.415000000000001,0.14550000000000002,0.0005220061643835618,0.17010000000000003,0.002378137808219179,0.2109,0.011332957068493152,0.2328,0.027617606136986304,0.24559999999999998,0.060319359999999995
2021-07-16,5,0,True,0.0,0.03724221428571428,151.94,-5.194,0.163,0.0006551260273972604,0.1845,0.0027978287671232877,0.2207,0.012410656356164384,0.2394,0.029205750575342467,0.2504,0.06270016
2021-07-19,5,0,True,0.0,0.05129475000000002,155.74,-5.574000000000001,0.22149999999999997,0.0012097541095890407,0.225,0.0041609589041095895,0.249,0.01579751506849315,0.2566,0.03355315660273973,0.2595,0.06734025
2021-07-20,5,0,True,0.0,0.04193986,154.5,-5.45,0.17859999999999998,0.0007865250410958903,0.1973,0.003199503287671233,0.23199999999999998,0.0137140602739726,0.2464,0.030938659068493152,0.25370000000000004,0.06436369000000002
2021-07-21,5,0,True,0.0,0.03662590714285714,155.34,-5.534000000000001,0.1465,0.0005292061643835616,0.1791,0.0026364501369863015,0.2187,0.01218674293150685,0.23800000000000002,0.02886516164383562,0.2487,0.06185169
2021-07-22,5,0,True,0.0,0.036220947142857146,152.63,-5.263,0.1407,0.0004881326301369862,0.1769,0.0025720775342465752,0.2186,0.012175600767123287,0.23739999999999997,0.02871980646575342,0.2484,0.061702560000000004
2021-07-23,5,0,True,0.0,0.03516413285714285,159.44,-5.944,0.12869999999999998,0.0004084197534246574,0.172,0.002431561643835616,0.2165,0.011942792465753424,0.23620000000000002,0.028430196821917813,0.248,0.061503999999999996
2021-07-26,5,0,True,0.0,0.03573890999999999,153.2,-5.3199999999999985,0.1401,0.0004839783287671233,0.17579999999999998,0.0025401895890410954,0.21739999999999998,0.012042292273972601,0.2368,0.028574818191780826,0.24989999999999998,0.06245000999999999
2021-07-27,5,0,True,0.0,0.04092427428571428,151.04,-5.103999999999999,0.1716,0.0007260795616438356,0.1936,0.0030806268493150683,0.23,0.013478630136986303,0.2468,0.031039190794520548,0.2557,0.06538248999999999
2021-07-28,5,0,True,0.0,0.03848091142857142,152.23,-5.222999999999999,0.1482,0.0005415593424657534,0.18309999999999998,0.0027555295890410955,0.2235,0.012727559589041097,0.24359999999999998,0.030239502904109587,0.2534,0.06421156
2021-07-29,5,0,True,0.0,0.03677046428571428,149.96,-4.996,0.1365,0.00045942534246575347,0.177,0.0025749863013698627,0.2188,0.012197890191780822,0.2414,0.029695771397260276,0.2511,0.06305121
2021-07-30,5,0,True,0.0,0.03869067428571428,153.71,-5.371,0.1436,0.0005084620273972602,0.18239999999999998,0.0027345008219178076,0.2218,0.012534677589041096,0.2437,0.030264335178082195,0.253,0.064009
2021-08-02,5,0,True,0.0,0.04283748142857142,153.3,-5.330000000000001,0.16210000000000002,0.0006479114794520549,0.1946,0.0031125336986301366,0.2305,0.013537296575342467,0.2495,0.03172204520547945,0.2564,0.06574096000000001
2021-08-03,5,0,True,0.0,0.038471268571428574,152.56,-5.256,0.1368,0.00046144701369863015,0.1804,0.0026748624657534246,0.2218,0.012534677589041096,0.24359999999999998,0.030239502904109587,0.254,0.064516
2021-08-04,5,0,True,0.0,0.03818136857142857,151.4,-5.140000000000001,0.1362,0.00045740810958904104,0.1797,0.002654144383561644,0.2217,0.012523377452054795,0.2437,0.030264335178082195,0.25489999999999996,0.06497400999999998
2021-08-05,5,0,True,0.0,0.035132807142857145,150.26,-5.025999999999999,0.1325,0.0004328938356164384,0.1728,0.002454233424657534,0.2152,0.011799799232876712,0.23989999999999997,0.02932787358904109,0.25170000000000003,0.06335289000000002
2021-08-06,5,0,True,0.0,0.03211228857142855,150.96,-5.096000000000001,0.1096,0.0002961902465753425,0.16149999999999998,0.002143746575342465,0.2087,0.011097751150684933,0.2368,0.028574818191780826,0.24969999999999998,0.06235008999999999
2021-08-09,5,0,True,0.0,0.03296994999999999,153.13,-5.313,0.1275,0.0004008390410958904,0.1672,0.0022977402739726024,0.2127,0.011527232794520548,0.2413,0.029671173534246576,0.2536,0.06431296
2021-08-10,5,0,True,0.0,0.03277060428571428,153.33,-5.333000000000001,0.1323,0.00043158797260273976,0.1679,0.00231702,0.2121,0.011462290767123288,0.24059999999999998,0.029499273863013695,0.2529,0.06395841000000001
2021-08-11,5,0,True,0.0,0.031099239999999993,154.32,-5.4319999999999995,0.1158,0.00033064865753424657,0.1606,0.0021199199999999995,0.20670000000000002,0.010886067863013701,0.23260000000000003,0.027570173589041104,0.2511,0.06305121
2021-08-12,5,0,True,0.0,0.02901380285714286,157.18,-5.718000000000001,0.11539999999999999,0.0003283683287671232,0.1559,0.001997655616438356,0.2025,0.01044816780821918,0.2288,0.026676700931506852,0.2452,0.06012304
2021-08-13,5,0,True,0.0,0.028714752857142856,159.66,-5.965999999999999,0.1121,0.00030985668493150687,0.1545,0.0019619383561643835,0.2026,0.010458489534246575,0.22920000000000001,0.02677005764383562,0.24530000000000002,0.06017209000000001
2021-08-16,5,0,True,0.0,0.029800989999999996,152.54,-5.254,0.1307,0.00042121208219178085,0.1612,0.0021357895890410958,0.2064,0.010854491178082192,0.23129999999999998,0.027262855726027393,0.24719999999999998,0.06110783999999999
2021-08-17,5,0,True,0.0,0.03445126714285715,149.05,-4.905000000000001,0.1629,0.0006543224383561642,0.1791,0.0026364501369863015,0.217,0.011998019178082192,0.242,0.029843572602739725,0.2526,0.06380675999999999
2021-08-18,5,0,True,0.0,0.043557797142857145,148.54,-4.853999999999999,0.23120000000000002,0.0013180300273972604,0.2157,0.003824095068493151,0.23800000000000002,0.01443258082191781,0.2565,0.0335270095890411,0.26170000000000004,0.06848689000000002
2021-08-19,5,0,True,0.0,0.04774966000000001,151.19,-5.119,0.21239999999999998,0.0011123940821917806,0.2167,0.003859634794520548,0.242,0.014921786301369862,0.2584,0.03402554564383562,0.2622,0.06874883999999999
2021-08-20,5,0,True,0.0,0.03943865714285714,153.51,-5.350999999999999,0.151,0.0005622164383561643,0.1856,0.002831289863013698,0.2241,0.012795987205479451,0.2464,0.030938659068493152,0.2564,0.06574096000000001
2021-08-23,5,0,True,0.0,0.03359348285714285,159.02,-5.902000000000001,0.1402,0.0004846694794520547,0.17149999999999999,0.0024174452054794514,0.212,0.011451484931506849,0.2389,0.029083882356164385,0.2552,0.06512704
2021-08-24,5,0,True,0.0,0.034033045714285705,157.13,-5.712999999999999,0.1394,0.0004791540821917808,0.1722,0.0024372197260273966,0.2122,0.011473101698630138,0.2401,0.029376794136986305,0.257,0.066049
2021-08-25,5,0,True,0.0,0.03304029571428571,159.51,-5.950999999999999,0.12990000000000002,0.0004160714794520549,0.1679,0.00231702,0.2079,0.011012833232876714,0.2364,0.02847836317808219,0.2552,0.06512704
2021-08-26,5,0,True,0.0,0.038159995714285716,157.25,-5.725,0.1711,0.0007218544931506849,0.1884,0.002917361095890411,0.2186,0.012175600767123287,0.244,0.030338893150684932,0.25980000000000003,0.06749604000000002
2021-08-27,5,0,True,0.0,0.031871054285714295,162.43,-6.243,0.1232,0.00037425797260273974,0.16390000000000002,0.002207935068493151,0.2061,0.010822960356164384,0.2354,0.02823793906849315,0.2532,0.06411023999999999
2021-08-30,5,0,True,0.0,0.03127372857142858,157.99,-5.799000000000001,0.12,0.0003550684931506849,0.16190000000000002,0.0021543789041095895,0.204,0.010603528767123286,0.2343,0.02797464969863014,0.253,0.064009
2021-08-31,5,0,True,0.0,0.03183166428571429,155.91,-5.590999999999999,0.1275,0.0004008390410958904,0.1648,0.0022322498630136987,0.20420000000000002,0.010624330191780825,0.2349,0.02811810920547945,0.2532,0.06411023999999999
2021-09-01,5,0,True,0.0,0.031159049999999997,154.75,-5.475,0.1175,0.00034042808219178077,0.1611,0.0021331405479452052,0.20079999999999998,0.0102734781369863,0.2327,0.027593884767123288,0.2522,0.06360484
2021-09-02,5,0,True,0.0,0.03152460428571428,156.98,-5.697999999999999,0.1273,0.00039958249315068494,0.1641,0.002213326849315068,0.20129999999999998,0.010324704575342463,0.2335,0.027783941095890417,0.25120000000000003,0.06310144000000002
2021-09-03,5,0,True,0.0,0.032643059999999995,162.27,-6.227000000000001,0.1166,0.0003352329863013698,0.1641,0.002213326849315068,0.2032,0.01052052690410959,0.2347,0.028070248602739725,0.25489999999999996,0.06497400999999998
2021-09-07,5,0,True,0.0,0.03693670428571429,154.76,-5.475999999999999,0.1533,0.0005794739999999999,0.1814,0.002704599452054795,0.21530000000000002,0.011810768136986304,0.24280000000000002,0.03004121161643836,0.2609,0.06806881000000001
2021-09-08,5,0,True,0.0,0.03675612142857143,153.39,-5.338999999999999,0.1475,0.0005364554794520547,0.1796,0.0026511912328767125,0.2159,0.011876688575342468,0.2434,0.03018986893150685,0.2622,0.06874883999999999
2021-09-09,5,0,True,0.0,0.038752749999999996,149.97,-4.997,0.1655,0.0006753760273972603,0.188,0.0029049863013698627,0.2206,0.012399412273972602,0.2463,0.030913551616438353,0.2646,0.07001316
2021-09-10,5,0,True,0.0,0.040849368571428575,151.16,-5.116,0.22579999999999997,0.0012571801643835613,0.2095,0.0036074178082191777,0.23309999999999997,0.013844415698630133,0.2529,0.03259250482191781,0.2708,0.07333263999999999
2021-09-13,5,0,True,0.0,0.03611212857142858,148.5,-4.85,0.20199999999999999,0.00100612602739726,0.1937,0.0030838101369863014,0.22469999999999998,0.012864598273972601,0.24780000000000002,0.03129123353424658,0.2662,0.07086244
2021-09-14,5,0,True,0.0,0.03791916142857143,146.73,-4.672999999999999,0.1943,0.0009308833150684931,0.1946,0.0031125336986301366,0.2255,0.012956365068493151,0.2487,0.031518943397260274,0.2667,0.07112889
2021-09-15,5,0,True,0.0,0.03596862857142857,154.33,-5.433000000000002,0.162,0.0006471123287671233,0.1818,0.0027165402739726023,0.21760000000000002,0.012064459397260276,0.243,0.030090723287671234,0.26280000000000003,0.06906384000000002
2021-09-16,5,0,True,0.0,0.03803560285714286,152.88,-5.287999999999999,0.1664,0.0006827414794520547,0.1869,0.0028710912328767124,0.2181,0.012119966383561644,0.2434,0.03018986893150685,0.263,0.06916900000000001
2021-09-17,5,0,True,0.0,0.04530020285714284,149.52,-4.952000000000001,0.1966,0.0009530521643835617,0.20809999999999998,0.0035593652054794513,0.2322,0.013737715397260273,0.2523,0.03243803819178083,0.2688,0.07225343999999999
2021-09-20,5,0,True,0.0,0.06154530000000001,141.57,-4.156999999999999,0.27699999999999997,0.001891947945205479,0.2571,0.005432910410958904,0.264,0.017758158904109592,0.27190000000000003,0.037673719068493164,0.2746,0.07540516000000001
2021-09-21,5,0,True,0.0,0.057707789999999995,139.98,-3.997999999999999,0.25129999999999997,0.001557164958904109,0.24359999999999998,0.004877339178082191,0.2547,0.01652905306849315,0.2675,0.03646428082191781,0.27140000000000003,0.07365796000000002
2021-09-22,5,0,True,0.0,0.045992774285714286,144.12,-4.412000000000001,0.1946,0.000933760109589041,0.2087,0.003579919726027397,0.2305,0.013537296575342467,0.2507,0.032027920931506845,0.262,0.06864400000000001
2021-09-23,5,0,True,0.0,0.03707985428571429,146.87,-4.687,0.17079999999999998,0.0007193253698630135,0.1863,0.0028526868493150685,0.2137,0.011635877178082192,0.2391,0.02913259906849315,0.25489999999999996,0.06497400999999998
2021-09-24,5,0,True,0.0,0.03505503142857143,145.67,-4.566999999999998,0.1524,0.0005726899726027397,0.1775,0.002589554794520548,0.2082,0.011044639232876711,0.2366,0.028526570301369868,0.25379999999999997,0.06441443999999999
2021-09-27,5,0,True,0.0,0.03794930285714286,144.66,-4.465999999999999,0.1696,0.0007092532602739726,0.18760000000000002,0.002892637808219178,0.214,0.011668569863013699,0.2414,0.029695771397260276,0.2581,0.06661560999999999
2021-09-28,5,0,True,0.0,0.05137206000000002,140.08,-4.008000000000001,0.24559999999999998,0.0014873266849315067,0.2325,0.004442979452054795,0.2403,0.014712877726027399,0.2608,0.03466053435616438,0.2704,0.07311615999999999
2021-09-29,5,0,True,0.0,0.05235890999999999,137.99,-3.799000000000001,0.21789999999999998,0.0011707498356164382,0.2256,0.004183180273972602,0.2372,0.014335718136986302,0.2588,0.03413096942465753,0.268,0.07182400000000001
2021-09-30,5,0,True,0.0,0.053763618571428556,135.55,-3.555000000000001,0.2303,0.0013077885205479453,0.2314,0.004401037808219177,0.23870000000000002,0.014517603205479455,0.25920000000000004,0.03423655627397261,0.2686,0.07214596000000001
2021-10-01,5,0,True,0.0,0.047740225714285704,135.05,-3.5050000000000012,0.1942,0.0009299253698630139,0.2115,0.0036766232876712323,0.2305,0.013537296575342467,0.253,0.03261828493150685,0.2682,0.07193124
2021-10-04,5,0,True,0.0,0.052558445714285716,130.87,-3.0870000000000006,0.2304,0.001308924493150685,0.2296,0.0043328350684931505,0.24109999999999998,0.014811004191780821,0.2602,0.03450123682191781,0.272,0.07398400000000001
2021-10-05,5,0,True,0.0,0.04711704,131.68,-3.1680000000000006,0.2032,0.0010181155068493151,0.213,0.003728958904109589,0.2311,0.013607864465753424,0.253,0.03261828493150685,0.2657,0.07059649
2021-10-06,5,0,True,0.0,0.046636645714285704,131.51,-3.150999999999999,0.1954,0.0009414532602739726,0.21,0.003624657534246575,0.2284,0.013291753643835615,0.2504,0.03195131441095891,0.2643,0.06985448999999999
2021-10-07,5,0,True,0.0,0.04045750428571429,133.32,-3.3319999999999994,0.1813,0.0008104855068493149,0.1954,0.003138177534246575,0.2212,0.012466953205479454,0.2464,0.030938659068493152,0.2612,0.06822544
2021-10-08,5,0,True,0.0,0.038320660000000006,134.46,-3.4460000000000006,0.1674,0.0006909721643835615,0.1877,0.002895722465753425,0.2188,0.012197890191780822,0.2446,0.030488284273972606,0.2621,0.06869641
2021-10-11,5,0,True,0.0,0.04042589285714286,134.7,-3.469999999999999,0.1975,0.0009617979452054796,0.2,0.003287671232876713,0.22390000000000002,0.012773157616438359,0.24760000000000001,0.031240743452054798,0.2627,0.06901128999999999
2021-10-12,5,0,True,0.0,0.04014258142857144,134.1,-3.4099999999999993,0.1941,0.000928967917808219,0.1985,0.0032385410958904112,0.22329999999999997,0.012704791150684928,0.2465,0.030963776712328767,0.2618,0.06853923999999999
2021-10-13,5,0,True,0.0,0.036585550000000015,135.77,-3.577000000000001,0.1745,0.0007508280821917807,0.1864,0.002855750136986302,0.21539999999999998,0.0118217421369863,0.2407,0.029523800383561644,0.2586,0.06687396
2021-10-14,5,0,True,0.0,0.03122108571428571,143.78,-4.378,0.14800000000000002,0.0005400986301369865,0.1686,0.0023363802739726027,0.20370000000000002,0.01057236484931507,0.2327,0.027593884767123288,0.2531,0.06405960999999999
2021-10-15,5,0,True,0.0,0.03044296,147.27,-4.727000000000001,0.1324,0.00043224065753424653,0.163,0.0021837534246575345,0.203,0.010499827397260275,0.2343,0.02797464969863014,0.25489999999999996,0.06497400999999998
2021-10-18,5,0,True,0.0,0.02970995285714285,143.77,-4.377000000000001,0.1391,0.00047709394520547947,0.1631,0.0021864336986301366,0.2029,0.010489485287671232,0.2364,0.02847836317808219,0.25670000000000004,0.06589489000000003
2021-10-19,5,0,True,0.0,0.027586188571428572,141.01,-4.100999999999999,0.1334,0.00043879463013698626,0.157,0.002025945205479452,0.1998,0.010171407452054795,0.2323,0.027499101205479454,0.2546,0.06482116
2021-10-20,5,0,True,0.0,0.027375609999999998,141.23,-4.122999999999999,0.12689999999999999,0.0003970753150684931,0.1549,0.001972110410958904,0.19870000000000002,0.010059718273972605,0.2306,0.027098090301369865,0.2536,0.06431296
2021-10-21,5,0,True,0.0,0.026208181428571432,140.94,-4.093999999999999,0.11810000000000001,0.0003439136712328768,0.1501,0.0018517816438356166,0.1948,0.009668697863013699,0.22829999999999998,0.026560234356164378,0.2516,0.06330256
2021-10-22,5,0,True,0.0,0.027861254285714277,139.34,-3.934,0.1198,0.0003538859178082192,0.1543,0.0019568621917808214,0.20010000000000003,0.010201975150684934,0.2322,0.027475430794520545,0.2529,0.06395841000000001
2021-10-25,5,0,True,0.0,0.025836167142857143,140.94,-4.093999999999999,0.1309,0.00042250216438356156,0.1524,0.0019089665753424657,0.1956,0.009748275287671233,0.22760000000000002,0.02639760920547946,0.2482,0.061603240000000004
2021-10-26,5,0,True,0.0,0.027679389999999998,141.3,-4.130000000000001,0.1433,0.0005063397534246576,0.1598,0.0020988526027397258,0.2011,0.010304198712328768,0.2303,0.027027629424657536,0.2504,0.06270016
2021-10-27,5,0,True,0.0,0.031338960000000006,140.6,-4.06,0.1516,0.0005666932602739727,0.1698,0.0023697567123287674,0.2089,0.011119031589041095,0.237,0.02862310684931507,0.2503,0.06265009
2021-10-28,5,0,True,0.0,0.030258295714285715,144.73,-4.472999999999999,0.1431,0.0005049273698630137,0.1653,0.002245815616438356,0.2048,0.010686856767123288,0.2343,0.02797464969863014,0.2492,0.062100640000000006
2021-10-29,5,0,True,0.0,0.029760990000000005,148.09,-4.809,0.1367,0.00046077263013698624,0.16260000000000002,0.002173048767123288,0.20370000000000002,0.01057236484931507,0.2335,0.027783941095890417,0.248,0.061503999999999996
2021-11-01,5,0,True,0.0,0.028801139999999996,145.81,-4.581,0.1502,0.0005562749589041096,0.1641,0.002213326849315068,0.2039,0.010593135698630138,0.23329999999999998,0.027736365863013698,0.24670000000000003,0.060860890000000015
2021-11-02,5,0,True,0.0,0.027397231428571422,146.68,-4.668000000000001,0.1474,0.0005357283287671233,0.1603,0.0021120073972602737,0.201,0.010293953424657536,0.23129999999999998,0.027262855726027393,0.24719999999999998,0.06110783999999999
2021-11-03,5,0,True,0.0,0.025218142857142852,149.77,-4.977000000000001,0.131,0.0004231479452054795,0.151,0.0018740547945205477,0.195,0.009688561643835617,0.22699999999999998,0.026258613698630133,0.24710000000000001,0.06105841000000001
2021-11-04,5,0,True,0.0,0.026768731428571422,151.67,-5.166999999999999,0.1304,0.0004192806575342465,0.15439999999999998,0.001959399452054794,0.19699999999999998,0.009888320547945204,0.22870000000000001,0.026653387232876715,0.2486,0.061801959999999996
2021-11-05,5,0,True,0.0,0.03138766428571429,148.83,-4.883000000000001,0.1315,0.00042638424657534253,0.1648,0.0022322498630136987,0.20489999999999997,0.010697295698630134,0.2349,0.02811810920547945,0.2539,0.06446521000000001
2021-11-08,5,0,True,0.0,0.03343727571428571,149.24,-4.924000000000001,0.14429999999999998,0.0005134312602739725,0.1722,0.0024372197260273966,0.20980000000000001,0.01121504580821918,0.23800000000000002,0.02886516164383562,0.2555,0.06528025
2021-11-09,5,0,True,0.0,0.03527251,144.09,-4.409000000000001,0.1519,0.0005689383287671233,0.1778,0.0025983156164383564,0.2141,0.01167947761643836,0.2412,0.0296465858630137,0.2575,0.06630625
2021-11-10,5,0,True,0.0,0.03921316428571429,144.89,-4.488999999999999,0.1595,0.0006272938356164384,0.1873,0.002883393698630137,0.22,0.012332054794520549,0.24480000000000002,0.030538162849315074,0.2588,0.06697743999999999
2021-11-11,5,0,True,0.0,0.035789800000000004,144.03,-4.4030000000000005,0.14300000000000002,0.0005042219178082193,0.1766,0.002563361095890411,0.2138,0.011646769643835616,0.2404,0.029450251397260277,0.2563,0.06568968999999998
2021-11-12,5,0,True,0.0,0.03174800999999999,144.37,-4.437,0.1199,0.0003544769589041096,0.1629,0.0021810747945205477,0.2069,0.010907144465753426,0.2369,0.028598957424657536,0.254,0.064516
2021-11-15,5,0,True,0.0,0.03246687142857142,142.38,-4.2379999999999995,0.122,0.0003670027397260274,0.1649,0.002234959726027397,0.2087,0.011097751150684933,0.2386,0.0290108837260274,0.2553,0.06517809000000001
2021-11-16,5,0,True,0.0,0.03217254571428572,139.56,-3.9560000000000004,0.11939999999999999,0.00035152668493150676,0.1637,0.0022025498630136985,0.209,0.011129679452054795,0.23929999999999998,0.029181356547945205,0.2586,0.06687396
2021-11-17,5,0,True,0.0,0.03614401,141.96,-4.196000000000001,0.1151,0.00032666326027397255,0.1711,0.002406181643835616,0.2158,0.01186568909589041,0.2466,0.03098890454794521,0.2651,0.07027801
2021-11-18,5,0,True,0.0,0.03757951857142856,144.8,-4.480000000000001,0.1243,0.00038097098630136985,0.1759,0.0025430802739726025,0.21899999999999997,0.012220199999999997,0.2487,0.031518943397260274,0.2662,0.07086244
2021-11-19,5,0,True,0.0,0.03918105,148.44,-4.843999999999999,0.1245,0.00038219794520547945,0.1791,0.0026364501369863015,0.2192,0.012242530191780824,0.2487,0.031518943397260274,0.2663,0.07091568999999999
2021-11-22,5,0,True,0.0,0.04144454571428572,147.44,-4.744,0.1606,0.0006359759999999999,0.1917,0.0030204567123287675,0.2263,0.013048457999999999,0.25429999999999997,0.03295435380821917,0.2691,0.07241481000000001
2021-11-23,5,0,True,0.0,0.04219823571428571,146.99,-4.699000000000001,0.1635,0.0006591513698630138,0.1938,0.0030869950684931503,0.2245,0.012841707534246577,0.2532,0.03266987572602739,0.2683,0.07198489
2021-11-24,5,0,True,0.0,0.039903811428571426,148.15,-4.815,0.1482,0.0005415593424657534,0.1858,0.0028373950684931503,0.21899999999999997,0.012220199999999997,0.24969999999999998,0.03177292257534246,0.2656,0.07054336
2021-11-26,5,0,True,0.0,0.0768852,148.27,-4.827000000000001,0.306,0.0023088328767123284,0.2862,0.006732364931506849,0.2917,0.021680182931506854,0.2988,0.045496843397260275,0.2966,0.08797155999999999
2021-11-29,5,0,True,0.0,0.05562687571428571,149.93,-4.993,0.2143,0.0011323846849315069,0.2296,0.0043328350684931505,0.2504,0.015975657205479454,0.26940000000000003,0.03698411769863015,0.2784,0.07750655999999999
2021-11-30,5,0,True,0.0,0.07109554000000003,150.55,-5.0550000000000015,0.2838,0.0019859779726027395,0.27190000000000003,0.006076406301369864,0.2813,0.020161811424657537,0.2915,0.04330092739726027,0.2937,0.08625969000000001
2021-12-01,5,0,True,0.0,0.08770012184357548,155.21,-5.521000000000001,0.3393,0.0028386860547945205,0.31120000000000003,0.007959899178082193,0.3079,0.024155134602739728,0.31079999999999997,0.04922458915068492,0.3037,0.09223369000000002
2021-12-02,5,0,True,0.0,0.07790428857142855,151.38,-5.138,0.2804,0.0019386779178082187,0.27949999999999997,0.006420842465753423,0.2915,0.021650463698630135,0.2985,0.0454055301369863,0.2958,0.08749764
2021-12-03,5,0,True,0.0,0.0913117,149.64,-4.963999999999999,0.317,0.0024778109589041098,0.30670000000000003,0.007731360821917809,0.3178,0.02573344142465754,0.3146,0.05043563769863013,0.3114,0.09696996000000001
2021-12-06,5,0,True,0.0,0.07361845285714286,151.64,-5.163999999999999,0.2729,0.0018363553150684928,0.2718,0.006071937534246574,0.2888,0.02125124909589041,0.2975,0.04510181506849315,0.2968,0.08809024
2021-12-07,5,0,True,0.0,0.049857918571428565,151.66,-5.1659999999999995,0.20829999999999999,0.0010698630410958903,0.2189,0.003938400821917808,0.24960000000000002,0.015873739397260275,0.2677,0.03651882723287671,0.2796,0.07817616000000001
2021-12-08,5,0,True,0.0,0.04344785714285712,151.2,-5.119999999999999,0.175,0.0007551369863013698,0.19899999999999998,0.003254876712328766,0.23629999999999998,0.014227137452054792,0.2601,0.03447472290410959,0.27649999999999997,0.07645224999999999
2021-12-09,5,0,True,0.0,0.048534909999999994,149.66,-4.965999999999999,0.20489999999999997,0.0010352221643835614,0.2158,0.003827641643835616,0.2466,0.015494452273972606,0.2687,0.036792170794520546,0.2821,0.07958041
2021-12-10,5,0,True,0.0,0.03933844285714286,147.34,-4.734,0.157,0.0006077835616438356,0.1869,0.0028710912328767124,0.2318,0.013690425534246575,0.2605,0.03458083972602741,0.2763,0.07634168999999999
2021-12-13,5,0,True,0.0,0.04419665999999999,146.07,-4.606999999999999,0.18539999999999998,0.0008475573698630135,0.20309999999999997,0.0033903789041095883,0.2432,0.0150701378630137,0.2691,0.0369017935890411,0.2818,0.07941124
2021-12-14,5,0,True,0.0,0.04951714,137.76,-3.775999999999999,0.2102,0.0010894694794520547,0.2189,0.003938400821917808,0.2535,0.016373669178082195,0.2764,0.03893105358904109,0.2872,0.08248384
2021-12-15,5,0,True,0.0,0.04109051142857141,141.75,-4.175,0.1678,0.0006942782465753425,0.1929,0.0030583898630136977,0.233,0.0138325397260274,0.2647,0.03570491161643836,0.2787,0.07767369
2021-12-16,5,0,True,0.0,0.04536337428571428,140.29,-4.028999999999999,0.18760000000000002,0.0008677913424657535,0.2057,0.0034777389041095886,0.2437,0.015132167589041097,0.27140000000000003,0.037535289205479466,0.28850000000000003,0.08323225000000002
2021-12-17,5,0,True,0.0,0.05041973571428572,134.94,-3.4939999999999998,0.1935,0.0009232335616438357,0.2157,0.003824095068493151,0.25379999999999997,0.01641244635616438,0.27899999999999997,0.0396669205479452,0.2909,0.08462280999999999
2021-12-20,5,0,True,0.0,0.05357881,131.71,-3.1710000000000007,0.22210000000000002,0.0012163169589041098,0.22870000000000001,0.004298933424657534,0.2631,0.01763728693150685,0.2834,0.04092792920547945,0.2932,0.08596624000000001
2021-12-21,5,0,True,0.0,0.047864204285714286,136.33,-3.6330000000000013,0.1883,0.0008742794794520547,0.2101,0.003628110410958904,0.25,0.015924657534246576,0.275,0.03853767123287672,0.2895,0.08381024999999999
2021-12-22,5,0,True,0.0,0.040245659999999996,142.04,-4.203999999999999,0.1476,0.0005371831232876713,0.1863,0.0028526868493150685,0.23559999999999998,0.01414297117808219,0.26649999999999996,0.036192160273972596,0.2836,0.08042896000000001
2021-12-23,5,0,True,0.0,0.03802462428571429,150.26,-5.025999999999999,0.1371,0.0004634731232876712,0.1796,0.0026511912328767125,0.2324,0.01376139090410959,0.2648,0.03573189435616438,0.28309999999999996,0.08014560999999998
2021-12-27,5,0,True,0.0,0.03566875428571427,151.87,-5.187,0.1448,0.0005169955068493151,0.17679999999999998,0.002569170410958903,0.2274,0.013175618301369861,0.25989999999999996,0.0344217256438356,0.2798,0.07828803999999999
2021-12-28,5,0,True,0.0,0.03506337142857143,153.21,-5.321000000000001,0.14400000000000002,0.0005112986301369864,0.1754,0.002528643287671233,0.22329999999999997,0.012704791150684928,0.25780000000000003,0.03386771572602741,0.281,0.07896100000000002
2021-12-29,5,0,True,0.0,0.033966535714285706,156.24,-5.6240000000000006,0.1285,0.00040715136986301366,0.16949999999999998,0.0023613904109589037,0.2183,0.012142204849315068,0.25420000000000004,0.03292844120547946,0.2779,0.07722840999999998
2021-12-30,5,0,True,0.0,0.03467128857142856,155.27,-5.527000000000001,0.1386,0.0004736702465753425,0.17329999999999998,0.0024684567123287662,0.2188,0.012197890191780822,0.2539,0.03285076454794521,0.2792,0.07795264
2021-12-31,5,0,True,0.0,0.03482573142857142,154.38,-5.438,0.1326,0.000433547506849315,0.1722,0.0024372197260273966,0.2188,0.012197890191780822,0.251,0.032104619178082196,0.2762,0.07628644
2022-01-03,5,0,True,0.0,0.03153184000000001,151.49,-5.149000000000001,0.1352,0.00045071605479452047,0.166,0.0022648767123287675,0.21530000000000002,0.011810768136986304,0.24739999999999998,0.031190294136986298,0.2727,0.07436529
2022-01-04,5,0,True,0.0,0.03259311142857143,150.36,-5.036000000000001,0.1388,0.0004750382465753425,0.1691,0.0023502583561643836,0.2162,0.011909717589041097,0.2486,0.031493601534246574,0.2753,0.07579008999999999
2022-01-05,5,0,True,0.0,0.041616490000000006,143.41,-4.340999999999999,0.1807,0.0008051298904109589,0.1973,0.003199503287671233,0.2347,0.014035124301369863,0.26,0.0344482191780822,0.2824,0.07974975999999999
2022-01-06,5,0,True,0.0,0.04246271714285714,140.77,-4.077000000000001,0.17059999999999997,0.0007176417534246573,0.1961,0.0031607021917808213,0.235,0.014071027397260273,0.2593,0.034262978465753414,0.2791,0.07789681000000001
2022-01-07,5,0,True,0.0,0.0401128,139.14,-3.913999999999999,0.154,0.0005847780821917808,0.18760000000000002,0.002892637808219178,0.22870000000000001,0.013326693616438358,0.2541,0.03290253879452055,0.2755,0.07590025000000002
2022-01-10,5,0,True,0.0,0.04001850999999998,139.24,-3.924000000000001,0.1791,0.0007909350410958905,0.19399999999999998,0.0030933698630136977,0.2268,0.013106181698630138,0.2514,0.03220702619178083,0.2768,0.07661823999999999
2022-01-11,5,0,True,0.0,0.036622810000000006,138.09,-3.809,0.1659,0.0006786446301369863,0.1841,0.0027857104109589043,0.2198,0.01230964306849315,0.2463,0.030913551616438353,0.2693,0.07252249
2022-01-12,5,0,True,0.0,0.035116240000000014,135.73,-3.572999999999999,0.14679999999999999,0.0005313757808219177,0.17620000000000002,0.0025517621917808225,0.2158,0.01186568909589041,0.2434,0.03018986893150685,0.2636,0.06948496
2022-01-13,5,0,True,0.0,0.043796695714285704,133.13,-3.3129999999999997,0.18789999999999998,0.00087056901369863,0.20309999999999997,0.0033903789041095883,0.2341,0.013963455698630138,0.2563,0.03347474613698629,0.2702,0.07300804
2022-01-14,5,0,True,0.0,0.03976646714285715,133.85,-3.3849999999999993,0.17309999999999998,0.0007388287397260271,0.19190000000000002,0.003026762465753425,0.22820000000000001,0.01326848580821918,0.2518,0.03230959627397261,0.2712,0.07354944
2022-01-18,5,0,True,0.0,0.04916106142857142,129.72,-2.972,0.24170000000000003,0.0014404657808219181,0.2279,0.004268910410958904,0.25120000000000003,0.01607790115068494,0.2677,0.03651882723287671,0.2801,0.07845601
2022-01-19,5,0,True,0.0,0.05665686000000001,134.73,-3.472999999999999,0.2396,0.0014155436712328768,0.23850000000000002,0.004675253424657535,0.2581,0.016973292410958903,0.2717,0.03761831654794521,0.2814,0.07918595999999999
2022-01-20,5,0,True,0.0,0.0629286042857143,127.58,-2.758,0.2673,0.0017617633150684927,0.2559,0.005382313150684931,0.2725,0.01892008561643836,0.2808,0.04018040284931507,0.2845,0.08094024999999999
2022-01-21,5,0,True,0.0,0.07808866000000002,136.18,-3.6180000000000008,0.3086,0.0023482346301369863,0.28850000000000003,0.00684100684931507,0.2995,0.02285513219178082,0.3037,0.04700127764383563,0.2967,0.08803089000000001
2022-01-24,5,0,True,0.0,0.07272689714285713,136.06,-3.6060000000000003,0.3582,0.003163740164383562,0.299,0.007348027397260273,0.30820000000000003,0.024202228273972608,0.3059,0.047684697698630145,0.3036,0.09217295999999998
2022-01-25,5,0,True,0.0,0.07946283999999997,133.9,-3.3900000000000006,0.3718,0.0034085401643835617,0.3116,0.007980374794520547,0.3176,0.0257010621369863,0.313,0.04992392876712329,0.30469999999999997,0.09284208999999999
2022-01-26,5,0,True,0.0,0.08597337142857141,133.38,-3.3379999999999996,0.374,0.0034489972602739726,0.3196,0.008395410410958903,0.3195,0.026009488356164383,0.3104,0.04909796646575343,0.3038,0.09229444
2022-01-27,5,0,True,0.0,0.08604940428571425,132.22,-3.222,0.33030000000000004,0.0026900898904109595,0.3049,0.007640877534246575,0.30870000000000003,0.024280819643835622,0.30269999999999997,0.04669226284931506,0.2989,0.08934121
2022-01-28,5,0,True,0.0,0.07538379,132.96,-3.2960000000000007,0.2813,0.0019511430410958904,0.2766,0.006288292602739726,0.2882,0.021163039232876716,0.2907,0.043063581205479456,0.2905,0.08439024999999999
2022-01-31,5,0,True,0.0,0.06057803285714285,131.44,-3.1439999999999997,0.25329999999999997,0.0015820493424657529,0.2483,0.005067360821917807,0.2685,0.018368710273972605,0.2756,0.03870601906849315,0.28,0.07840000000000001
2022-02-01,5,0,True,0.0,0.04981122857142857,133.0,-3.3,0.21100000000000002,0.0010977780821917812,0.21960000000000002,0.003963629589041096,0.24760000000000001,0.015620371726027399,0.2607,0.034633959287671226,0.2705,0.07317025
2022-02-02,5,0,True,0.0,0.04971429999999998,132.05,-3.205000000000001,0.21600000000000003,0.0011504219178082194,0.22089999999999999,0.0040106967123287665,0.2514,0.016103513095890414,0.2668,0.03627368942465753,0.27399999999999997,0.07507599999999998
2022-02-03,5,0,True,0.0,0.059790695714285726,132.75,-3.275,0.24109999999999998,0.0014333229863013697,0.24350000000000002,0.004873335616438356,0.2667,0.018123251424657535,0.2776,0.03926982838356165,0.2825,0.07980624999999998
2022-02-04,5,0,True,0.0,0.05654435999999999,129.29,-2.9289999999999994,0.2186,0.0011782839452054792,0.2322,0.00443152109589041,0.2625,0.01755693493150685,0.2758,0.0387622165479452,0.2805,0.07868025000000002
2022-02-07,5,0,True,0.0,0.05464028142857144,126.25,-2.625,0.2161,0.0011514873698630133,0.2286,0.004295174794520548,0.2569,0.016815829397260278,0.27140000000000003,0.037535289205479466,0.278,0.07728400000000002
2022-02-08,5,0,True,0.0,0.04840459000000001,127.72,-2.772,0.2007,0.0009932175616438354,0.2144,0.003778139178082192,0.24539999999999998,0.015344021589041093,0.2631,0.0352745738630137,0.2805,0.07868025000000002
2022-02-09,5,0,True,0.0,0.04197584714285714,129.78,-2.978,0.1867,0.0008594849589041096,0.1996,0.003274533698630137,0.2349,0.014059054602739726,0.2553,0.03321404038356165,0.266,0.07075600000000001
2022-02-10,5,0,True,0.0,0.05757698142857143,128.11,-2.8110000000000013,0.2371,0.0013861580547945204,0.2391,0.004698806301369863,0.2607,0.017316979643835613,0.2728,0.03792353490410958,0.2784,0.07750655999999999
2022-02-11,5,0,True,0.0,0.07606484571428572,126.81,-2.681,0.26839999999999997,0.0017762932602739723,0.2736,0.006152626849315068,0.2883,0.0211777281369863,0.29,0.04285643835616438,0.28850000000000003,0.08323225000000002
2022-02-14,5,0,True,0.0,0.08077169642458104,128.12,-2.8120000000000003,0.2762,0.001881035506849315,0.2833,0.006596621095890411,0.2944,0.022083387616438358,0.29469999999999996,0.04425683490410958,0.2896,0.08386816000000001
2022-02-15,5,0,True,0.0,0.06865170999999999,129.76,-2.975999999999999,0.24489999999999998,0.0014788605205479448,0.257,0.005428684931506849,0.2728,0.01896176745205479,0.281,0.04023766027397261,0.2801,0.07845601
2022-02-16,5,0,True,0.0,0.06480591142857142,132.75,-3.275,0.2132,0.0011207894794520547,0.2429,0.0048493487671232875,0.2626,0.01757031419178082,0.2724,0.03781240372602739,0.2767,0.07656289
2022-02-17,5,0,True,0.0,0.08002160999999998,131.31,-3.1310000000000002,0.27690000000000003,0.001890582164383562,0.2811,0.006494565205479452,0.2932,0.021903726904109595,0.2943,0.0441367757260274,0.2899,0.08404201
2022-02-18,5,0,True,0.0,0.08097060428571429,128.36,-2.836000000000001,0.26030000000000003,0.0016706981095890416,0.2775,0.006329280821917809,0.2922,0.021754570191780825,0.2939,0.044016879616438354,0.2915,0.08497224999999999
2022-02-22,5,0,True,0.0,0.08106035189944137,128.33,-2.833000000000001,0.2862,0.0020197094794520546,0.28809999999999997,0.006822050136986299,0.29109999999999997,0.02159108638356164,0.2921,0.04347936509589042,0.28850000000000003,0.08323225000000002
2022-02-23,5,0,True,0.0,0.08209835139664805,126.88,-2.6879999999999997,0.3071,0.0023254621643835614,0.3102,0.00790882520547945,0.30879999999999996,0.024296553205479444,0.3075,0.04818482876712329,0.2974,0.08844676
2022-02-24,5,0,True,0.0,0.08756436988826813,130.48,-3.047999999999999,0.3004,0.0022250998356164384,0.3032,0.0075559101369863015,0.3005,0.02300800890410959,0.2998,0.04580188339726028,0.2979,0.08874441
2022-02-25,5,0,True,0.0,0.0794373357142857,132.51,-3.250999999999999,0.2615,0.0016861376712328769,0.2759,0.006256504931506848,0.2804,0.02003300515068493,0.2867,0.04188663435616439,0.2845,0.08094024999999999
2022-02-28,5,0,True,0.0,0.08359920564245814,137.36,-3.7360000000000015,0.315,0.0024466438356164385,0.3015,0.007471417808219177,0.2965,0.022399559589041097,0.2988,0.045496843397260275,0.29410000000000003,0.08649481000000002
2022-03-01,5,0,True,0.0,0.0875511693296089,134.42,-3.441999999999999,0.348,0.0029861260273972598,0.3332,0.009125115616438355,0.3259,0.02706193241095891,0.32130000000000003,0.052606757095890425,0.3091,0.09554280999999999
2022-03-02,5,0,True,0.0,0.08169473541899437,136.11,-3.6110000000000015,0.3079,0.002337593671232877,0.3074,0.007766692602739727,0.3097,0.02443838457534246,0.3104,0.04909796646575343,0.2986,0.08916195999999998
2022-03-03,5,0,True,0.0,0.08185896430167593,133.28,-3.3280000000000003,0.3002,0.00222213797260274,0.3048,0.007635866301369863,0.308,0.024170827397260276,0.30920000000000003,0.04871907682191782,0.2981,0.08886360999999998
2022-03-04,5,0,True,0.0,0.08499623776536316,134.98,-3.497999999999999,0.3111,0.002386435315068493,0.31980000000000003,0.008405921095890412,0.3234,0.026648337205479454,0.3208,0.05244315353424657,0.3068,0.09412624000000001
2022-03-07,5,0,True,0.0,0.08687180173184357,136.69,-3.6689999999999996,0.3857,0.003668165506849315,0.36450000000000005,0.010920020547945209,0.3574,0.03254611693150685,0.3453,0.06075936641095891,0.3215,0.10336225
2022-03-08,5,0,True,0.0,0.08727896642458097,135.25,-3.525,0.3666,0.003313863123287671,0.3513,0.010143426575342465,0.35,0.031212328767123286,0.3429,0.05991768838356164,0.32049999999999995,0.10272024999999997
2022-03-09,5,0,True,0.0,0.08656096569832405,134.12,-3.4120000000000004,0.3344,0.002757288328767123,0.3245,0.008654815068493152,0.3306,0.02784811364383562,0.3297,0.05539339380821918,0.3128,0.09784384000000002
2022-03-10,5,0,True,0.0,0.0882773622346369,130.94,-3.094,0.30010000000000003,0.0022206577808219184,0.3023,0.007511119726027397,0.3152,0.025314100602739725,0.3204,0.052312454136986306,0.30920000000000003,0.09560464000000002
2022-03-11,5,0,True,0.0,0.09201549837988827,130.7,-3.069999999999999,0.3063,0.0023133622191780826,0.3075,0.007771746575342465,0.3234,0.026648337205479454,0.3298,0.05542700120547944,0.3171,0.10055241
2022-03-14,5,0,True,0.0,0.09397500428571427,131.81,-3.181,0.3423,0.0028891057808219174,0.3177,0.008295886849315067,0.3332,0.028287858410958905,0.3369,0.057839176602739725,0.32520000000000004,0.10575504000000002
2022-03-15,5,0,True,0.0,0.08669966714285716,130.66,-3.066,0.3071,0.0023254621643835614,0.2983,0.007313662191780822,0.3196,0.026025772273972604,0.32549999999999996,0.053991086301369846,0.3161,0.09991921
2022-03-16,5,0,True,0.0,0.07149355285714284,132.0,-3.2,0.2651,0.0017328824383561643,0.2667,0.005846210136986301,0.2896,0.02136914761643836,0.3035,0.04693939315068493,0.30260000000000004,0.09156676000000002
2022-03-17,5,0,True,0.0,0.06747826000000003,134.93,-3.4930000000000008,0.2494,0.0015337075068493152,0.25670000000000004,0.005416018356164385,0.2822,0.020291030465753427,0.2962,0.04470850915068494,0.2959,0.08755681
2022-03-18,5,0,True,0.0,0.060294010000000016,136.64,-3.663999999999999,0.22190000000000001,0.0012141273698630137,0.23870000000000002,0.004683097808219179,0.2655,0.017960529452054796,0.28309999999999996,0.040841324547945194,0.2843,0.08082649
2022-03-21,5,0,True,0.0,0.05695214714285715,135.73,-3.572999999999999,0.2273,0.0012739386575342465,0.2353,0.0045506375342465755,0.2638,0.017731262794520544,0.2823,0.04061082723287671,0.2872,0.08248384
2022-03-22,5,0,True,0.0,0.05334601857142858,139.72,-3.972,0.2257,0.001256066876712329,0.22940000000000002,0.004325289863013699,0.2585,0.01702594315068493,0.2772,0.03915674038356165,0.2848,0.08111104
2022-03-23,5,0,True,0.0,0.05627623857142856,136.71,-3.6710000000000007,0.2321,0.0013283114794520549,0.2357,0.004566122465753424,0.2641,0.017771614602739724,0.2816,0.040409677150684935,0.2873,0.08254129
2022-03-24,5,0,True,0.0,0.049213711428571436,138.39,-3.8389999999999986,0.20420000000000002,0.00102816098630137,0.2167,0.003859634794520548,0.253,0.016309142465753424,0.2748,0.038481636821917804,0.2841,0.08071281000000001
2022-03-25,5,0,True,0.0,0.04727647857142856,140.26,-4.025999999999999,0.1845,0.0008393486301369863,0.20809999999999998,0.0035593652054794513,0.24719999999999998,0.015569942794520546,0.2702,0.03720409709589041,0.28059999999999996,0.07873635999999998
2022-03-28,5,0,True,0.0,0.04143874,138.87,-3.8870000000000005,0.1782,0.0007830059178082191,0.1963,0.003167152602739726,0.2418,0.014897132383561643,0.266,0.03605648219178083,0.2801,0.07845601
2022-03-29,5,0,True,0.0,0.03784493142857141,140.0,-4.0,0.1754,0.0007585929863013699,0.18899999999999997,0.002935972602739725,0.23190000000000002,0.013702240356164387,0.2587,0.03410459819178082,0.2756,0.07595536
2022-03-30,5,0,True,0.0,0.04035820428571427,139.28,-3.928,0.1743,0.0007491079726027398,0.19329999999999997,0.0030710868493150677,0.2357,0.014154979643835617,0.2618,0.03492684558904109,0.278,0.07728400000000002
2022-03-31,5,0,True,0.0,0.045877942857142855,140.73,-4.072999999999999,0.184,0.0008348054794520547,0.20559999999999998,0.003474358356164383,0.2446,0.015244142136986303,0.26789999999999997,0.0365734144109589,0.2827,0.07991929
2022-04-01,5,0,True,0.0,0.0440767,145.51,-4.550999999999999,0.16,0.0006312328767123287,0.1963,0.003167152602739726,0.2421,0.01493412090410959,0.2675,0.03646428082191781,0.2814,0.07918595999999999
2022-04-04,5,0,True,0.0,0.03861880285714285,146.48,-4.647999999999999,0.1576,0.000612437917808219,0.1857,0.002834341643835616,0.2303,0.013513814712328768,0.2579,0.033893995232876714,0.276,0.07617600000000001
2022-04-05,5,0,True,0.0,0.04832136857142858,141.33,-4.133000000000001,0.1862,0.0008548875616438356,0.21030000000000001,0.0036350210958904115,0.249,0.01579751506849315,0.2728,0.03792353490410958,0.2851,0.08128201000000002
2022-04-06,5,0,True,0.0,0.05324158857142857,144.27,-4.427000000000001,0.19640000000000002,0.000951114082191781,0.221,0.004014328767123288,0.258,0.016960142465753426,0.2784,0.039496493589041094,0.2892,0.08363664000000001
2022-04-07,5,0,True,0.0,0.05079024999999999,139.55,-3.955000000000001,0.1905,0.0008948280821917809,0.2155,0.003817006849315068,0.2523,0.016219019095890415,0.2752,0.038593746410958904,0.2861,0.08185321000000001
2022-04-08,5,0,True,0.0,0.051136942857142854,141.51,-4.150999999999999,0.17300000000000001,0.0007379753424657535,0.2116,0.0036801008219178085,0.25170000000000003,0.016141969232876717,0.2752,0.038593746410958904,0.2863,0.08196769
2022-04-11,5,0,True,0.0,0.0624657357142857,137.91,-3.7909999999999995,0.2285,0.0012874253424657535,0.2437,0.0048813443835616435,0.27,0.018574520547945207,0.2872,0.04203286093150685,0.2937,0.08625969000000001
2022-04-12,5,0,True,0.0,0.06240108142857143,137.62,-3.7620000000000005,0.2249,0.0012471783287671232,0.2426,0.004837377534246575,0.2717,0.018809158273972604,0.2888,0.04250249819178082,0.2955,0.08732024999999999
2022-04-13,5,0,True,0.0,0.05229937857142857,139.86,-3.9860000000000015,0.19149999999999998,0.0009042472602739724,0.2182,0.003913252602739726,0.2554,0.016620032547945206,0.2787,0.03958166120547946,0.28800000000000003,0.08294400000000002
2022-04-14,5,0,True,0.0,0.05758275999999999,134.39,-3.4389999999999987,0.1934,0.0009222795616438355,0.22699999999999998,0.004235260273972602,0.26030000000000003,0.01726388046575343,0.2826,0.04069718728767124,0.2927,0.08567329000000001
2022-04-18,5,0,True,0.0,0.05153094,130.94,-3.094,0.20879999999999999,0.0010750053698630135,0.2217,0.0040397991780821915,0.2575,0.01689446917808219,0.2787,0.03958166120547946,0.2909,0.08462280999999999
2022-04-19,5,0,True,0.0,0.0468757,130.94,-3.094,0.207,0.0010565506849315068,0.2137,0.0037535087671232877,0.2506,0.016001187616438355,0.2734,0.03809053742465753,0.2868,0.08225424
2022-04-20,5,0,True,0.0,0.0430222,134.18,-3.4180000000000006,0.193,0.000918468493150685,0.2032,0.003393718356164383,0.2415,0.014860189726027397,0.2683,0.03668271106849315,0.2823,0.07969329
2022-04-21,5,0,True,0.0,0.05234245285714285,132.72,-3.272,0.22210000000000002,0.0012163169589041098,0.2268,0.004227800547945205,0.2611,0.017370160356164385,0.2821,0.04055330482191781,0.2922,0.08538084000000001
2022-04-22,5,0,True,0.0,0.07746923285714286,136.22,-3.622,0.2907,0.0020837216712328768,0.2821,0.006540855616438356,0.2987,0.022733197726027398,0.3077,0.04824752860273972,0.308,0.094864
2022-04-25,5,0,True,0.0,0.06837852142857143,133.42,-3.3419999999999987,0.2895,0.002066554109589041,0.2702,0.006000660821917808,0.2907,0.021531790602739728,0.3012,0.04623065161643836,0.3029,0.09174841
2022-04-26,5,0,True,0.0,0.09692729893854754,137.43,-3.7430000000000008,0.3774,0.0035119913424657536,0.33520000000000005,0.009234989589041098,0.33140000000000003,0.027983052821917813,0.3287,0.055057880383561644,0.32030000000000003,0.10259209000000002
2022-04-27,5,0,True,0.0,0.09069004000000001,138.09,-3.809,0.3482,0.0029895593424657534,0.316,0.008207342465753425,0.322,0.026418115068493155,0.3232,0.053230774356164384,0.3165,0.10017225
2022-04-28,5,0,True,0.0,0.08391162142857142,136.35,-3.6349999999999993,0.3225,0.002564537671232877,0.2999,0.007392329589041096,0.3115,0.024723285616438356,0.3165,0.05104668082191781,0.3111,0.09678321
2022-04-29,5,0,True,0.0,0.09187051486033512,136.69,-3.6689999999999996,0.3611,0.00321517504109589,0.33399999999999996,0.00916898630136986,0.3318,0.028050644712328765,0.33020000000000005,0.05556153271232879,0.3172,0.10061583999999998
2022-05-02,5,0,True,0.0,0.091672541396648,131.4,-3.1400000000000006,0.354,0.0030899835616438353,0.3234,0.008596237808219179,0.3301,0.027763942273972605,0.33030000000000004,0.055595191068493165,0.3171,0.10055241
2022-05-03,5,0,True,0.0,0.0794006957142857,129.0,-2.9,0.3161,0.0024637613424657533,0.2925,0.007032020547945204,0.3081,0.02418652528767123,0.3131,0.0499558341369863,0.3075,0.09455625
2022-05-04,5,0,True,0.0,0.06298181714285715,127.75,-2.775,0.2616,0.0016874275068493151,0.25420000000000004,0.00531103890410959,0.2809,0.020104513232876712,0.2923,0.0435389258630137,0.2952,0.08714304
2022-05-05,5,0,True,0.0,0.09168160714285711,128.65,-2.8650000000000007,0.3325,0.0027260445205479454,0.312,0.008000876712328766,0.3268,0.027211606356164382,0.3273,0.05458987380821917,0.31629999999999997,0.10004568999999998
2022-05-06,5,0,True,0.0,0.09217183857142856,126.21,-2.6209999999999996,0.2979,0.002188218328767123,0.3019,0.007491255616438356,0.3231,0.026598919808219178,0.3258,0.05409065490410958,0.3196,0.10214416
2022-05-09,5,0,True,0.0,0.10070497100558663,127.05,-2.7049999999999996,0.3665,0.003312055479452055,0.3475,0.009925171232876711,0.3505,0.031301570547945204,0.3442,0.06037286860273973,0.33130000000000004,0.10975969000000002
2022-05-10,5,0,True,0.0,0.09784551988826821,125.86,-2.586,0.34700000000000003,0.0029689890410958906,0.3299,0.008945261095890413,0.3397,0.029402291424657535,0.3367,0.057770524767123285,0.32520000000000004,0.10575504000000002
2022-05-11,5,0,True,0.0,0.10028443636871515,124.51,-2.4510000000000005,0.3392,0.0028370130410958904,0.3256,0.008713591232876712,0.33630000000000004,0.028816671698630145,0.3353,0.05729110339726027,0.32630000000000003,0.10647169000000002
2022-05-12,5,0,True,0.0,0.09450075279329609,119.91,-1.9909999999999997,0.3332,0.0027375346849315067,0.3177,0.008295886849315067,0.3308,0.0278818178630137,0.3345,0.057018045205479456,0.3215,0.10336225
2022-05-13,5,0,True,0.0,0.08207451142857142,122.09,-2.2090000000000005,0.2938,0.002128399890410959,0.2887,0.00685049506849315,0.307,0.024014128767123288,0.31579999999999997,0.05082113161643835,0.3145,0.09891025
2022-05-16,5,0,True,0.0,0.07294054,117.53,-1.7530000000000001,0.2852,0.0020056201643835615,0.2747,0.006202199178082191,0.29510000000000003,0.02218852857534247,0.3103,0.04906633627397261,0.3106,0.09647236
2022-05-17,5,0,True,0.0,0.0662577257142857,117.68,-1.7680000000000007,0.2692,0.0017868979726027396,0.261,0.0055989863013698625,0.2837,0.02050731279452055,0.3029,0.04675398427397261,0.3046,0.09278115999999999
2022-05-18,5,0,True,0.0,0.09221922857142857,123.46,-2.345999999999999,0.32299999999999995,0.002572495890410958,0.3096,0.007878259726027396,0.32799999999999996,0.02741181369863013,0.33640000000000003,0.057667623452054805,0.32799999999999996,0.10758399999999997
2022-05-19,5,0,True,0.0,0.0826942385714286,122.66,-2.2659999999999996,0.3069,0.0023224342191780823,0.29350000000000004,0.007080184931506851,0.3079,0.024155134602739728,0.32,0.05218191780821918,0.31980000000000003,0.10227204000000002
2022-05-20,5,0,True,0.0,0.08721543857142856,122.32,-2.2319999999999993,0.2919,0.0021009602465753424,0.2943,0.0071188347945205475,0.3114,0.024707414465753426,0.3221,0.05286905276712329,0.31989999999999996,0.10233600999999998
2022-05-23,5,0,True,0.0,0.07987975428571428,120.55,-2.0549999999999997,0.2898,0.0020708393424657533,0.2848,0.006666660821917808,0.3029,0.023376992136986303,0.3161,0.050917734410958905,0.3161,0.09991921
2022-05-24,5,0,True,0.0,0.08665448285714283,122.96,-2.2959999999999994,0.2948,0.002142913315068493,0.2945,0.007128513698630136,0.3074,0.024076747068493155,0.31980000000000003,0.052116710794520564,0.3172,0.10061583999999998
2022-05-25,5,0,True,0.0,0.08287454714285715,118.85,-1.8849999999999993,0.2737,0.0018471375616438356,0.2837,0.0066152621917808215,0.2973,0.022520597178082195,0.31120000000000003,0.0493513749041096,0.3125,0.09765625
2022-05-26,5,0,True,0.0,0.07979504714285715,122.28,-2.228,0.25670000000000004,0.0016248055068493156,0.275,0.006215753424657535,0.2928,0.021844003068493153,0.30829999999999996,0.04843587271232876,0.30870000000000003,0.09529569000000002
2022-05-27,5,0,True,0.0,0.07157419,121.25,-2.125,0.23129999999999998,0.001319170438356164,0.2572,0.005437137534246574,0.2802,0.020004437589041097,0.2986,0.04543595769863013,0.30210000000000004,0.09126441000000002
2022-05-31,5,0,True,0.0,0.06921681000000002,119.1,-1.9099999999999995,0.2591,0.0016553295616438357,0.2619,0.005637666575342467,0.2799,0.019961624465753423,0.298,0.04525354520547945,0.303,0.091809
2022-06-01,5,0,True,0.0,0.06723882571428572,119.3,-1.9299999999999997,0.25120000000000003,0.0015559259178082197,0.2569,0.005424461095890411,0.2772,0.019578370191780825,0.29469999999999996,0.04425683490410958,0.3009,0.09054081
2022-06-02,5,0,True,0.0,0.06348784714285713,121.4,-2.1400000000000006,0.2357,0.0013698367397260273,0.24719999999999998,0.005022562191780821,0.2706,0.01865716569863014,0.2892,0.0426203151780822,0.2943,0.08661249
2022-06-03,5,0,True,0.0,0.06502190714285712,122.25,-2.225,0.2305,0.0013100609589041096,0.24789999999999998,0.005051047397260273,0.2733,0.01903133909589041,0.2915,0.04330092739726027,0.2982,0.08892324000000001
2022-06-06,5,0,True,0.0,0.06176534714285714,122.36,-2.2359999999999998,0.2557,0.0016121709863013696,0.2507,0.0051657936986301365,0.2722,0.018878449643835615,0.29100000000000004,0.043152509589041106,0.2991,0.08946080999999999
2022-06-07,5,0,True,0.0,0.057261789999999986,120.66,-2.066,0.24230000000000002,0.0014476263287671234,0.2402,0.004742140273972602,0.2652,0.017919963616438356,0.28559999999999997,0.04156583276712328,0.2953,0.08720209000000001
2022-06-08,5,0,True,0.0,0.05751073857142857,119.13,-1.9129999999999996,0.2391,0.0014096418904109588,0.2396,0.004718478904109589,0.26539999999999997,0.017947002410958902,0.2841,0.0411303634520548,0.2955,0.08732024999999999
2022-06-09,5,0,True,0.0,0.06473608857142858,120.66,-2.066,0.2754,0.0018701546301369862,0.2609,0.005594696712328768,0.2801,0.019990161452054796,0.2949,0.04431692564383562,0.3023,0.09138529000000001
2022-06-10,5,0,True,0.0,0.0745108542857143,121.64,-2.164,0.2878,0.0020423549589041095,0.2775,0.006329280821917809,0.29719999999999996,0.02250544964383561,0.3094,0.04878212317808219,0.3106,0.09647236
2022-06-13,5,0,True,0.0,0.10061864571428578,124.14,-2.414,0.3886,0.0037235332602739723,0.34020000000000006,0.009512551232876715,0.34240000000000004,0.029871538849315076,0.34159999999999996,0.059464230575342454,0.3319,0.11015760999999998
2022-06-14,5,0,True,0.0,0.09414933571428569,125.16,-2.5159999999999996,0.36950000000000005,0.003366499315068494,0.32689999999999997,0.008783310410958903,0.3328,0.02821998115068493,0.3357,0.05742787709589041,0.3289,0.10817521000000002
2022-06-15,5,0,True,0.0,0.07998344714285714,118.36,-1.8359999999999999,0.32530000000000003,0.0026092624931506854,0.2962,0.007211049863013699,0.3078,0.02413944690410959,0.3156,0.05075678071232876,0.3171,0.10055241
2022-06-16,5,0,True,0.0,0.09775336857142856,122.48,-2.248,0.36579999999999996,0.003299415780821917,0.3295,0.008923582191780821,0.33490000000000003,0.02857724638356165,0.3392,0.058631602849315075,0.3329,0.11082240999999998
2022-06-17,5,0,True,0.0,0.09883269999999997,121.15,-2.1150000000000007,0.304,0.002278750684931507,0.31129999999999997,0.007965015616438354,0.3236,0.026681307616438357,0.3281,0.05485706153424658,0.3247,0.10543008999999999
2022-06-21,5,0,True,0.0,0.09065039714285714,121.38,-2.1379999999999995,0.3038,0.002275753315068493,0.3019,0.007491255616438356,0.3125,0.024882277397260275,0.3186,0.05172632482191781,0.3159,0.09979281000000001
2022-06-22,5,0,True,0.0,0.0854050714285714,119.22,-1.922,0.28300000000000003,0.001974797260273973,0.2895,0.006888513698630135,0.3024,0.023299878575342468,0.3118,0.04954185928767124,0.31129999999999997,0.09690768999999998
2022-06-23,5,0,True,0.0,0.08625789571428569,121.11,-2.1109999999999998,0.2829,0.001973401890410959,0.2905,0.006936184931506848,0.3019,0.023222892410958904,0.31129999999999997,0.0493830968219178,0.3102,0.09622403999999998
2022-06-24,5,0,True,0.0,0.07686405999999998,120.43,-2.0430000000000006,0.26039999999999996,0.0016719820273972596,0.2723,0.006094297808219177,0.2895,0.021354392465753422,0.3016,0.04635352372602739,0.3056,0.09339135999999999
2022-06-27,5,0,True,0.0,0.07520795285714285,119.98,-1.9980000000000004,0.2581,0.0016425766849315067,0.2695,0.005969609589041096,0.2818,0.02023354882191781,0.2961,0.04467832619178082,0.301,0.09060099999999999
2022-06-28,5,0,True,0.0,0.08323769714285714,120.46,-2.0459999999999994,0.2718,0.0018215812602739724,0.2836,0.006610599452054795,0.2915,0.021650463698630135,0.3038,0.04703223517808219,0.3059,0.09357481000000001
2022-06-29,5,0,True,0.0,0.08305078857142857,119.26,-1.9260000000000006,0.2656,0.0017394253150684932,0.2816,0.006517689863013699,0.29,0.02142821917808219,0.30269999999999997,0.04669226284931506,0.3065,0.09394224999999999
2022-06-30,5,0,True,0.0,0.08683231714285716,119.94,-1.9939999999999998,0.2686,0.001778941479452055,0.2871,0.006774773424657535,0.29710000000000003,0.022490307205479457,0.3085,0.04849873561643836,0.311,0.096721
2022-07-01,5,0,True,0.0,0.07805255999999999,118.59,-1.8590000000000004,0.23559999999999998,0.001368674630136986,0.267,0.005859369863013698,0.2852,0.020724741698630138,0.2993,0.04564923600000001,0.3041,0.09247680999999999
2022-07-05,5,0,True,0.0,0.07631555999999999,118.19,-1.8189999999999997,0.2734,0.001843090520547945,0.2754,0.006233848767123287,0.289,0.02128069315068493,0.30010000000000003,0.045893594136986314,0.30079999999999996,0.09048063999999997
2022-07-06,5,0,True,0.0,0.0732103071428571,117.45,-1.7450000000000003,0.2595,0.0016604445205479453,0.2673,0.005872544383561642,0.2839,0.020536237068493148,0.2962,0.04470850915068494,0.29969999999999997,0.08982008999999998
2022-07-07,5,0,True,0.0,0.07082902428571426,118.76,-1.8760000000000006,0.24789999999999998,0.001515314219178082,0.2608,0.005590408767123287,0.2803,0.020018718821917806,0.2937,0.04395699271232877,0.298,0.088804
2022-07-08,5,0,True,0.0,0.06615931000000001,118.13,-1.8129999999999995,0.2191,0.0011836802465753423,0.2464,0.004990106301369863,0.273,0.01898958082191781,0.2889,0.04253193715068493,0.2954,0.08726116
2022-07-11,5,0,True,0.0,0.07219734571428572,119.8,-1.9799999999999998,0.2446,0.0014752395616438358,0.26170000000000004,0.005629059452054796,0.2825,0.02033419520547945,0.2957,0.04455769627397261,0.302,0.091204
2022-07-12,5,0,True,0.0,0.0748475757142857,121.33,-2.133,0.2713,0.0018148855068493147,0.2729,0.0061211843835616425,0.2882,0.021163039232876716,0.3004,0.045985396602739724,0.3066,0.09400355999999999
2022-07-13,5,0,True,0.0,0.0739210457142857,120.41,-2.0409999999999995,0.2594,0.0016591650410958906,0.2682,0.005912156712328766,0.28559999999999997,0.02078291638356164,0.2998,0.04580188339726028,0.309,0.095481
2022-07-14,5,0,True,0.0,0.07230649714285715,121.92,-2.192,0.2522,0.001568338520547945,0.264,0.005728438356164384,0.2861,0.020855749397260277,0.3006,0.04604664920547945,0.3111,0.09678321
2022-07-15,5,0,True,0.0,0.06286271714285714,122.48,-2.248,0.2214,0.0012086620273972603,0.24230000000000002,0.004825421095890411,0.2708,0.018684754849315068,0.2896,0.04273829523287672,0.3053,0.09320809000000001
2022-07-18,5,0,True,0.0,0.06335457142857143,120.55,-2.0549999999999997,0.256,0.0016159561643835614,0.253,0.0052610136986301365,0.2782,0.019719883068493153,0.2953,0.04443722942465754,0.30920000000000003,0.09560464000000002
2022-07-19,5,0,True,0.0,0.056331142857142844,120.04,-2.0040000000000004,0.262,0.001692591780821918,0.245,0.004933561643835615,0.2731,0.019003495150684935,0.2901,0.04288599961643837,0.30329999999999996,0.09199088999999998
2022-07-20,5,0,True,0.0,0.05429209714285712,117.24,-1.7239999999999995,0.2518,0.001563367561643836,0.23879999999999998,0.0046870224657534236,0.267,0.018164046575342468,0.2853,0.0414785554520548,0.30079999999999996,0.09048063999999997
2022-07-21,5,0,True,0.0,0.05274885999999999,118.71,-1.8709999999999993,0.23440000000000003,0.001354767780821918,0.2311,0.004389633698630137,0.2622,0.017516827726027397,0.281,0.04023766027397261,0.2988,0.08928144
2022-07-22,5,0,True,0.0,0.05485578142857142,119.15,-1.9150000000000005,0.22089999999999999,0.00120320901369863,0.2303,0.00435929506849315,0.2597,0.017184384575342465,0.2803,0.04003743764383561,0.299,0.089401
2022-07-25,5,0,True,0.0,0.05510645285714286,119.46,-1.9459999999999993,0.2309,0.0013146117534246573,0.2336,0.0044851199999999996,0.258,0.016960142465753426,0.2786,0.039553261808219185,0.2974,0.08844676
2022-07-26,5,0,True,0.0,0.06040647857142858,121.29,-2.1290000000000004,0.2495,0.0015349376712328767,0.2469,0.0050103789041095895,0.2642,0.017785075397260274,0.28309999999999996,0.040841324547945194,0.3002,0.09012004000000001
2022-07-27,5,0,True,0.0,0.05614910285714285,121.92,-2.192,0.2214,0.0012086620273972603,0.2324,0.004439158356164383,0.2531,0.016322037616438353,0.2741,0.03828583742465754,0.2953,0.08720209000000001
2022-07-28,5,0,True,0.0,0.05267315285714284,122.67,-2.2670000000000003,0.20809999999999998,0.0010678095616438355,0.22329999999999997,0.004098319726027396,0.2433,0.015082533616438356,0.26649999999999996,0.036192160273972596,0.2879,0.08288641
2022-07-29,5,0,True,0.0,0.05021648999999999,122.29,-2.2290000000000005,0.1857,0.0008503024931506849,0.2133,0.0037394704109589036,0.2379,0.014420455150684932,0.2622,0.03503365545205479,0.2854,0.08145316
2022-08-01,5,0,True,0.0,0.05389378857142856,122.94,-2.2939999999999996,0.2194,0.0011869239452054795,0.2284,0.004287662465753424,0.2486,0.015746800767123287,0.2688,0.03681956120547945,0.2876,0.08271376000000001
2022-08-02,5,0,True,0.0,0.05863944999999998,121.78,-2.178,0.2325,0.0013328938356164386,0.23929999999999998,0.004706670410958904,0.2566,0.016776578301369863,0.276,0.038818454794520556,0.2919,0.08520561
2022-08-03,5,0,True,0.0,0.050712631428571436,121.16,-2.1159999999999997,0.20559999999999998,0.0010423075068493148,0.2195,0.0039600205479452056,0.2437,0.015132167589041097,0.2655,0.03592105890410959,0.2849,0.08116801
2022-08-04,5,0,True,0.0,0.04905211,122.81,-2.281,0.19690000000000002,0.0009559629863013701,0.2144,0.003778139178082192,0.2432,0.0150701378630137,0.266,0.03605648219178083,0.2844,0.08088335999999999
2022-08-05,5,0,True,0.0,0.047906254285714274,125.97,-2.597,0.1932,0.0009203730410958905,0.2115,0.0036766232876712323,0.2418,0.014897132383561643,0.2652,0.03583992723287671,0.2845,0.08094024999999999
2022-08-08,5,0,True,0.0,0.04772894714285713,123.69,-2.3689999999999998,0.1993,0.0009794093424657536,0.21289999999999998,0.0037254583561643828,0.24480000000000002,0.015269081424657537,0.2675,0.03646428082191781,0.28559999999999997,0.08156735999999998
2022-08-09,5,0,True,0.0,0.04914515285714286,123.91,-2.3909999999999996,0.20809999999999998,0.0010678095616438355,0.2177,0.003895338904109589,0.2469,0.015532174602739727,0.26839999999999997,0.03671006071232876,0.2862,0.08191044
2022-08-10,5,0,True,0.0,0.042406452857142854,125.04,-2.5040000000000004,0.1759,0.0007629240821917807,0.1974,0.0032027473972602734,0.2346,0.014023166794520548,0.2589,0.03415735084931507,0.2782,0.07739524
2022-08-11,5,0,True,0.0,0.04435938999999999,126.84,-2.684,0.18030000000000002,0.0008015693424657535,0.20199999999999999,0.0033537534246575336,0.2371,0.014323633232876713,0.2609,0.03468711961643836,0.2797,0.07823209
2022-08-12,5,0,True,0.0,0.04242148285714285,129.34,-2.934,0.1678,0.0006942782465753425,0.1953,0.003134966301369863,0.23309999999999997,0.013844415698630133,0.25739999999999996,0.033762699616438345,0.27699999999999997,0.07672899999999998
2022-08-15,5,0,True,0.0,0.042126145714285704,127.62,-2.7620000000000005,0.18539999999999998,0.0008475573698630135,0.19949999999999998,0.0032712534246575335,0.2332,0.013856296767123287,0.257,0.033657846575342466,0.2764,0.07639695999999999
2022-08-16,5,0,True,0.0,0.040558300000000005,126.09,-2.6090000000000004,0.18600000000000003,0.0008530520547945208,0.19690000000000002,0.0031865432876712336,0.2332,0.013856296767123287,0.2561,0.03342252345205479,0.2758,0.07606563999999999
2022-08-17,5,0,True,0.0,0.04168215999999998,122.06,-2.2060000000000004,0.1864,0.0008567250410958905,0.19899999999999998,0.003254876712328766,0.23600000000000002,0.01419103561643836,0.2605,0.03458083972602741,0.27940000000000004,0.07806436000000003
2022-08-18,5,0,True,0.0,0.04127498999999999,124.22,-2.4219999999999997,0.17670000000000002,0.000769879479452055,0.1956,0.003144604931506849,0.2339,0.01393960693150685,0.2588,0.03413096942465753,0.2784,0.07750655999999999
2022-08-19,5,0,True,0.0,0.046364388571428584,123.68,-2.3680000000000008,0.18239999999999998,0.0008203502465753424,0.20600000000000002,0.0034878904109589045,0.2432,0.0150701378630137,0.2667,0.03624650284931507,0.2836,0.08042896000000001
2022-08-22,5,0,True,0.0,0.05854332142857143,123.93,-2.3930000000000007,0.2285,0.0012874253424657535,0.23800000000000002,0.004655671232876713,0.26,0.0172241095890411,0.2783,0.03946812476712329,0.2908,0.08456464
2022-08-23,5,0,True,0.0,0.059675049999999986,123.83,-2.383,0.2335,0.0013443842465753427,0.24109999999999998,0.004777743287671232,0.25920000000000004,0.017118278136986305,0.2781,0.03941141769863014,0.28850000000000003,0.08323225000000002
2022-08-24,5,0,True,0.0,0.05513148571428572,122.78,-2.278,0.212,0.001108208219178082,0.22820000000000001,0.004280156712328767,0.2489,0.01578482884931507,0.2704,0.03725919386301369,0.2846,0.08099716000000001
2022-08-25,5,0,True,0.0,0.050036245714285714,123.1,-2.3099999999999996,0.2034,0.0010201206575342467,0.21780000000000002,0.003898918356164384,0.2413,0.014835586767123288,0.2652,0.03583992723287671,0.2821,0.07958041
2022-08-26,5,0,True,0.0,0.06885008571428569,124.57,-2.4569999999999994,0.239,0.0014084630136986301,0.2556,0.005369700821917807,0.2656,0.017974061589041097,0.2828,0.040754811616438354,0.29469999999999996,0.08684808999999998
2022-08-29,5,0,True,0.0,0.07186383142857142,121.97,-2.197,0.24760000000000001,0.001511648876712329,0.2621,0.0056462802739726025,0.2682,0.018327685808219175,0.285,0.04139136986301369,0.2932,0.08596624000000001
2022-08-30,5,0,True,0.0,0.07260138142857142,121.01,-2.1010000000000004,0.2441,0.0014692144931506852,0.2621,0.0056462802739726025,0.2691,0.01845089679452055,0.2845,0.04124626438356164,0.29309999999999997,0.08590760999999998
2022-08-31,5,0,True,0.0,0.07155600999999999,119.71,-1.9709999999999994,0.2369,0.0013838205205479453,0.2587,0.005500741643835616,0.26649999999999996,0.018096080136986298,0.2837,0.0410146255890411,0.2926,0.08561476000000001
2022-09-01,5,0,True,0.0,0.0691360457142857,120.74,-2.0739999999999994,0.2376,0.0013920105205479454,0.2556,0.005369700821917807,0.2643,0.01779854128767123,0.2816,0.040409677150684935,0.2917,0.08508889000000001
2022-09-02,5,0,True,0.0,0.07006209,119.81,-1.9810000000000003,0.2297,0.0013009830410958903,0.2547,0.005331952602739725,0.2648,0.01786594717808219,0.2811,0.040266304273972604,0.2915,0.08497224999999999
2022-09-06,5,0,True,0.0,0.07223001000000001,119.84,-1.9840000000000004,0.2699,0.0017962029863013696,0.2691,0.005951902191780822,0.2759,0.01939516528767123,0.2889,0.04253193715068493,0.2945,0.08673025
2022-09-07,5,0,True,0.0,0.06194412142857143,119.05,-1.9049999999999998,0.24050000000000002,0.0014261979452054796,0.2464,0.004990106301369863,0.261,0.017356857534246577,0.2772,0.03915674038356165,0.2875,0.08265624999999999
2022-09-08,5,0,True,0.0,0.05727606000000001,119.08,-1.908,0.2284,0.0012862987397260271,0.2361,0.004581633698630137,0.2552,0.01659401293150685,0.2729,0.037951343178082186,0.2845,0.08094024999999999
2022-09-09,5,0,True,0.0,0.05399812428571428,119.66,-1.9659999999999997,0.21710000000000002,0.0011621690136986303,0.2279,0.004268910410958904,0.2514,0.016103513095890414,0.2707,0.0373419154520548,0.2829,0.08003241
2022-09-12,5,0,True,0.0,0.05405094571428574,121.06,-2.1060000000000003,0.2526,0.0015733173698630133,0.23870000000000002,0.004683097808219179,0.25370000000000004,0.01639951553424658,0.26839999999999997,0.03671006071232876,0.2808,0.07884864
2022-09-13,5,0,True,0.0,0.06984443142857143,125.46,-2.5459999999999994,0.2914,0.002093768876712329,0.2727,0.006112215616438356,0.27949999999999997,0.019904611643835612,0.2904,0.0429747445479452,0.2969,0.08814961
2022-09-14,5,0,True,0.0,0.06586944000000002,120.19,-2.0189999999999997,0.2728,0.0018350097534246572,0.2616,0.005624758356164384,0.2746,0.0192128215890411,0.2866,0.041857419616438366,0.29410000000000003,0.08649481000000002
2022-09-15,5,0,True,0.0,0.06708960999999998,119.97,-1.9969999999999999,0.2711,0.0018122106575342467,0.2627,0.005672160821917807,0.276,0.019409227397260278,0.28809999999999997,0.04229671084931506,0.29469999999999996,0.08684808999999998
2022-09-16,5,0,True,0.0,0.06743098857142858,117.71,-1.7709999999999995,0.2706,0.0018055321643835616,0.263,0.0056851232876712334,0.2763,0.01945144430136986,0.28850000000000003,0.042414242465753434,0.2952,0.08714304
2022-09-19,5,0,True,0.0,0.06172272571428571,116.26,-1.6260000000000006,0.2778,0.0019028919452054793,0.2576,0.0054540624657534245,0.2701,0.018588282,0.2833,0.040899050794520546,0.2913,0.08485569
2022-09-20,5,0,True,0.0,0.06579999571428571,116.69,-1.6689999999999998,0.3039,0.002277251753424658,0.2716,0.006063004931506849,0.2788,0.019805035397260275,0.2898,0.042797346410958906,0.2957,0.08743849000000001
2022-09-21,5,0,True,0.0,0.0724693457142857,116.21,-1.6209999999999993,0.3034,0.002269764493150685,0.2799,0.006439233698630136,0.2876,0.021075012821917812,0.2966,0.04482934290410959,0.3,0.09
2022-09-22,5,0,True,0.0,0.07404769000000001,115.86,-1.5859999999999999,0.2767,0.0018878520821917807,0.2735,0.006148130136986302,0.2822,0.020291030465753427,0.2934,0.04386723879452055,0.2975,0.08850625
2022-09-23,5,0,True,0.0,0.0886696642857143,118.99,-1.8989999999999996,0.3025,0.002256318493150685,0.2992,0.007357860821917809,0.3032,0.02342332142465754,0.30920000000000003,0.04871907682191782,0.30829999999999996,0.09504888999999998
2022-09-26,5,0,True,0.0,0.09809175983240229,120.01,-2.0010000000000003,0.3414,0.002873933260273972,0.3226,0.00855376109589041,0.3177,0.025717249232876712,0.3212,0.052574015999999994,0.3173,0.10067929000000002
2022-09-27,5,0,True,0.0,0.10169012571428569,120.39,-2.039,0.33490000000000003,0.00276553997260274,0.326,0.008735013698630138,0.3212,0.026287007999999997,0.3245,0.05365985342465754,0.3222,0.10381283999999999
2022-09-28,5,0,True,0.0,0.08850696000000001,120.38,-2.0379999999999994,0.3116,0.002394112438356164,0.3018,0.007486293698630137,0.30579999999999996,0.023826763068493146,0.3145,0.0504035794520548,0.3157,0.09966648999999998
2022-09-29,5,0,True,0.0,0.09908384714285713,121.54,-2.154000000000001,0.3267,0.002631769890410959,0.3184,0.008332484383561644,0.31739999999999996,0.025668703232876705,0.3232,0.053230774356164384,0.3212,0.10316943999999999
2022-09-30,5,0,True,0.0,0.10022925229050278,123.59,-2.3590000000000004,0.3119,0.0023987246301369865,0.31620000000000004,0.00821773479452055,0.3186,0.025863162410958904,0.3248,0.0537591162739726,0.3208,0.10291263999999999
2022-10-03,5,0,True,0.0,0.0891690357142857,121.38,-2.1379999999999995,0.3065,0.002316384246575342,0.301,0.007446657534246574,0.3069,0.02399848693150685,0.3146,0.05043563769863013,0.31379999999999997,0.09847043999999998
2022-10-04,5,0,True,0.0,0.08261359714285714,122.46,-2.2459999999999996,0.2982,0.002192627835616439,0.2907,0.006945738904109589,0.2967,0.02242978841095891,0.306,0.04771587945205479,0.3077,0.09467928999999999
2022-10-05,5,0,True,0.0,0.08087109571428576,121.78,-2.178,0.28809999999999997,0.0020466150410958896,0.28550000000000003,0.006699472602739728,0.2943,0.0220683878630137,0.3063,0.04780948586301371,0.3089,0.09541921
2022-10-06,5,0,True,0.0,0.09108048571428569,122.44,-2.2439999999999998,0.313,0.00241567397260274,0.30519999999999997,0.00765592109589041,0.3079,0.024155134602739728,0.3166,0.05107894290410959,0.316,0.099856
2022-10-07,5,0,True,0.0,0.10049412142857143,121.81,-2.181,0.3055,0.002301293835616438,0.3136,0.008083147397260274,0.321,0.026254282191780824,0.32770000000000005,0.05472338613698632,0.3258,0.10614563999999999
2022-10-10,5,0,True,0.0,0.10518144195530728,120.07,-2.0069999999999992,0.3222,0.0025597686575342463,0.3245,0.008654815068493152,0.3273,0.027294936904109585,0.3317,0.056067478191780824,0.3281,0.10764961
2022-10-11,5,0,True,0.0,0.10551595553072633,120.12,-2.0120000000000005,0.34659999999999996,0.0029621480547945196,0.33630000000000004,0.009295700547945207,0.3336,0.028355817205479455,0.33759999999999996,0.05807977906849313,0.33140000000000003,0.10982596000000001
2022-10-12,5,0,True,0.0,0.10640096893854747,119.99,-1.9989999999999994,0.3461,0.0029536079178082196,0.3357,0.009262560821917808,0.33130000000000004,0.0279661675890411,0.3344,0.05698395879452054,0.33039999999999997,0.10916415999999998
2022-10-13,5,0,True,0.0,0.10069906666666667,117.82,-1.7819999999999994,0.3151,0.0024481975068493147,0.3194,0.008384906301369864,0.318,0.025765841095890415,0.3233,0.05326371928767122,0.3224,0.10394176000000001
2022-10-14,5,0,True,0.0,0.10573225134078212,119.3,-1.9299999999999997,0.2967,0.0021706246849315072,0.32020000000000004,0.008426962191780824,0.3245,0.02682992671232877,0.3309,0.05579735523287672,0.3281,0.10764961
2022-10-17,5,0,True,0.0,0.10045270000000003,116.97,-1.6969999999999998,0.306,0.0023088328767123284,0.31370000000000003,0.008088303287671234,0.31739999999999996,0.025668703232876705,0.32439999999999997,0.05362678619178081,0.3214,0.10329796000000001
2022-10-18,5,0,True,0.0,0.09687485285714284,116.88,-1.6879999999999995,0.2899,0.0020722687397260273,0.305,0.007645890410958903,0.3098,0.024454169095890415,0.3177,0.051434498465753424,0.3179,0.10106041
2022-10-19,5,0,True,0.0,0.09994099000000002,117.26,-1.7260000000000004,0.2867,0.0020267726301369865,0.30760000000000004,0.007776802191780823,0.3135,0.02504177876712329,0.32130000000000003,0.052606757095890425,0.3208,0.10291263999999999
2022-10-20,5,0,True,0.0,0.09511133285714286,117.41,-1.7409999999999997,0.2787,0.0019152416712328768,0.2998,0.007387400547945205,0.3081,0.02418652528767123,0.3176,0.0514021242739726,0.3196,0.10214416
2022-10-21,5,0,True,0.0,0.09121494571428569,116.19,-1.6189999999999998,0.2846,0.001997190246575343,0.2969,0.007245173424657534,0.30469999999999997,0.023655655808219177,0.31489999999999996,0.05053187358904108,0.3171,0.10055241
2022-10-24,5,0,True,0.0,0.08433083142857142,114.97,-1.4969999999999999,0.3166,0.0024715617534246575,0.2985,0.0073234726027397255,0.30329999999999996,0.02343877471232876,0.31329999999999997,0.05001967545205479,0.3164,0.10010896000000001
2022-10-25,5,0,True,0.0,0.07539670428571428,114.64,-1.464,0.30670000000000003,0.002319408246575343,0.2846,0.006657300821917809,0.2929,0.021858926383561645,0.3054,0.047528941808219184,0.31,0.0961
2022-10-26,5,0,True,0.0,0.06947138285714283,113.86,-1.386,0.2932,0.0021197155068493154,0.2728,0.00611669917808219,0.2846,0.02063763254794521,0.29960000000000003,0.04574079386301371,0.3068,0.09412624000000001
2022-10-27,5,0,True,0.0,0.06919089000000002,113.23,-1.3230000000000004,0.2977,0.0021852811232876716,0.27390000000000003,0.00616612684931507,0.2828,0.020377405808219177,0.2978,0.04519282257534247,0.30579999999999996,0.09351363999999998
2022-10-28,5,0,True,0.0,0.06157766714285714,112.06,-1.2060000000000002,0.2781,0.0019070040821917808,0.2575,0.005449828767123287,0.26899999999999996,0.018437186301369857,0.2853,0.0414785554520548,0.2957,0.08743849000000001
2022-10-31,5,0,True,0.0,0.05762319999999997,111.96,-1.1959999999999993,0.298,0.0021896876712328766,0.2588,0.005504995068493149,0.2692,0.018464612383561646,0.2858,0.041624068602739726,0.2973,0.08838729000000001
2022-11-01,5,0,True,0.0,0.05527115285714283,111.44,-1.1439999999999997,0.30510000000000004,0.0022952714794520555,0.2581,0.005475255616438355,0.2669,0.018150443095890416,0.2825,0.0406683904109589,0.2938,0.08631844000000001
2022-11-02,5,0,True,0.0,0.058565789999999986,111.99,-1.1989999999999994,0.2937,0.0021269512602739727,0.2586,0.005496489863013698,0.2722,0.018878449643835615,0.2872,0.04203286093150685,0.2974,0.08844676
2022-11-03,5,0,True,0.0,0.05687457142857143,110.34,-1.0340000000000003,0.284,0.0019887780821917804,0.253,0.0052610136986301365,0.267,0.018164046575342468,0.2822,0.040582060931506854,0.2933,0.08602489
2022-11-04,5,0,True,0.0,0.05476485999999999,111.62,-1.1620000000000004,0.2704,0.0018028642191780819,0.2455,0.004953719178082191,0.2639,0.017744708301369868,0.2799,0.039923248931506845,0.2916,0.08503056000000002
2022-11-07,5,0,True,0.0,0.05308897428571429,111.67,-1.1670000000000003,0.2716,0.001818901479452055,0.24350000000000002,0.004873335616438356,0.2626,0.01757031419178082,0.2785,0.039524872602739736,0.2903,0.08427409
2022-11-08,5,0,True,0.0,0.057883514285714296,113.55,-1.3549999999999998,0.287,0.002031016438356164,0.2554,0.005361300821917808,0.271,0.018712364383561646,0.2848,0.04133329709589041,0.29600000000000004,0.08761600000000003
2022-11-09,5,0,True,0.0,0.061446442857142874,114.36,-1.436,0.289,0.002059421917808219,0.2609,0.005594696712328768,0.2791,0.019847680356164386,0.2926,0.0436283434520548,0.3014,0.09084196
2022-11-10,5,0,True,0.0,0.05345334571428571,111.42,-1.1420000000000001,0.2446,0.0014752395616438358,0.2353,0.0045506375342465755,0.2618,0.017463422794520546,0.2776,0.03926982838356165,0.3129,0.09790641000000001
2022-11-11,5,0,True,0.0,0.052987938571428556,114.09,-1.4090000000000003,0.21309999999999998,0.001119738328767123,0.22519999999999998,0.004168359452054794,0.25739999999999996,0.016881349808219172,0.2774,0.039213264,0.2907,0.08450649
2022-11-14,5,0,True,0.0,0.06120115285714286,113.67,-1.3670000000000002,0.2119,0.0011071629863013699,0.2373,0.004628325205479452,0.2613,0.01739678128767123,0.2815,0.040380982191780816,0.2942,0.08655364000000002
2022-11-15,5,0,True,0.0,0.06566279999999998,115.94,-1.5939999999999999,0.218,0.0011718246575342464,0.24539999999999998,0.004949684383561643,0.2659,0.018014688575342473,0.2852,0.041449483397260276,0.2942,0.08655364000000002
2022-11-16,5,0,True,0.0,0.06645991857142856,115.56,-1.5560000000000003,0.1967,0.0009540219452054795,0.24109999999999998,0.004777743287671232,0.26030000000000003,0.01726388046575343,0.28059999999999996,0.04012318619178081,0.2919,0.08520561
2022-11-17,5,0,True,0.0,0.06510637428571428,115.24,-1.5239999999999996,0.1974,0.000960824219178082,0.23929999999999998,0.004706670410958904,0.2583,0.016999607589041094,0.2792,0.03972381106849315,0.29100000000000004,0.08468100000000002
2022-11-18,5,0,True,0.0,0.06194681714285715,114.97,-1.4969999999999999,0.1834,0.0008293699726027397,0.23120000000000002,0.004393433424657534,0.25329999999999997,0.01634784320547945,0.2761,0.038846589205479454,0.2888,0.08340544
2022-11-21,5,0,True,0.0,0.055111081428571414,114.52,-1.4519999999999995,0.19510000000000002,0.0009385646301369866,0.2236,0.004109339178082191,0.24719999999999998,0.015569942794520546,0.2716,0.03759063057534247,0.2852,0.08133904
2022-11-22,5,0,True,0.0,0.04923168999999998,116.24,-1.6239999999999994,0.19030000000000002,0.0008929501643835619,0.21289999999999998,0.0037254583561643828,0.23829999999999998,0.014468988410958903,0.2639,0.035489416602739736,0.2797,0.07823209
2022-11-23,5,0,True,0.0,0.04690543857142858,118.65,-1.8650000000000007,0.1691,0.000705077506849315,0.20350000000000001,0.003403746575342466,0.23379999999999998,0.01392769019178082,0.261,0.034713715068493155,0.2772,0.07683984
2022-11-25,5,0,True,0.0,0.04756241714285714,128.11,-2.8110000000000013,0.17059999999999997,0.0007176417534246573,0.205,0.0034541095890410953,0.2359,0.014179011863013699,0.2632,0.03530139353424658,0.2792,0.07795264
2022-11-28,5,0,True,0.0,0.05320609000000001,118.47,-1.847,0.2007,0.0009932175616438354,0.22210000000000002,0.004054389863013699,0.249,0.01579751506849315,0.27390000000000003,0.038229986465753436,0.2872,0.08248384
2022-11-29,5,0,True,0.0,0.05063521,120.38,-2.0379999999999994,0.2039,0.0010251421643835616,0.2189,0.003938400821917808,0.2465,0.015481888356164384,0.2722,0.03775689928767123,0.2865,0.08208224999999998
2022-11-30,5,0,True,0.0,0.04524476142857141,118.47,-1.847,0.1887,0.0008779978356164384,0.20579999999999998,0.00348112109589041,0.2353,0.014106976356164386,0.262,0.034980230136986305,0.27690000000000003,0.07667361000000002
2022-12-01,5,0,True,0.0,0.04175404,117.79,-1.7790000000000006,0.1838,0.0008329916712328766,0.1984,0.0032352789041095887,0.23309999999999997,0.013844415698630133,0.2597,0.03436876915068493,0.2751,0.07568001
2022-12-02,5,0,True,0.0,0.038088978571428574,118.11,-1.811,0.1795,0.0007944719178082191,0.1906,0.0029858926027397257,0.2296,0.013431788712328767,0.2572,0.03371025271232876,0.2735,0.07480225000000001
2022-12-05,5,0,True,0.0,0.03721252428571429,117.75,-1.775,0.23809999999999998,0.0013978753150684928,0.2075,0.0035388698630136983,0.2389,0.014541941178082192,0.262,0.034980230136986305,0.2733,0.07469289
2022-12-06,5,0,True,0.0,0.03878728285714286,117.11,-1.7109999999999999,0.2708,0.0018082020821917806,0.2217,0.0040397991780821915,0.24719999999999998,0.015569942794520546,0.26739999999999997,0.036437022904109585,0.2767,0.07656289
2022-12-07,5,0,True,0.0,0.039714989999999985,117.81,-1.7810000000000001,0.2807,0.0019428285205479454,0.2268,0.004227800547945205,0.2518,0.016154798136986306,0.2708,0.037369509698630135,0.2799,0.07834400999999999
2022-12-08,5,0,True,0.0,0.04033368857142856,117.54,-1.7540000000000007,0.26739999999999997,0.0017630817534246572,0.2229,0.0040836501369863,0.2473,0.015582542383561644,0.2673,0.036409775178082186,0.2771,0.07678441000000001
2022-12-09,5,0,True,0.0,0.04440739714285712,119.24,-1.9239999999999995,0.2648,0.0017289626301369861,0.22829999999999998,0.004283908767123286,0.2521,0.01619331542465753,0.2708,0.037369509698630135,0.28,0.07840000000000001
2022-12-12,5,0,True,0.0,0.051888074285714285,121.86,-2.186,0.2954,0.0021516450410958904,0.25,0.005136986301369863,0.25670000000000004,0.016789656904109596,0.272,0.037701435616438364,0.28059999999999996,0.07873635999999998
2022-12-13,5,0,True,0.0,0.048570785714285705,122.73,-2.2730000000000006,0.237,0.0013849890410958902,0.2255,0.004179472602739725,0.2429,0.015032981178082194,0.2626,0.03514062838356164,0.2785,0.07756225000000001
2022-12-14,5,0,True,0.0,0.04635537142857143,124.23,-2.4230000000000005,0.20199999999999999,0.00100612602739726,0.2114,0.003673147397260274,0.2346,0.014023166794520548,0.25780000000000003,0.03386771572602741,0.2751,0.07568001
2022-12-15,5,0,True,0.0,0.054221575714285694,124.49,-2.4489999999999994,0.2173,0.0011643112602739724,0.22829999999999998,0.004283908767123286,0.25079999999999997,0.0160267384109589,0.2722,0.03775689928767123,0.2857,0.08162449000000001
2022-12-16,5,0,True,0.0,0.05506662428571429,120.04,-2.0040000000000004,0.2051,0.0010372440821917808,0.2262,0.004205460821917808,0.2515,0.016116326712328766,0.2728,0.03792353490410958,0.28550000000000003,0.08151025000000002
2022-12-19,5,0,True,0.0,0.05321281857142859,117.09,-1.7090000000000003,0.20829999999999999,0.0010698630410958903,0.2242,0.0041314224657534255,0.25079999999999997,0.0160267384109589,0.2711,0.0374523535890411,0.2838,0.08054243999999999
2022-12-20,5,0,True,0.0,0.049145125714285705,115.57,-1.5569999999999993,0.1978,0.0009647220821917808,0.2148,0.0037922498630136984,0.244,0.015169446575342466,0.2669,0.03630088619178083,0.2785,0.07756225000000001
2022-12-21,5,0,True,0.0,0.04429828285714285,114.25,-1.425,0.17579999999999998,0.0007620568767123286,0.2007,0.0033107252054794516,0.2335,0.013891970547945208,0.25739999999999996,0.033762699616438345,0.2713,0.07360368999999999
2022-12-22,5,0,True,0.0,0.0520847457142857,114.42,-1.4420000000000002,0.1984,0.0009705836712328766,0.21969999999999998,0.003967240273972602,0.24780000000000002,0.01564561676712329,0.2677,0.03651882723287671,0.2783,0.07745089
2022-12-23,5,0,True,0.0,0.04911241,114.57,-1.4569999999999994,0.17489999999999997,0.0007542742191780819,0.2087,0.003579919726027397,0.2413,0.014835586767123288,0.2616,0.03487350180821918,0.2734,0.07474755999999999
2022-12-27,5,0,True,0.0,0.050209518571428566,113.44,-1.3439999999999999,0.1977,0.0009637468767123286,0.2165,0.0038525136986301365,0.2443,0.015206771424657534,0.263,0.03524776438356165,0.2738,0.07496644
2022-12-28,5,0,True,0.0,0.05134104000000001,112.03,-1.203,0.20879999999999999,0.0010750053698630135,0.2214,0.0040288734246575345,0.2458,0.015394083616438355,0.2644,0.035624024547945214,0.275,0.07562500000000001
2022-12-29,5,0,True,0.0,0.04767451000000001,113.27,-1.3269999999999995,0.20489999999999997,0.0010352221643835614,0.2144,0.003778139178082192,0.2395,0.014615077397260274,0.25989999999999996,0.0344217256438356,0.2702,0.07300804
2022-12-30,5,0,True,0.0,0.04793128857142857,113.57,-1.3569999999999993,0.2114,0.0011019442191780823,0.2167,0.003859634794520548,0.2429,0.015032981178082194,0.262,0.034980230136986305,0.273,0.07452900000000001
2023-01-03,5,0,True,0.0,0.04795829714285713,112.74,-1.2739999999999996,0.25079999999999997,0.0015509746849315064,0.22899999999999998,0.004310219178082191,0.2458,0.015394083616438355,0.26239999999999997,0.03508712153424657,0.2753,0.07579008999999999
2023-01-04,5,0,True,0.0,0.04468431142857144,112.14,-1.214,0.23920000000000002,0.001410821260273973,0.22010000000000002,0.0039816994520547955,0.23809999999999998,0.014444711589041094,0.2555,0.0332661,0.2682,0.07193124
2023-01-05,5,0,True,0.0,0.04625544571428573,112.67,-1.2670000000000001,0.24539999999999998,0.001484905315068493,0.22460000000000002,0.004146177534246576,0.2407,0.014761900191780822,0.2565,0.0335270095890411,0.2687,0.07219969
2023-01-06,5,0,True,0.0,0.04384249,113.86,-1.386,0.2157,0.0011472285205479452,0.2113,0.003669673150684931,0.2318,0.013690425534246575,0.2477,0.03126598339726028,0.2616,0.06843456
2023-01-09,5,0,True,0.0,0.04620405999999999,114.42,-1.4420000000000002,0.2304,0.001308924493150685,0.21969999999999998,0.003967240273972602,0.23739999999999997,0.01435990323287671,0.25120000000000003,0.03215580230136988,0.2646,0.07001316
2023-01-10,5,0,True,0.0,0.0406944857142857,114.65,-1.4650000000000005,0.215,0.001139794520547945,0.20579999999999998,0.00348112109589041,0.2274,0.013175618301369861,0.24230000000000002,0.02991761079452055,0.2556,0.06533135999999999
2023-01-11,5,0,True,0.0,0.042017952857142854,115.1,-1.5099999999999993,0.2241,0.0012383213424657534,0.2109,0.003655792602739726,0.2274,0.013175618301369861,0.2419,0.0298189135890411,0.25420000000000004,0.06461764000000002
2023-01-12,5,0,True,0.0,0.03904134571428571,117.39,-1.739,0.1646,0.0006680505205479451,0.1883,0.002914264931506849,0.2158,0.01186568909589041,0.2349,0.02811810920547945,0.2504,0.06270016
2023-01-13,5,0,True,0.0,0.03869039714285715,121.7,-2.1700000000000004,0.1482,0.0005415593424657534,0.18350000000000002,0.0027675821917808223,0.2114,0.01138675693150685,0.2302,0.027004162849315068,0.2441,0.05958481000000001
2023-01-17,5,0,True,0.0,0.041720281428571426,120.01,-2.0010000000000003,0.1661,0.0006802818904109589,0.1936,0.0030806268493150683,0.2145,0.011723159589041096,0.2336,0.027807744000000002,0.2481,0.061553609999999995
2023-01-18,5,0,True,0.0,0.04636433142857143,119.91,-1.9909999999999997,0.1724,0.0007328653150684931,0.2034,0.003400402191780822,0.2227,0.012636608136986303,0.24,0.02935232876712329,0.2539,0.06446521000000001
2023-01-19,5,0,True,0.0,0.04583184,121.23,-2.123,0.18280000000000002,0.0008239522191780823,0.2052,0.0034608526027397257,0.2245,0.012841707534246577,0.2407,0.029523800383561644,0.253,0.064009
2023-01-20,5,0,True,0.0,0.04199917428571429,120.19,-2.0189999999999997,0.1826,0.0008221502465753426,0.1985,0.0032385410958904112,0.21719999999999998,0.012020145534246574,0.2339,0.0278792138630137,0.24710000000000001,0.06105841000000001
2023-01-23,5,0,True,0.0,0.036709621428571426,120.91,-2.0909999999999997,0.2125,0.0011134417808219177,0.1981,0.0032255021917808216,0.21600000000000003,0.011887693150684935,0.2314,0.027286434410958904,0.2434,0.05924356
2023-01-24,5,0,True,0.0,0.032220617142857136,121.34,-2.1340000000000003,0.2184,0.0011761288767123288,0.192,0.003029917808219178,0.2091,0.011140332410958905,0.2259,0.026004741534246575,0.23800000000000002,0.05664400000000001
2023-01-25,5,0,True,0.0,0.03124490999999998,121.04,-2.1040000000000005,0.22010000000000002,0.0011945098356164385,0.19079999999999997,0.002992162191780821,0.2094,0.0111723218630137,0.22519999999999998,0.025843828602739725,0.2394,0.05731236
2023-01-26,5,0,True,0.0,0.031126021428571425,121.49,-2.1489999999999996,0.21050000000000002,0.0010925815068493154,0.1873,0.002883393698630137,0.207,0.010917690410958905,0.2234,0.025432345643835615,0.23559999999999998,0.05550735999999999
2023-01-27,5,0,True,0.0,0.03175140428571428,121.97,-2.197,0.2003,0.000989262493150685,0.18510000000000001,0.002816055616438356,0.2047,0.010676422931506849,0.2214,0.024979015232876715,0.2329,0.05424241
2023-01-30,5,0,True,0.0,0.03525809714285715,120.69,-2.069,0.2242,0.0012394267397260275,0.19940000000000002,0.0032679747945205486,0.2137,0.011635877178082192,0.2271,0.0262817541369863,0.2361,0.05574321
2023-01-31,5,0,True,0.0,0.0335102457142857,123.29,-2.3290000000000006,0.21739999999999998,0.001165383123287671,0.19399999999999998,0.0030933698630136977,0.20809999999999998,0.0110340321369863,0.2225,0.025227842465753426,0.23399999999999999,0.05475599999999999
2023-02-01,5,0,True,0.0,0.03085640285714286,122.19,-2.219,0.1856,0.0008493869589041095,0.1787,0.0026246868493150686,0.1997,0.010161228410958902,0.2165,0.02388558493150685,0.2299,0.05285401
2023-02-02,5,0,True,0.0,0.034432261428571434,123.88,-2.3879999999999995,0.1913,0.0009023594794520548,0.1873,0.002883393698630137,0.2084,0.011065868712328767,0.2234,0.025432345643835615,0.2345,0.05499024999999999
2023-02-03,5,0,True,0.0,0.03448051714285714,123.08,-2.308,0.1776,0.0007777420273972603,0.1833,0.0027615526027397258,0.2078,0.011002241424657536,0.2237,0.02550069682191781,0.23379999999999998,0.05466243999999999
2023-02-06,5,0,True,0.0,0.03562146142857142,123.01,-2.3010000000000006,0.20670000000000002,0.0010534904383561645,0.1943,0.0031029443835616437,0.2143,0.011701308410958905,0.2286,0.026630083726027397,0.2382,0.056739239999999996
2023-02-07,5,0,True,0.0,0.03324461142857141,123.36,-2.336,0.1962,0.0009491779726027398,0.1866,0.0028618816438356156,0.2078,0.011002241424657536,0.2238,0.025523500931506852,0.2343,0.054896490000000006
2023-02-08,5,0,True,0.0,0.03614812857142857,121.52,-2.1519999999999997,0.21,0.0010873972602739724,0.1963,0.003167152602739726,0.2182,0.012131083068493151,0.2314,0.027286434410958904,0.2375,0.05640625
2023-02-09,5,0,True,0.0,0.03911026000000001,120.58,-2.058,0.2274,0.0012750598356164383,0.2071,0.003525239178082192,0.225,0.012898972602739728,0.2366,0.028526570301369868,0.2444,0.059731360000000004
2023-02-10,5,0,True,0.0,0.04040084285714286,120.88,-2.0879999999999996,0.215,0.001139794520547945,0.2053,0.003464226575342466,0.2255,0.012956365068493151,0.2382,0.02891369490410959,0.2459,0.06046681
2023-02-13,5,0,True,0.0,0.03945702428571429,122.48,-2.248,0.2141,0.0011302720273972603,0.2034,0.003400402191780822,0.21969999999999998,0.012298444849315067,0.2335,0.027783941095890417,0.2416,0.05837056
2023-02-14,5,0,True,0.0,0.03762693999999999,121.27,-2.127,0.1772,0.0007742426301369863,0.1891,0.002939080273972602,0.2114,0.01138675693150685,0.2268,0.026212363397260276,0.2353,0.05536609000000001
2023-02-15,5,0,True,0.0,0.03647725428571429,121.36,-2.136,0.1602,0.0006328119452054795,0.18230000000000002,0.0027315032876712333,0.20679999999999998,0.010896603616438355,0.22210000000000002,0.025137217150684937,0.23309999999999997,0.054335609999999986
2023-02-16,5,0,True,0.0,0.04210489000000001,123.09,-2.309,0.19329999999999997,0.0009213260547945202,0.20170000000000002,0.003343799178082192,0.2188,0.012197890191780822,0.2321,0.02745177057534247,0.2396,0.05740816000000001
2023-02-17,5,0,True,0.0,0.04495875999999999,122.89,-2.289,0.16940000000000002,0.000707581479452055,0.2002,0.0032942498630136982,0.2177,0.012075550602739727,0.23190000000000002,0.027404480712328774,0.2404,0.05779216
2023-02-21,5,0,True,0.0,0.055566717142857144,124.09,-2.4090000000000003,0.2114,0.0011019442191780823,0.22870000000000001,0.004298933424657534,0.23379999999999998,0.01392769019178082,0.24600000000000002,0.030838290410958914,0.25,0.0625
2023-02-22,5,0,True,0.0,0.05227339714285715,122.81,-2.281,0.192,0.0009089753424657535,0.2229,0.0040836501369863,0.2268,0.013106181698630138,0.24059999999999998,0.029499273863013695,0.24559999999999998,0.060319359999999995
2023-02-23,5,0,True,0.0,0.04848790285714284,121.85,-2.1849999999999996,0.18109999999999998,0.0008086983287671231,0.2114,0.003673147397260274,0.21739999999999998,0.012042292273972601,0.2334,0.027760148383561643,0.2413,0.05822569
2023-02-24,5,0,True,0.0,0.05190648999999999,121.22,-2.122,0.1838,0.0008329916712328766,0.2167,0.003859634794520548,0.2243,0.012818837178082193,0.2398,0.02930342860273973,0.24539999999999998,0.06022115999999999
2023-02-27,5,0,True,0.0,0.046620489999999994,120.54,-2.0540000000000007,0.1937,0.0009251430410958904,0.2095,0.0036074178082191777,0.2159,0.011876688575342468,0.23370000000000002,0.027831557095890417,0.24100000000000002,0.05808100000000001
2023-02-28,5,0,True,0.0,0.04476565285714285,120.01,-2.0010000000000003,0.1959,0.0009462775068493149,0.207,0.0035218356164383557,0.2132,0.011581491287671233,0.2305,0.027074593150684934,0.23879999999999998,0.05702543999999999
2023-03-01,5,0,True,0.0,0.0440579957142857,118.89,-1.889,0.1959,0.0009462775068493149,0.20579999999999998,0.00348112109589041,0.21359999999999998,0.011624989808219176,0.2309,0.02716864290410959,0.2398,0.057504040000000006
2023-03-02,5,0,True,0.0,0.039821267142857136,117.58,-1.7579999999999998,0.18710000000000002,0.0008631717534246578,0.1959,0.003154258356164383,0.20629999999999998,0.010843975808219176,0.22390000000000002,0.025546315232876718,0.2347,0.055084089999999995
2023-03-03,5,0,True,0.0,0.03532211714285713,118.14,-1.814,0.1776,0.0007777420273972603,0.18489999999999998,0.0028099734246575334,0.1998,0.010171407452054795,0.2182,0.024262166136986302,0.23,0.0529
2023-03-06,5,0,True,0.0,0.03301201428571428,120.19,-2.0189999999999997,0.196,0.0009472438356164385,0.1861,0.0028465652054794517,0.1999,0.010181591589041096,0.21789999999999998,0.024195496602739723,0.22899999999999998,0.052440999999999995
2023-03-07,5,0,True,0.0,0.03599594571428571,120.56,-2.056,0.2096,0.0010832587397260275,0.1959,0.003154258356164383,0.2059,0.010801965287671232,0.222,0.025114586301369864,0.2316,0.05363856
2023-03-08,5,0,True,0.0,0.0340363757142857,119.32,-1.9319999999999993,0.2057,0.0010433216712328766,0.1911,0.0030015789041095884,0.20190000000000002,0.010386344465753428,0.2184,0.0243066634520548,0.23199999999999998,0.05382399999999999
2023-03-09,5,0,True,0.0,0.04524980285714285,122.22,-2.222,0.2546,0.0015983299726027398,0.2261,0.004201743287671232,0.22870000000000001,0.013326693616438358,0.23870000000000002,0.02903520641095891,0.242,0.058564
2023-03-10,5,0,True,0.0,0.056943159999999986,130.27,-3.027000000000001,0.2686,0.001778941479452055,0.248,0.005055123287671232,0.2539,0.016425382273972604,0.2597,0.03436876915068493,0.256,0.065536
2023-03-13,5,0,True,0.0,0.05947298999999998,132.14,-3.2139999999999986,0.3093,0.0023588997534246575,0.2652,0.005780633424657533,0.2664,0.018082502136986305,0.27,0.037149041095890414,0.263,0.06916900000000001
2023-03-14,5,0,True,0.0,0.05154009,132.72,-3.272,0.2597,0.0016630049589041096,0.2373,0.004628325205479452,0.2487,0.015759471698630137,0.2568,0.033605481205479446,0.2541,0.06456681
2023-03-15,5,0,True,0.0,0.06079668142857145,136.62,-3.6620000000000004,0.29309999999999997,0.002118269835616438,0.2614,0.005616161095890412,0.272,0.018850717808219182,0.278,0.039383079452054805,0.2757,0.07601049
2023-03-16,5,0,True,0.0,0.04954921,134.53,-3.4530000000000003,0.24609999999999999,0.0014933887397260272,0.2299,0.004344165205479452,0.24559999999999998,0.015369042410958903,0.2572,0.03371025271232876,0.2571,0.06610041
2023-03-17,5,0,True,0.0,0.061699724285714276,131.34,-3.1340000000000003,0.2701,0.0017988659999999999,0.2551,0.00534871315068493,0.2742,0.01915688909589041,0.2823,0.04061082723287671,0.2763,0.07634168999999999
2023-03-20,5,0,True,0.0,0.05456849999999999,129.91,-2.9909999999999997,0.259,0.0016540520547945205,0.2415,0.004793609589041095,0.2585,0.01702594315068493,0.2698,0.03709402586301369,0.2669,0.07123561000000002
2023-03-21,5,0,True,0.0,0.04294353142857143,127.46,-2.7459999999999996,0.2284,0.0012862987397260271,0.2138,0.003757022465753424,0.2357,0.014154979643835617,0.2514,0.03220702619178083,0.2518,0.06340324000000001
2023-03-22,5,0,True,0.0,0.04661269285714287,123.16,-2.316,0.2375,0.0013908390410958904,0.22260000000000002,0.0040726652054794525,0.2438,0.015144588821917807,0.2566,0.03355315660273973,0.2555,0.06528025
2023-03-23,5,0,True,0.0,0.0501414957142857,125.5,-2.55,0.2311,0.001316890109589041,0.2261,0.004201743287671232,0.24530000000000002,0.015331518821917812,0.2594,0.03428941084931507,0.25989999999999996,0.06754800999999998
2023-03-24,5,0,True,0.0,0.049296039999999985,126.88,-2.6879999999999997,0.20620000000000002,0.0010483998904109591,0.21739999999999998,0.0038846104109589033,0.2396,0.014627284602739729,0.2554,0.03324006509589041,0.25780000000000003,0.06646084000000002
2023-03-27,5,0,True,0.0,0.04464245285714286,126.0,-2.6,0.1931,0.0009194205205479451,0.20600000000000002,0.0034878904109589045,0.22870000000000001,0.013326693616438358,0.24600000000000002,0.030838290410958914,0.2509,0.06295081000000001
2023-03-28,5,0,True,0.0,0.04257203285714285,122.9,-2.2900000000000005,0.1833,0.0008284657808219178,0.1997,0.0032778156164383556,0.2238,0.012761750465753426,0.2433,0.03016506723287671,0.24780000000000002,0.06140484000000001
2023-03-29,5,0,True,0.0,0.039590247142857145,123.76,-2.3760000000000003,0.17170000000000002,0.0007269260547945207,0.1912,0.003004721095890411,0.21489999999999998,0.011766923095890409,0.2357,0.028309959287671233,0.2422,0.05866084
2023-03-30,5,0,True,0.0,0.03885334285714285,126.31,-2.6310000000000002,0.17300000000000001,0.0007379753424657535,0.1902,0.002973373150684931,0.2145,0.011723159589041096,0.23550000000000001,0.02826193561643836,0.2418,0.05846724
2023-03-31,5,0,True,0.0,0.03827370999999999,125.85,-2.5849999999999995,0.16510000000000002,0.0006721153150684934,0.187,0.0028741643835616436,0.21230000000000002,0.0114839177260274,0.2325,0.027546472602739732,0.2412,0.05817744
2023-04-03,5,0,True,0.0,0.03672803285714285,126.21,-2.6209999999999996,0.1703,0.0007151200273972603,0.1855,0.002828239726027397,0.20829999999999999,0.011055251424657533,0.2298,0.026910398465753427,0.2384,0.05683456
2023-04-04,5,0,True,0.0,0.038566154285714284,127.03,-2.7030000000000003,0.17420000000000002,0.0007482486575342467,0.19,0.0029671232876712327,0.2134,0.011603230356164384,0.2345,0.028022428767123284,0.2433,0.05919488999999999
2023-04-05,5,0,True,0.0,0.039635481428571415,126.98,-2.6980000000000004,0.1699,0.0007117646301369862,0.19079999999999997,0.002992162191780821,0.2148,0.011755974575342465,0.2376,0.028768217424657537,0.2451,0.060074010000000004
2023-04-06,5,0,True,0.0,0.03782875428571428,124.42,-2.442,0.1568,0.0006062360547945205,0.184,0.0027826849315068488,0.21,0.011236438356164382,0.23329999999999998,0.027736365863013698,0.2434,0.05924356
2023-04-10,5,0,True,0.0,0.039312699999999985,126.96,-2.6959999999999993,0.168,0.0006959342465753425,0.18969999999999998,0.0029577608219178075,0.2107,0.01131147279452055,0.2321,0.02745177057534247,0.23929999999999998,0.057264489999999994
2023-04-11,5,0,True,0.0,0.03993316,127.42,-2.742,0.1686,0.0007009140821917808,0.191,0.0029984383561643835,0.2101,0.011247142273972603,0.23120000000000002,0.027239287232876715,0.23929999999999998,0.057264489999999994
2023-04-12,5,0,True,0.0,0.04122644285714284,130.0,-3.0,0.159,0.0006233671232876713,0.1909,0.0029952994520547936,0.21050000000000002,0.011290008904109592,0.23129999999999998,0.027262855726027393,0.2416,0.05837056
2023-04-13,5,0,True,0.0,0.03606475000000001,132.36,-3.2360000000000015,0.1465,0.0005292061643835616,0.17800000000000002,0.002604164383561644,0.2026,0.010458489534246575,0.2259,0.026004741534246575,0.23620000000000002,0.05579044000000001
2023-04-14,5,0,True,0.0,0.03398830714285714,134.65,-3.4650000000000007,0.1335,0.0004394527397260274,0.1707,0.0023949443835616434,0.2003,0.010222379095890412,0.2248,0.025752102575342467,0.2359,0.05564881
2023-04-17,5,0,True,0.0,0.032020067142857135,135.04,-3.503999999999999,0.1451,0.0005191399726027397,0.16949999999999998,0.0023613904109589037,0.19649999999999998,0.009838189726027397,0.22149999999999997,0.025001584931506844,0.23309999999999997,0.054335609999999986
2023-04-18,5,0,True,0.0,0.03119052428571427,137.12,-3.7120000000000006,0.1471,0.0005335498356164385,0.16829999999999998,0.0023280731506849306,0.19820000000000002,0.010009154301369864,0.2234,0.025432345643835615,0.2352,0.05531904
2023-04-19,5,0,True,0.0,0.029940657142857135,130.48,-3.047999999999999,0.14300000000000002,0.0005042219178082193,0.1646,0.0022268350684931503,0.2002,0.010212174575342466,0.22579999999999997,0.025981723397260268,0.2365,0.055932249999999996
2023-04-20,5,0,True,0.0,0.03230483285714286,133.49,-3.349000000000001,0.15130000000000002,0.0005644526301369864,0.17170000000000002,0.002423086849315069,0.20550000000000002,0.010760036301369864,0.2309,0.02716864290410959,0.2412,0.05817744
2023-04-21,5,0,True,0.0,0.030686939999999985,132.94,-3.2939999999999996,0.14880000000000002,0.0005459533150684933,0.1677,0.0023115032876712322,0.2039,0.010593135698630138,0.2309,0.02716864290410959,0.2412,0.05817744
2023-04-24,5,0,True,0.0,0.02887219285714285,132.4,-3.2400000000000007,0.16649999999999998,0.0006835623287671231,0.1689,0.0023447021917808214,0.204,0.010603528767123286,0.23149999999999998,0.02731002328767123,0.24420000000000003,0.059633640000000016
2023-04-25,5,0,True,0.0,0.034674811428571435,130.29,-3.028999999999999,0.19079999999999997,0.0008976486575342463,0.18760000000000002,0.002892637808219178,0.2165,0.011942792465753424,0.242,0.029843572602739725,0.2503,0.06265009
2023-04-26,5,0,True,0.0,0.034775725714285714,130.5,-3.05,0.1928,0.0009165659178082191,0.1884,0.002917361095890411,0.21539999999999998,0.0118217421369863,0.2413,0.029671173534246576,0.2483,0.061652889999999995
2023-04-27,5,0,True,0.0,0.02872319714285715,136.6,-3.6599999999999993,0.1722,0.0007311659178082191,0.1703,0.0023837334246575343,0.20370000000000002,0.01057236484931507,0.2325,0.027546472602739732,0.243,0.059049
2023-04-28,5,0,True,0.0,0.02523630428571428,138.44,-3.844,0.1553,0.0005946926301369863,0.1578,0.0020466443835616436,0.1954,0.009728350356164383,0.2278,0.02644402257534247,0.2415,0.05832225
2023-05-01,5,0,True,0.0,0.025870418571428556,135.66,-3.566,0.1607,0.0006367682465753425,0.16079999999999997,0.002125203287671232,0.1967,0.00985822676712329,0.2263,0.026096915999999998,0.2396,0.05740816000000001
2023-05-02,5,0,True,0.0,0.03031839571428572,131.09,-3.1090000000000004,0.1861,0.0008539695616438355,0.1778,0.0025983156164383564,0.2075,0.010970496575342466,0.2347,0.028070248602739725,0.24719999999999998,0.06110783999999999
2023-05-03,5,0,True,0.0,0.03339879571428572,130.41,-3.0409999999999995,0.18489999999999998,0.00084299202739726,0.1834,0.002764566575342466,0.21289999999999998,0.011548920904109587,0.23800000000000002,0.02886516164383562,0.24420000000000003,0.059633640000000016
2023-05-04,5,0,True,0.0,0.040720540000000006,130.54,-3.0539999999999994,0.19879999999999998,0.0009745012602739723,0.2009,0.003317326849315068,0.22769999999999999,0.013210405397260271,0.2492,0.0316458055890411,0.256,0.065536
2023-05-05,5,0,True,0.0,0.03212877428571429,134.32,-3.4319999999999995,0.1534,0.0005802302465753425,0.17190000000000003,0.0024287350684931513,0.2078,0.011002241424657536,0.23550000000000001,0.02826193561643836,0.2445,0.05978025
2023-05-08,5,0,True,0.0,0.031234731428571437,132.32,-3.2319999999999993,0.1524,0.0005726899726027397,0.1698,0.0023697567123287674,0.2071,0.010928241452054796,0.2353,0.028213952712328773,0.2466,0.06081156000000001
2023-05-09,5,0,True,0.0,0.03327944285714286,133.88,-3.3879999999999995,0.16399999999999998,0.0006631890410958903,0.1771,0.0025778967123287672,0.21170000000000003,0.011419098000000004,0.23809999999999998,0.02888942317808219,0.2475,0.06125625
2023-05-10,5,0,True,0.0,0.03187188142857144,138.63,-3.8629999999999995,0.1459,0.0005248802465753424,0.16940000000000002,0.0023586049315068498,0.2069,0.010907144465753426,0.23370000000000002,0.027831557095890417,0.24539999999999998,0.06022115999999999
2023-05-11,5,0,True,0.0,0.031948124285714294,138.18,-3.8180000000000005,0.1449,0.0005177098356164383,0.1693,0.002355821095890411,0.20620000000000002,0.010833465534246578,0.2332,0.027712593534246575,0.24480000000000002,0.05992704000000001
2023-05-12,5,0,True,0.0,0.03292321,140.26,-4.025999999999999,0.1409,0.0004895213424657534,0.1703,0.0023837334246575343,0.2066,0.010875537205479452,0.23370000000000002,0.027831557095890417,0.2487,0.06185169
2023-05-15,5,0,True,0.0,0.03268507428571429,138.57,-3.8569999999999993,0.1464,0.0005284839452054795,0.17120000000000002,0.002408995068493151,0.20309999999999997,0.010510174602739725,0.2305,0.027074593150684934,0.2425,0.05880625
2023-05-16,5,0,True,0.0,0.035276581428571416,137.32,-3.7319999999999993,0.15990000000000001,0.0006304440821917809,0.17989999999999998,0.0026600556164383554,0.209,0.011129679452054795,0.2354,0.02823793906849315,0.2488,0.061901439999999995
2023-05-17,5,0,True,0.0,0.03143346142857144,137.53,-3.753,0.1467,0.0005306520821917808,0.16870000000000002,0.0023391526027397263,0.2005,0.010242803424657537,0.2286,0.026630083726027397,0.2412,0.05817744
2023-05-18,5,0,True,0.0,0.028328202857142853,138.06,-3.806,0.1406,0.00048743901369863017,0.1605,0.002117280821917808,0.19329999999999997,0.00952036923287671,0.2223,0.025182509424657534,0.23670000000000002,0.05602689000000001
2023-05-19,5,0,True,0.0,0.03166533571428571,135.52,-3.552000000000001,0.1425,0.0005007020547945205,0.1681,0.0023225432876712326,0.2004,0.010232588712328768,0.2289,0.026700024821917807,0.2437,0.05938969
2023-05-22,5,0,True,0.0,0.03198899714285714,136.24,-3.624000000000001,0.1552,0.0005939270136986302,0.1721,0.0024343898630136986,0.2036,0.010561987068493152,0.22899999999999998,0.02672335890410959,0.24059999999999998,0.05788835999999999
2023-05-23,5,0,True,0.0,0.03612083285714286,136.42,-3.6419999999999986,0.17370000000000002,0.000743959479452055,0.18530000000000002,0.002822144383561644,0.21059999999999998,0.011300738301369863,0.23370000000000002,0.027831557095890417,0.24350000000000002,0.05929225000000001
2023-05-24,5,0,True,0.0,0.04056357571428572,138.37,-3.8370000000000006,0.1977,0.0009637468767123286,0.2003,0.0032975416438356165,0.2202,0.01235448690410959,0.23920000000000002,0.029156972712328776,0.24710000000000001,0.06105841000000001
2023-05-25,5,0,True,0.0,0.03772973142857144,140.73,-4.072999999999999,0.18460000000000001,0.0008402587397260275,0.19140000000000001,0.0030110104109589047,0.2138,0.011646769643835616,0.2347,0.028070248602739725,0.24480000000000002,0.05992704000000001
2023-05-26,5,0,True,0.0,0.03329103142857143,146.46,-4.646000000000001,0.1724,0.0007328653150684931,0.1795,0.002648239726027397,0.20440000000000003,0.010645152000000003,0.22820000000000001,0.02653697161643836,0.23579999999999998,0.055601639999999994
2023-05-30,5,0,True,0.0,0.03186822428571428,145.14,-4.5139999999999985,0.16510000000000002,0.0006721153150684934,0.1746,0.002505629589041096,0.20129999999999998,0.010324704575342463,0.22579999999999997,0.025981723397260268,0.2364,0.05588496
2023-05-31,5,0,True,0.0,0.033809549999999994,158.3,-5.830000000000001,0.1685,0.0007000828767123288,0.1794,0.0026452898630136986,0.2021,0.010406931863013698,0.2255,0.025912730136986303,0.2366,0.055979560000000005
2023-06-01,5,0,True,0.0,0.026612911428571428,151.98,-5.197999999999999,0.1398,0.0004819078356164384,0.1565,0.0020130616438356163,0.1875,0.008957619863013699,0.2137,0.023271754356164385,0.2303,0.05303809
2023-06-02,5,0,True,0.0,0.023495388571428563,142.61,-4.261000000000001,0.1274,0.00040021052054794526,0.146,0.0017519999999999997,0.17920000000000003,0.00818212471232877,0.20600000000000002,0.02162492054794521,0.2237,0.05004169000000001
2023-06-05,5,0,True,0.0,0.022427288571428578,143.18,-4.3180000000000005,0.1414,0.0004930017534246575,0.14730000000000001,0.0017833389041095893,0.179,0.008163871232876712,0.2052,0.0214572861369863,0.2211,0.04888521
2023-06-06,5,0,True,0.0,0.01964299,146.27,-4.627000000000001,0.1383,0.00047162194520547945,0.1396,0.0016017665753424656,0.1704,0.0073982544657534245,0.19699999999999998,0.019776641095890408,0.2159,0.046612810000000005
2023-06-07,5,0,True,0.0,0.019527674285714284,151.01,-5.100999999999999,0.1386,0.0004736702465753425,0.1394,0.0015971802739726025,0.1714,0.007485343232876712,0.198,0.01997792876712329,0.21600000000000003,0.04665600000000001
2023-06-08,5,0,True,0.0,0.018702295714285718,155.53,-5.553,0.1359,0.0004553953150684931,0.1365,0.0015314178082191782,0.1686,0.007242778849315069,0.19469999999999998,0.01931754723287671,0.2155,0.046440249999999995
2023-06-09,5,0,True,0.0,0.019754524285714288,152.78,-5.2780000000000005,0.1329,0.0004355114794520547,0.1383,0.0015720731506849315,0.1696,0.007328950356164384,0.1955,0.019476620547945207,0.2134,0.04553956
2023-06-12,5,0,True,0.0,0.02208762142857143,157.71,-5.771000000000001,0.1535,0.0005809869863013698,0.1501,0.0018517816438356166,0.1728,0.007608123616438357,0.196,0.01957637260273973,0.2127,0.04524129
2023-06-13,5,0,True,0.0,0.021606300000000002,156.44,-5.644,0.14400000000000002,0.0005112986301369864,0.1461,0.0017544008219178085,0.1723,0.007564158821917809,0.1962,0.01961634476712329,0.2126,0.045198760000000004
2023-06-14,5,0,True,0.0,0.020598738571428573,150.37,-5.037000000000001,0.12710000000000002,0.00039832791780821926,0.1388,0.0015834608219178082,0.1686,0.007242778849315069,0.19469999999999998,0.01931754723287671,0.2127,0.04524129
2023-06-15,5,0,True,0.0,0.02213215428571428,147.86,-4.786000000000001,0.1358,0.00045472536986301376,0.145,0.0017280821917808216,0.1718,0.007520321424657535,0.195,0.019377123287671234,0.2127,0.04524129
2023-06-16,5,0,True,0.0,0.02068870428571428,143.07,-4.3069999999999995,0.1133,0.00031652605479452056,0.1354,0.0015068350684931504,0.1675,0.007148578767123289,0.193,0.018981682191780824,0.2119,0.04490161
2023-06-20,5,0,True,0.0,0.020368068571428567,138.75,-3.875,0.1292,0.00041159934246575347,0.1388,0.0015834608219178082,0.17300000000000001,0.0076257452054794535,0.1975,0.01987715753424658,0.2151,0.046268010000000005
2023-06-21,5,0,True,0.0,0.018689104285714287,133.72,-3.372,0.12029999999999999,0.0003568460547945205,0.132,0.001432109589041096,0.1689,0.007268576794520547,0.1953,0.019436791068493154,0.2138,0.04571044
2023-06-22,5,0,True,0.0,0.01848162142857142,136.15,-3.6150000000000007,0.1115,0.0003065486301369863,0.1291,0.0013698747945205475,0.1656,0.006987321863013699,0.19269999999999998,0.018922717643835612,0.2125,0.045156249999999995
2023-06-23,5,0,True,0.0,0.02002799571428571,137.85,-3.7849999999999993,0.1161,0.00033236408219178076,0.1344,0.001484659726027397,0.16870000000000002,0.007251373068493152,0.1949,0.019357254410958903,0.2141,0.04583881000000001
2023-06-26,5,0,True,0.0,0.022118254285714282,140.09,-4.009,0.1268,0.0003964497534246575,0.1425,0.0016690068493150681,0.1705,0.007406940410958906,0.195,0.019377123287671234,0.2144,0.045967360000000006
2023-06-27,5,0,True,0.0,0.020746692857142854,140.56,-4.056,0.12050000000000001,0.00035803356164383567,0.1374,0.0015516789041095888,0.16440000000000002,0.0068864232328767145,0.1888,0.018164525589041098,0.21,0.04409999999999999
2023-06-28,5,0,True,0.0,0.019859517142857143,138.37,-3.8370000000000006,0.1174,0.0003398488767123288,0.1343,0.0014824512328767124,0.159,0.006441460273972604,0.1834,0.01714031276712329,0.20550000000000002,0.042230250000000004
2023-06-29,5,0,True,0.0,0.02027326428571428,143.05,-4.3050000000000015,0.1175,0.00034042808219178077,0.1354,0.0015068350684931504,0.161,0.006604528767123289,0.18489999999999998,0.017421835232876708,0.2078,0.043180840000000005
2023-06-30,5,0,True,0.0,0.02068654714285714,149.96,-4.996,0.1153,0.00032779947945205476,0.1359,0.0015179843835616436,0.1602,0.006539056767123288,0.1833,0.0171216261369863,0.2053,0.042148090000000006
2023-07-03,5,0,True,0.0,0.020134985714285722,145.24,-4.524000000000001,0.12,0.0003550684931506849,0.13570000000000002,0.0015135197260273976,0.1607,0.006579938547945206,0.1837,0.01719643380821918,0.2021,0.04084441
2023-07-05,5,0,True,0.0,0.021952990000000002,144.08,-4.408000000000001,0.1257,0.00038960112328767125,0.1418,0.0016526498630136987,0.16510000000000002,0.006945191589041099,0.18710000000000002,0.017838882904109593,0.2075,0.04305625
2023-07-06,5,0,True,0.0,0.02570415999999999,148.45,-4.844999999999999,0.1396,0.0004805299726027397,0.15439999999999998,0.001959399452054794,0.1752,0.007820928,0.195,0.019377123287671234,0.2134,0.04553956
2023-07-07,5,0,True,0.0,0.02461441428571428,148.13,-4.813,0.126,0.00039146301369863016,0.1483,0.0018076347945205477,0.1724,0.007572941589041096,0.1931,0.019001357424657535,0.21230000000000002,0.04507129000000001
2023-07-10,5,0,True,0.0,0.024632842857142852,142.49,-4.2490000000000006,0.135,0.00044938356164383564,0.1507,0.001866615616438356,0.1725,0.0075817294520547935,0.19210000000000002,0.0188050637260274,0.2116,0.044774560000000005
2023-07-11,5,0,True,0.0,0.023416942857142856,143.99,-4.399000000000001,0.13699999999999998,0.00046279726027397244,0.1484,0.0018100734246575341,0.1697,0.007337595534246575,0.18969999999999998,0.018338117095890408,0.2089,0.04363921
2023-07-12,5,0,True,0.0,0.020640039999999995,148.32,-4.831999999999999,0.11380000000000001,0.0003193259178082192,0.1354,0.0015068350684931504,0.1611,0.006612735698630136,0.1826,0.016991105095890413,0.2041,0.04165681
2023-07-13,5,0,True,0.0,0.020155861428571425,147.08,-4.708000000000001,0.1213,0.0003628033150684932,0.1361,0.001522455616438356,0.1612,0.006620947726027398,0.18239999999999998,0.01695390509589041,0.203,0.041209
2023-07-14,5,0,True,0.0,0.019353228571428568,149.48,-4.947999999999999,0.11900000000000001,0.00034917534246575347,0.1334,0.0014626487671232874,0.1604,0.006555394191780821,0.1821,0.016898181534246576,0.2026,0.04104676
2023-07-17,5,0,True,0.0,0.018615138571428567,142.24,-4.224000000000001,0.1309,0.00042250216438356156,0.1348,0.0014935101369863012,0.16269999999999998,0.0067447396438356155,0.1827,0.017009720383561643,0.2059,0.04239481
2023-07-18,5,0,True,0.0,0.017859035714285716,141.86,-4.186000000000002,0.1315,0.00042638424657534253,0.133,0.0014538904109589043,0.1613,0.006629164849315069,0.1815,0.016787009589041096,0.2054,0.042189159999999996
2023-07-19,5,0,True,0.0,0.019398674285714287,141.25,-4.125,0.1336,0.00044011134246575343,0.1376,0.0015561994520547945,0.1656,0.006987321863013699,0.1859,0.01761079084931507,0.20809999999999998,0.043305609999999994
2023-07-20,5,0,True,0.0,0.02006808999999999,142.82,-4.281999999999999,0.13570000000000002,0.0004540559178082193,0.1399,0.0016086583561643831,0.1666,0.007071964602739726,0.18739999999999998,0.017896135232876708,0.2084,0.04343056
2023-07-21,5,0,True,0.0,0.019726428571428575,142.55,-4.255000000000001,0.125,0.0003852739726027397,0.136,0.001520219178082192,0.16399999999999998,0.006852953424657532,0.1852,0.01747841490410959,0.207,0.042849
2023-07-24,5,0,True,0.0,0.01993423857142857,143.75,-4.375,0.1341,0.00044341175342465746,0.1391,0.0015903131506849314,0.16260000000000002,0.006736451178082193,0.1839,0.01723389879452055,0.2054,0.042189159999999996
2023-07-25,5,0,True,0.0,0.019643652857142858,142.18,-4.218000000000001,0.1349,0.00044871805479452045,0.1386,0.0015789008219178082,0.16219999999999998,0.006703348273972601,0.18359999999999999,0.017177716602739725,0.2054,0.042189159999999996
2023-07-26,5,0,True,0.0,0.018946831428571422,143.58,-4.358000000000001,0.1174,0.0003398488767123288,0.1319,0.0014299405479452053,0.15789999999999998,0.006352641452054794,0.1812,0.016731561205479452,0.20379999999999998,0.04153443999999999
2023-07-27,5,0,True,0.0,0.021887975714285714,147.93,-4.793000000000001,0.13470000000000001,0.0004473885205479453,0.1441,0.001706696712328767,0.1663,0.007046518273972603,0.18739999999999998,0.017896135232876708,0.2076,0.043097760000000006
2023-07-28,5,0,True,0.0,0.019979289999999993,143.48,-4.347999999999999,0.11230000000000001,0.0003109633150684932,0.1333,0.0014604567123287669,0.1592,0.0064576753972602745,0.1827,0.017009720383561643,0.2047,0.041902089999999996
2023-07-31,5,0,True,0.0,0.019713940000000003,145.47,-4.547,0.12619999999999998,0.0003927067397260272,0.1363,0.0015269334246575342,0.16010000000000002,0.006530895698630139,0.18420000000000003,0.017290172712328772,0.2054,0.042189159999999996
2023-08-01,5,0,True,0.0,0.020466695714285717,142.57,-4.257,0.1301,0.00041735367123287665,0.1393,0.001594889589041096,0.1634,0.0068029015890410955,0.1862,0.017667676273972605,0.20739999999999997,0.04301475999999999
2023-08-02,5,0,True,0.0,0.02682001428571427,145.75,-4.575,0.154,0.0005847780821917808,0.1609,0.0021278473972602733,0.1796,0.00821869282191781,0.19879999999999998,0.020139692712328763,0.2163,0.04678569
2023-08-03,5,0,True,0.0,0.026486474285714285,147.38,-4.7379999999999995,0.1506,0.0005592417534246577,0.1592,0.002083121095890411,0.1772,0.008000507178082192,0.1968,0.0197365058630137,0.2147,0.04609609
2023-08-04,5,0,True,0.0,0.030677652857142863,153.35,-5.334999999999999,0.1609,0.0006383542191780821,0.171,0.002403369863013699,0.1861,0.008824352136986301,0.2018,0.02075211682191781,0.21780000000000002,0.04743684000000001
2023-08-07,5,0,True,0.0,0.026291740000000004,148.54,-4.853999999999999,0.14679999999999999,0.0005313757808219177,0.1577,0.0020440512328767126,0.1772,0.008000507178082192,0.1948,0.019337395726027398,0.2144,0.045967360000000006
2023-08-08,5,0,True,0.0,0.02712561,142.3,-4.230000000000001,0.1481,0.0005408287397260274,0.15990000000000001,0.002101480273972603,0.1813,0.008375016904109588,0.19899999999999998,0.020180235616438353,0.21710000000000002,0.047132410000000007
2023-08-09,5,0,True,0.0,0.026316990000000012,137.12,-3.7120000000000006,0.1533,0.0005794739999999999,0.15960000000000002,0.0020936021917808225,0.1805,0.008301269178082191,0.1986,0.020099190575342464,0.2167,0.04695889
2023-08-10,5,0,True,0.0,0.02575131142857143,136.58,-3.6580000000000013,0.15380000000000002,0.0005832601643835617,0.1585,0.002064842465753425,0.1816,0.008402756383561645,0.19829999999999998,0.020038513808219176,0.2127,0.04524129
2023-08-11,5,0,True,0.0,0.023498932857142853,135.16,-3.5159999999999996,0.1363,0.0004580800273972603,0.1484,0.0018100734246575341,0.17559999999999998,0.007856680767123286,0.19579999999999997,0.019536441205479448,0.2146,0.04605316
2023-08-14,5,0,True,0.0,0.022278132857142856,136.9,-3.6900000000000004,0.1457,0.0005234422191780822,0.1482,0.001805197808219178,0.1741,0.007723028301369864,0.1929,0.018962017150684927,0.21359999999999998,0.04562495999999999
2023-08-15,5,0,True,0.0,0.02695164571428571,136.69,-3.6689999999999996,0.1656,0.0006761924383561643,0.1646,0.0022268350684931503,0.1859,0.008805395424657535,0.2036,0.021123974136986304,0.2207,0.04870849
2023-08-16,5,0,True,0.0,0.028753360000000006,132.09,-3.2090000000000005,0.1636,0.000659957917808219,0.1678,0.0023142608219178084,0.18969999999999998,0.009169058547945204,0.207,0.02183538082191781,0.2224,0.049461759999999994
2023-08-17,5,0,True,0.0,0.032641689999999994,132.51,-3.250999999999999,0.1747,0.0007525501643835615,0.1789,0.0026305652054794517,0.19829999999999998,0.010019256904109588,0.21420000000000003,0.023380780931506858,0.22699999999999998,0.05152899999999999
2023-08-18,5,0,True,0.0,0.031031217142857153,134.77,-3.477000000000001,0.1654,0.000674560109589041,0.17300000000000001,0.0024599178082191785,0.1924,0.009431922410958903,0.21050000000000002,0.022580017808219183,0.22440000000000002,0.05035536000000001
2023-08-21,5,0,True,0.0,0.029794739999999986,133.59,-3.3590000000000004,0.16820000000000002,0.0006975922191780823,0.17129999999999998,0.0024118101369863007,0.1877,0.008976739643835618,0.20629999999999998,0.021687951616438352,0.22219999999999998,0.049372839999999994
2023-08-22,5,0,True,0.0,0.02962732428571428,134.06,-3.406,0.16390000000000002,0.0006623805205479453,0.1697,0.0023669663013698625,0.18719999999999998,0.008928978410958903,0.2077,0.021983309424657534,0.2254,0.050805159999999995
2023-08-23,5,0,True,0.0,0.02639510285714285,131.82,-3.1819999999999995,0.1534,0.0005802302465753425,0.1598,0.0020988526027397258,0.1794,0.008200398575342466,0.2006,0.020506046465753425,0.21789999999999998,0.047480409999999994
2023-08-24,5,0,True,0.0,0.031153857142857132,132.48,-3.247999999999999,0.161,0.0006391479452054795,0.172,0.002431561643835616,0.1875,0.008957619863013699,0.2061,0.021645920712328768,0.22089999999999999,0.048796809999999996
2023-08-25,5,0,True,0.0,0.026985125714285716,132.27,-3.227000000000001,0.1378,0.0004682179726027397,0.1568,0.0020207868493150685,0.1772,0.008000507178082192,0.19760000000000003,0.01989729139726028,0.215,0.046224999999999995
2023-08-28,5,0,True,0.0,0.024641161428571423,130.19,-3.0189999999999997,0.1353,0.0004513830410958904,0.1508,0.0018690936986301367,0.17120000000000002,0.007467884712328769,0.1931,0.019001357424657535,0.2119,0.04490161
2023-08-29,5,0,True,0.0,0.02224792857142856,135.23,-3.522999999999999,0.133,0.0004361671232876713,0.1445,0.0017161849315068488,0.1656,0.006987321863013699,0.18710000000000002,0.017838882904109593,0.2072,0.04293184
2023-08-30,5,0,True,0.0,0.02091106857142857,142.14,-4.213999999999999,0.1242,0.00038035824657534247,0.1388,0.0015834608219178082,0.1618,0.006670326904109589,0.1855,0.01753508630136986,0.2021,0.04084441
2023-08-31,5,0,True,0.0,0.020349095714285722,144.7,-4.469999999999999,0.11789999999999999,0.0003427498356164383,0.13570000000000002,0.0015135197260273976,0.1592,0.0064576753972602745,0.18289999999999998,0.017046981534246573,0.20079999999999998,0.04032063999999999
2023-09-01,5,0,True,0.0,0.019798192857142852,144.28,-4.428,0.1045,0.00026926643835616435,0.1309,0.0014083405479452052,0.1574,0.006312473095890412,0.1815,0.016787009589041096,0.2025,0.04100625000000001
2023-09-05,5,0,True,0.0,0.020919209999999997,139.62,-3.9620000000000006,0.12890000000000001,0.0004096901095890412,0.1401,0.001613261095890411,0.1624,0.006719889534246575,0.1832,0.01710294969863014,0.2048,0.04194304
2023-09-06,5,0,True,0.0,0.022474214285714278,137.88,-3.7879999999999994,0.131,0.0004231479452054795,0.1445,0.0017161849315068488,0.1661,0.007029579534246575,0.1862,0.017667676273972605,0.20800000000000002,0.04326400000000001
2023-09-07,5,0,True,0.0,0.022268142857142865,135.59,-3.559,0.131,0.0004231479452054795,0.14400000000000002,0.001704328767123288,0.16579999999999998,0.007004209643835615,0.1861,0.017648704273972603,0.20579999999999998,0.04235363999999999
2023-09-08,5,0,True,0.0,0.020795182857142852,138.18,-3.8180000000000005,0.12380000000000001,0.00037791221917808226,0.1384,0.0015743473972602738,0.16140000000000002,0.006637387068493152,0.1827,0.017009720383561643,0.2032,0.04129024
2023-09-11,5,0,True,0.0,0.019658875714285717,138.21,-3.8210000000000006,0.13269999999999998,0.0004342016712328766,0.138,0.0015652602739726028,0.1602,0.006539056767123288,0.1805,0.016602538356164383,0.20149999999999998,0.04060224999999999
2023-09-12,5,0,True,0.0,0.02046745,136.25,-3.625,0.1405,0.000486745890410959,0.1423,0.0016643252054794522,0.1625,0.006728167808219179,0.1821,0.016898181534246576,0.2026,0.04104676
2023-09-13,5,0,True,0.0,0.019294304285714284,137.42,-3.7419999999999987,0.1247,0.0003834268767123288,0.1348,0.0014935101369863012,0.1592,0.0064576753972602745,0.1801,0.016529035232876712,0.2021,0.04084441
2023-09-14,5,0,True,0.0,0.01751148571428572,144.32,-4.4319999999999995,0.11800000000000001,0.0003433315068493151,0.1282,0.0013508416438356167,0.1534,0.005995712547945207,0.17679999999999998,0.0159288565479452,0.1978,0.03912484
2023-09-15,5,0,True,0.0,0.020459152857142855,142.92,-4.291999999999999,0.1251,0.0003858906575342465,0.1379,0.0015629926027397258,0.1602,0.006539056767123288,0.1815,0.016787009589041096,0.20440000000000003,0.04177936000000001
2023-09-18,5,0,True,0.0,0.020049811428571433,137.65,-3.7650000000000006,0.1362,0.00045740810958904104,0.14,0.0016109589041095893,0.1613,0.006629164849315069,0.1819,0.016861083452054795,0.20190000000000002,0.04076361000000001
2023-09-19,5,0,True,0.0,0.019763461428571424,137.31,-3.7310000000000003,0.1423,0.0004992975616438357,0.1411,0.0016363734246575342,0.1613,0.006629164849315069,0.18170000000000003,0.016824026136986307,0.20190000000000002,0.04076361000000001
2023-09-20,5,0,True,0.0,0.022752532857142856,135.74,-3.5740000000000007,0.1527,0.0005749468767123288,0.1514,0.0018839967123287671,0.1681,0.007199884191780822,0.1861,0.017648704273972603,0.2045,0.041820249999999996
2023-09-21,5,0,True,0.0,0.02867361142857143,135.94,-3.594,0.1888,0.0008789286575342465,0.1754,0.002528643287671233,0.18239999999999998,0.008476952547945204,0.19579999999999997,0.019536441205479448,0.2108,0.04443663999999999
2023-09-22,5,0,True,0.0,0.02912285285714285,137.74,-3.774000000000001,0.1751,0.0007560002465753424,0.172,0.002431561643835616,0.1809,0.008338102273972603,0.196,0.01957637260273973,0.21239999999999998,0.04511375999999999
2023-09-25,5,0,True,0.0,0.027586274285714283,133.06,-3.306,0.17559999999999998,0.0007603239452054792,0.16899999999999998,0.002347479452054794,0.1802,0.008273697863013699,0.1963,0.019636346136986303,0.21359999999999998,0.04562495999999999
2023-09-26,5,0,True,0.0,0.03435955000000001,136.3,-3.6300000000000012,0.1985,0.0009715623287671235,0.1894,0.002948413150684932,0.1972,0.009908408547945204,0.2101,0.022494284547945206,0.2237,0.05004169000000001
2023-09-27,5,0,True,0.0,0.03208263999999999,135.38,-3.5379999999999994,0.1892,0.0008826568767123288,0.1822,0.0027285073972602735,0.1911,0.009304894602739726,0.207,0.02183538082191781,0.2213,0.04897369
2023-09-28,5,0,True,0.0,0.029632932857142857,133.48,-3.347999999999999,0.17629999999999998,0.0007663978356164382,0.1734,0.002471306301369863,0.1838,0.008607580602739726,0.2009,0.020567426465753425,0.22,0.0484
2023-09-29,5,0,True,0.0,0.0311712,134.5,-3.45,0.172,0.0007294684931506848,0.1752,0.00252288,0.18510000000000001,0.008729772410958904,0.2018,0.02075211682191781,0.21850000000000003,0.047742250000000014
2023-10-02,5,0,True,0.0,0.031011210000000004,129.17,-2.916999999999999,0.1761,0.0007646599726027398,0.1761,0.002548866575342466,0.1862,0.008833838136986303,0.2027,0.020937632712328767,0.2213,0.04897369
2023-10-03,5,0,True,0.0,0.038920771428571435,129.78,-2.978,0.19899999999999998,0.0009764630136986299,0.1978,0.0032157402739726028,0.2041,0.01061392693150685,0.2165,0.02388558493150685,0.2303,0.05303809
2023-10-04,5,0,True,0.0,0.0349642,130.68,-3.0680000000000005,0.183,0.0008257561643835615,0.1858,0.0028373950684931503,0.19519999999999998,0.009708445808219175,0.2108,0.022644424767123285,0.2274,0.051710759999999995
2023-10-05,5,0,True,0.0,0.03439331714285713,129.75,-2.975,0.18359999999999999,0.0008311798356164383,0.18489999999999998,0.0028099734246575334,0.195,0.009688561643835617,0.2114,0.0227735138630137,0.22760000000000002,0.05180176000000001
2023-10-06,5,0,True,0.0,0.032127609999999994,129.36,-2.9360000000000013,0.1629,0.0006543224383561642,0.1745,0.002502760273972602,0.1873,0.008938520465753426,0.20489999999999997,0.021394591397260267,0.2225,0.04950625
2023-10-09,5,0,True,0.0,0.03105452571428571,133.64,-3.3639999999999985,0.1788,0.0007882875616438354,0.177,0.0025749863013698627,0.1881,0.009015040356164383,0.20559999999999998,0.021541021808219176,0.2242,0.05026564000000001
2023-10-10,5,0,True,0.0,0.028885038571428573,135.17,-3.5169999999999986,0.1711,0.0007218544931506849,0.1703,0.0023837334246575343,0.1827,0.008504860191780822,0.20129999999999998,0.020649409150684927,0.2218,0.04919524
2023-10-11,5,0,True,0.0,0.027121347142857133,137.61,-3.7610000000000015,0.1517,0.0005674411232876712,0.1609,0.0021278473972602733,0.17629999999999998,0.007919444301369863,0.1963,0.019636346136986303,0.2186,0.047785959999999995
2023-10-12,5,0,True,0.0,0.028999861428571434,136.13,-3.6129999999999995,0.15869999999999998,0.00062101701369863,0.16690000000000002,0.0022895021917808222,0.1809,0.008338102273972603,0.1998,0.02034281490410959,0.2208,0.04875264
2023-10-13,5,0,True,0.0,0.03824016,144.3,-4.4300000000000015,0.18760000000000002,0.0008677913424657535,0.1932,0.0030679101369863013,0.2057,0.010780990602739725,0.2181,0.024239932767123287,0.2325,0.05405625000000001
2023-10-16,5,0,True,0.0,0.02964789571428571,137.95,-3.794999999999999,0.17190000000000003,0.0007286205205479454,0.1721,0.0024343898630136986,0.18789999999999998,0.008995879808219177,0.2064,0.021708982356164384,0.2262,0.05116644000000001
2023-10-17,5,0,True,0.0,0.03222873857142856,138.72,-3.872,0.1771,0.0007733690136986302,0.1788,0.0026276252054794513,0.19260000000000002,0.0094515415890411,0.21059999999999998,0.022601476602739725,0.2293,0.05257849
2023-10-18,5,0,True,0.0,0.03746362857142856,137.1,-3.7099999999999995,0.18899999999999997,0.0008807917808219176,0.19219999999999998,0.0030362334246575337,0.2047,0.010676422931506849,0.21960000000000002,0.0245745034520548,0.23550000000000001,0.05546025000000001
2023-10-19,5,0,True,0.0,0.04568578857142857,137.73,-3.772999999999999,0.2146,0.0011355573698630136,0.214,0.0037640547945205476,0.22190000000000001,0.012545982821917809,0.2321,0.02745177057534247,0.2439,0.059487210000000006
2023-10-20,5,0,True,0.0,0.04886154571428572,136.74,-3.674000000000001,0.2076,0.001062684493150685,0.21710000000000002,0.0038738967123287675,0.22440000000000002,0.01283026980821918,0.23600000000000002,0.02838207123287672,0.24609999999999999,0.060565209999999994
2023-10-23,5,0,True,0.0,0.040930581428571436,133.92,-3.3919999999999986,0.2069,0.0010555301095890412,0.20370000000000002,0.003410440273972603,0.2133,0.011592358273972602,0.2267,0.026189253534246577,0.2403,0.057744090000000005
2023-10-24,5,0,True,0.0,0.0354282957142857,132.44,-3.2439999999999998,0.1931,0.0009194205205479451,0.18969999999999998,0.0029577608219178075,0.2021,0.010406931863013698,0.21850000000000003,0.02432892739726028,0.2347,0.055084089999999995
2023-10-25,5,0,True,0.0,0.040240581428571454,132.29,-3.228999999999999,0.20489999999999997,0.0010352221643835614,0.20190000000000002,0.003350433698630138,0.2133,0.011592358273972602,0.22690000000000002,0.026235483452054797,0.2404,0.05779216
2023-10-26,5,0,True,0.0,0.04255291428571426,133.38,-3.3379999999999996,0.20800000000000002,0.0010667835616438358,0.20679999999999998,0.0035150334246575334,0.2157,0.011854694712328768,0.2302,0.027004162849315068,0.24309999999999998,0.059097609999999995
2023-10-27,5,0,True,0.0,0.04507686,132.74,-3.274000000000001,0.21359999999999998,0.00112499901369863,0.2127,0.003718462191780822,0.2227,0.012636608136986303,0.2365,0.028502461643835617,0.24480000000000002,0.05992704000000001
2023-10-30,5,0,True,0.0,0.0374479642857143,130.13,-3.0129999999999995,0.2065,0.0010514527397260272,0.1975,0.003205993150684932,0.20800000000000002,0.011023430136986305,0.22460000000000002,0.025706300712328774,0.2371,0.05621641
2023-10-31,5,0,True,0.0,0.03150449714285715,128.21,-2.8210000000000006,0.1902,0.0008920119452054794,0.1814,0.002704599452054795,0.1949,0.009678627205479452,0.2134,0.023206460712328767,0.2303,0.05303809
2023-11-01,5,0,True,0.0,0.028459690000000003,129.82,-2.9819999999999993,0.16870000000000002,0.0007017457808219179,0.16870000000000002,0.0023391526027397263,0.1855,0.00876754315068493,0.2043,0.021269477095890412,0.2236,0.04999696
2023-11-02,5,0,True,0.0,0.02518398857142857,133.8,-3.3800000000000012,0.1516,0.0005666932602739727,0.1566,0.0020156350684931504,0.17800000000000002,0.008072909589041097,0.19820000000000002,0.020018308602739728,0.2193,0.048092489999999995
2023-11-03,5,0,True,0.0,0.02370269571428572,140.09,-4.009,0.1371,0.0004634731232876712,0.1491,0.0018271898630136988,0.1722,0.007555381150684931,0.1936,0.019099886465753425,0.2158,0.046569639999999995
2023-11-06,5,0,True,0.0,0.02262511857142857,137.89,-3.788999999999999,0.14529999999999998,0.0005205720821917807,0.1489,0.0018222912328767122,0.1703,0.007389573616438357,0.1913,0.018648762575342467,0.2144,0.045967360000000006
2023-11-07,5,0,True,0.0,0.02240980428571429,139.52,-3.952000000000001,0.14429999999999998,0.0005134312602739725,0.1481,0.0018027624657534248,0.16920000000000002,0.007294420602739728,0.1918,0.018746374356164382,0.2144,0.045967360000000006
2023-11-08,5,0,True,0.0,0.02163168999999999,139.41,-3.941,0.1383,0.00047162194520547945,0.1445,0.0017161849315068488,0.1664,0.007054995287671233,0.1889,0.018183772767123293,0.2121,0.044986410000000004
2023-11-09,5,0,True,0.0,0.024136728571428567,139.28,-3.928,0.147,0.0005328246575342464,0.15289999999999998,0.001921513150684931,0.17300000000000001,0.0076257452054794535,0.1937,0.01911962284931507,0.2155,0.046440249999999995
2023-11-10,5,0,True,0.0,0.021684339999999996,139.81,-3.9810000000000003,0.1278,0.0004027275616438356,0.1417,0.001650319726027397,0.16519999999999999,0.0069536074520547934,0.1869,0.017800765643835616,0.21,0.04409999999999999
2023-11-13,5,0,True,0.0,0.022960799999999996,135.27,-3.527000000000001,0.138,0.00046957808219178084,0.1476,0.001790610410958904,0.1661,0.007029579534246575,0.1882,0.01804925654794521,0.2107,0.04439449
2023-11-14,5,0,True,0.0,0.02154493285714286,138.38,-3.8379999999999996,0.12869999999999998,0.0004084197534246574,0.1416,0.0016479912328767124,0.1629,0.006761331863013698,0.18510000000000001,0.01745954482191781,0.2082,0.043347239999999995
2023-11-15,5,0,True,0.0,0.022665824285714287,142.98,-4.297999999999999,0.1189,0.0003485887397260274,0.1418,0.0016526498630136987,0.1628,0.006753033205479452,0.1858,0.017591849424657535,0.2096,0.043932160000000005
2023-11-16,5,0,True,0.0,0.02331708142857142,154.45,-5.4449999999999985,0.11810000000000001,0.0003439136712328768,0.1432,0.0016854443835616435,0.16140000000000002,0.006637387068493152,0.18460000000000001,0.017365347287671234,0.20829999999999999,0.04338888999999999
2023-11-17,5,0,True,0.0,0.022326475714285716,146.88,-4.688,0.1067,0.00028072331506849313,0.138,0.0015652602739726028,0.1585,0.0064010116438356175,0.18309999999999998,0.017084283452054795,0.2073,0.042973290000000004
2023-11-20,5,0,True,0.0,0.020371174285714284,143.78,-4.378,0.1114,0.0003059990136986301,0.1341,0.0014780391780821916,0.15689999999999998,0.0062724321369863004,0.1821,0.016898181534246576,0.20600000000000002,0.04243600000000001
2023-11-21,5,0,True,0.0,0.019822032857142857,140.8,-4.080000000000001,0.11470000000000001,0.00032439673972602746,0.1335,0.0014648424657534246,0.155,0.006121438356164384,0.18030000000000002,0.016565766410958905,0.2052,0.04210704
2023-11-22,5,0,True,0.0,0.019337431428571424,141.55,-4.155000000000001,0.09960000000000001,0.0002446066849315069,0.1285,0.0013571712328767122,0.1548,0.0061056512876712325,0.1805,0.016602538356164383,0.2045,0.041820249999999996
2023-11-24,5,0,True,0.0,0.01803756142857143,144.54,-4.453999999999999,0.0983,0.00023826304109589042,0.1246,0.0012760405479452055,0.1512,0.005824969643835617,0.17809999999999998,0.016163965643835616,0.2036,0.041452960000000004
2023-11-27,5,0,True,0.0,0.01756174714285714,142.2,-4.219999999999999,0.1127,0.0003131824931506849,0.12689999999999999,0.0013235843835616436,0.1534,0.005995712547945207,0.1789,0.016309504273972604,0.20379999999999998,0.04153443999999999
2023-11-28,5,0,True,0.0,0.01731756857142857,142.68,-4.268000000000001,0.1152,0.00032723112328767123,0.12689999999999999,0.0013235843835616436,0.1524,0.005917796383561645,0.17809999999999998,0.016163965643835616,0.20329999999999998,0.041330889999999995
2023-11-29,5,0,True,0.0,0.017845664285714283,139.82,-3.9819999999999993,0.12050000000000001,0.00035803356164383567,0.1298,0.0013847704109589039,0.1551,0.006129339534246574,0.18030000000000002,0.016565766410958905,0.205,0.04202499999999999
2023-11-30,5,0,True,0.0,0.01736277142857143,140.91,-4.090999999999999,0.12300000000000001,0.00037304383561643844,0.1292,0.0013719978082191782,0.15439999999999998,0.006074138301369861,0.1791,0.01634599084931507,0.20440000000000003,0.04177936000000001
2023-12-01,5,0,True,0.0,0.016637254285714283,138.04,-3.8039999999999994,0.1198,0.0003538859178082192,0.1263,0.0013110978082191778,0.1536,0.006011356931506849,0.1783,0.01620028915068493,0.2039,0.04157521
2023-12-04,5,0,True,0.0,0.016676417142857145,136.04,-3.603999999999999,0.1346,0.0004467244931506849,0.1308,0.001406189589041096,0.1568,0.006264439232876712,0.1812,0.016731561205479452,0.20620000000000002,0.04251844000000001
2023-12-05,5,0,True,0.0,0.015743461428571425,134.76,-3.475999999999999,0.1353,0.0004513830410958904,0.1285,0.0013571712328767122,0.1557,0.0061768536164383565,0.17989999999999998,0.016492344821917804,0.2054,0.042189159999999996
2023-12-06,5,0,True,0.0,0.01602289,132.5,-3.25,0.1367,0.00046077263013698624,0.1297,0.0013826375342465753,0.1574,0.006312473095890412,0.1815,0.016787009589041096,0.20600000000000002,0.04243600000000001
2023-12-07,5,0,True,0.0,0.016287104285714282,130.84,-3.0840000000000005,0.1373,0.00046482632876712333,0.1306,0.0014018926027397258,0.1565,0.006240491095890411,0.1795,0.016419086301369862,0.20370000000000002,0.04149369000000001
2023-12-08,5,0,True,0.0,0.015399609999999998,134.1,-3.4099999999999993,0.12210000000000001,0.00036760463013698637,0.1235,0.0012536095890410958,0.1516,0.005855830356164385,0.1761,0.015802972767123287,0.2022,0.04088484
2023-12-11,5,0,True,0.0,0.01589745428571428,140.9,-4.090000000000001,0.1268,0.0003964497534246575,0.1263,0.0013110978082191778,0.1519,0.005879029397260274,0.1754,0.015677588383561643,0.2014,0.04056196
2023-12-12,5,0,True,0.0,0.015005431428571428,148.83,-4.883000000000001,0.1164,0.00033408394520547947,0.1207,0.0011974101369863013,0.1483,0.005603667863013698,0.172,0.01507568219178082,0.19690000000000002,0.03876961000000001
2023-12-13,5,0,True,0.0,0.014606375714285712,152.02,-5.202000000000001,0.1243,0.00038097098630136985,0.1219,0.0012213378082191779,0.1466,0.005475931726027399,0.1699,0.014709802356164382,0.1968,0.03873024
2023-12-14,5,0,True,0.0,0.015776738571428573,162.51,-6.2509999999999994,0.1229,0.000372437506849315,0.12480000000000001,0.0012801402739726028,0.1479,0.005573479808219178,0.1699,0.014709802356164382,0.1948,0.03794704
2023-12-15,5,0,True,0.0,0.01647876142857143,153.26,-5.325999999999999,0.10869999999999999,0.00029134578082191774,0.12279999999999999,0.0012394389041095889,0.15130000000000002,0.005832677178082194,0.1732,0.015286774356164384,0.1989,0.03956121
2023-12-18,5,0,True,0.0,0.01692736000000001,139.36,-3.9360000000000013,0.1144,0.0003227020273972603,0.12560000000000002,0.0012966049315068498,0.1547,0.006097765397260274,0.1759,0.015767097698630137,0.2003,0.040120090000000004
2023-12-19,5,0,True,0.0,0.01700459285714286,133.18,-3.3180000000000005,0.1125,0.0003120719178082192,0.1253,0.0012904183561643836,0.1564,0.006232518575342467,0.17809999999999998,0.016163965643835616,0.2024,0.04096576
2023-12-20,5,0,True,0.0,0.018686889999999998,136.86,-3.6860000000000013,0.1367,0.00046077263013698624,0.1367,0.0015359087671232873,0.16579999999999998,0.007004209643835615,0.1864,0.017705650849315073,0.2077,0.04313929
2023-12-21,5,0,True,0.0,0.019251552857142862,138.18,-3.8180000000000005,0.1311,0.0004237942191780821,0.1365,0.0015314178082191782,0.163,0.006769635616438357,0.184,0.017252646575342465,0.20550000000000002,0.042230250000000004
2023-12-22,5,0,True,0.0,0.01852726,134.46,-3.4460000000000006,0.11560000000000001,0.0003295075068493151,0.1303,0.0013954594520547946,0.15990000000000001,0.0065145888493150705,0.1819,0.016861083452054795,0.2072,0.04293184
2023-12-26,5,0,True,0.0,0.01746276428571429,135.69,-3.569,0.1245,0.00038219794520547945,0.12990000000000002,0.0013869049315068497,0.1588,0.006425265534246575,0.18059999999999998,0.016620939616438356,0.20379999999999998,0.04153443999999999
2023-12-27,5,0,True,0.0,0.016667289999999994,135.64,-3.5639999999999987,0.11230000000000001,0.0003109633150684932,0.1243,0.0012699032876712327,0.1527,0.005941117726027398,0.1752,0.015641856,0.2005,0.04020025000000001
2023-12-28,5,0,True,0.0,0.016809575714285714,136.9,-3.6900000000000004,0.11230000000000001,0.0003109633150684932,0.1247,0.001278089589041096,0.1523,0.005910032794520547,0.1751,0.015624005095890412,0.2004,0.04016016
2023-12-29,5,0,True,0.0,0.017263975714285715,138.05,-3.805000000000001,0.1067,0.00028072331506849313,0.1245,0.0012739931506849315,0.15259999999999999,0.005933338849315068,0.1753,0.015659717095890414,0.2007,0.040280489999999995
2024-01-02,5,0,True,0.0,0.01809822428571429,134.8,-3.4800000000000013,0.1259,0.000390841890410959,0.132,0.001432109589041096,0.1548,0.0061056512876712325,0.17679999999999998,0.0159288565479452,0.20190000000000002,0.04076361000000001
2024-01-03,5,0,True,0.0,0.020647474285714285,134.23,-3.422999999999999,0.1324,0.00043224065753424653,0.1404,0.0016201775342465751,0.1604,0.006555394191780821,0.1808,0.016657772712328767,0.2051,0.04206601
2024-01-04,5,0,True,0.0,0.021212545714285717,136.6,-3.6599999999999993,0.1306,0.0004205677808219178,0.1413,0.001641015616438356,0.1604,0.006555394191780821,0.1802,0.016547395726027397,0.2028,0.041127840000000006
2024-01-05,5,0,True,0.0,0.019583609999999998,132.68,-3.2680000000000007,0.11710000000000001,0.00033811421917808224,0.1335,0.0014648424657534246,0.1551,0.006129339534246574,0.17559999999999998,0.015713361534246573,0.2005,0.04020025000000001
2024-01-08,5,0,True,0.0,0.018574200000000003,137.05,-3.705000000000001,0.11699999999999999,0.00033753698630136983,0.1308,0.001406189589041096,0.1514,0.005840389808219179,0.1709,0.014883470301369864,0.1961,0.03845521
2024-01-09,5,0,True,0.0,0.017738692857142857,140.95,-4.094999999999999,0.11349999999999999,0.00031764452054794515,0.1276,0.0013382268493150684,0.149,0.0056566931506849315,0.1696,0.014657900712328769,0.1966,0.03865156
2024-01-10,5,0,True,0.0,0.017734238571428567,137.4,-3.7400000000000007,0.1109,0.00030325832876712327,0.12689999999999999,0.0013235843835616436,0.14730000000000001,0.0055283506027397275,0.1675,0.014297157534246579,0.1925,0.03705625
2024-01-11,5,0,True,0.0,0.017154978571428565,140.36,-4.036000000000001,0.1075,0.00028494863013698625,0.1244,0.0012719473972602738,0.1456,0.005401480767123288,0.1668,0.014177908602739727,0.1917,0.036748890000000006
2024-01-12,5,0,True,0.0,0.01829841142857143,143.81,-4.381,0.1052,0.0002728859178082192,0.127,0.0013256712328767123,0.1494,0.005687105424657534,0.1685,0.014468379452054796,0.19469999999999998,0.03790808999999999
2024-01-16,5,0,True,0.0,0.020516388571428568,139.94,-3.9939999999999998,0.1264,0.0003939524383561644,0.1384,0.0015743473972602738,0.1574,0.006312473095890412,0.1744,0.0154993341369863,0.1975,0.039006250000000006
2024-01-17,5,0,True,0.0,0.02364534,147.76,-4.775999999999999,0.1332,0.00043747989041095894,0.1479,0.0017978967123287672,0.1638,0.006836249095890411,0.179,0.016327742465753425,0.2003,0.040120090000000004
2024-01-18,5,0,True,0.0,0.02165346,148.15,-4.815,0.1266,0.000395200109589041,0.1413,0.001641015616438356,0.15839999999999999,0.006392937205479451,0.1745,0.015517113698630135,0.1955,0.038220250000000004
2024-01-19,5,0,True,0.0,0.019282325714285717,147.76,-4.775999999999999,0.1182,0.00034449632876712324,0.133,0.0014538904109589043,0.15259999999999999,0.005933338849315068,0.16940000000000002,0.01462335057534247,0.1918,0.03678724
2024-01-22,5,0,True,0.0,0.017408911428571427,146.01,-4.600999999999999,0.1318,0.0004283319452054794,0.1319,0.0014299405479452053,0.1497,0.005709968136986302,0.1675,0.014297157534246579,0.1894,0.035872360000000006
2024-01-23,5,0,True,0.0,0.01581463857142857,148.12,-4.812,0.1249,0.00038465778082191776,0.1255,0.0012945410958904108,0.1452,0.00537184306849315,0.1636,0.013639130301369862,0.1868,0.03489424
2024-01-24,5,0,True,0.0,0.016762097142857146,150.25,-5.025,0.1358,0.00045472536986301376,0.13140000000000002,0.0014191200000000003,0.1497,0.005709968136986302,0.1673,0.014263035452054795,0.1891,0.035758809999999995
2024-01-25,5,0,True,0.0,0.017752317142857132,153.05,-5.3050000000000015,0.1374,0.00046550367123287666,0.13449999999999998,0.001486869863013698,0.151,0.005809569863013698,0.16829999999999998,0.014434053534246571,0.19190000000000002,0.03682561000000001
2024-01-26,5,0,True,0.0,0.017797161428571424,151.36,-5.136000000000001,0.1307,0.00042121208219178085,0.1326,0.0014451583561643833,0.1503,0.005755831150684931,0.1686,0.014485557698630138,0.1905,0.03629025
2024-01-29,5,0,True,0.0,0.018082750000000005,149.03,-4.9030000000000005,0.13949999999999999,0.00047984178082191765,0.136,0.001520219178082192,0.1522,0.005902274301369863,0.1697,0.01467519106849315,0.1912,0.036557440000000004
2024-01-30,5,0,True,0.0,0.01724065428571428,148.73,-4.872999999999999,0.13720000000000002,0.0004641494794520549,0.1331,0.0014560775342465752,0.1514,0.005840389808219179,0.1693,0.014606090794520549,0.20550000000000002,0.042230250000000004
2024-01-31,5,0,True,0.0,0.020344535714285704,150.21,-5.021000000000001,0.14550000000000002,0.0005220061643835618,0.1435,0.0016925136986301365,0.15960000000000002,0.00649016679452055,0.17579999999999998,0.015749175452054794,0.19760000000000003,0.03904576000000001
2024-02-01,5,0,True,0.0,0.01996384,160.08,-6.008000000000001,0.1328,0.0004348563287671233,0.1388,0.0015834608219178082,0.155,0.006121438356164384,0.1722,0.015110762301369861,0.19519999999999998,0.03810303999999999
2024-02-02,5,0,True,0.0,0.020115717142857138,160.02,-6.002000000000001,0.1304,0.0004192806575342465,0.13849999999999998,0.0015766232876712324,0.1561,0.0062086315890410955,0.1727,0.015198640931506848,0.1953,0.038142090000000003
2024-02-05,5,0,True,0.0,0.019057449999999993,155.49,-5.549000000000001,0.1335,0.0004394527397260274,0.1367,0.0015359087671232873,0.1533,0.005987897999999999,0.17059999999999997,0.014831262904109585,0.19260000000000002,0.03709476000000001
2024-02-06,5,0,True,0.0,0.01771258857142857,152.82,-5.281999999999999,0.1246,0.0003828121643835617,0.1306,0.0014018926027397258,0.1499,0.005725235424657535,0.16820000000000002,0.014416905863013701,0.1909,0.03644280999999999
2024-02-07,5,0,True,0.0,0.017385202857142852,151.41,-5.141,0.11960000000000001,0.00035270531506849325,0.1283,0.0013529498630136985,0.1485,0.005618792465753425,0.16690000000000002,0.014194913589041099,0.18969999999999998,0.03598608999999999
2024-02-08,5,0,True,0.0,0.017602299999999998,150.36,-5.036000000000001,0.11599999999999999,0.0003317917808219177,0.12789999999999999,0.0013445268493150681,0.1493,0.0056794947123287665,0.1673,0.014263035452054795,0.1894,0.035872360000000006
2024-02-09,5,0,True,0.0,0.018106752857142853,156.62,-5.662000000000001,0.1161,0.00033236408219178076,0.1293,0.0013741224657534245,0.1508,0.005794190465753424,0.16940000000000002,0.01462335057534247,0.1907,0.03636649
2024-02-12,5,0,True,0.0,0.020444375714285715,152.8,-5.280000000000001,0.1303,0.00041863783561643837,0.1393,0.001594889589041096,0.1567,0.006256451424657535,0.17370000000000002,0.015375162575342471,0.19399999999999998,0.03763599999999999
2024-02-13,5,0,True,0.0,0.02624607142857143,170.52,-7.052000000000001,0.15,0.0005547945205479452,0.1585,0.002064842465753425,0.16820000000000002,0.0072084529315068506,0.1819,0.016861083452054795,0.198,0.039204
2024-02-14,5,0,True,0.0,0.022386640000000003,160.4,-6.040000000000001,0.1292,0.00041159934246575347,0.1438,0.0016995978082191782,0.1593,0.006465790602739726,0.17620000000000002,0.0158209255890411,0.1948,0.03794704
2024-02-15,5,0,True,0.0,0.021375690000000003,148.9,-4.890000000000001,0.1247,0.0003834268767123288,0.1401,0.001613261095890411,0.1576,0.006328525150684931,0.1753,0.015659717095890414,0.1977,0.039085289999999995
2024-02-16,5,0,True,0.0,0.02219659,142.62,-4.2620000000000005,0.1257,0.00038960112328767125,0.1424,0.001666665205479452,0.1586,0.006409091178082191,0.17620000000000002,0.0158209255890411,0.1989,0.03956121
2024-02-20,5,0,True,0.0,0.024517092857142857,141.45,-4.144999999999999,0.1485,0.0005437541095890411,0.1542,0.0019543265753424657,0.1641,0.006861313232876712,0.18,0.01651068493150685,0.20199999999999999,0.04080399999999999
2024-02-21,5,0,True,0.0,0.024418407142857146,142.72,-4.272,0.1465,0.0005292061643835616,0.1534,0.0019341008219178083,0.1623,0.006711616356164384,0.1778,0.01610955682191781,0.19870000000000002,0.03948169000000001
2024-02-22,5,0,True,0.0,0.022768132857142857,145.91,-4.590999999999999,0.1317,0.00042768221917808223,0.1454,0.0017376295890410957,0.1577,0.006336558821917809,0.1739,0.015410589205479453,0.19510000000000002,0.03806401000000001
2024-02-23,5,0,True,0.0,0.020919511428571434,144.0,-4.4,0.1192,0.0003503500273972603,0.1375,0.0015539383561643837,0.1525,0.005925565068493151,0.1709,0.014883470301369864,0.1938,0.03755844
2024-02-26,5,0,True,0.0,0.01958121857142857,143.6,-4.359999999999999,0.1313,0.0004250882465753424,0.1374,0.0015516789041095888,0.1522,0.005902274301369863,0.1704,0.014796508931506849,0.1935,0.03744225
2024-02-27,5,0,True,0.0,0.018700745714285715,147.29,-4.728999999999999,0.1284,0.0004065179178082191,0.1343,0.0014824512328767124,0.1489,0.005649102821917809,0.1678,0.014348417095890412,0.1918,0.03678724
2024-02-28,5,0,True,0.0,0.019529782857142852,149.09,-4.909000000000001,0.1352,0.00045071605479452047,0.1384,0.0015743473972602738,0.1522,0.005902274301369863,0.1703,0.014779147232876714,0.1943,0.03775249
2024-02-29,5,0,True,0.0,0.018976411428571434,149.83,-4.983000000000001,0.12480000000000001,0.00038404208219178085,0.134,0.0014758356164383563,0.1493,0.0056794947123287665,0.1686,0.014485557698630138,0.1932,0.037326240000000004
2024-03-01,5,0,True,0.0,0.018565482857142854,150.42,-5.041999999999999,0.1182,0.00034449632876712324,0.1311,0.0014126473972602737,0.1493,0.0056794947123287665,0.1686,0.014485557698630138,0.19399999999999998,0.03763599999999999
2024-03-04,5,0,True,0.0,0.018495747142857132,145.94,-4.593999999999999,0.1323,0.00043158797260273976,0.1349,0.001495726849315068,0.1523,0.005910032794520547,0.17120000000000002,0.014935769424657538,0.19699999999999998,0.03880899999999999
2024-03-05,5,0,True,0.0,0.02038104,144.9,-4.49,0.14880000000000002,0.0005459533150684933,0.1446,0.001718561095890411,0.1591,0.006449565287671232,0.17620000000000002,0.0158209255890411,0.20079999999999998,0.04032063999999999
2024-03-06,5,0,True,0.0,0.020546525714285706,143.64,-4.363999999999999,0.14880000000000002,0.0005459533150684933,0.145,0.0017280821917808216,0.1597,0.006498302383561645,0.17670000000000002,0.015910842575342473,0.2014,0.04056196
2024-03-07,5,0,True,0.0,0.02071469285714285,142.94,-4.294,0.14550000000000002,0.0005220061643835618,0.1444,0.001713810410958904,0.1591,0.006449565287671232,0.1757,0.015731263397260272,0.2006,0.04024036
2024-03-08,5,0,True,0.0,0.021865218571428573,141.18,-4.118,0.1463,0.0005277622191780822,0.1474,0.001785761095890411,0.163,0.006769635616438357,0.1796,0.01643738564383562,0.2027,0.04108729
2024-03-11,5,0,True,0.0,0.021481274285714284,142.27,-4.227000000000001,0.1646,0.0006680505205479451,0.1522,0.0019039594520547944,0.1646,0.0069031887123287665,0.18109999999999998,0.016713098794520546,0.2045,0.041820249999999996
2024-03-12,5,0,True,0.0,0.01887944714285714,142.23,-4.222999999999999,0.1407,0.0004881326301369862,0.1384,0.0015743473972602738,0.1566,0.006248468712328766,0.17579999999999998,0.015749175452054794,0.2011,0.04044121
2024-03-13,5,0,True,0.0,0.018488500000000005,144.17,-4.416999999999999,0.141,0.0004902164383561642,0.1375,0.0015539383561643837,0.156,0.006200679452054794,0.17559999999999998,0.015713361534246573,0.20199999999999999,0.04080399999999999
2024-03-14,5,0,True,0.0,0.020146418571428577,143.95,-4.394999999999999,0.1487,0.0005452197534246575,0.14400000000000002,0.001704328767123288,0.1612,0.006620947726027398,0.1793,0.01638251819178082,0.2048,0.04194304
2024-03-15,5,0,True,0.0,0.02107091714285714,138.91,-3.8909999999999996,0.1416,0.0004943973698630137,0.1441,0.001706696712328767,0.1641,0.006861313232876712,0.18170000000000003,0.016824026136986307,0.2065,0.04264224999999999
2024-03-18,5,0,True,0.0,0.02032484285714286,139.97,-3.997,0.145,0.0005184246575342465,0.1433,0.001687799178082192,0.16219999999999998,0.006703348273972601,0.18,0.01651068493150685,0.2051,0.04206601
2024-03-19,5,0,True,0.0,0.019311074285714283,141.61,-4.161000000000001,0.1364,0.0004587524383561643,0.1382,0.0015698005479452052,0.1577,0.006336558821917809,0.1764,0.01585686180821918,0.2027,0.04108729
2024-03-20,5,0,True,0.0,0.018544668571428568,141.19,-4.119,0.1158,0.00033064865753424657,0.1304,0.0013976021917808217,0.1528,0.005948901698630137,0.1727,0.015198640931506848,0.1999,0.03996001
2024-03-21,5,0,True,0.0,0.018499390000000004,154.0,-5.4,0.1117,0.0003076493424657534,0.1292,0.0013719978082191782,0.1518,0.005871291287671232,0.1725,0.015163458904109587,0.1997,0.03988008999999999
2024-03-22,5,0,True,0.0,0.019311674285714283,155.84,-5.5840000000000005,0.10859999999999999,0.00029080997260273967,0.1306,0.0014018926027397258,0.153,0.005964484931506849,0.1734,0.015322099068493151,0.2014,0.04056196
2024-03-25,5,0,True,0.0,0.01921540428571428,151.6,-5.159999999999999,0.11470000000000001,0.00032439673972602746,0.1319,0.0014299405479452053,0.15380000000000002,0.006027021698630139,0.1746,0.015534903452054796,0.2023,0.04092529
2024-03-26,5,0,True,0.0,0.01928559571428571,157.6,-5.76,0.1159,0.0003312199726027397,0.1324,0.0014408021917808216,0.15289999999999998,0.0059566907671232865,0.1734,0.015322099068493151,0.201,0.040401000000000006
2024-03-27,5,0,True,0.0,0.018580589999999994,157.11,-5.711000000000001,0.10529999999999999,0.00027340495890410953,0.1278,0.0013424252054794518,0.1501,0.005740523095890412,0.1707,0.01484865517808219,0.19879999999999998,0.03952143999999999
2024-03-28,5,0,True,0.0,0.01940086,155.44,-5.544,0.1056,0.00027496504109589037,0.1301,0.001391178904109589,0.1519,0.005879029397260274,0.17190000000000003,0.01505815742465754,0.2003,0.040120090000000004
2024-04-01,5,0,True,0.0,0.019791882857142864,146.33,-4.633000000000001,0.12619999999999998,0.0003927067397260272,0.1365,0.0015314178082191782,0.1552,0.006137245808219179,0.17420000000000002,0.0154638055890411,0.1993,0.039720490000000004
2024-04-02,5,0,True,0.0,0.022057118571428575,142.14,-4.213999999999999,0.14029999999999998,0.0004853611232876711,0.1461,0.0017544008219178085,0.1609,0.006596326931506848,0.1784,0.016218466191780825,0.2024,0.04096576
2024-04-03,5,0,True,0.0,0.02178871857142858,138.52,-3.852000000000001,0.13269999999999998,0.0004342016712328766,0.1433,0.001687799178082192,0.1591,0.006449565287671232,0.17739999999999997,0.0160371544109589,0.2021,0.04084441
2024-04-04,5,0,True,0.0,0.025598374285714286,142.49,-4.2490000000000006,0.1714,0.0007243880547945204,0.1635,0.002197171232876712,0.1716,0.007502822136986302,0.1865,0.017724653424657535,0.2078,0.043180840000000005
2024-04-05,5,0,True,0.0,0.026465345714285708,142.64,-4.2639999999999985,0.15460000000000002,0.0005893436712328768,0.1603,0.0021120073972602737,0.1718,0.007520321424657535,0.1868,0.017781722301369863,0.20829999999999999,0.04338888999999999
2024-04-08,5,0,True,0.0,0.02387686,140.63,-4.063,0.1456,0.0005227239452054794,0.1519,0.001896461095890411,0.1656,0.006987321863013699,0.1816,0.01680551276712329,0.2047,0.041902089999999996
2024-04-09,5,0,True,0.0,0.022796200000000006,139.28,-3.928,0.147,0.0005328246575342464,0.14980000000000002,0.0018443868493150687,0.1642,0.006869678136986303,0.1807,0.016639351068493152,0.20379999999999998,0.04153443999999999
2024-04-10,5,0,True,0.0,0.024950452857142858,139.94,-3.9939999999999998,0.15810000000000002,0.0006163301095890412,0.158,0.002051835616438356,0.1704,0.0073982544657534245,0.18539999999999998,0.017516185643835613,0.207,0.042849
2024-04-11,5,0,True,0.0,0.023140911428571435,136.16,-3.6159999999999997,0.1418,0.0004957949589041096,0.1491,0.0018271898630136988,0.1649,0.00692837515068493,0.1815,0.016787009589041096,0.2045,0.041820249999999996
2024-04-12,5,0,True,0.0,0.029933918571428565,142.31,-4.231,0.17329999999999998,0.0007405370136986299,0.17309999999999998,0.002462762465753424,0.182,0.008439813698630137,0.1938,0.019139369424657535,0.21289999999999998,0.04532640999999999
2024-04-15,5,0,True,0.0,0.03435708857142857,137.72,-3.772,0.2076,0.001062684493150685,0.1923,0.003039393698630137,0.1955,0.009738310273972603,0.2041,0.0212278538630137,0.22,0.0484
2024-04-16,5,0,True,0.0,0.032500959999999995,135.6,-3.5599999999999996,0.1924,0.0009127666849315068,0.184,0.0027826849315068488,0.1884,0.009043819397260275,0.19899999999999998,0.020180235616438353,0.2157,0.046526490000000004
2024-04-17,5,0,True,0.0,0.03333158571428571,134.38,-3.4379999999999997,0.18100000000000002,0.0008078054794520549,0.1821,0.0027255131506849313,0.1877,0.008976739643835618,0.19870000000000002,0.02011943654794521,0.2152,0.04631104
2024-04-18,5,0,True,0.0,0.03258452571428571,131.8,-3.180000000000001,0.1788,0.0007882875616438354,0.18,0.0026630136986301365,0.1866,0.00887183309589041,0.1977,0.019917435452054794,0.2141,0.04583881000000001
2024-04-19,5,0,True,0.0,0.03592214714285716,133.4,-3.3400000000000007,0.1813,0.0008104855068493149,0.18710000000000002,0.0028772391780821924,0.1925,0.009441729452054794,0.20170000000000002,0.020731554904109592,0.2159,0.046612810000000005
2024-04-22,5,0,True,0.0,0.02794469285714287,131.68,-3.1680000000000006,0.1745,0.0007508280821917807,0.16940000000000002,0.0023586049315068498,0.17629999999999998,0.007919444301369863,0.1886,0.018126061808219178,0.205,0.04202499999999999
2024-04-23,5,0,True,0.0,0.02385104999999999,135.61,-3.5610000000000013,0.1625,0.0006511130136986302,0.15689999999999998,0.0020233652054794517,0.1668,0.007088954301369864,0.18170000000000003,0.016824026136986307,0.2,0.04000000000000001
2024-04-24,5,0,True,0.0,0.02506166714285715,135.06,-3.5060000000000002,0.1629,0.0006543224383561642,0.1597,0.002096226575342466,0.1684,0.007225605698630137,0.18309999999999998,0.017084283452054795,0.2004,0.04016016
2024-04-25,5,0,True,0.0,0.023035724285714286,134.08,-3.4080000000000013,0.15810000000000002,0.0006163301095890412,0.1537,0.0019416731506849316,0.1637,0.0068279045753424665,0.1788,0.016291276273972602,0.196,0.038416000000000006
2024-04-26,5,0,True,0.0,0.023048318571428566,140.86,-4.086000000000001,0.1467,0.0005306520821917808,0.1503,0.0018567197260273968,0.16269999999999998,0.0067447396438356155,0.1783,0.01620028915068493,0.196,0.038416000000000006
2024-04-29,5,0,True,0.0,0.020959324285714287,138.3,-3.830000000000001,0.15109999999999998,0.0005629613424657533,0.1467,0.0017688402739726027,0.16,0.0065227397260273975,0.17629999999999998,0.015838888602739725,0.19440000000000002,0.03779136000000001
2024-04-30,5,0,True,0.0,0.02309368857142857,132.4,-3.2400000000000007,0.1666,0.0006843836712328767,0.1565,0.0020130616438356163,0.1659,0.007012661178082191,0.1794,0.01640079715068493,0.19649999999999998,0.038612249999999994
2024-05-01,5,0,True,0.0,0.022987667142857146,133.35,-3.3349999999999995,0.1591,0.0006241514794520548,0.1539,0.001946729589041096,0.16570000000000001,0.006995763205479453,0.1816,0.01680551276712329,0.1972,0.03888783999999999
2024-05-02,5,0,True,0.0,0.02132236,132.12,-3.2120000000000006,0.14859999999999998,0.0005444866849315066,0.14679999999999999,0.0017712526027397256,0.1605,0.006563570547945206,0.1771,0.015982959616438357,0.19399999999999998,0.03763599999999999
2024-05-03,5,0,True,0.0,0.019825728571428565,135.18,-3.5180000000000007,0.12,0.0003550684931506849,0.1349,0.001495726849315068,0.1527,0.005941117726027398,0.17129999999999998,0.014953222849315065,0.1898,0.03602404
2024-05-06,5,0,True,0.0,0.018608718571428567,130.08,-3.0080000000000013,0.1313,0.0004250882465753424,0.1349,0.001495726849315068,0.1502,0.0057481745753424655,0.16940000000000002,0.01462335057534247,0.1888,0.03564544
2024-05-07,5,0,True,0.0,0.018026802857142858,133.64,-3.3639999999999985,0.1276,0.0004014680547945205,0.1323,0.0014386265753424659,0.1495,0.0056947212328767125,0.16899999999999998,0.014554372602739724,0.1887,0.035607690000000004
2024-05-08,5,0,True,0.0,0.017467840000000002,133.24,-3.3240000000000007,0.12480000000000001,0.00038404208219178085,0.13,0.001389041095890411,0.149,0.0056566931506849315,0.1689,0.014537153589041094,0.1869,0.03493161
2024-05-09,5,0,True,0.0,0.01691574,136.46,-3.646000000000001,0.1192,0.0003503500273972603,0.12689999999999999,0.0013235843835616436,0.1471,0.005513348301369864,0.1668,0.014177908602739727,0.1855,0.034410249999999996
2024-05-10,5,0,True,0.0,0.016512682857142854,137.3,-3.7300000000000013,0.1182,0.00034449632876712324,0.1255,0.0012945410958904108,0.1466,0.005475931726027399,0.16670000000000001,0.01416091380821918,0.1868,0.03489424
2024-05-13,5,0,True,0.0,0.01836725285714286,139.65,-3.9650000000000007,0.1371,0.0004634731232876712,0.136,0.001520219178082192,0.1489,0.005649102821917809,0.1686,0.014485557698630138,0.1865,0.03478225
2024-05-14,5,0,True,0.0,0.018135652857142852,140.18,-4.018000000000001,0.1331,0.0004368232602739726,0.13419999999999999,0.0014802443835616435,0.147,0.005505854794520548,0.16760000000000003,0.014314233863013703,0.18719999999999998,0.03504383999999999
2024-05-15,5,0,True,0.0,0.016553940000000003,140.64,-4.063999999999998,0.1142,0.0003215746849315068,0.1245,0.0012739931506849315,0.1408,0.005051209643835617,0.16329999999999997,0.013589154904109585,0.18280000000000002,0.03341584000000001
2024-05-16,5,0,True,0.0,0.016888559999999997,147.85,-4.784999999999999,0.1096,0.0002961902465753425,0.1242,0.0012678608219178081,0.1422,0.005152159232876712,0.1646,0.013806377424657533,0.1837,0.03374569
2024-05-17,5,0,True,0.0,0.01652963285714286,143.05,-4.3050000000000015,0.0967,0.00023056989041095888,0.1199,0.0011815898630136987,0.1399,0.004986840904109589,0.1629,0.013522663726027395,0.18309999999999998,0.03352561
2024-05-20,5,0,True,0.0,0.016336889999999996,144.54,-4.453999999999999,0.10529999999999999,0.00027340495890410953,0.1215,0.001213335616438356,0.1411,0.005072757616438357,0.1634,0.013605803178082191,0.1833,0.03359889
2024-05-21,5,0,True,0.0,0.01573966857142857,149.52,-4.952000000000001,0.1008,0.00025053632876712327,0.1186,0.001156106301369863,0.13949999999999999,0.00495836506849315,0.162,0.013373654794520549,0.1827,0.03337929
2024-05-22,5,0,True,0.0,0.016259174285714283,150.14,-5.0139999999999985,0.1114,0.0003059990136986301,0.1229,0.0012414583561643833,0.1431,0.005217582821917808,0.16510000000000002,0.013890383178082197,0.18469999999999998,0.03411408999999999
2024-05-23,5,0,True,0.0,0.018306524285714287,153.33,-5.333000000000001,0.1079,0.0002870731232876712,0.1277,0.001340325205479452,0.1467,0.005483404849315069,0.16699999999999998,0.014211928767123285,0.1866,0.03481955999999999
2024-05-24,5,0,True,0.0,0.01671258142857143,155.86,-5.586000000000001,0.0919,0.00020824791780821916,0.1193,0.001169793698630137,0.1417,0.005115991150684931,0.1636,0.013639130301369862,0.1844,0.03400336
2024-05-28,5,0,True,0.0,0.018168910000000003,152.23,-5.222999999999999,0.1151,0.00032666326027397255,0.1292,0.0013719978082191782,0.1472,0.0055208469041095895,0.1671,0.014228954136986301,0.1856,0.034447359999999996
2024-05-29,5,0,True,0.0,0.02142428142857142,151.8,-5.1800000000000015,0.1341,0.00044341175342465746,0.14279999999999998,0.001676041643835616,0.1545,0.006082008904109589,0.1721,0.015093217150684932,0.1889,0.03568321000000001
2024-05-30,5,0,True,0.0,0.021902889999999994,146.61,-4.661000000000001,0.1367,0.00046077263013698624,0.1447,0.0017209389041095888,0.1559,0.006192732410958905,0.17300000000000001,0.015251490410958907,0.18899999999999997,0.03572099999999999
2024-05-31,5,0,True,0.0,0.017999954285714288,148.1,-4.81,0.1168,0.000336384,0.1292,0.0013719978082191782,0.1466,0.005475931726027399,0.1661,0.01405915906849315,0.184,0.033856
2024-06-03,5,0,True,0.0,0.016260809999999994,139.01,-3.900999999999999,0.1391,0.00047709394520547947,0.1311,0.0014126473972602737,0.14800000000000002,0.0055810191780821935,0.1674,0.014280091397260273,0.185,0.034225
2024-06-04,5,0,True,0.0,0.016001440000000006,138.18,-3.8180000000000005,0.14279999999999998,0.0005028124931506847,0.1316,0.001423443287671233,0.14880000000000002,0.0056415175890410976,0.1684,0.014451211397260274,0.1861,0.03463321
2024-06-05,5,0,True,0.0,0.014400124285714282,141.4,-4.140000000000001,0.1399,0.000482597506849315,0.1263,0.0013110978082191778,0.1454,0.005386651726027397,0.1661,0.01405915906849315,0.1837,0.03374569
2024-06-06,5,0,True,0.0,0.014832018571428565,140.18,-4.018000000000001,0.13470000000000001,0.0004473885205479453,0.1258,0.001300737534246575,0.1454,0.005386651726027397,0.16620000000000001,0.01407609271232877,0.18350000000000002,0.03367225000000001
2024-06-07,5,0,True,0.0,0.014817104285714287,139.61,-3.961000000000001,0.1233,0.00037486578082191786,0.1222,0.0012273567123287671,0.1441,0.005290759808219179,0.1654,0.01394090893150685,0.1825,0.033306249999999996
2024-06-10,5,0,True,0.0,0.016110121428571433,141.56,-4.156000000000001,0.1285,0.00040715136986301366,0.1274,0.001334035068493151,0.146,0.0054312,0.16670000000000001,0.01416091380821918,0.1832,0.03356224
2024-06-11,5,0,True,0.0,0.016490204285714283,144.7,-4.469999999999999,0.12869999999999998,0.0004084197534246574,0.1285,0.0013571712328767122,0.1449,0.005349668301369863,0.1659,0.014025322356164382,0.1825,0.033306249999999996
2024-06-12,5,0,True,0.0,0.016073371428571424,150.66,-5.066,0.10400000000000001,0.00026669589041095895,0.1204,0.0011914652054794519,0.1412,0.005079950465753424,0.1638,0.013672498191780822,0.1821,0.03316041
2024-06-13,5,0,True,0.0,0.01583715428571428,162.25,-6.225,0.10279999999999999,0.0002605768767123287,0.11939999999999999,0.0011717556164383559,0.1417,0.005115991150684931,0.1649,0.01385675030136986,0.1825,0.033306249999999996
2024-06-14,5,0,True,0.0,0.017710799999999992,156.18,-5.618,0.11,0.0002983561643835616,0.1266,0.0013173336986301366,0.1484,0.005611227616438356,0.1703,0.014779147232876714,0.1859,0.03455881
2024-06-17,5,0,True,0.0,0.017113345714285716,153.84,-5.384,0.11939999999999999,0.00035152668493150676,0.1275,0.0013361301369863013,0.1479,0.005573479808219178,0.17,0.014727123287671236,0.1856,0.034447359999999996
2024-06-18,5,0,True,0.0,0.01631338285714286,142.9,-4.290000000000001,0.1112,0.00030490126027397257,0.12300000000000001,0.0012434794520547947,0.1469,0.0054983663835616444,0.1699,0.014709802356164382,0.1859,0.03455881
2024-06-20,5,0,True,0.0,0.018646788571428572,148.6,-4.859999999999999,0.12359999999999999,0.0003766921643835616,0.1328,0.001449521095890411,0.15410000000000001,0.006050557068493152,0.17620000000000002,0.0158209255890411,0.1909,0.03644280999999999
2024-06-21,5,0,True,0.0,0.019743360000000005,151.79,-5.178999999999999,0.1096,0.0002961902465753425,0.132,0.001432109589041096,0.1517,0.005863558273972603,0.1746,0.015534903452054796,0.1913,0.03659569
2024-06-24,5,0,True,0.0,0.019386318571428567,147.13,-4.712999999999999,0.1183,0.0003450794794520548,0.1333,0.0014604567123287669,0.1523,0.005910032794520547,0.17559999999999998,0.015713361534246573,0.1925,0.03705625
2024-06-25,5,0,True,0.0,0.018271799999999994,146.64,-4.663999999999999,0.111,0.0003038054794520548,0.1284,0.0013550597260273969,0.14859999999999998,0.0056263624109589025,0.1724,0.015145883178082192,0.18899999999999997,0.03572099999999999
2024-06-26,5,0,True,0.0,0.017766352857142856,143.49,-4.349000000000001,0.1051,0.0002723673698630137,0.1255,0.0012945410958904108,0.1471,0.005513348301369864,0.1718,0.01504064284931507,0.1889,0.03568321000000001
2024-06-27,5,0,True,0.0,0.01668651,143.06,-4.306,0.10490000000000001,0.00027133175342465755,0.12240000000000001,0.0012313775342465754,0.1442,0.005298105534246575,0.16920000000000002,0.014588841205479456,0.1866,0.03481955999999999
2024-06-28,5,0,True,0.0,0.01734658857142857,141.79,-4.178999999999999,0.1054,0.0002739244931506849,0.1244,0.0012719473972602738,0.1452,0.00537184306849315,0.16949999999999998,0.014640620547945203,0.1873,0.03508129
2024-07-01,5,0,True,0.0,0.016212704285714287,145.82,-4.581999999999999,0.1093,0.0002945709863013698,0.1222,0.0012273567123287671,0.1419,0.00513044309589041,0.1668,0.014177908602739727,0.1848,0.034151039999999994
2024-07-02,5,0,True,0.0,0.015858985714285713,147.16,-4.715999999999999,0.106,0.0002770520547945205,0.12029999999999999,0.0011894868493150684,0.1401,0.005001109397260274,0.1653,0.01392405682191781,0.1838,0.03378244
2024-07-03,5,0,True,0.0,0.015956082857142857,148.83,-4.883000000000001,0.1072,0.00028336043835616443,0.1209,0.0012013816438356164,0.1402,0.005008251287671232,0.1655,0.013957771232876713,0.184,0.033856
2024-07-05,5,0,True,0.0,0.017241938571428573,150.2,-5.019999999999999,0.1081,0.0002881383287671233,0.12480000000000001,0.0012801402739726028,0.1435,0.005246792465753424,0.1671,0.014228954136986301,0.1844,0.03400336
2024-07-08,5,0,True,0.0,0.016626592857142852,148.53,-4.853,0.1105,0.0003010746575342466,0.12369999999999999,0.0012576731506849313,0.1429,0.005203008575342466,0.16649999999999998,0.014126954794520545,0.1838,0.03378244
2024-07-09,5,0,True,0.0,0.01706721,151.09,-5.109,0.11109999999999999,0.0003043531232876712,0.1251,0.0012863021917808217,0.1439,0.005276083643835617,0.1677,0.014331320383561642,0.1848,0.034151039999999994
2024-07-10,5,0,True,0.0,0.0174175,156.96,-5.696000000000001,0.12,0.0003550684931506849,0.1285,0.0013571712328767122,0.145,0.005357054794520547,0.168,0.014382641095890413,0.185,0.034225
2024-07-11,5,0,True,0.0,0.01825735428571429,152.23,-5.222999999999999,0.1142,0.0003215746849315068,0.1292,0.0013719978082191782,0.1467,0.005483404849315069,0.1699,0.014709802356164382,0.188,0.035344
2024-07-12,5,0,True,0.0,0.017408692857142857,150.86,-5.086000000000001,0.10550000000000001,0.0002744445205479453,0.1246,0.0012760405479452055,0.1437,0.005261427863013699,0.168,0.014382641095890413,0.1861,0.03463321
2024-07-15,5,0,True,0.0,0.018232668571428565,147.4,-4.74,0.12179999999999999,0.0003658004383561643,0.13119999999999998,0.0014148032876712326,0.1487,0.005633937452054795,0.1707,0.01484865517808219,0.1886,0.03556996
2024-07-16,5,0,True,0.0,0.018886299999999998,151.53,-5.1530000000000005,0.11800000000000001,0.0003433315068493151,0.1319,0.0014299405479452053,0.1491,0.005664288575342467,0.17149999999999999,0.0149881602739726,0.1886,0.03556996
2024-07-17,5,0,True,0.0,0.022530674285714286,146.39,-4.6389999999999985,0.1316,0.0004270329863013699,0.1448,0.0017233183561643837,0.15789999999999998,0.006352641452054794,0.1773,0.016019079287671236,0.1928,0.03717184
2024-07-18,5,0,True,0.0,0.02673741428571428,151.12,-5.112,0.149,0.0005474219178082192,0.1593,0.0020857389041095886,0.1656,0.006987321863013699,0.182,0.016879627397260275,0.1955,0.038220250000000004
2024-07-19,5,0,True,0.0,0.029292845714285712,146.99,-4.699000000000001,0.15039999999999998,0.0005577573698630136,0.16519999999999999,0.0022430991780821915,0.1716,0.007502822136986302,0.1864,0.017705650849315073,0.19829999999999998,0.03932288999999999
2024-07-22,5,0,True,0.0,0.02238355285714286,141.38,-4.138,0.1479,0.0005393690136986302,0.1491,0.0018271898630136988,0.1609,0.006596326931506848,0.1793,0.01638251819178082,0.1935,0.03744225
2024-07-23,5,0,True,0.0,0.021806109999999997,137.0,-3.7,0.1461,0.0005263202465753425,0.1472,0.0017809183561643836,0.16010000000000002,0.006530895698630139,0.17920000000000003,0.01636424942465754,0.1937,0.03751969
2024-07-24,5,0,True,0.0,0.02970691,136.84,-3.684,0.1979,0.0009656977808219177,0.1804,0.0026748624657534246,0.1843,0.008654475534246574,0.1962,0.01961634476712329,0.2041,0.04165681
2024-07-25,5,0,True,0.0,0.03184598285714286,134.17,-3.416999999999999,0.19820000000000002,0.0009686278356164385,0.18460000000000001,0.002800862465753425,0.1869,0.008900382821917808,0.198,0.01997792876712329,0.20559999999999998,0.042271359999999994
2024-07-26,5,0,True,0.0,0.02626561000000001,131.73,-3.172999999999999,0.1681,0.0006967629863013699,0.16390000000000002,0.002207935068493151,0.1724,0.007572941589041096,0.1875,0.017915239726027397,0.1963,0.03853369
2024-07-29,5,0,True,0.0,0.02640519571428572,128.93,-2.8930000000000007,0.1739,0.0007456736712328768,0.166,0.0022648767123287675,0.1716,0.007502822136986302,0.1864,0.017705650849315073,0.19510000000000002,0.03806401000000001
2024-07-30,5,0,True,0.0,0.029396157142857145,127.31,-2.7310000000000003,0.18899999999999997,0.0008807917808219176,0.1769,0.0025720775342465752,0.1801,0.008264517616438356,0.1924,0.018863844821917806,0.1993,0.039720490000000004
2024-07-31,5,0,True,0.0,0.026553652857142843,136.69,-3.6689999999999996,0.16510000000000002,0.0006721153150684934,0.1636,0.002199859726027397,0.1697,0.007337595534246575,0.1832,0.01710294969863014,0.1925,0.03705625
2024-08-01,5,0,True,0.0,0.033006374285714284,132.23,-3.222999999999999,0.1954,0.0009414532602739726,0.1859,0.002840450136986301,0.19140000000000001,0.009334132273972605,0.19940000000000002,0.020261443726027402,0.2043,0.04173849
2024-08-02,5,0,True,0.0,0.04771527044692737,139.65,-3.9650000000000007,0.23309999999999997,0.0013397821643835613,0.2339,0.004496647397260274,0.2334,0.013880074191780821,0.2298,0.026910398465753427,0.2243,0.05031049
2024-08-05,5,0,True,0.0,0.046628895865921755,145.3,-4.530000000000001,0.4279,0.004514755315068493,0.3857,0.012227218356164382,0.3371,0.02895393460273973,0.3028,0.04672311846575343,0.2638,0.06959043999999999
2024-08-06,5,0,True,0.0,0.04917511418994416,145.43,-4.543000000000001,0.2893,0.0020636997534246573,0.2771,0.006311047397260274,0.2676,0.018245774465753428,0.2556,0.03329214509589041,0.2396,0.05740816000000001
2024-08-07,5,0,True,0.0,0.049435827653631303,146.36,-4.636000000000001,0.2926,0.002111048876712329,0.2785,0.006374979452054795,0.2701,0.018588282,0.2575,0.03378893835616438,0.2409,0.058032810000000004
2024-08-08,5,0,True,0.0,0.05222430999999999,147.37,-4.737,0.239,0.0014084630136986301,0.2379,0.004651759726027397,0.2413,0.014835586767123288,0.235,0.028142054794520546,0.233,0.054289000000000004
2024-08-09,5,0,True,0.0,0.04203083142857143,144.52,-4.452000000000001,0.2006,0.0009922280547945206,0.20370000000000002,0.003410440273972603,0.2118,0.011429888547945204,0.2143,0.02340261682191781,0.2186,0.047785959999999995
2024-08-12,5,0,True,0.0,0.040679740000000006,140.82,-4.081999999999999,0.2192,0.00118476098630137,0.2071,0.003525239178082192,0.2163,0.011920737452054794,0.2163,0.023841474904109587,0.2191,0.048004809999999995
2024-08-13,5,0,True,0.0,0.032125847142857135,143.87,-4.3870000000000005,0.1857,0.0008503024931506849,0.1812,0.0026986389041095886,0.1986,0.010049595287671232,0.2023,0.020855079287671236,0.21059999999999998,0.04435235999999999
2024-08-14,5,0,True,0.0,0.026759838571428583,141.82,-4.1819999999999995,0.15789999999999998,0.0006147717534246574,0.16190000000000002,0.0021543789041095895,0.1845,0.008673269178082192,0.192,0.018785490410958904,0.2072,0.04293184
2024-08-15,5,0,True,0.0,0.024286261428571425,143.56,-4.356,0.1437,0.0005091704383561643,0.1523,0.0019064621917808215,0.1788,0.008145638136986301,0.1877,0.017953479287671235,0.1999,0.03996001
2024-08-16,5,0,True,0.0,0.024081961428571438,142.55,-4.255000000000001,0.1297,0.00041479126027397264,0.14800000000000002,0.0018003287671232882,0.17809999999999998,0.008081982821917808,0.18780000000000002,0.017972614356164388,0.20079999999999998,0.04032063999999999
2024-08-19,5,0,True,0.0,0.022115740000000002,141.5,-4.15,0.1412,0.000491608109589041,0.1465,0.0017640205479452053,0.1759,0.007883548849315069,0.1862,0.017667676273972605,0.2004,0.04016016
2024-08-20,5,0,True,0.0,0.025258235714285707,146.26,-4.6259999999999994,0.1585,0.0006194527397260274,0.1588,0.0020726663013698626,0.18280000000000002,0.008514172931506851,0.193,0.018981682191780824,0.2066,0.04268356
2024-08-21,5,0,True,0.0,0.02731944999999999,149.67,-4.966999999999999,0.1565,0.000603918493150685,0.16269999999999998,0.0021757224657534243,0.1858,0.008795924712328767,0.1954,0.019456700712328766,0.2144,0.045967360000000006
2024-08-22,5,0,True,0.0,0.03226167857142857,154.16,-5.4159999999999995,0.1655,0.0006753760273972603,0.17550000000000002,0.002531527397260274,0.1936,0.009549943232876713,0.2009,0.020567426465753425,0.2165,0.04687225
2024-08-23,5,0,True,0.0,0.027902109999999994,153.95,-5.394999999999999,0.1369,0.00046212189041095885,0.1586,0.002067448767123287,0.1819,0.008430541726027398,0.1935,0.019080160273972604,0.21239999999999998,0.04511375999999999
2024-08-26,5,0,True,0.0,0.027783918571428555,151.5,-5.15,0.1487,0.0005452197534246575,0.16149999999999998,0.002143746575342465,0.1825,0.008486249999999999,0.1936,0.019099886465753425,0.2027,0.04108729
2024-08-27,5,0,True,0.0,0.02540688999999999,151.83,-5.183000000000002,0.1417,0.0004950959178082192,0.1543,0.0019568621917808214,0.1773,0.008009539643835618,0.19,0.018396164383561644,0.2004,0.04016016
2024-08-28,5,0,True,0.0,0.02995503142857143,151.68,-5.168000000000001,0.1664,0.0006827414794520547,0.1711,0.002406181643835616,0.18899999999999997,0.009101515068493148,0.19829999999999998,0.020038513808219176,0.20809999999999998,0.043305609999999994
2024-08-29,5,0,True,0.0,0.026909804285714285,153.01,-5.300999999999999,0.1373,0.00046482632876712333,0.1565,0.0020130616438356163,0.18,0.008255342465753424,0.1931,0.019001357424657535,0.2018,0.04072324
2024-08-30,5,0,True,0.0,0.025010999999999995,159.0,-5.9,0.129,0.00041032602739726027,0.15,0.0018493150684931504,0.1743,0.007740782383561645,0.1888,0.018164525589041098,0.2029,0.041168409999999996
2024-09-03,5,0,True,0.0,0.04406813285714285,163.6,-6.359999999999999,0.2007,0.0009932175616438354,0.2072,0.0035286443835616434,0.217,0.011998019178082192,0.2193,0.024507405863013698,0.22010000000000002,0.04844401000000001
2024-09-04,5,0,True,0.0,0.04704670428571428,160.9,-6.090000000000001,0.2043,0.0010291682465753426,0.2132,0.003735964931506849,0.2207,0.012410656356164384,0.2227,0.025273216273972606,0.22760000000000002,0.05180176000000001
2024-09-05,5,0,True,0.0,0.040209502857142844,156.71,-5.671000000000001,0.1954,0.0009414532602739726,0.19899999999999998,0.003254876712328766,0.20929999999999999,0.011161653616438356,0.2145,0.02344631917808219,0.2243,0.05031049
2024-09-06,5,0,True,0.0,0.05031601714285714,148.98,-4.897999999999999,0.22260000000000002,0.0012217995616438358,0.2238,0.004116693698630137,0.2274,0.013175618301369861,0.2279,0.026467244547945204,0.23379999999999998,0.05466243999999999
2024-09-09,5,0,True,0.0,0.03746140428571428,140.33,-4.033000000000001,0.1967,0.0009540219452054795,0.1945,0.003109335616438356,0.20879999999999999,0.011108388821917807,0.214,0.023337139726027398,0.2227,0.04959529000000001
2024-09-10,5,0,True,0.0,0.03539108142857141,139.75,-3.975,0.19690000000000002,0.0009559629863013701,0.19079999999999997,0.002992162191780821,0.20550000000000002,0.010760036301369864,0.21230000000000002,0.0229678354520548,0.22190000000000001,0.04923961
2024-09-11,5,0,True,0.0,0.03100396857142857,139.73,-3.972999999999999,0.1788,0.0007882875616438354,0.1769,0.0025720775342465752,0.1959,0.009778200904109588,0.20370000000000002,0.02114472969863014,0.2163,0.04678569
2024-09-12,5,0,True,0.0,0.029602307142857134,145.88,-4.587999999999999,0.1675,0.0006917979452054796,0.1707,0.0023949443835616434,0.1948,0.009668697863013699,0.204,0.021207057534246572,0.2191,0.048004809999999995
2024-09-13,5,0,True,0.0,0.028477371428571433,149.99,-4.9990000000000006,0.158,0.0006155506849315069,0.1656,0.002253974794520548,0.1928,0.009471181150684932,0.2028,0.020958296547945208,0.2165,0.04687225
2024-09-16,5,0,True,0.0,0.02930439571428571,152.17,-5.216999999999999,0.17190000000000003,0.0007286205205479454,0.1714,0.0024146268493150684,0.1981,0.009999056794520548,0.20579999999999998,0.021582950794520543,0.2183,0.04765489
2024-09-17,5,0,True,0.0,0.030276810000000005,157.54,-5.754,0.1809,0.0008069131232876712,0.1761,0.002548866575342466,0.20129999999999998,0.010324704575342463,0.20879999999999999,0.022216777643835613,0.2208,0.04875264
2024-09-18,5,0,True,0.0,0.03366745000000001,167.42,-6.741999999999999,0.1795,0.0007944719178082191,0.18230000000000002,0.0027315032876712333,0.20350000000000001,0.010551614383561645,0.20980000000000001,0.02243009161643836,0.2225,0.04950625
2024-09-19,5,0,True,0.0,0.028884888571428555,171.72,-7.172,0.1466,0.0005299288767123289,0.16329999999999997,0.002191799178082191,0.1907,0.009265982383561645,0.2004,0.020465177424657536,0.2152,0.04631104
2024-09-20,5,0,True,0.0,0.029792928571428557,165.75,-6.575,0.132,0.0004296328767123288,0.16149999999999998,0.002143746575342465,0.1894,0.00914008076712329,0.20120000000000002,0.020628898191780827,0.2147,0.04609609
2024-09-23,5,0,True,0.0,0.02724505000000001,165.6,-6.56,0.1435,0.000507754109589041,0.1589,0.0020752775342465757,0.187,0.008909909589041096,0.2005,0.020485606849315073,0.2141,0.04583881000000001
2024-09-24,5,0,True,0.0,0.025291397142857146,162.41,-6.241,0.1412,0.000491608109589041,0.1539,0.001946729589041096,0.18469999999999998,0.008692083205479451,0.19870000000000002,0.02011943654794521,0.21289999999999998,0.04532640999999999
2024-09-25,5,0,True,0.0,0.025233545714285713,160.48,-6.047999999999999,0.1424,0.0004999995616438356,0.15410000000000001,0.0019517926027397261,0.1857,0.008786459095890412,0.2,0.02038356164383562,0.21489999999999998,0.04618200999999999
2024-09-26,5,0,True,0.0,0.024662688571428573,158.67,-5.866999999999999,0.1456,0.0005227239452054794,0.1537,0.0019416731506849316,0.1845,0.008673269178082192,0.1999,0.02036318317808219,0.21600000000000003,0.04665600000000001
2024-09-27,5,0,True,0.0,0.03047390285714285,160.99,-6.099000000000001,0.1574,0.000610884493150685,0.1696,0.0023641775342465752,0.1954,0.009728350356164383,0.20920000000000002,0.022301980931506853,0.2223,0.049417289999999996
2024-09-30,5,0,True,0.0,0.02810373571428571,154.3,-5.4300000000000015,0.16649999999999998,0.0006835623287671231,0.1673,0.0023004895890410956,0.19219999999999998,0.009412323616438355,0.20620000000000002,0.021666931068493156,0.21850000000000003,0.047742250000000014
2024-10-01,5,0,True,0.0,0.036612407142857156,158.59,-5.859,0.1955,0.0009424171232876713,0.19260000000000002,0.0030488843835616447,0.2089,0.011119031589041095,0.2183,0.024284409698630136,0.2266,0.05134756
2024-10-02,5,0,True,0.0,0.035946959999999986,161.5,-6.15,0.18760000000000002,0.0008677913424657535,0.18899999999999997,0.002935972602739725,0.2059,0.010801965287671232,0.2162,0.023819435178082195,0.2243,0.05031049
2024-10-03,5,0,True,0.0,0.04212423857142855,162.78,-6.2780000000000005,0.2041,0.0010271542191780823,0.20489999999999997,0.0034507405479452043,0.2163,0.011920737452054794,0.2228,0.025295918465753423,0.2286,0.05225796
2024-10-04,5,0,True,0.0,0.041078140000000006,156.43,-5.643000000000001,0.1648,0.0006696749589041096,0.19210000000000002,0.0030330747945205485,0.2065,0.010865011643835614,0.21600000000000003,0.02377538630136987,0.2232,0.04981824000000001
2024-10-07,5,0,True,0.0,0.050923119523809506,155.57,-5.5569999999999995,0.2,0.0009863013698630139,0.22640000000000002,0.004212900821917809,0.2259,0.013002370767123288,0.2302,0.027004162849315068,0.23199999999999998,0.05382399999999999
2024-10-08,5,0,True,0.0,0.04651551619047618,156.28,-5.628,0.18,0.000798904109589041,0.21420000000000003,0.0037710936986301382,0.2152,0.011799799232876712,0.2245,0.025683415068493153,0.228,0.051984
2024-10-09,5,0,True,0.0,0.04382226238095238,156.93,-5.6930000000000005,0.1641,0.0006639980547945204,0.2086,0.0035764898630136987,0.2091,0.011140332410958905,0.21850000000000003,0.02432892739726028,0.2255,0.05085025
2024-10-10,5,0,True,0.0,0.044363825714285716,154.09,-5.409000000000001,0.1549,0.0005916331232876712,0.20929999999999999,0.003600533424657534,0.2102,0.011257851287671233,0.21960000000000002,0.0245745034520548,0.2254,0.050805159999999995
2024-10-11,5,0,True,0.0,0.043747923333333334,159.43,-5.9430000000000005,0.1433,0.0005063397534246576,0.2046,0.003440643287671233,0.2077,0.010991654712328767,0.21760000000000002,0.024128918794520553,0.22469999999999998,0.050490089999999994
2024-10-14,5,0,True,0.0,0.04127784000000002,153.08,-5.308000000000002,0.1464,0.0005284839452054795,0.19699999999999998,0.003189780821917807,0.20120000000000002,0.010314449095890414,0.2114,0.0227735138630137,0.2195,0.04818025
2024-10-15,5,0,True,0.0,0.04357973333333335,159.69,-5.968999999999999,0.14880000000000002,0.0005459533150684933,0.2064,0.0035014487671232875,0.20800000000000002,0.011023430136986305,0.2152,0.023599598465753425,0.2214,0.049017960000000006
2024-10-16,5,0,True,0.0,0.04269624000000001,161.85,-6.185,0.1425,0.0005007020547945205,0.19579999999999997,0.003151038904109588,0.2032,0.01052052690410959,0.2114,0.0227735138630137,0.2192,0.048048640000000004
2024-10-17,5,0,True,0.0,0.04054094333333333,165.82,-6.581999999999999,0.13849999999999998,0.00047298698630136973,0.1911,0.0030015789041095884,0.1981,0.009999056794520548,0.2075,0.021940993150684932,0.21660000000000001,0.04691556000000001
2024-10-18,5,0,True,0.0,0.038881571904761915,155.55,-5.5550000000000015,0.12380000000000001,0.00037791221917808226,0.18030000000000002,0.002671897808219178,0.19190000000000002,0.00938296364383562,0.2023,0.020855079287671236,0.21289999999999998,0.04532640999999999
2024-10-21,5,0,True,0.0,0.03857588857142857,150.97,-5.0969999999999995,0.1439,0.0005105887397260274,0.1837,0.0027736183561643834,0.1924,0.009431922410958903,0.20199999999999999,0.02079327123287671,0.2126,0.045198760000000004
2024-10-22,5,0,True,0.0,0.03824703571428571,146.8,-4.6800000000000015,0.14550000000000002,0.0005220061643835618,0.182,0.0027225205479452052,0.1917,0.00936341580821918,0.2022,0.020834466410958905,0.2126,0.045198760000000004
2024-10-23,5,0,True,0.0,0.041228795714285706,146.97,-4.697,0.1649,0.0006704879178082191,0.1924,0.003042555616438356,0.2004,0.010232588712328768,0.20739999999999997,0.02191985030136986,0.2164,0.04682896
2024-10-24,5,0,True,0.0,0.040097104285714266,144.71,-4.471000000000001,0.16670000000000001,0.0006852055068493152,0.19079999999999997,0.002992162191780821,0.1985,0.010039477397260277,0.20559999999999998,0.021541021808219176,0.2161,0.04669920999999999
2024-10-25,5,0,True,0.0,0.04439212428571428,148.91,-4.891,0.18489999999999998,0.00084299202739726,0.20329999999999998,0.003397059452054794,0.2094,0.0111723218630137,0.2151,0.02357767084931507,0.2198,0.04831204
2024-10-28,5,0,True,0.0,0.03679847571428571,148.46,-4.846000000000001,0.21170000000000003,0.0011050740000000002,0.198,0.0032222465753424657,0.20170000000000002,0.010365777452054796,0.2079,0.022025666465753428,0.21600000000000003,0.04665600000000001
2024-10-29,5,0,True,0.0,0.033122247142857136,150.74,-5.074000000000001,0.2177,0.0011686016712328768,0.1934,0.0030742652054794517,0.1996,0.010151054465753425,0.2045,0.02131114109589041,0.2144,0.045967360000000006
2024-10-30,5,0,True,0.0,0.035310867142857146,153.45,-5.344999999999999,0.2359,0.0013721624383561644,0.20350000000000001,0.003403746575342466,0.2076,0.010981073095890413,0.21230000000000002,0.0229678354520548,0.2194,0.04813636
2024-10-31,5,0,True,0.0,0.047543550000000004,152.07,-5.206999999999999,0.2605,0.0016732664383561646,0.2316,0.004408648767123288,0.22640000000000002,0.01305999254794521,0.2261,0.026050808383561646,0.2273,0.05166529
2024-11-01,5,0,True,0.0,0.04478316142857142,146.66,-4.6659999999999995,0.2347,0.0013582378356164382,0.2188,0.003934803287671232,0.2191,0.012231362547945204,0.2218,0.025069355178082193,0.2241,0.05022081
2024-11-04,5,0,True,0.0,0.04055607571428571,148.95,-4.894999999999999,0.2577,0.0016374893424657532,0.2198,0.003970852602739726,0.2157,0.011854694712328768,0.22,0.024664109589041097,0.2237,0.05004169000000001
2024-11-05,5,0,True,0.0,0.03383044285714284,152.68,-5.268000000000001,0.247,0.0015043315068493152,0.20489999999999997,0.0034507405479452043,0.20190000000000002,0.010386344465753428,0.20850000000000002,0.02215298219178083,0.2151,0.046268010000000005
2024-11-06,5,0,True,0.0,0.027049449999999996,148.11,-4.811000000000002,0.1585,0.0006194527397260274,0.16269999999999998,0.0021757224657534243,0.17670000000000002,0.007955421287671237,0.1917,0.01872683161643836,0.2047,0.041902089999999996
2024-11-07,5,0,True,0.0,0.024796617142857143,152.12,-5.212000000000001,0.1384,0.0004723042191780821,0.152,0.001898958904109589,0.16949999999999998,0.0073203102739726016,0.1861,0.017648704273972603,0.2026,0.04104676
2024-11-08,5,0,True,0.0,0.024542738571428573,150.34,-5.034000000000001,0.1309,0.00042250216438356156,0.1494,0.0018345501369863013,0.16829999999999998,0.0072170267671232856,0.1856,0.01755399715068493,0.2024,0.04096576
2024-11-11,5,0,True,0.0,0.023614414285714282,140.32,-4.031999999999999,0.14,0.0004832876712328768,0.1497,0.001841925205479452,0.168,0.007191320547945207,0.18469999999999998,0.017384166410958902,0.2014,0.04056196
2024-11-12,5,0,True,0.0,0.022607740000000005,141.5,-4.15,0.1392,0.0004777801643835616,0.1471,0.0017784994520547946,0.1671,0.0071144770684931505,0.18539999999999998,0.017516185643835613,0.20170000000000002,0.040682890000000006
2024-11-13,5,0,True,0.0,0.02104736714285714,142.92,-4.291999999999999,0.1281,0.00040462052054794515,0.1402,0.001615564931506849,0.16510000000000002,0.006945191589041099,0.18460000000000001,0.017365347287671234,0.2006,0.04024036
2024-11-14,5,0,True,0.0,0.02186529,147.98,-4.797999999999999,0.1313,0.0004250882465753424,0.1431,0.0016830912328767123,0.1668,0.007088954301369864,0.1857,0.017572918191780824,0.20190000000000002,0.04076361000000001
2024-11-15,5,0,True,0.0,0.027814110000000006,149.55,-4.955000000000001,0.1481,0.0005408287397260274,0.16140000000000002,0.0021410926027397264,0.17809999999999998,0.008081982821917808,0.1925,0.018883458904109588,0.2072,0.04293184
2024-11-18,5,0,True,0.0,0.026300611428571423,147.33,-4.733000000000001,0.1398,0.0004819078356164384,0.1558,0.0019950936986301367,0.17190000000000003,0.00752907871232877,0.18760000000000002,0.017934354410958905,0.204,0.04161599999999999
2024-11-19,5,0,True,0.0,0.029498459999999997,149.46,-4.946000000000001,0.1424,0.0004999995616438356,0.1635,0.002197171232876712,0.1769,0.007973440356164384,0.1916,0.01870729906849315,0.2052,0.04210704
2024-11-20,5,0,True,0.0,0.03232052571428572,153.0,-5.3,0.1508,0.000560728109589041,0.1716,0.002420265205479452,0.1826,0.008495552547945207,0.1943,0.01923825517808219,0.2075,0.04305625
2024-11-21,5,0,True,0.0,0.03207573571428572,155.72,-5.572,0.14150000000000001,0.0004936993150684932,0.16870000000000002,0.0023391526027397263,0.1818,0.008421274849315067,0.1941,0.01919867030136986,0.20629999999999998,0.04255968999999999
2024-11-22,5,0,True,0.0,0.02755116,161.64,-6.163999999999999,0.11460000000000001,0.00032383134246575347,0.1524,0.0019089665753424657,0.17300000000000001,0.0076257452054794535,0.18780000000000002,0.017972614356164388,0.2026,0.04104676
2024-11-25,5,0,True,0.0,0.02395702428571428,167.28,-6.728,0.1231,0.00037365065753424656,0.146,0.0017519999999999997,0.16870000000000002,0.007251373068493152,0.1844,0.017327739616438357,0.2006,0.04024036
2024-11-26,5,0,True,0.0,0.02250458999999999,166.23,-6.622999999999999,0.1173,0.00033927016438356164,0.141,0.0016340547945205475,0.1653,0.006962028410958905,0.18170000000000003,0.016824026136986307,0.1989,0.03956121
2024-11-27,5,0,True,0.0,0.02344874999999999,167.94,-6.794,0.1075,0.00028494863013698625,0.141,0.0016340547945205475,0.166,0.007021117808219179,0.18280000000000002,0.017028345863013702,0.2003,0.040120090000000004
2024-11-29,5,0,True,0.0,0.020991781428571426,,,0.10890000000000001,0.0002924188767123288,0.1351,0.001500165205479452,0.16260000000000002,0.006736451178082193,0.1815,0.016787009589041096,0.1974,0.038966759999999996
2024-12-02,5,0,True,0.0,0.019393959999999995,170.65,-7.065,0.1186,0.00034683189041095886,0.1334,0.0014626487671232874,0.1634,0.0068029015890410955,0.1805,0.016602538356164383,0.1981,0.03924361
2024-12-03,5,0,True,0.0,0.019231561428571436,170.23,-7.022999999999999,0.11869999999999999,0.00034741701369863005,0.133,0.0014538904109589043,0.1624,0.006719889534246575,0.17980000000000002,0.01647401490410959,0.19820000000000002,0.039283240000000004
2024-12-04,5,0,True,0.0,0.020076357142857135,172.45,-7.244999999999999,0.11599999999999999,0.0003317917808219177,0.13449999999999998,0.001486869863013698,0.16390000000000002,0.006844598712328768,0.183,0.017065627397260273,0.20079999999999998,0.04032063999999999
2024-12-05,5,0,True,0.0,0.02034355428571428,173.93,-7.393000000000001,0.1168,0.000336384,0.1354,0.0015068350684931504,0.16579999999999998,0.007004209643835615,0.18359999999999999,0.017177716602739725,0.2024,0.04096576
2024-12-06,5,0,True,0.0,0.01867851142857143,168.05,-6.8050000000000015,0.1038,0.00026567112328767123,0.1277,0.001340325205479452,0.1632,0.006786258410958905,0.1821,0.016898181534246576,0.2018,0.04072324
2024-12-09,5,0,True,0.0,0.021555689999999995,163.14,-6.313999999999998,0.1297,0.00041479126027397264,0.1419,0.0016549816438356161,0.1709,0.007441735150684932,0.18780000000000002,0.017972614356164388,0.20579999999999998,0.04235363999999999
2024-12-10,5,0,True,0.0,0.02115502428571429,165.12,-6.5120000000000005,0.1329,0.0004355114794520547,0.1418,0.0016526498630136987,0.1698,0.0073462458082191795,0.188,0.01801091506849315,0.2053,0.042148090000000006
2024-12-11,5,0,True,0.0,0.02013256,169.06,-6.906000000000001,0.1204,0.00035743956164383553,0.1358,0.0015157512328767123,0.16879999999999998,0.007259972383561642,0.18899999999999997,0.018203030136986296,0.2059,0.04239481
2024-12-12,5,0,True,0.0,0.021581275714285707,167.43,-6.743,0.1193,0.0003509381095890411,0.1392,0.001592600547945205,0.17350000000000002,0.007669888356164385,0.1931,0.019001357424657535,0.2073,0.042973290000000004
2024-12-13,5,0,True,0.0,0.022153299999999997,169.91,-6.991,0.109,0.0002929561643835616,0.1381,0.0015675295890410956,0.17149999999999999,0.0074940801369863,0.1923,0.01884424093150685,0.2087,0.04355569
2024-12-16,5,0,True,0.0,0.02459471714285715,166.79,-6.678999999999999,0.1206,0.00035862805479452053,0.1469,0.0017736665753424659,0.1757,0.007865631698630136,0.195,0.019377123287671234,0.21,0.04409999999999999
2024-12-17,5,0,True,0.0,0.02829560999999999,173.04,-7.303999999999999,0.13390000000000002,0.0004420901095890412,0.15869999999999998,0.0020700567123287665,0.1813,0.008375016904109588,0.19870000000000002,0.02011943654794521,0.2114,0.04468996
2024-12-18,5,0,True,0.0,0.05041076952380951,168.92,-6.891999999999999,0.3542,0.003093476054794521,0.2762,0.006270118356164383,0.24239999999999998,0.01497115528767123,0.23620000000000002,0.028430196821917813,0.23879999999999998,0.05702543999999999
2024-12-19,5,0,True,0.0,0.05139161446927371,163.1,-6.31,0.2372,0.0013873275616438354,0.2409,0.00476982,0.2414,0.014847885698630138,0.2391,0.02913259906849315,0.23309999999999997,0.054335609999999986
2024-12-20,5,0,True,0.0,0.037252692857142854,161.21,-6.121,0.1595,0.0006272938356164384,0.18359999999999999,0.002770599452054794,0.201,0.010293953424657536,0.215,0.023555753424657534,0.2194,0.04813636
2024-12-23,5,0,True,0.0,0.03088730285714286,170.65,-7.065,0.1476,0.0005371831232876713,0.1678,0.0023142608219178084,0.1865,0.008862326712328767,0.2032,0.02104105380821918,0.21239999999999998,0.04511375999999999
2024-12-24,5,0,True,0.0,0.024007895714285712,180.09,-8.009,0.10890000000000001,0.0002924188767123288,0.1427,0.0016736950684931506,0.172,0.00753784109589041,0.1928,0.018942362301369864,0.20800000000000002,0.04326400000000001
2024-12-26,5,0,True,0.0,0.02519940428571429,173.72,-7.372,0.11630000000000001,0.00033351016438356175,0.14730000000000001,0.0017833389041095893,0.1736,0.007678732273972603,0.1938,0.019139369424657535,0.20739999999999997,0.04301475999999999
2024-12-27,5,0,True,0.0,0.028750809999999998,167.92,-6.791999999999999,0.1331,0.0004368232602739726,0.1595,0.0020909794520547944,0.1807,0.008319675534246576,0.19879999999999998,0.020139692712328763,0.2089,0.04363921
2024-12-30,5,0,True,0.0,0.03253902428571428,161.08,-6.108000000000001,0.15810000000000002,0.0006163301095890412,0.174,0.002488438356164383,0.1894,0.00914008076712329,0.205,0.02141547945205479,0.21359999999999998,0.04562495999999999
2024-12-31,5,0,True,0.0,0.03316653571428572,169.16,-6.9159999999999995,0.1515,0.0005659458904109589,0.17350000000000002,0.0024741575342465756,0.1898,0.009178728,0.20550000000000002,0.021520072602739727,0.2148,0.04613904
2025-01-02,5,0,True,0.0,0.03459551714285713,157.2,-5.719999999999999,0.16260000000000002,0.0006519146301369864,0.1793,0.0026423416438356158,0.19329999999999997,0.00952036923287671,0.2071,0.021856482904109593,0.2162,0.04674244
2025-01-03,5,0,True,0.0,0.02942668857142857,157.32,-5.731999999999999,0.1344,0.0004453979178082191,0.1613,0.0021384402739726025,0.1814,0.008384258301369865,0.19820000000000002,0.020018308602739728,0.2087,0.04355569
2025-01-06,5,0,True,0.0,0.028112799999999997,152.64,-5.2639999999999985,0.142,0.0004971945205479451,0.1604,0.0021146432876712326,0.18030000000000002,0.008282883205479452,0.19649999999999998,0.019676379452054794,0.2079,0.04322241
2025-01-07,5,0,True,0.0,0.03425562857142857,155.1,-5.51,0.161,0.0006391479452054795,0.1782,0.002610019726027397,0.19190000000000002,0.00938296364383562,0.2048,0.021373713534246577,0.21239999999999998,0.04511375999999999
2025-01-08,5,0,True,0.0,0.033577607142857145,154.34,-5.434,0.16149999999999998,0.0006431239726027395,0.177,0.0025749863013698627,0.1934,0.0095302221369863,0.2046,0.021331988383561644,0.2121,0.044986410000000004
2025-01-10,5,0,True,0.0,0.04091984714285714,151.45,-5.144999999999999,0.1783,0.0007838849589041094,0.1954,0.003138177534246575,0.2097,0.011204357178082193,0.21710000000000002,0.02401815961643836,0.2202,0.04848804
2025-01-13,5,0,True,0.0,0.0376213,170.55,-7.0550000000000015,0.187,0.0008622493150684932,0.19190000000000002,0.003026762465753425,0.2043,0.010634738547945206,0.2114,0.0227735138630137,0.2155,0.046440249999999995
2025-01-14,5,0,True,0.0,0.03589105000000001,167.64,-6.7639999999999985,0.1815,0.0008122746575342465,0.18710000000000002,0.0028772391780821924,0.1999,0.010181591589041096,0.20920000000000002,0.022301980931506853,0.213,0.045369
2025-01-15,5,0,True,0.0,0.028793902857142856,163.54,-6.353999999999999,0.1394,0.0004791540821917808,0.1612,0.0021357895890410958,0.18230000000000002,0.008467660191780824,0.1979,0.019957754136986302,0.2064,0.04260096
2025-01-16,5,0,True,0.0,0.02987652571428572,167.41,-6.741,0.14880000000000002,0.0005459533150684933,0.166,0.0022648767123287675,0.18350000000000002,0.00857950479452055,0.19899999999999998,0.020180235616438353,0.20800000000000002,0.04326400000000001
2025-01-17,5,0,True,0.0,0.027877690000000007,165.35,-6.534999999999999,0.1413,0.0004923046849315069,0.1597,0.002096226575342466,0.1819,0.008430541726027398,0.198,0.01997792876712329,0.20679999999999998,0.04276623999999999
2025-01-21,5,0,True,0.0,0.023624395714285717,173.0,-7.3,0.1431,0.0005049273698630137,0.1506,0.001864139178082192,0.175,0.0078030821917808215,0.19210000000000002,0.0188050637260274,0.2022,0.04088484
2025-01-22,5,0,True,0.0,0.024680932857142852,179.98,-7.997999999999999,0.13570000000000002,0.0004540559178082193,0.151,0.0018740547945205477,0.17809999999999998,0.008081982821917808,0.19390000000000002,0.019159126191780826,0.204,0.04161599999999999
2025-01-23,5,0,True,0.0,0.02451021142857143,179.32,-7.9319999999999995,0.13419999999999999,0.00044407331506849307,0.1502,0.0018542498630136986,0.1752,0.007820928,0.1918,0.018746374356164382,0.2016,0.04064256
2025-01-24,5,0,True,0.0,0.024393454285714284,173.16,-7.316,0.1288,0.00040905468493150686,0.1485,0.0018125136986301368,0.17550000000000002,0.007847734931506851,0.1924,0.018863844821917806,0.2018,0.04072324
2025-01-27,5,0,True,0.0,0.03118417857142857,168.55,-6.855000000000001,0.1845,0.0008393486301369863,0.179,0.0026335068493150682,0.18969999999999998,0.009169058547945204,0.201,0.020587906849315073,0.2061,0.04247721
2025-01-28,5,0,True,0.0,0.026603031428571428,163.64,-6.363999999999999,0.1664,0.0006827414794520547,0.1641,0.002213326849315068,0.1813,0.008375016904109588,0.19469999999999998,0.01931754723287671,0.20079999999999998,0.04032063999999999
2025-01-29,5,0,True,0.0,0.027635310000000007,157.43,-5.743,0.1641,0.0006639980547945204,0.1656,0.002253974794520548,0.1815,0.008393504794520548,0.1959,0.019556401808219177,0.1968,0.03873024
2025-01-30,5,0,True,0.0,0.02622649714285713,156.7,-5.669999999999999,0.14980000000000002,0.0005533160547945207,0.15839999999999999,0.0020622378082191775,0.1791,0.008172995424657535,0.19329999999999997,0.01904073846575342,0.2009,0.04036081
2025-01-31,5,0,True,0.0,0.02779687857142857,158.47,-5.8469999999999995,0.1585,0.0006194527397260274,0.1643,0.002218725205479452,0.1843,0.008654475534246574,0.1977,0.019917435452054794,0.2039,0.04157521
2025-02-03,5,0,True,0.0,0.03343272571428572,155.45,-5.544999999999999,0.1938,0.0009260985205479451,0.1862,0.002849625205479452,0.1955,0.009738310273972603,0.20350000000000001,0.02110322876712329,0.2078,0.043180840000000005
2025-02-04,5,0,True,0.0,0.0299263,159.44,-5.944,0.17,0.0007126027397260275,0.1721,0.0024343898630136986,0.1864,0.008852825424657536,0.19829999999999998,0.020038513808219176,0.2066,0.04268356
2025-02-05,5,0,True,0.0,0.026038368571428574,162.64,-6.2639999999999985,0.14880000000000002,0.0005459533150684933,0.1577,0.0020440512328767126,0.1796,0.00821869282191781,0.1924,0.018863844821917806,0.1993,0.039720490000000004
2025-02-06,5,0,True,0.0,0.025740464285714283,163.57,-6.356999999999999,0.14150000000000001,0.0004936993150684932,0.155,0.0019746575342465753,0.1794,0.008200398575342466,0.19219999999999998,0.01882464723287671,0.2011,0.04044121
2025-02-07,5,0,True,0.0,0.029858418571428572,166.53,-6.6530000000000005,0.1467,0.0005306520821917808,0.1654,0.002248533698630137,0.1863,0.008843329232876713,0.19760000000000003,0.01989729139726028,0.20420000000000002,0.04169764000000001
2025-02-10,5,0,True,0.0,0.027593545714285718,166.95,-6.6949999999999985,0.1376,0.00046685983561643837,0.15810000000000002,0.0020544336986301373,0.18230000000000002,0.008467660191780824,0.19440000000000002,0.019258062904109596,0.2021,0.04084441
2025-02-11,5,0,True,0.0,0.028465675714285713,168.81,-6.881,0.1383,0.00047162194520547945,0.1602,0.0021093731506849314,0.18280000000000002,0.008514172931506851,0.1948,0.019337395726027398,0.2024,0.04096576
2025-02-12,5,0,True,0.0,0.028248010000000004,166.1,-6.609999999999999,0.1351,0.0004500495616438356,0.1589,0.0020752775342465757,0.18309999999999998,0.008542141726027398,0.1954,0.019456700712328766,0.203,0.041209
2025-02-13,5,0,True,0.0,0.02607845285714285,163.36,-6.336000000000001,0.1231,0.00037365065753424656,0.151,0.0018740547945205477,0.1784,0.008109233095890412,0.1911,0.01860978920547945,0.2007,0.040280489999999995
2025-02-14,5,0,True,0.0,0.025437545714285713,167.97,-6.797,0.11560000000000001,0.0003295075068493151,0.1477,0.0017930375342465753,0.17809999999999998,0.008081982821917808,0.19190000000000002,0.01876592728767124,0.2014,0.04056196
2025-02-18,5,0,True,0.0,0.026192928571428565,183.12,-8.312000000000001,0.132,0.0004296328767123288,0.1535,0.0019366232876712327,0.1782,0.008091061150684932,0.1932,0.01902104284931507,0.20329999999999998,0.041330889999999995
2025-02-19,5,0,True,0.0,0.026000545714285714,175.76,-7.575999999999999,0.1306,0.0004205677808219178,0.1527,0.0019164895890410958,0.1793,0.00819125909589041,0.1941,0.01919867030136986,0.20420000000000002,0.04169764000000001
2025-02-20,5,0,True,0.0,0.027269159999999994,178.57,-7.856999999999999,0.1346,0.0004467244931506849,0.1566,0.0020156350684931504,0.1801,0.008264517616438356,0.1966,0.019696411397260274,0.2057,0.042312489999999994
2025-02-21,5,0,True,0.0,0.03498629999999999,165.0,-6.5,0.17,0.0007126027397260275,0.1821,0.0027255131506849313,0.1948,0.009668697863013699,0.20600000000000002,0.02162492054794521,0.2126,0.045198760000000004
2025-02-24,5,0,True,0.0,0.03711048571428572,156.93,-5.6930000000000005,0.183,0.0008257561643835615,0.1898,0.00296088,0.1986,0.010049595287671232,0.20879999999999999,0.022216777643835613,0.2134,0.04553956
2025-02-25,5,0,True,0.0,0.03798481,157.6,-5.76,0.1929,0.0009175169589041094,0.1943,0.0031029443835616437,0.2003,0.010222379095890412,0.2104,0.022558569205479453,0.2139,0.04575321
2025-02-26,5,0,True,0.0,0.036839097142857144,153.44,-5.343999999999999,0.1888,0.0008789286575342465,0.191,0.0029984383561643835,0.1975,0.00993857876712329,0.20809999999999998,0.0220680642739726,0.2127,0.04524129
2025-02-27,5,0,True,0.0,0.04497230714285714,149.32,-4.9319999999999995,0.2095,0.0010822253424657533,0.2113,0.003669673150684931,0.2122,0.011473101698630138,0.2191,0.024462725095890408,0.2213,0.04897369
2025-02-28,5,0,True,0.0,0.03977151142857143,157.94,-5.794,0.1888,0.0008789286575342465,0.1963,0.003167152602739726,0.2018,0.010376058410958905,0.21170000000000003,0.02283819600000001,0.213,0.045369
2025-03-03,5,0,True,0.0,0.04635733435754192,154.26,-5.425999999999999,0.2396,0.0014155436712328768,0.2278,0.004265164931506849,0.2218,0.012534677589041096,0.225,0.025797945205479456,0.22030000000000002,0.048532090000000014
2025-03-04,5,0,True,0.0,0.046772418938547465,151.38,-5.138,0.24789999999999998,0.001515314219178082,0.2351,0.0045429049315068495,0.2278,0.013222011287671235,0.2291,0.026746703178082195,0.2229,0.04968440999999999
2025-03-05,5,0,True,0.0,0.04622884285714285,138.88,-3.8879999999999995,0.22899999999999998,0.0012930657534246574,0.2193,0.003952807397260273,0.21719999999999998,0.012020145534246574,0.221,0.024888838356164386,0.2195,0.04818025
2025-03-06,5,0,True,0.0,0.046664235698324036,137.65,-3.7650000000000006,0.26789999999999997,0.0017696813424657527,0.2487,0.005083700547945205,0.237,0.014311553424657534,0.2369,0.028598957424657536,0.22690000000000002,0.051483610000000006
2025-03-07,5,0,True,0.0,0.04893141614525139,139.94,-3.9939999999999998,0.2379,0.001395527917808219,0.23370000000000002,0.004488960821917808,0.2259,0.013002370767123288,0.2284,0.02658350728767123,0.2249,0.050580009999999995
2025-03-10,5,0,True,0.0,0.05066286346368717,146.04,-4.603999999999999,0.3119,0.0023987246301369865,0.2786,0.006379558356164384,0.2572,0.01685512635616438,0.2498,0.031798376547945206,0.23800000000000002,0.05664400000000001
2025-03-11,5,0,True,0.0,0.05718522620111733,132.79,-3.278999999999999,0.2893,0.0020636997534246573,0.2692,0.005956326575342465,0.2534,0.016360753643835615,0.2484,0.031442948383561646,0.2439,0.059487210000000006
2025-03-12,5,0,True,0.0,0.05461118999999998,128.69,-2.8689999999999998,0.2526,0.0015733173698630133,0.24230000000000002,0.004825421095890411,0.23670000000000002,0.014275344575342469,0.2352,0.028189976547945205,0.23550000000000001,0.05546025000000001
2025-03-13,5,0,True,0.0,0.05454446000000001,128.86,-2.8860000000000015,0.2536,0.00158579901369863,0.2466,0.004998210410958904,0.24059999999999998,0.014749636931506847,0.2371,0.028647266465753427,0.23670000000000002,0.05602689000000001
2025-03-14,5,0,True,0.0,0.047393290000000005,130.3,-3.030000000000001,0.2177,0.0011686016712328768,0.2177,0.003895338904109589,0.2217,0.012523377452054795,0.2237,0.02550069682191781,0.22699999999999998,0.05152899999999999
2025-03-17,5,0,True,0.0,0.04065044285714285,133.9,-3.3900000000000006,0.213,0.0011186876712328767,0.2051,0.0034574802739726026,0.213,0.011559772602739726,0.21660000000000001,0.023907655232876718,0.22190000000000001,0.04923961
2025-03-18,5,0,True,0.0,0.045399652857142855,136.75,-3.675,0.2259,0.0012582939452054794,0.217,0.0038703287671232873,0.21969999999999998,0.012298444849315067,0.2212,0.024933906410958908,0.2263,0.05121169
2025-03-19,5,0,True,0.0,0.03978810999999999,136.45,-3.6449999999999987,0.1979,0.0009656977808219177,0.19899999999999998,0.003254876712328766,0.20829999999999999,0.011055251424657533,0.2134,0.023206460712328767,0.222,0.049284
2025-03-20,5,0,True,0.0,0.03977607428571429,140.79,-4.078999999999999,0.1946,0.000933760109589041,0.198,0.0032222465753424657,0.2071,0.010928241452054796,0.2126,0.023032792767123292,0.2207,0.04870849
2025-03-21,5,0,True,0.0,0.03830764,141.73,-4.172999999999999,0.1858,0.0008512185205479452,0.1928,0.0030552197260273967,0.20350000000000001,0.010551614383561645,0.20980000000000001,0.02243009161643836,0.2182,0.04761124
2025-03-24,5,0,True,0.0,0.028886902857142866,144.01,-4.400999999999999,0.1856,0.0008493869589041095,0.1748,0.002511373150684932,0.19039999999999999,0.009236851726027395,0.1996,0.02030210893150685,0.21170000000000003,0.04481689000000001
2025-03-25,5,0,True,0.0,0.028116352857142844,148.68,-4.868,0.1801,0.0007997920273972603,0.17149999999999999,0.0024174452054794514,0.1905,0.00924655684931507,0.20079999999999998,0.0205469562739726,0.21100000000000002,0.04452100000000001
2025-03-26,5,0,True,0.0,0.030924059999999996,144.75,-4.475,0.1996,0.000982360109589041,0.1833,0.0027615526027397258,0.1984,0.010029364602739725,0.2086,0.022174237150684933,0.21789999999999998,0.047480409999999994
2025-03-27,5,0,True,0.0,0.032707975714285714,140.85,-4.084999999999999,0.2003,0.000989262493150685,0.1869,0.0028710912328767124,0.1989,0.010079979534246575,0.21,0.022472876712328765,0.21760000000000002,0.047349760000000005
2025-03-28,5,0,True,0.0,0.044895952857142846,139.04,-3.903999999999999,0.22690000000000002,0.0012694588767123288,0.2165,0.0038525136986301365,0.22010000000000002,0.012343268301369866,0.22579999999999997,0.025981723397260268,0.2302,0.05299204
2025-03-31,5,0,True,0.0,0.04382750285714285,148.58,-4.858000000000001,0.2514,0.001558404493150685,0.2228,0.004079986849315068,0.21969999999999998,0.012298444849315067,0.2245,0.025683415068493153,0.2275,0.051756250000000004
2025-04-01,5,0,True,0.0,0.04206363142857143,143.01,-4.300999999999999,0.2446,0.0014752395616438358,0.2177,0.003895338904109589,0.2182,0.012131083068493151,0.2232,0.025386829150684936,0.2274,0.051710759999999995
2025-04-02,5,0,True,0.0,0.04081126714285714,144.27,-4.427000000000001,0.2429,0.0014548046301369863,0.2151,0.0038028501369863016,0.2145,0.011723159589041096,0.2189,0.024418085095890413,0.214,0.045795999999999996
2025-04-03,5,0,True,0.0,0.059144023407821225,139.2,-3.919999999999999,0.341,0.002867202739726028,0.3002,0.007407126575342466,0.2738,0.0191010381369863,0.2619,0.0349535327671233,0.2529,0.06395841000000001
2025-04-04,5,0,True,0.0,0.06400703966480453,136.54,-3.653999999999999,0.5717,0.008059090438356164,0.4531,0.016873940547945204,0.3671,0.034336723643835616,0.32549999999999996,0.053991086301369846,0.2922,0.08538084000000001
2025-04-07,5,0,True,0.0,0.051719670446927365,133.82,-3.3819999999999992,0.6258,0.009656522630136987,0.4698,0.018140715616438353,0.3688,0.034655479232876714,0.32380000000000003,0.05342859682191782,0.2807,0.07879249
2025-04-08,5,0,True,0.0,0.059105640837988825,135.68,-3.5680000000000005,0.6762999999999999,0.011277904684931502,0.5233,0.02250763479452055,0.415,0.043881986301369864,0.3577,0.06520155600000001,0.3069,0.09418761
2025-04-09,5,0,True,0.0,0.048434538268156434,142.23,-4.222999999999999,0.4006,0.00395704997260274,0.3362,0.00929017315068493,0.2992,0.02280936854794521,0.27449999999999997,0.03839766164383561,0.2493,0.062150489999999996
2025-04-10,5,0,True,0.0,0.0598787634636871,127.54,-2.7540000000000004,0.5043,0.006270866876712328,0.4072,0.013628370410958905,0.35710000000000003,0.032491501726027404,0.32530000000000003,0.05392475819178083,0.28859999999999997,0.08328995999999998
2025-04-11,5,0,True,0.0,0.06140082346368717,128.64,-2.8639999999999985,0.43320000000000003,0.004627288109589042,0.37560000000000004,0.011595235068493153,0.33909999999999996,0.02929851871232876,0.316,0.050885523287671236,0.2846,0.08099716000000001
2025-04-14,5,0,True,0.0,0.06231253022346366,135.71,-3.5710000000000006,0.342,0.0028840438356164387,0.3089,0.007842674794520547,0.2963,0.022369351150684932,0.2877,0.04217934230136987,0.2697,0.07273808999999999
2025-04-15,5,0,True,0.0,0.06045429972067037,135.76,-3.575999999999999,0.2994,0.0022103102465753427,0.3012,0.007456556712328768,0.29,0.02142821917808219,0.282,0.04052455890410958,0.26489999999999997,0.07017200999999998
2025-04-16,5,0,True,0.0,0.06566414726256983,131.32,-3.1319999999999992,0.3322,0.0027211275616438354,0.3264,0.008756462465753425,0.3094,0.024391061589041096,0.2978,0.04519282257534247,0.2782,0.07739524
2025-04-17,5,0,True,0.0,0.06363999670391057,130.02,-3.002000000000001,0.27649999999999997,0.0018851239726027393,0.2965,0.007225664383561643,0.29350000000000004,0.021948573287671237,0.2888,0.04250249819178082,0.27149999999999996,0.07371224999999998
2025-04-21,5,0,True,0.0,0.06761644391061451,125.77,-2.5769999999999995,0.36560000000000004,0.0032958088767123294,0.3382,0.009401033424657534,0.31829999999999997,0.025814478821917803,0.3093,0.048750594904109594,0.2862,0.08191044
2025-04-22,5,0,True,0.0,0.06612047407821224,125.93,-2.593000000000001,0.33140000000000003,0.002708037369863014,0.3057,0.007681026575342466,0.2945,0.022098392465753423,0.2893,0.04264979490410959,0.27399999999999997,0.07507599999999998
2025-04-23,5,0,True,0.0,0.0650461532960894,126.67,-2.6670000000000003,0.3074,0.002330007780821918,0.2845,0.006652623287671232,0.2802,0.020004437589041097,0.2784,0.039496493589041094,0.2672,0.07139584
2025-04-24,5,0,True,0.0,0.05918274111731842,129.02,-2.902000000000001,0.2828,0.00197200701369863,0.2647,0.005758856712328767,0.2644,0.017812012273972607,0.2673,0.036409775178082186,0.25579999999999997,0.06543363999999999
2025-04-25,5,0,True,0.0,0.05932758765363127,132.37,-3.2370000000000005,0.2464,0.001497031890410959,0.2484,0.0050714432876712325,0.25370000000000004,0.01639951553424658,0.2589,0.03415735084931507,0.2515,0.06325225
2025-04-28,5,0,True,0.0,0.06033203285714285,131.28,-3.128,0.2647,0.00172765701369863,0.2515,0.00519881506849315,0.25730000000000003,0.01686823553424658,0.261,0.034713715068493155,0.25379999999999997,0.06441443999999999
2025-04-29,5,0,True,0.0,0.05677687857142859,134.29,-3.4289999999999994,0.2495,0.0015349376712328767,0.24170000000000003,0.004801552602739727,0.2522,0.016206164712328767,0.2583,0.03399921517808219,0.25379999999999997,0.06441443999999999
2025-04-30,5,0,True,0.0,0.060219789999999995,132.73,-3.272999999999999,0.2507,0.001549738109589041,0.247,0.005014438356164383,0.2554,0.016620032547945206,0.25989999999999996,0.0344217256438356,0.2563,0.06568968999999998
2025-05-01,5,0,True,0.0,0.060050040000000006,134.07,-3.406999999999999,0.2482,0.0015189840000000001,0.24600000000000002,0.004973917808219179,0.25489999999999996,0.016555021726027394,0.2591,0.034210144273972606,0.25489999999999996,0.06497400999999998
2025-05-02,5,0,True,0.0,0.05418512571428571,134.78,-3.478,0.2122,0.0011103001643835617,0.2268,0.004227800547945205,0.24,0.014676164383561644,0.247,0.03108951780821918,0.24530000000000002,0.06017209000000001
2025-05-05,5,0,True,0.0,0.05769338999999999,134.12,-3.4120000000000004,0.2273,0.0012739386575342465,0.2364,0.004593284383561643,0.2455,0.015356529452054794,0.2511,0.03213020564383562,0.24780000000000002,0.06140484000000001
2025-05-06,5,0,True,0.0,0.061981430391061444,133.24,-3.3240000000000007,0.2414,0.0014368921643835616,0.24760000000000001,0.005038829589041096,0.2541,0.016451269397260274,0.2576,0.03381518728767124,0.2534,0.06421156
2025-05-07,5,0,True,0.0,0.057164524285714294,132.21,-3.221000000000001,0.22690000000000002,0.0012694588767123288,0.23550000000000001,0.004558376712328767,0.247,0.01554475890410959,0.2528,0.03256673490410959,0.2511,0.06305121
2025-05-08,5,0,True,0.0,0.05214190428571429,131.52,-3.152000000000001,0.2163,0.0011536197534246576,0.2248,0.004153564931506849,0.2376,0.014384108712328769,0.24600000000000002,0.030838290410958914,0.24609999999999999,0.060565209999999994
2025-05-09,5,0,True,0.0,0.04984898999999999,128.4,-2.8400000000000007,0.2087,0.0010739759178082192,0.21899999999999997,0.003941999999999999,0.23379999999999998,0.01392769019178082,0.2433,0.03016506723287671,0.245,0.060024999999999995
2025-05-12,5,0,True,0.0,0.03447369,137.67,-3.7669999999999986,0.1797,0.0007962433150684932,0.1839,0.002779661095890411,0.2022,0.010417233205479453,0.21660000000000001,0.023907655232876718,0.22440000000000002,0.05035536000000001
2025-05-13,5,0,True,0.0,0.03443370999999999,140.52,-4.052000000000001,0.1741,0.0007473898356164383,0.1822,0.0027285073972602735,0.2009,0.010283713232876713,0.2145,0.02344631917808219,0.2212,0.048929440000000005
2025-05-14,5,0,True,0.0,0.03635916142857143,138.94,-3.8939999999999997,0.1753,0.0007577282465753425,0.1862,0.002849625205479452,0.20579999999999998,0.010791475397260272,0.2183,0.024284409698630136,0.2231,0.049773609999999996
2025-05-15,5,0,True,0.0,0.03460808285714285,140.85,-4.084999999999999,0.1588,0.0006217998904109589,0.1783,0.002612949863013698,0.2025,0.01044816780821918,0.2159,0.023753377150684936,0.2217,0.04915089
2025-05-16,5,0,True,0.0,0.03363440714285714,136.01,-3.600999999999999,0.1435,0.000507754109589041,0.1724,0.0024428843835616436,0.20079999999999998,0.0102734781369863,0.2163,0.023841474904109587,0.222,0.049284
2025-05-19,5,0,True,0.0,0.03489811000000001,135.94,-3.594,0.1681,0.0006967629863013699,0.1814,0.002704599452054795,0.2069,0.010907144465753426,0.22010000000000002,0.02468653660273973,0.225,0.050625
2025-05-20,5,0,True,0.0,0.034982661428571434,137.27,-3.727000000000001,0.16570000000000001,0.0006770093424657535,0.1809,0.002689710410958904,0.2072,0.010938797589041096,0.22039999999999998,0.024753878794520547,0.2248,0.05053504
2025-05-21,5,0,True,0.0,0.045825545714285716,137.28,-3.728,0.1956,0.0009433814794520547,0.2087,0.003579919726027397,0.2266,0.01308307693150685,0.2354,0.02823793906849315,0.23620000000000002,0.05579044000000001
2025-05-22,5,0,True,0.0,0.04421278285714285,139.04,-3.903999999999999,0.18420000000000003,0.0008366212602739728,0.2028,0.0033803704109589042,0.2232,0.012693414575342468,0.2335,0.027783941095890417,0.2353,0.05536609000000001
2025-05-23,5,0,True,0.0,0.05273786142857141,139.34,-3.934,0.20629999999999998,0.0010494170136986299,0.2229,0.0040836501369863,0.23800000000000002,0.01443258082191781,0.2439,0.030314030301369865,0.24350000000000002,0.05929225000000001
2025-05-27,5,0,True,0.0,0.03762265714285716,140.89,-4.088999999999999,0.179,0.0007900520547945206,0.18960000000000002,0.0029546432876712335,0.21289999999999998,0.011548920904109587,0.2243,0.025637674356164385,0.22870000000000001,0.05230369000000001
2025-05-28,5,0,True,0.0,0.039087609999999995,137.65,-3.7650000000000006,0.1819,0.0008158588767123289,0.1931,0.0030647350684931502,0.2167,0.0119648678630137,0.2274,0.026351236602739723,0.2311,0.05340721
2025-05-29,5,0,True,0.0,0.038913245714285706,137.26,-3.725999999999999,0.1784,0.000784764493150685,0.1918,0.0030236087671232873,0.2162,0.011909717589041097,0.22769999999999999,0.026420810794520543,0.231,0.053361000000000006
2025-05-30,5,0,True,0.0,0.03725380285714285,138.25,-3.825,0.1674,0.0006909721643835615,0.1857,0.002834341643835616,0.2138,0.011646769643835616,0.22719999999999999,0.026304904767123286,0.23,0.0529
2025-06-02,5,0,True,0.0,0.03481981714285714,141.04,-4.103999999999999,0.1764,0.000767267506849315,0.18359999999999999,0.002770599452054794,0.2109,0.011332957068493152,0.2245,0.025683415068493153,0.22820000000000001,0.05207524000000001
2025-06-03,5,0,True,0.0,0.03286696857142857,141.6,-4.159999999999999,0.16620000000000001,0.0006811012602739727,0.1769,0.0025720775342465752,0.2072,0.010938797589041096,0.2213,0.024956455726027397,0.2266,0.05134756
2025-06-04,5,0,True,0.0,0.03327537428571429,137.46,-3.746000000000001,0.1604,0.0006343929863013698,0.1761,0.002548866575342466,0.2066,0.010875537205479452,0.2217,0.02504675490410959,0.2279,0.05193841
2025-06-05,5,0,True,0.0,0.03590110285714284,140.09,-4.009,0.1734,0.0007413918904109589,0.1848,0.002806934794520547,0.21109999999999998,0.011354461726027396,0.22510000000000002,0.025820881808219183,0.2268,0.05143824
2025-06-06,5,0,True,0.0,0.031534414285714275,138.85,-3.8849999999999993,0.142,0.0004971945205479451,0.1677,0.0023115032876712322,0.2002,0.010212174575342466,0.2175,0.024106746575342466,0.22390000000000002,0.05013121000000001
2025-06-09,5,0,True,0.0,0.03192889714285714,139.18,-3.9180000000000006,0.15380000000000002,0.0005832601643835617,0.1716,0.002420265205479452,0.2009,0.010283713232876713,0.2182,0.024262166136986302,0.2249,0.050580009999999995
2025-06-10,5,0,True,0.0,0.03119354571428571,141.22,-4.122,0.1516,0.0005666932602739727,0.16949999999999998,0.0023613904109589037,0.19940000000000002,0.010130721863013701,0.21600000000000003,0.02377538630136987,0.22440000000000002,0.05035536000000001
2025-06-11,5,0,True,0.0,0.032367811428571425,141.39,-4.1389999999999985,0.1542,0.0005862979726027398,0.1726,0.002448555616438356,0.203,0.010499827397260275,0.2181,0.024239932767123287,0.2245,0.05040025
2025-06-12,5,0,True,0.0,0.03525201142857143,145.6,-4.56,0.1612,0.0006407368767123288,0.1802,0.002668934794520548,0.2065,0.010865011643835614,0.221,0.024888838356164386,0.22690000000000002,0.051483610000000006
2025-06-13,5,0,True,0.0,0.046026874285714274,149.65,-4.965000000000001,0.19260000000000002,0.0009146653150684934,0.2082,0.003562786849315068,0.2262,0.013036928547945208,0.23399999999999999,0.027903057534246573,0.2343,0.054896490000000006
2025-06-16,5,0,True,0.0,0.03848443285714285,156.6,-5.659999999999999,0.1787,0.0007874060547945205,0.1911,0.0030015789041095884,0.21230000000000002,0.0114839177260274,0.2243,0.025637674356164385,0.22870000000000001,0.05230369000000001
2025-06-17,5,0,True,0.0,0.04617173142857144,154.36,-5.436000000000002,0.2186,0.0011782839452054792,0.21600000000000003,0.0038347397260273977,0.2291,0.013373351589041097,0.23620000000000002,0.028430196821917813,0.2373,0.05631129000000001
2025-06-18,5,0,True,0.0,0.042261789999999994,148.41,-4.840999999999999,0.1913,0.0009023594794520548,0.2014,0.0033338597260273973,0.21969999999999998,0.012298444849315067,0.2297,0.026886982849315066,0.2341,0.05480281
2025-06-20,5,0,True,0.0,0.04635681142857145,149.19,-4.919,0.1832,0.0008275620821917808,0.20620000000000002,0.003494666301369864,0.2248,0.012876051287671234,0.23440000000000003,0.027998534136986306,0.2364,0.05588496
2025-06-23,5,0,True,0.0,0.04241299714285712,154.78,-5.478,0.17920000000000003,0.0007918185205479455,0.19829999999999998,0.003232018356164383,0.2182,0.012131083068493151,0.22899999999999998,0.02672335890410959,0.2325,0.05405625000000001
2025-06-24,5,0,True,0.0,0.03348605714285715,154.97,-5.497,0.154,0.0005847780821917808,0.1748,0.002511373150684932,0.2005,0.010242803424657537,0.2167,0.0239297357260274,0.2274,0.051710759999999995
2025-06-25,5,0,True,0.0,0.03195468142857144,152.24,-5.224000000000001,0.1381,0.00047025887671232875,0.16760000000000003,0.0023087473972602745,0.1967,0.00985822676712329,0.2145,0.02344631917808219,0.2263,0.05121169
2025-06-26,5,0,True,0.0,0.03151915285714286,147.46,-4.746,0.1349,0.00044871805479452045,0.1659,0.0022621487671232875,0.1945,0.009638940410958904,0.2126,0.023032792767123292,0.2253,0.05076009
2025-06-27,5,0,True,0.0,0.03101622428571429,143.44,-4.343999999999999,0.1281,0.00040462052054794515,0.1632,0.0021891156164383562,0.1945,0.009638940410958904,0.21309999999999998,0.023141258794520544,0.22719999999999999,0.05161983999999999
2025-06-30,5,0,True,0.0,0.03185843285714285,139.65,-3.9650000000000007,0.1377,0.00046753865753424654,0.1673,0.0023004895890410956,0.19440000000000002,0.009629031452054798,0.2127,0.023054465589041097,0.2248,0.05053504
2025-07-01,5,0,True,0.0,0.03231423857142856,140.07,-4.007,0.1379,0.0004688977808219177,0.16829999999999998,0.0023280731506849306,0.19510000000000002,0.009698501178082195,0.2132,0.023162982575342467,0.2256,0.05089536
2025-07-02,5,0,True,0.0,0.03223459,139.28,-3.928,0.1307,0.00042121208219178085,0.1664,0.0022758049315068493,0.1935,0.009540080136986302,0.2116,0.022816625095890414,0.223,0.049729
2025-07-03,5,0,True,0.0,0.031252521428571434,141.36,-4.136000000000001,0.1285,0.00040715136986301366,0.1638,0.0022052416438356165,0.19210000000000002,0.0094025318630137,0.2102,0.022515702575342467,0.2231,0.049773609999999996
2025-07-07,5,0,True,0.0,0.03463469571428571,137.96,-3.7960000000000007,0.15710000000000002,0.0006085580547945207,0.1779,0.0026012391780821918,0.2021,0.010406931863013698,0.2161,0.023797405643835614,0.2268,0.05143824
2025-07-08,5,0,True,0.0,0.03208758571428571,140.8,-4.080000000000001,0.139,0.0004764082191780823,0.1681,0.0023225432876712326,0.19579999999999997,0.009768220602739724,0.21109999999999998,0.022708923452054792,0.222,0.049284
2025-07-09,5,0,True,0.0,0.029569047142857133,141.75,-4.175,0.1253,0.00038712550684931506,0.1594,0.002088358356164383,0.1902,0.009217456767123287,0.2072,0.02187759517808219,0.22010000000000002,0.04844401000000001
2025-07-10,5,0,True,0.0,0.028918988571428567,143.32,-4.331999999999999,0.1246,0.0003828121643835617,0.1578,0.0020466443835616436,0.1892,0.009120787726027398,0.20679999999999998,0.02179320723287671,0.21989999999999998,0.04835600999999999
2025-07-11,5,0,True,0.0,0.031146532857142844,144.96,-4.496,0.1303,0.00041863783561643837,0.16399999999999998,0.0022106301369863007,0.1937,0.009559811424657534,0.2109,0.022665914136986303,0.2223,0.049417289999999996
2025-07-14,5,0,True,0.0,0.03353573285714285,147.0,-4.7,0.1427,0.0005021085205479452,0.172,0.002431561643835616,0.1984,0.010029364602739725,0.2132,0.023162982575342467,0.2245,0.05040025
2025-07-15,5,0,True,0.0,0.03390365285714285,143.72,-4.372,0.1469,0.0005320999726027397,0.17379999999999998,0.0024827210958904104,0.2006,0.010253023232876713,0.21489999999999998,0.023533846191780818,0.2256,0.05089536
2025-07-16,5,0,True,0.0,0.03394024714285714,146.71,-4.671000000000001,0.1377,0.00046753865753424654,0.1716,0.002420265205479452,0.2009,0.010283713232876713,0.21600000000000003,0.02377538630136987,0.22640000000000002,0.05125696000000001
2025-07-17,5,0,True,0.0,0.03158750285714285,151.12,-5.112,0.13140000000000002,0.00042573600000000007,0.16519999999999999,0.0022430991780821915,0.19690000000000002,0.009878284191780825,0.2139,0.023315334410958906,0.2259,0.051030809999999996
2025-07-18,5,0,True,0.0,0.031557299999999996,150.45,-5.044999999999999,0.127,0.00039770136986301373,0.1641,0.002213326849315068,0.19579999999999997,0.009768220602739724,0.2133,0.023184716547945204,0.2249,0.050580009999999995
2025-07-21,5,0,True,0.0,0.03002453571428571,154.83,-5.483000000000001,0.1495,0.0005511020547945205,0.16649999999999998,0.0022785410958904104,0.19510000000000002,0.009698501178082195,0.2126,0.023032792767123292,0.22399999999999998,0.05017599999999999
2025-07-22,5,0,True,0.0,0.029211390000000004,153.44,-5.343999999999999,0.1503,0.0005570159178082191,0.165,0.0022376712328767124,0.1953,0.009718395534246577,0.21350000000000002,0.02322821506849316,0.2235,0.049952250000000004
2025-07-23,5,0,True,0.0,0.02528802142857143,159.29,-5.928999999999999,0.1405,0.000486745890410959,0.1537,0.0019416731506849316,0.1856,0.008776998575342466,0.20600000000000002,0.02162492054794521,0.21789999999999998,0.047480409999999994
2025-07-24,5,0,True,0.0,0.02533974,159.41,-5.941,0.1408,0.0004888267397260274,0.1539,0.001946729589041096,0.1856,0.008776998575342466,0.2057,0.02156198120547945,0.218,0.047524
2025-07-25,5,0,True,0.0,0.024788889999999994,145.57,-4.5569999999999995,0.1283,0.00040588495890410956,0.1493,0.0018320950684931503,0.1832,0.00855147484931507,0.20329999999999998,0.021061768602739724,0.2164,0.04682896
2025-07-28,5,0,True,0.0,0.024610547142857136,147.65,-4.765000000000001,0.13369999999999999,0.0004407704383561643,0.1503,0.0018567197260273968,0.1816,0.008402756383561645,0.2014,0.020669930301369863,0.214,0.045795999999999996
2025-07-29,5,0,True,0.0,0.02731958285714285,149.12,-4.912000000000001,0.1462,0.0005270409863013698,0.1598,0.0020988526027397258,0.1877,0.008976739643835618,0.2061,0.021645920712328768,0.21760000000000002,0.047349760000000005
2025-07-30,5,0,True,0.0,0.02646841714285714,154.08,-5.408000000000001,0.1346,0.0004467244931506849,0.1548,0.001969564931506849,0.18350000000000002,0.00857950479452055,0.203,0.02099965479452055,0.2147,0.04609609
2025-07-31,5,0,True,0.0,0.030100235714285706,152.29,-5.228999999999999,0.1515,0.0005659458904109589,0.1672,0.0022977402739726024,0.19140000000000001,0.009334132273972605,0.2084,0.022131737424657533,0.2182,0.04761124
2025-08-01,5,0,True,0.0,0.04298830428571427,155.49,-5.549000000000001,0.1953,0.0009404898904109589,0.20379999999999998,0.003413789589041095,0.21239999999999998,0.011494738849315065,0.22329999999999997,0.025409582301369856,0.2274,0.051710759999999995
2025-08-04,5,0,True,0.0,0.03228099,159.31,-5.931,0.1643,0.0006656175616438356,0.1752,0.00252288,0.1961,0.009798176794520547,0.21030000000000001,0.022537130794520552,0.2189,0.04791721
2025-08-05,5,0,True,0.0,0.033407095714285726,149.91,-4.991,0.1681,0.0006967629863013699,0.17850000000000002,0.0026188150684931513,0.2003,0.010222379095890412,0.2133,0.023184716547945204,0.21899999999999997,0.04796099999999999
2025-08-06,5,0,True,0.0,0.03053327142857142,149.71,-4.971000000000001,0.15,0.0005547945205479452,0.1677,0.0023115032876712322,0.19469999999999998,0.009658773616438354,0.21,0.022472876712328765,0.2195,0.04818025
2025-08-07,5,0,True,0.0,0.02988680285714286,147.03,-4.703,0.1476,0.0005371831232876713,0.16570000000000001,0.0022566978082191784,0.1935,0.009540080136986302,0.2091,0.02228066482191781,0.21969999999999998,0.04826808999999999
2025-08-08,5,0,True,0.0,0.02570123142857143,147.53,-4.753,0.1286,0.0004077853150684931,0.1515,0.001886486301369863,0.187,0.008909909589041096,0.2048,0.021373713534246577,0.2169,0.04704561
2025-08-11,5,0,True,0.0,0.02709196428571428,148.55,-4.855000000000001,0.1575,0.0006116609589041096,0.1625,0.002170376712328767,0.1925,0.009441729452054794,0.20800000000000002,0.02204686027397261,0.2192,0.048048640000000004
2025-08-12,5,0,True,0.0,0.023630181428571435,151.45,-5.144999999999999,0.1311,0.0004237942191780821,0.14730000000000001,0.0017833389041095893,0.1834,0.008570156383561645,0.2023,0.020855079287671236,0.21789999999999998,0.047480409999999994
2025-08-13,5,0,True,0.0,0.023425825714285715,153.13,-5.313,0.12380000000000001,0.00037791221917808226,0.1449,0.0017256994520547944,0.1833,0.00856081306849315,0.20350000000000001,0.02110322876712329,0.21710000000000002,0.047132410000000007
2025-08-14,5,0,True,0.0,0.02419782571428571,150.62,-5.062,0.1298,0.00041543112328767116,0.1483,0.0018076347945205477,0.18489999999999998,0.008710917616438354,0.20489999999999997,0.021394591397260267,0.2192,0.048048640000000004
2025-08-15,5,0,True,0.0,0.02498289,153.79,-5.379,0.13269999999999998,0.0004342016712328766,0.1509,0.0018715734246575343,0.1864,0.008852825424657536,0.2066,0.021751074410958905,0.2186,0.047785959999999995
2025-08-18,5,0,True,0.0,0.023950124285714285,153.95,-5.394999999999999,0.1379,0.0004688977808219177,0.1499,0.0018468501369863013,0.1845,0.008673269178082192,0.2054,0.021499133589041094,0.21710000000000002,0.047132410000000007
2025-08-19,5,0,True,0.0,0.025371128571428574,153.17,-5.316999999999998,0.147,0.0005328246575342464,0.1557,0.0019925334246575343,0.18899999999999997,0.009101515068493148,0.2097,0.022408714356164386,0.2198,0.04831204
2025-08-20,5,0,True,0.0,0.02540909571428571,144.56,-4.456,0.1509,0.0005614720273972603,0.15689999999999998,0.0020233652054794517,0.191,0.009295158904109589,0.21059999999999998,0.022601476602739725,0.2202,0.04848804
2025-08-21,5,0,True,0.0,0.027880990000000005,144.32,-4.4319999999999995,0.1637,0.0006607649589041096,0.166,0.0022648767123287675,0.1941,0.00959933515068493,0.214,0.023337139726027398,0.22219999999999998,0.049372839999999994
2025-08-22,5,0,True,0.0,0.022868807142857137,146.39,-4.6389999999999985,0.1185,0.00034624726027397256,0.1422,0.0016619868493150682,0.1776,0.008036667616438358,0.20149999999999998,0.020690461643835614,0.21489999999999998,0.04618200999999999
2025-08-25,5,0,True,0.0,0.02399515285714286,149.99,-4.9990000000000006,0.1301,0.00041735367123287665,0.1479,0.0017978967123287672,0.1802,0.008273697863013699,0.2048,0.021373713534246577,0.2167,0.04695889
2025-08-26,5,0,True,0.0,0.023391995714285713,156.53,-5.6530000000000005,0.1291,0.0004109624383561643,0.1462,0.0017568032876712327,0.179,0.008163871232876712,0.2046,0.021331988383561644,0.2169,0.04704561
2025-08-27,5,0,True,0.0,0.023956375714285716,150.88,-5.087999999999999,0.13269999999999998,0.0004342016712328766,0.1485,0.0018125136986301368,0.1794,0.008200398575342466,0.20620000000000002,0.021666931068493156,0.21739999999999998,0.047262759999999994
2025-08-28,5,0,True,0.0,0.02389973999999999,152.5,-5.25,0.1168,0.000336384,0.14429999999999998,0.0017114375342465748,0.1772,0.008000507178082192,0.2041,0.0212278538630137,0.21660000000000001,0.04691556000000001
2025-08-29,5,0,True,0.0,0.02677001142857142,152.1,-5.209999999999999,0.1272,0.0003989549589041096,0.1536,0.0019391473972602735,0.18350000000000002,0.00857950479452055,0.20829999999999999,0.022110502849315067,0.2192,0.048048640000000004
2025-09-02,5,0,True,0.0,0.030909747142857148,151.48,-5.147999999999999,0.1617,0.0006447178356164384,0.17170000000000002,0.002423086849315069,0.1938,0.009569684712328767,0.21420000000000003,0.023380780931506858,0.222,0.049284
2025-09-03,5,0,True,0.0,0.02924025,150.22,-5.022,0.1445,0.0005148554794520547,0.1635,0.002197171232876712,0.1893,0.009130431698630136,0.21050000000000002,0.022580017808219183,0.22010000000000002,0.04844401000000001
2025-09-04,5,0,True,0.0,0.025837611428571425,153.96,-5.396000000000001,0.1332,0.00043747989041095894,0.153,0.0019240273972602738,0.1839,0.008616949397260276,0.20809999999999998,0.0220680642739726,0.21739999999999998,0.047262759999999994
2025-09-05,5,0,True,0.0,0.026049959999999994,148.16,-4.816,0.1266,0.000395200109589041,0.1518,0.0018939649315068488,0.18420000000000003,0.008645086356164386,0.2064,0.021708982356164384,0.2187,0.04782969
2025-09-08,5,0,True,0.0,0.02480529999999999,148.82,-4.882,0.135,0.00044938356164383564,0.15109999999999998,0.0018765378082191775,0.18289999999999998,0.008523490767123287,0.20489999999999997,0.021394591397260267,0.218,0.047524
2025-09-09,5,0,True,0.0,0.024375995714285704,150.93,-5.093000000000001,0.1361,0.0004567366849315068,0.15039999999999998,0.0018591912328767117,0.1827,0.008504860191780822,0.2051,0.02143637769863014,0.2187,0.04782969
2025-09-10,5,0,True,0.0,0.024908752857142853,151.92,-5.191999999999998,0.1429,0.0005035169589041096,0.1535,0.0019366232876712327,0.1844,0.008663869808219178,0.20579999999999998,0.021582950794520543,0.2193,0.048092489999999995
2025-09-11,5,0,True,0.0,0.023680295714285714,147.63,-4.763,0.12990000000000002,0.0004160714794520549,0.1471,0.0017784994520547946,0.18030000000000002,0.008282883205479452,0.2034,0.021082493589041098,0.2183,0.04765489
2025-09-12,5,0,True,0.0,0.024045835714285715,149.49,-4.949000000000001,0.1285,0.00040715136986301366,0.1476,0.001790610410958904,0.18059999999999998,0.008310469808219178,0.204,0.021207057534246572,0.2187,0.04782969
2025-09-15,5,0,True,0.0,0.025894409999999993,152.11,-5.211000000000001,0.1471,0.0005335498356164385,0.15689999999999998,0.0020233652054794517,0.18530000000000002,0.008748647589041097,0.20739999999999997,0.02191985030136986,0.2205,0.048620250000000004
2025-09-16,5,0,True,0.0,0.027550338571428568,148.21,-4.821000000000001,0.15789999999999998,0.0006147717534246574,0.1636,0.002199859726027397,0.1891,0.009111148849315067,0.2101,0.022494284547945206,0.2232,0.04981824000000001
2025-09-17,5,0,True,0.0,0.02625459,146.37,-4.6370000000000005,0.14529999999999998,0.0005205720821917807,0.1572,0.0020311101369863012,0.1844,0.008663869808219178,0.2066,0.021751074410958905,0.2212,0.048929440000000005
2025-09-18,5,0,True,0.0,0.02736739,148.19,-4.819,0.1353,0.0004513830410958904,0.157,0.002025945205479452,0.1852,0.008739207452054795,0.2073,0.02189871764383562,0.2205,0.048620250000000004
2025-09-19,5,0,True,0.0,0.02750001,146.97,-4.697,0.1241,0.00037974600000000003,0.1545,0.0019619383561643835,0.1848,0.008701497863013698,0.20739999999999997,0.02191985030136986,0.2208,0.04875264
2025-09-22,5,0,True,0.0,0.028327321428571434,145.46,-4.546000000000001,0.1425,0.0005007020547945205,0.161,0.0021304931506849318,0.1895,0.009149734931506849,0.21100000000000002,0.022687413698630143,0.2238,0.05008644
2025-09-23,5,0,True,0.0,0.030332418571428574,146.53,-4.6530000000000005,0.1467,0.0005306520821917808,0.1664,0.0022758049315068493,0.19440000000000002,0.009629031452054798,0.2145,0.02344631917808219,0.22649999999999998,0.051302249999999994
2025-09-24,5,0,True,0.0,0.02971496714285714,145.87,-4.587000000000001,0.13390000000000002,0.0004420901095890412,0.1618,0.0021517183561643835,0.19140000000000001,0.009334132273972605,0.2121,0.022924581534246577,0.2253,0.05076009
2025-09-25,5,0,True,0.0,0.031427275714285705,145.89,-4.588999999999999,0.1417,0.0004950959178082192,0.1674,0.002303240547945205,0.1946,0.009648854465753426,0.2138,0.023293539287671233,0.2257,0.050940490000000005
2025-09-26,5,0,True,0.0,0.026945461428571422,141.51,-4.150999999999999,0.12269999999999999,0.0003712263287671232,0.15289999999999998,0.001921513150684931,0.1841,0.008635702273972604,0.20670000000000002,0.021772135726027403,0.2213,0.04897369
2025-09-29,5,0,True,0.0,0.02929976714285714,143.03,-4.303,0.1351,0.0004500495616438356,0.1612,0.0021357895890410958,0.18760000000000002,0.008967177205479453,0.20980000000000001,0.02243009161643836,0.2237,0.05004169000000001
2025-09-30,5,0,True,0.0,0.02952252142857143,143.44,-4.343999999999999,0.13949999999999999,0.00047984178082191765,0.1628,0.002178397808219178,0.1877,0.008976739643835618,0.2095,0.022365990410958905,0.22329999999999997,0.049862889999999986
2025-10-01,5,0,True,0.0,0.030063689999999997,143.68,-4.368,0.1353,0.0004513830410958904,0.1629,0.0021810747945205477,0.18760000000000002,0.008967177205479453,0.2097,0.022408714356164386,0.2242,0.05026564000000001
2025-10-02,5,0,True,0.0,0.03135823857142857,145.93,-4.593000000000001,0.1379,0.0004688977808219177,0.1663,0.002273070410958904,0.1889,0.009091886383561646,0.2108,0.022644424767123285,0.2263,0.05121169
2025-10-03,5,0,True,0.0,0.0318271757142857,144.65,-4.465000000000001,0.13470000000000001,0.0004473885205479453,0.16649999999999998,0.0022785410958904104,0.19079999999999997,0.009275702794520545,0.2122,0.022946203397260275,0.2274,0.051710759999999995
2025-10-06,5,0,True,0.0,0.030390489999999996,142.5,-4.25,0.13570000000000002,0.0004540559178082193,0.1637,0.0022025498630136985,0.1912,0.009314635397260275,0.2125,0.0230111301369863,0.2278,0.05189284
2025-10-07,5,0,True,0.0,0.03282965285714285,145.22,-4.522,0.1499,0.0005540550410958905,0.1724,0.0024428843835616436,0.1971,0.009898362,0.2158,0.02373137819178082,0.22899999999999998,0.052440999999999995
2025-10-08,5,0,True,0.0,0.03052219,145.76,-4.575999999999999,0.1317,0.00042768221917808223,0.163,0.0021837534246575345,0.19260000000000002,0.0094515415890411,0.21359999999999998,0.023249979616438352,0.2281,0.05202961
2025-10-09,5,0,True,0.0,0.03025928285714286,145.34,-4.534000000000001,0.1392,0.0004777801643835616,0.1643,0.002218725205479452,0.1938,0.009569684712328767,0.2137,0.023271754356164385,0.2278,0.05189284
2025-10-10,5,0,True,0.0,0.046841228571428584,138.86,-3.8860000000000015,0.217,0.0011610986301369862,0.21660000000000001,0.0038560734246575346,0.2281,0.013256859534246575,0.2378,0.028816669150684933,0.24050000000000002,0.05784025000000001
2025-10-13,5,0,True,0.0,0.03781782571428572,142.81,-4.281000000000001,0.1802,0.0008006804383561644,0.19030000000000002,0.002976500547945206,0.20929999999999999,0.011161653616438356,0.2241,0.025591974410958902,0.2346,0.05503716
2025-10-14,5,0,True,0.0,0.044064682857142844,146.48,-4.647999999999999,0.20379999999999998,0.0010241368767123285,0.20809999999999998,0.0035593652054794513,0.22030000000000002,0.01236571060273973,0.2318,0.02738085106849315,0.23850000000000002,0.05688225000000001
2025-10-15,5,0,True,0.0,0.044927725714285716,144.98,-4.497999999999999,0.1928,0.0009165659178082191,0.2064,0.0035014487671232875,0.2194,0.012264880767123289,0.23199999999999998,0.0274281205479452,0.2391,0.05716881
2025-10-16,5,0,True,0.0,0.060800299523809526,147.14,-4.713999999999999,0.2587,0.0016502224931506848,0.2531,0.005265173424657533,0.2487,0.015759471698630137,0.2515,0.03223265342465753,0.2506,0.06280036
2025-10-17,5,0,True,0.0,0.04488520000000001,147.63,-4.763,0.198,0.0009666739726027398,0.2078,0.0035491101369863015,0.22089999999999999,0.012433159808219178,0.23379999999999998,0.02785538038356164,0.2386,0.05692996
2025-10-20,5,0,True,0.0,0.03457516428571429,151.31,-5.131,0.17350000000000002,0.0007422472602739726,0.18230000000000002,0.0027315032876712333,0.20309999999999997,0.010510174602739725,0.2228,0.025295918465753423,0.2314,0.05354596
2025-10-21,5,0,True,0.0,0.03340808285714286,149.95,-4.994999999999999,0.16879999999999998,0.0007025779726027395,0.1787,0.0026246868493150686,0.1999,0.010181591589041096,0.221,0.024888838356164386,0.2314,0.05354596
2025-10-22,5,0,True,0.0,0.03499189285714287,152.85,-5.284999999999999,0.18350000000000002,0.0008302746575342468,0.18600000000000003,0.002843506849315069,0.20309999999999997,0.010510174602739725,0.2237,0.02550069682191781,0.2336,0.05456896
2025-10-23,5,0,True,0.0,0.030917525714285722,154.34,-5.434,0.16620000000000001,0.0006811012602739727,0.17300000000000001,0.0024599178082191785,0.19649999999999998,0.009838189726027397,0.21899999999999997,0.024440399999999994,0.2302,0.05299204
2025-10-24,5,0,True,0.0,0.02883145,153.49,-5.349000000000001,0.1485,0.0005437541095890411,0.1637,0.0022025498630136985,0.192,0.009392745205479452,0.21539999999999998,0.0236434842739726,0.2279,0.05193841
2025-10-27,5,0,True,0.0,0.026432174285714278,148.5,-4.85,0.1464,0.0005284839452054795,0.15789999999999998,0.0020492391780821914,0.18989999999999999,0.009188402547945203,0.2141,0.02335895523287672,0.22769999999999999,0.05184728999999999
2025-10-28,5,0,True,0.0,0.028046761428571435,140.37,-4.037000000000001,0.1563,0.0006023759178082191,0.1642,0.0022160252054794524,0.1955,0.009738310273972603,0.21850000000000003,0.02432892739726028,0.2321,0.05387041
2025-10-29,5,0,True,0.0,0.030454967142857156,139.45,-3.944999999999999,0.1561,0.0006008353150684931,0.16920000000000002,0.0023530389041095897,0.19829999999999998,0.010019256904109588,0.2202,0.02470897380821918,0.2327,0.054149289999999996
2025-10-30,5,0,True,0.0,0.03133501428571429,141.15,-4.115,0.149,0.0005474219178082192,0.1691,0.0023502583561643836,0.1998,0.010171407452054795,0.2208,0.024843811068493152,0.2335,0.05452225000000001
2025-10-31,5,0,True,0.0,0.03417691,142.78,-4.2780000000000005,0.1471,0.0005335498356164385,0.1744,0.002499892602739726,0.20489999999999997,0.010697295698630134,0.2254,0.025889752767123287,0.23579999999999998,0.055601639999999994
2025-11-03,5,0,True,0.0,0.032511232857142865,141.99,-4.199000000000001,0.1497,0.0005525775616438357,0.17170000000000002,0.002423086849315069,0.20379999999999998,0.010582747726027396,0.2254,0.025889752767123287,0.23739999999999997,0.05635875999999999
2025-11-04,5,0,True,0.0,0.03806874999999999,144.01,-4.400999999999999,0.1775,0.0007768664383561644,0.19,0.0029671232876712327,0.21289999999999998,0.011548920904109587,0.23170000000000002,0.02735723161643836,0.2407,0.05793649
2025-11-05,5,0,True,0.0,0.03554329,143.64,-4.363999999999999,0.15869999999999998,0.00062101701369863,0.1801,0.0026659734246575343,0.20600000000000002,0.010812460273972604,0.22640000000000002,0.02611998509589042,0.237,0.056169
2025-11-06,5,0,True,0.0,0.04024995428571429,143.54,-4.353999999999999,0.1812,0.0008095916712328767,0.195,0.0031253424657534247,0.21350000000000002,0.01161410753424658,0.2316,0.027333622356164385,0.2415,0.05832225
2025-11-07,5,0,True,0.0,0.03916508142857141,141.27,-4.127000000000001,0.17309999999999998,0.0007388287397260271,0.19079999999999997,0.002992162191780821,0.2119,0.011440684191780823,0.2299,0.026933824273972604,0.2401,0.057648010000000006
2025-11-10,5,0,True,0.0,0.03322507428571429,142.94,-4.294,0.1604,0.0006343929863013698,0.17600000000000002,0.0025459726027397263,0.2024,0.010437851178082191,0.2237,0.02550069682191781,0.2377,0.056501289999999996
2025-11-11,5,0,True,0.0,0.03278124,143.45,-4.344999999999999,0.1518,0.0005681894794520546,0.1728,0.002454233424657534,0.20190000000000002,0.010386344465753428,0.225,0.025797945205479456,0.23829999999999998,0.05678688999999999
2025-11-12,5,0,True,0.0,0.03367557571428571,138.57,-3.8569999999999993,0.1537,0.0005825019452054794,0.1751,0.0025200008219178082,0.2034,0.010541246794520549,0.2254,0.025889752767123287,0.2386,0.05692996
2025-11-13,5,0,True,0.0,0.04139333285714286,142.49,-4.2490000000000006,0.1917,0.0009061370136986302,0.2,0.003287671232876713,0.21850000000000003,0.01216446369863014,0.2359,0.028358023726027397,0.2446,0.059829160000000006
2025-11-14,5,0,True,0.0,0.04133275285714284,137.93,-3.7930000000000006,0.1861,0.0008539695616438355,0.19829999999999998,0.003232018356164383,0.2158,0.01186568909589041,0.2335,0.027783941095890417,0.24359999999999998,0.05934095999999999
2025-11-17,5,0,True,0.0,0.05018224714285714,140.9,-4.090000000000001,0.22329999999999997,0.001229495917808219,0.2238,0.004116693698630137,0.2318,0.013690425534246575,0.2432,0.0301402757260274,0.2482,0.061603240000000004
2025-11-18,5,0,True,0.0,0.059869517142857126,142.98,-4.297999999999999,0.2518,0.001563367561643836,0.2469,0.0050103789041095895,0.24539999999999998,0.015344021589041093,0.2529,0.03259250482191781,0.25329999999999997,0.06416088999999998
2025-11-19,5,0,True,0.0,0.0571018,143.05,-4.3050000000000015,0.231,0.001315750684931507,0.2366,0.004601059726027397,0.23989999999999997,0.014663936794520546,0.25,0.03184931506849315,0.2527,0.06385728999999998
2025-11-20,5,0,True,0.0,0.06471781714285715,144.96,-4.496,0.2635,0.0017120280821917807,0.2642,0.005737121095890411,0.2576,0.01690759364383562,0.2623,0.03506038339726027,0.26039999999999996,0.06780815999999998
2025-11-21,5,0,True,0.0,0.05859441,148.34,-4.8340000000000005,0.2151,0.0011408550410958904,0.2343,0.0045120402739726026,0.2396,0.014627284602739729,0.2516,0.032258290849315065,0.25579999999999997,0.06543363999999999
2025-11-24,5,0,True,0.0,0.045405664285714284,148.6,-4.859999999999999,0.1855,0.000848471917808219,0.2052,0.0034608526027397257,0.21850000000000003,0.01216446369863014,0.2375,0.02874400684931507,0.2466,0.06081156000000001
2025-11-25,5,0,True,0.0,0.03905971,151.68,-5.168000000000001,0.1539,0.0005840188767123288,0.1856,0.002831289863013698,0.2073,0.01094935882191781,0.2298,0.026910398465753427,0.2413,0.05822569
2025-11-26,5,0,True,0.0,0.03459849000000001,145.04,-4.504,0.1333,0.0004381370136986301,0.17190000000000003,0.0024287350684931513,0.2002,0.010212174575342466,0.2245,0.025683415068493153,0.23870000000000002,0.05697769000000001
2025-11-28,5,0,True,0.0,0.03025041,143.0,-4.3,0.1361,0.0004567366849315068,0.1635,0.002197171232876712,0.19640000000000002,0.009828178849315071,0.221,0.024888838356164386,0.2366,0.055979560000000005
2025-12-01,5,0,True,0.0,0.030720978571428567,144.86,-4.4860000000000015,0.1655,0.0006753760273972603,0.1724,0.0024428843835616436,0.2022,0.010417233205479453,0.2245,0.025683415068493153,0.2394,0.05731236
2025-12-02,5,0,True,0.0,0.029127882857142854,144.94,-4.494,0.1542,0.0005862979726027398,0.1659,0.0022621487671232875,0.1984,0.010029364602739725,0.222,0.025114586301369864,0.23670000000000002,0.05602689000000001
2025-12-03,5,0,True,0.0,0.02797698857142855,149.23,-4.922999999999999,0.1446,0.0005155683287671233,0.16079999999999997,0.002125203287671232,0.1971,0.009898362,0.221,0.024888838356164386,0.2365,0.055932249999999996
2025-12-04,5,0,True,0.0,0.026808771428571423,148.91,-4.891,0.14300000000000002,0.0005042219178082193,0.1578,0.0020466443835616436,0.1949,0.009678627205479452,0.2193,0.024507405863013698,0.23550000000000001,0.05546025000000001
2025-12-05,5,0,True,0.0,0.025643585714285714,148.83,-4.883000000000001,0.139,0.0004764082191780823,0.15410000000000001,0.0019517926027397261,0.19269999999999998,0.009461358821917806,0.21710000000000002,0.02401815961643836,0.2336,0.05456896
2025-12-08,5,0,True,0.0,0.028278052857142855,150.63,-5.063,0.1629,0.0006543224383561642,0.1666,0.0022812789041095887,0.1991,0.010100261178082192,0.2216,0.025024164821917806,0.23600000000000002,0.05569600000000001
2025-12-09,5,0,True,0.0,0.0295597,150.32,-5.031999999999999,0.163,0.0006551260273972604,0.1693,0.002355821095890411,0.20079999999999998,0.0102734781369863,0.2225,0.025227842465753426,0.2369,0.05612161
2025-12-10,5,0,True,0.0,0.026291740000000004,147.55,-4.755000000000001,0.14679999999999999,0.0005313757808219177,0.1577,0.0020440512328767126,0.1935,0.009540080136986302,0.2168,0.0239518264109589,0.23329999999999998,0.054428889999999994
2025-12-11,5,0,True,0.0,0.02484957428571428,148.32,-4.831999999999999,0.1246,0.0003828121643835617,0.1485,0.0018125136986301368,0.1905,0.00924655684931507,0.214,0.023337139726027398,0.23149999999999998,0.053592249999999994
2025-12-12,5,0,True,0.0,0.02760492571428572,153.59,-5.359,0.1348,0.0004480530410958904,0.1574,0.002036281643835617,0.1925,0.009441729452054794,0.2162,0.023819435178082195,0.2329,0.05424241
2025-12-15,5,0,True,0.0,0.030251142857142862,161.86,-6.186000000000002,0.142,0.0004971945205479451,0.165,0.0022376712328767124,0.1968,0.00986825293150685,0.2195,0.024552127397260277,0.2341,0.05480281
2025-12-16,5,0,True,0.0,0.03054201142857143,156.99,-5.699000000000001,0.1388,0.0004750382465753425,0.1648,0.0022322498630136987,0.1967,0.00985822676712329,0.21969999999999998,0.024596889698630133,0.2336,0.05456896
2025-12-17,5,0,True,0.0,0.03372080714285715,153.49,-5.349000000000001,0.1575,0.0006116609589041096,0.17620000000000002,0.0025517621917808225,0.20079999999999998,0.0102734781369863,0.2214,0.024979015232876715,0.2353,0.05536609000000001
2025-12-18,5,0,True,0.0,0.03235242571428572,155.38,-5.537999999999999,0.1392,0.0004777801643835616,0.16870000000000002,0.0023391526027397263,0.1959,0.009778200904109588,0.21710000000000002,0.02401815961643836,0.2323,0.053963290000000004
2025-12-19,5,0,True,0.0,0.027042295714285715,155.87,-5.587000000000001,0.10490000000000001,0.00027133175342465755,0.1491,0.0018271898630136988,0.1825,0.008486249999999999,0.2079,0.022025666465753428,0.2257,0.050940490000000005
2025-12-22,5,0,True,0.0,0.023595914285714285,159.93,-5.993,0.105,0.0002718493150684931,0.1408,0.0016294224657534247,0.1779,0.008063841452054795,0.20420000000000002,0.02124866038356165,0.223,0.049729
2025-12-23,5,0,True,0.0,0.023662702857142857,160.53,-6.053,0.10060000000000001,0.00024954312328767127,0.14,0.0016109589041095893,0.1784,0.008109233095890412,0.20579999999999998,0.021582950794520543,0.2236,0.04999696
2025-12-24,5,0,True,0.0,0.022316318571428576,161.3,-6.130000000000001,0.0917,0.00020734249315068493,0.13470000000000001,0.001491295068493151,0.1777,0.008045720465753425,0.2059,0.021603930575342465,0.2238,0.05008644
2025-12-26,5,0,True,0.0,0.022431892857142862,151.45,-5.144999999999999,0.0965,0.00022961712328767124,0.136,0.001520219178082192,0.1777,0.008045720465753425,0.2064,0.021708982356164384,0.2242,0.05026564000000001
2025-12-29,5,0,True,0.0,0.023265275714285712,150.47,-5.047,0.1137,0.00031876495890410957,0.142,0.0016573150684931505,0.1782,0.008091061150684932,0.20600000000000002,0.02162492054794521,0.2243,0.05031049
2025-12-30,5,0,True,0.0,0.023707060000000005,148.33,-4.833000000000001,0.11460000000000001,0.00032383134246575347,0.1433,0.001687799178082192,0.1777,0.008045720465753425,0.2069,0.021814288931506852,0.2243,0.05031049
2025-12-31,5,0,True,0.0,0.0257575,148.7,-4.869999999999999,0.12,0.0003550684931506849,0.1495,0.0018370068493150683,0.1818,0.008421274849315067,0.2094,0.0223446437260274,0.2254,0.050805159999999995
2026-01-02,5,0,True,0.0,0.024190368571428568,141.86,-4.186000000000002,0.11720000000000001,0.0003386919452054795,0.1451,0.0017304665753424657,0.1802,0.008273697863013699,0.2087,0.022195502301369865,0.2242,0.05026564000000001
2026-01-05,5,0,True,0.0,0.02508341714285714,142.45,-4.244999999999999,0.1244,0.0003815842191780822,0.149,0.001824739726027397,0.1832,0.00855147484931507,0.2096,0.022387347287671236,0.225,0.050625
2026-01-06,5,0,True,0.0,0.024774489999999996,146.23,-4.622999999999999,0.1213,0.0003628033150684932,0.1475,0.001788184931506849,0.1815,0.008393504794520548,0.2078,0.022004482849315072,0.2238,0.05008644
2026-01-07,5,0,True,0.0,0.027052702857142865,143.57,-4.356999999999999,0.12539999999999998,0.0003877436712328766,0.15380000000000002,0.0019442005479452058,0.1859,0.008805395424657535,0.21100000000000002,0.022687413698630143,0.2261,0.05112121
2026-01-08,5,0,True,0.0,0.027045689999999997,147.08,-4.708000000000001,0.1283,0.00040588495890410956,0.1545,0.0019619383561643835,0.1839,0.008616949397260276,0.2091,0.02228066482191781,0.22440000000000002,0.05035536000000001
2026-01-09,5,0,True,0.0,0.024939745714285717,146.04,-4.603999999999999,0.10859999999999999,0.00029080997260273967,0.1449,0.0017256994520547944,0.1788,0.008145638136986301,0.2057,0.02156198120547945,0.2229,0.04968440999999999
2026-01-12,5,0,True,0.0,0.026549331428571427,149.75,-4.975,0.11939999999999999,0.00035152668493150676,0.1512,0.0018790224657534245,0.18230000000000002,0.008467660191780824,0.207,0.02183538082191781,0.2237,0.05004169000000001
2026-01-13,5,0,True,0.0,0.029772909999999996,151.6,-5.159999999999999,0.1251,0.0003858906575342465,0.1598,0.0020988526027397258,0.1885,0.009053422602739726,0.2121,0.022924581534246577,0.2267,0.051392890000000004
2026-01-14,5,0,True,0.0,0.032635540000000005,152.52,-5.252000000000001,0.1318,0.0004283319452054794,0.1675,0.0023059931506849317,0.1937,0.009559811424657534,0.21530000000000002,0.023621536273972607,0.22920000000000001,0.052532640000000005
2026-01-15,5,0,True,0.0,0.029338697142857133,151.57,-5.156999999999999,0.1232,0.00037425797260273974,0.15839999999999999,0.0020622378082191775,0.18899999999999997,0.009101515068493148,0.21280000000000002,0.02307614860273973,0.2271,0.05157441
2026-01-16,5,0,True,0.0,0.02966988142857142,153.59,-5.359,0.1209,0.0003604144931506849,0.1586,0.002067448767123287,0.18989999999999999,0.009188402547945203,0.2132,0.023162982575342467,0.2262,0.05116644000000001
2026-01-20,5,0,True,0.0,0.04063523285714284,154.96,-5.496,0.1993,0.0009794093424657536,0.2009,0.003317326849315068,0.21280000000000002,0.011538074301369865,0.2304,0.027051106191780822,0.2354,0.055413159999999996
2026-01-21,5,0,True,0.0,0.029993954285714282,144.41,-4.441,0.1588,0.0006217998904109589,0.16899999999999998,0.002347479452054794,0.1936,0.009549943232876713,0.2162,0.023819435178082195,0.2279,0.05193841
2026-01-22,5,0,True,0.0,0.026082040000000008,141.31,-4.131,0.1438,0.0005098793424657534,0.1564,0.002010489863013699,0.1875,0.008957619863013699,0.2127,0.023054465589041097,0.2263,0.05121169
2026-01-23,5,0,True,0.0,0.02734115714285713,144.02,-4.402000000000001,0.15,0.0005547945205479452,0.1609,0.0021278473972602733,0.19149999999999998,0.00934388835616438,0.21530000000000002,0.023621536273972607,0.22820000000000001,0.05207524000000001
2026-01-26,5,0,True,0.0,0.02755310714285713,148.1,-4.81,0.1505,0.0005584993150684931,0.16149999999999998,0.002143746575342465,0.1907,0.009265982383561645,0.21600000000000003,0.02377538630136987,0.2285,0.05221225
2026-01-27,5,0,True,0.0,0.028737964285714287,147.25,-4.725,0.1485,0.0005437541095890411,0.1635,0.002197171232876712,0.19219999999999998,0.009412323616438355,0.2175,0.024106746575342466,0.2297,0.05276209
2026-01-28,5,0,True,0.0,0.029128431428571428,144.98,-4.497999999999999,0.1454,0.0005212888767123288,0.1635,0.002197171232876712,0.193,0.009490841095890412,0.21719999999999998,0.024040291068493147,0.2302,0.05299204
2026-01-29,5,0,True,0.0,0.0307771257142857,143.74,-4.3740000000000006,0.1522,0.0005711878356164384,0.16879999999999998,0.002341926575342465,0.1967,0.00985822676712329,0.21969999999999998,0.024596889698630133,0.2318,0.05373124
2026-01-30,5,0,True,0.0,0.032900109999999996,143.65,-4.365,0.15689999999999998,0.0006070095616438354,0.1744,0.002499892602739726,0.2007,0.0102632481369863,0.2223,0.025182509424657534,0.2339,0.05470921
2026-02-02,5,0,True,0.0,0.029193549999999995,146.56,-4.656000000000001,0.1445,0.0005148554794520547,0.1634,0.0021944843835616434,0.1937,0.009559811424657534,0.2168,0.0239518264109589,0.23120000000000002,0.053453440000000005
2026-02-03,5,0,True,0.0,0.033797789999999994,143.85,-4.385,0.1707,0.000718483315068493,0.18,0.0026630136986301365,0.20350000000000001,0.010551614383561645,0.2224,0.025205170849315065,0.2343,0.054896490000000006
2026-02-04,5,0,True,0.0,0.03469699000000001,143.16,-4.316,0.1867,0.0008594849589041096,0.1864,0.002855750136986302,0.20620000000000002,0.010833465534246578,0.2237,0.02550069682191781,0.2347,0.055084089999999995
2026-02-05,5,0,True,0.0,0.04641138142857143,137.16,-3.7159999999999997,0.2229,0.0012250950410958902,0.2177,0.003895338904109589,0.2245,0.012841707534246577,0.2366,0.028526570301369868,0.2438,0.059438439999999995
2026-02-06,5,0,True,0.0,0.03485601857142858,140.31,-4.031000000000001,0.1543,0.0005870586575342466,0.1776,0.0025924734246575345,0.20370000000000002,0.01057236484931507,0.2223,0.025182509424657534,0.2353,0.05536609000000001
2026-02-09,5,0,True,0.0,0.033728692857142854,145.23,-4.522999999999999,0.1475,0.0005364554794520547,0.1736,0.002477010410958904,0.2009,0.010283713232876713,0.2194,0.024529761534246578,0.23399999999999999,0.05475599999999999
2026-02-10,5,0,True,0.0,0.03564614571428572,145.71,-4.571000000000001,0.1494,0.0005503650410958904,0.1779,0.0026012391780821918,0.2043,0.010634738547945206,0.22329999999999997,0.025409582301369856,0.237,0.056169
2026-02-11,5,0,True,0.0,0.0358858257142857,143.78,-4.378,0.1418,0.0004957949589041096,0.1765,0.0025604589041095887,0.20370000000000002,0.01057236484931507,0.22260000000000002,0.02525052427397261,0.2366,0.055979560000000005
2026-02-12,5,0,True,0.0,0.04512291428571427,142.5,-4.25,0.198,0.0009666739726027398,0.2082,0.003562786849315068,0.2217,0.012523377452054795,0.23440000000000003,0.027998534136986306,0.2434,0.05924356
2026-02-13,5,0,True,0.0,0.04552373285714287,139.35,-3.9349999999999996,0.1877,0.0008687167397260275,0.20600000000000002,0.0034878904109589045,0.2217,0.012523377452054795,0.23559999999999998,0.02828594235616438,0.2439,0.059487210000000006
2026-02-17,5,0,True,0.0,0.04113360999999999,140.28,-4.0280000000000005,0.20309999999999997,0.0010171136712328764,0.2029,0.0033837049315068486,0.21600000000000003,0.011887693150684935,0.2318,0.02738085106849315,0.2407,0.05793649
2026-02-18,5,0,True,0.0,0.03939006857142858,139.17,-3.916999999999999,0.19079999999999997,0.0008976486575342463,0.1962,0.003163926575342466,0.2139,0.011657667205479453,0.2309,0.02716864290410959,0.24050000000000002,0.05784025000000001
2026-02-19,5,0,True,0.0,0.04154397571428571,141.19,-4.119,0.19870000000000002,0.0009735211232876714,0.2023,0.0033637224657534245,0.2188,0.012197890191780822,0.23559999999999998,0.02828594235616438,0.2447,0.05987809
2026-02-20,5,0,True,0.0,0.038144568571428554,145.52,-4.552000000000001,0.1802,0.0008006804383561644,0.1909,0.0029952994520547936,0.2109,0.011332957068493152,0.23070000000000002,0.02712159764383562,0.2418,0.05846724
2026-02-23,5,0,True,0.0,0.04396149571428571,141.43,-4.143000000000001,0.21109999999999998,0.0010988188767123285,0.2101,0.003628110410958904,0.2214,0.012489507616438357,0.2391,0.02913259906849315,0.24710000000000001,0.06105841000000001
2026-02-24,5,0,True,0.0,0.0397735,141.94,-4.194,0.18600000000000003,0.0008530520547945208,0.1955,0.0031413904109589045,0.2134,0.011603230356164384,0.23309999999999997,0.027688831397260267,0.2441,0.05958481000000001
2026-02-25,5,0,True,0.0,0.034567625714285705,146.05,-4.605000000000001,0.1628,0.0006535193424657534,0.1793,0.0026423416438356158,0.2036,0.010561987068493152,0.2279,0.026467244547945204,0.2368,0.056074240000000004
2026-02-26,5,0,True,0.0,0.037701450000000004,146.57,-4.656999999999999,0.16649999999999998,0.0006835623287671231,0.1863,0.0028526868493150685,0.20809999999999998,0.0110340321369863,0.2309,0.02716864290410959,0.2412,0.05817744
2026-02-27,5,0,True,0.0,0.041534738571428566,146.67,-4.666999999999999,0.1859,0.0008521350410958904,0.1986,0.003241804931506849,0.21559999999999999,0.011843705424657533,0.2359,0.028358023726027397,0.244,0.059536
2026-03-02,5,0,True,0.0,0.04644226857142858,151.78,-5.178,0.2118,0.0011061182465753423,0.2144,0.003778139178082192,0.22440000000000002,0.01283026980821918,0.2415,0.029720379452054795,0.2475,0.06125625
2026-03-03,5,0,True,0.0,0.053533449999999996,152.83,-5.283000000000001,0.2455,0.0014861157534246574,0.2357,0.004566122465753424,0.2354,0.014118969534246574,0.2475,0.031215513698630137,0.24989999999999998,0.06245000999999999
2026-03-04,5,0,True,0.0,0.04571635714285713,152.87,-5.287000000000001,0.20600000000000002,0.0010463671232876714,0.2115,0.0036766232876712323,0.2229,0.012659315424657532,0.239,0.029108235616438355,0.2413,0.05822569
2026-03-05,5,0,True,0.0,0.05681167857142856,153.95,-5.394999999999999,0.23550000000000001,0.0013675130136986304,0.2375,0.004636130136986301,0.2386,0.0145054418630137,0.2492,0.0316458055890411,0.25079999999999997,0.06290063999999998
2026-03-06,5,0,True,0.0,0.05877843988826815,151.8,-5.1800000000000015,0.3044,0.0022847513424657535,0.2949,0.007147891232876712,0.2756,0.019353009534246575,0.2799,0.039923248931506845,0.2622,0.06874883999999999
2026-03-09,5,0,True,0.0,0.05965189285714285,157.98,-5.797999999999999,0.2785,0.0019124938356164386,0.255,0.005344520547945205,0.2534,0.016360753643835615,0.2614,0.03482019879452056,0.256,0.065536
2026-03-10,5,0,True,0.0,0.060831059999999985,154.46,-5.446000000000001,0.2554,0.0016083902465753427,0.2493,0.005108259452054794,0.2551,0.016581010767123285,0.2639,0.035489416602739736,0.2577,0.06640929
2026-03-11,5,0,True,0.0,0.058271260000000005,152.44,-5.244,0.2444,0.0014728280547945205,0.24230000000000002,0.004825421095890411,0.24969999999999998,0.01588646128767123,0.2585,0.03405188630136986,0.25429999999999997,0.06466848999999998
2026-03-12,5,0,True,0.0,0.0631833577653631,139.94,-3.9939999999999998,0.2898,0.0020708393424657533,0.2729,0.0061211843835616425,0.2695,0.0185057897260274,0.2726,0.03786794893150685,0.26239999999999997,0.06885375999999999
2026-03-13,5,0,True,0.0,0.06772793357541901,137.76,-3.775999999999999,0.28,0.0019331506849315071,0.27190000000000003,0.006076406301369864,0.2728,0.01896176745205479,0.2743,0.03834172915068493,0.2675,0.07155625
2026-03-16,5,0,True,0.0,0.05359077571428572,141.49,-4.149000000000001,0.2433,0.0014596000273972602,0.2351,0.0045429049315068495,0.2492,0.01582290279452055,0.2563,0.03347474613698629,0.2563,0.06568968999999998
2026-03-17,5,0,True,0.0,0.050060860000000006,145.04,-4.504,0.2236,0.0012328017534246575,0.2237,0.004113015616438356,0.2433,0.015082533616438356,0.2528,0.03256673490410959,0.25429999999999997,0.06466848999999998
2026-03-18,5,0,True,0.0,0.06089140428571428,136.54,-3.653999999999999,0.26030000000000003,0.0016706981095890416,0.2509,0.005174039178082192,0.2656,0.017974061589041097,0.272,0.037701435616438364,0.2648,0.07011904
2026-03-19,5,0,True,0.0,0.05782645285714285,138.26,-3.825999999999999,0.2409,0.001430946,0.24059999999999998,0.0047579473972602735,0.2554,0.016620032547945206,0.2644,0.035624024547945214,0.2623,0.06880128999999999
2026-03-20,5,0,True,0.0,0.06337897150837983,139.12,-3.9120000000000004,0.2695,0.001790882876712329,0.26780000000000004,0.005894534794520549,0.2743,0.019170864575342464,0.28350000000000003,0.04095681780821919,0.26839999999999997,0.07203855999999999
2026-03-23,5,0,True,0.0,0.06466246,142.02,-4.202000000000001,0.2776,0.00190015298630137,0.2615,0.005620458904109589,0.261,0.017356857534246577,0.26940000000000003,0.03698411769863015,0.2652,0.07033104
2026-03-24,5,0,True,0.0,0.0677229170949721,142.63,-4.263,0.2821,0.001962256684931507,0.2695,0.005969609589041096,0.2656,0.017974061589041097,0.2722,0.03775689928767123,0.2664,0.07096896000000001
2026-03-25,5,0,True,0.0,0.06431265999999998,140.88,-4.087999999999999,0.2526,0.0015733173698630133,0.25329999999999997,0.005273497808219177,0.2563,0.016737373068493145,0.2669,0.03630088619178083,0.2634,0.06937956
2026-03-26,5,0,True,0.0,0.06507684770949722,143.99,-4.399000000000001,0.2705,0.0018041979452054796,0.27440000000000003,0.006188659726027399,0.2716,0.018795315287671234,0.2791,0.03969536071232877,0.2676,0.07160976000000001
2026-03-27,5,0,True,0.0,0.06874232072625697,139.0,-3.9,0.3064,0.00231487298630137,0.3105,0.0079241301369863,0.2927,0.02182908484931507,0.2978,0.04519282257534247,0.2809,0.07890480999999999
2026-03-30,5,0,True,0.0,0.06913114083798885,142.23,-4.222999999999999,0.3057,0.00230430797260274,0.3061,0.007701140547945204,0.2913,0.021620764849315067,0.2968,0.04488982093150685,0.2807,0.07879249
2026-03-31,5,0,True,0.0,0.06600596428571429,145.45,-4.544999999999999,0.2418,0.0014416579726027395,0.2525,0.005240239726027397,0.2555,0.01663305,0.2693,0.0369566661369863,0.2648,0.07011904
2026-04-01,5,0,True,0.0,0.06214028142857141,143.77,-4.377000000000001,0.2361,0.001374490109589041,0.24539999999999998,0.004949684383561643,0.2486,0.015746800767123287,0.26170000000000004,0.034900168602739735,0.2584,0.06677056
2026-04-02,5,0,True,0.0,0.06119709571428573,146.95,-4.6949999999999985,0.21710000000000002,0.0011621690136986303,0.23870000000000002,0.004683097808219179,0.24719999999999998,0.015569942794520546,0.26030000000000003,0.03452776093150686,0.25730000000000003,0.06620329000000001
2026-04-06,5,0,True,0.0,0.05897512857142858,147.6,-4.76,0.239,0.0014084630136986301,0.24170000000000003,0.004801552602739727,0.2477,0.01563299169863014,0.2582,0.03397289490410958,0.2562,0.06563843999999999
2026-04-07,5,0,True,0.0,0.06304429016759781,148.45,-4.844999999999999,0.2727,0.0018336646849315067,0.25780000000000003,0.005462534794520549,0.2557,0.01665910019178082,0.2641,0.03554322920547945,0.25780000000000003,0.06646084000000002
2026-04-08,5,0,True,0.0,0.04750713142857142,150.36,-5.036000000000001,0.1916,0.0009051918904109588,0.2104,0.003638478904109589,0.2268,0.013106181698630138,0.2402,0.029401269698630137,0.2445,0.05978025
2026-04-09,5,0,True,0.0,0.04215532428571427,143.27,-4.327000000000001,0.1681,0.0006967629863013699,0.1949,0.0031221378082191774,0.2181,0.012119966383561644,0.2339,0.0278792138630137,0.24109999999999998,0.058129209999999994
2026-04-10,5,0,True,0.0,0.041356859999999995,144.18,-4.418000000000001,0.1636,0.000659957917808219,0.1923,0.003039393698630137,0.2186,0.012175600767123287,0.2351,0.02816601057534247,0.2425,0.05880625
2026-04-13,5,0,True,0.0,0.039353675714285725,156.93,-5.6930000000000005,0.17329999999999998,0.0007405370136986299,0.1912,0.003004721095890411,0.2134,0.011603230356164384,0.23,0.026957260273972605,0.2396,0.05740816000000001
2026-04-14,5,0,True,0.0,0.03620322857142857,149.94,-4.994,0.16699999999999998,0.0006876739726027395,0.18359999999999999,0.002770599452054794,0.2082,0.011044639232876711,0.22769999999999999,0.026420810794520543,0.2395,0.057360249999999995
2026-04-15,5,0,True,0.0,0.03617898142857144,139.23,-3.922999999999999,0.16010000000000002,0.0006320221643835618,0.18170000000000003,0.0027135526027397268,0.2078,0.011002241424657536,0.2284,0.02658350728767123,0.2402,0.05769604
2026-04-16,5,0,True,0.0,0.03573430285714285,140.74,-4.074000000000001,0.15460000000000002,0.0005893436712328768,0.1794,0.0026452898630136986,0.2077,0.010991654712328767,0.2278,0.02644402257534247,0.2394,0.05731236
2026-04-17,5,0,True,0.0,0.03424993857142858,141.82,-4.1819999999999995,0.1481,0.0005408287397260274,0.1748,0.002511373150684932,0.2051,0.01071818884931507,0.2257,0.025958715452054797,0.2366,0.055979560000000005
2026-04-20,5,0,True,0.0,0.03730452428571429,141.9,-4.19,0.1779,0.0007803717534246576,0.1887,0.002926659452054795,0.21239999999999998,0.011494738849315065,0.2314,0.027286434410958904,0.2395,0.057360249999999995
2026-04-21,5,0,True,0.0,0.03936675428571429,140.91,-4.090999999999999,0.1868,0.0008604059178082191,0.195,0.0031253424657534247,0.2151,0.011788835424657536,0.23190000000000002,0.027404480712328774,0.2403,0.057744090000000005
2026-04-22,5,0,True,0.0,0.03832616714285715,140.84,-4.0840000000000005,0.1729,0.0007371224383561644,0.1892,0.0029421895890410963,0.21239999999999998,0.011494738849315065,0.23129999999999998,0.027262855726027393,0.2395,0.057360249999999995
2026-04-23,5,0,True,0.0,0.03932051714285713,139.59,-3.9590000000000005,0.1804,0.0008024587397260274,0.1931,0.0030647350684931502,0.2148,0.011755974575342465,0.23309999999999997,0.027688831397260267,0.2404,0.05779216
2026-04-24,5,0,True,0.0,0.03804241000000001,139.08,-3.9080000000000013,0.1671,0.0006884977808219177,0.18710000000000002,0.0028772391780821924,0.213,0.011559772602739726,0.2327,0.027593884767123288,0.2403,0.057744090000000005
2026-04-27,5,0,True,0.0,0.03445051,139.64,-3.9639999999999986,0.16690000000000002,0.0006868506575342467,0.1802,0.002668934794520548,0.2077,0.010991654712328767,0.2303,0.027027629424657536,0.2404,0.05779216
2026-04-28,5,0,True,0.0,0.033477438571428556,138.16,-3.816,0.16690000000000002,0.0006868506575342467,0.1783,0.002612949863013698,0.20489999999999997,0.010697295698630134,0.22870000000000001,0.026653387232876715,0.2398,0.057504040000000006
2026-04-29,5,0,True,0.0,0.037254638571428564,141.88,-4.188,0.1761,0.0007646599726027398,0.1881,0.0029080775342465747,0.2119,0.011440684191780823,0.2325,0.027546472602739732,0.2421,0.058612410000000004
2026-04-30,5,0,True,0.0,0.031903289999999994,143.33,-4.333000000000001,0.1437,0.0005091704383561643,0.1689,0.0023447021917808214,0.20079999999999998,0.0102734781369863,0.2261,0.026050808383561646,0.2365,0.055932249999999996
2026-05-01,5,0,True,0.0,0.03265619285714285,141.38,-4.138,0.14150000000000001,0.0004936993150684932,0.1699,0.002372548767123287,0.20370000000000002,0.01057236484931507,0.22690000000000002,0.026235483452054797,0.2378,0.05654884
2026-05-04,5,0,True,0.0,0.03597944285714284,141.74,-4.174000000000001,0.166,0.0006794630136986302,0.18289999999999998,0.002749513150684931,0.21050000000000002,0.011290008904109592,0.23070000000000002,0.02712159764383562,0.2407,0.05793649
2026-05-05,5,0,True,0.0,0.033966502857142845,138.74,-3.874000000000001,0.1464,0.0005284839452054795,0.17379999999999998,0.0024827210958904104,0.2082,0.011044639232876711,0.22940000000000002,0.026816797150684937,0.2401,0.057648010000000006
2026-05-06,5,0,True,0.0,0.03386497428571428,135.42,-3.541999999999999,0.1476,0.0005371831232876713,0.1739,0.002485578904109589,0.2057,0.010780990602739725,0.22649999999999998,0.02614306438356164,0.2402,0.05769604
2026-05-07,5,0,True,0.0,0.03258975999999998,136.11,-3.6110000000000015,0.1456,0.0005227239452054794,0.17079999999999998,0.0023977512328767115,0.20350000000000001,0.010551614383561645,0.2248,0.025752102575342467,0.23870000000000002,0.05697769000000001
2026-05-08,5,0,True,0.0,0.03355983857142858,138.21,-3.8210000000000006,0.1421,0.0004978950410958904,0.17190000000000003,0.0024287350684931513,0.205,0.010707739726027395,0.2259,0.026004741534246575,0.23929999999999998,0.057264489999999994
2026-05-11,5,0,True,0.0,0.03603468142857142,140.21,-4.021000000000001,0.1689,0.0007034106575342465,0.1838,0.0027766389041095885,0.21239999999999998,0.011494738849315065,0.2306,0.027098090301369865,0.23989999999999997,0.05755200999999999
2026-05-12,5,0,True,0.0,0.03479163142857142,139.41,-3.941,0.1634,0.0006583453150684931,0.17989999999999998,0.0026600556164383554,0.2104,0.011279284602739727,0.2303,0.027027629424657536,0.24,0.0576
2026-05-13,5,0,True,0.0,0.03482569,141.51,-4.150999999999999,0.15869999999999998,0.00062101701369863,0.1787,0.0026246868493150686,0.2118,0.011429888547945204,0.23199999999999998,0.0274281205479452,0.2421,0.058612410000000004
2026-05-14,5,0,True,0.0,0.032734531428571426,139.32,-3.9319999999999995,0.1514,0.0005651990136986302,0.1726,0.002448555616438356,0.20850000000000002,0.011076491095890414,0.2298,0.026910398465753427,0.2395,0.057360249999999995
2026-05-15,5,0,True,0.0,0.037038832857142844,145.77,-4.577000000000001,0.1637,0.0006607649589041096,0.1843,0.0027917663013698624,0.21359999999999998,0.011624989808219176,0.2325,0.027546472602739732,0.2404,0.05779216
2026-05-18,5,0,True,0.0,0.033182074285714284,138.4,-3.8400000000000007,0.1686,0.0007009140821917808,0.1782,0.002610019726027397,0.20920000000000002,0.011150990465753427,0.2286,0.026630083726027397,0.2369,0.05612161
2026-05-19,5,0,True,0.0,0.034728102857142853,135.5,-3.55,0.1664,0.0006827414794520547,0.18059999999999998,0.0026807967123287668,0.2112,0.011365221698630136,0.23010000000000003,0.026980706465753432,0.2379,0.05659641
2026-05-20,5,0,True,0.0,0.03362681714285714,132.31,-3.2310000000000003,0.1514,0.0005651990136986302,0.1744,0.002499892602739726,0.2076,0.010981073095890413,0.2281,0.02651371906849315,0.2371,0.05621641
2026-05-21,5,0,True,0.0,0.031631954285714296,136.96,-3.6960000000000006,0.1408,0.0004888267397260274,0.16760000000000003,0.0023087473972602745,0.2,0.01019178082191781,0.2227,0.025273216273972606,0.23370000000000002,0.05461569000000001
2026-05-22,5,0,True,0.0,0.031357218571428556,137.39,-3.7389999999999985,0.1407,0.0004881326301369862,0.16699999999999998,0.002292246575342465,0.2003,0.010222379095890412,0.2235,0.025455119178082193,0.23440000000000003,0.05494336000000001
2026-05-26,5,0,True,0.0,0.03189606000000002,139.04,-3.903999999999999,0.1484,0.0005430220273972602,0.17010000000000003,0.002378137808219179,0.1989,0.010079979534246575,0.22460000000000002,0.025706300712328774,0.2349,0.05517801
2026-05-27,5,0,True,0.0,0.03036231857142857,138.57,-3.8569999999999993,0.13269999999999998,0.0004342016712328766,0.1629,0.0021810747945205477,0.1945,0.009638940410958904,0.2211,0.024911367287671234,0.2341,0.05480281
2026-05-28,5,0,True,0.0,0.02817192571428572,139.52,-3.952000000000001,0.1298,0.00041543112328767116,0.1574,0.002036281643835617,0.1911,0.009304894602739726,0.2195,0.024552127397260277,0.2334,0.05447556
2026-05-29,5,0,True,0.0,0.026735709999999996,144.18,-4.418000000000001,0.1259,0.000390841890410959,0.1532,0.0019290608219178081,0.1866,0.00887183309589041,0.21600000000000003,0.02377538630136987,0.2306,0.05317636
2026-06-01,5,0,True,0.0,0.028685888571428567,142.46,-4.246,0.1376,0.00046685983561643837,0.1605,0.002117280821917808,0.1943,0.009619127589041095,0.2213,0.024956455726027397,0.23399999999999999,0.05475599999999999
2026-06-02,5,0,True,0.0,0.02807143857142858,143.24,-4.324000000000001,0.1319,0.00042898216438356157,0.1577,0.0020440512328767126,0.1949,0.009678627205479452,0.2213,0.024956455726027397,0.2345,0.05499024999999999
2026-06-03,5,0,True,0.0,0.029139309999999995,136.86,-3.6860000000000013,0.1341,0.00044341175342465746,0.1606,0.0021199199999999995,0.19760000000000003,0.00994864569863014,0.2232,0.025386829150684936,0.24100000000000002,0.05808100000000001
2026-06-04,5,0,True,0.0,0.02702189285714286,142.15,-4.215000000000001,0.1265,0.00039457602739726024,0.154,0.0019492602739726028,0.1923,0.009422120465753425,0.2189,0.024418085095890413,0.23370000000000002,0.05461569000000001
2026-06-05,5,0,True,0.0,0.04157574,152.25,-5.225,0.23920000000000002,0.001410821260273973,0.2151,0.0038028501369863016,0.2182,0.012131083068493151,0.2349,0.02811810920547945,0.2433,0.05919488999999999
2026-06-08,5,0,True,0.0,0.03452251,145.0,-4.5,0.19690000000000002,0.0009559629863013701,0.1892,0.0029421895890410963,0.2079,0.011012833232876714,0.2267,0.026189253534246577,0.237,0.056169
2026-06-09,5,0,True,0.0,0.03539471714285715,141.97,-4.197,0.2214,0.0012086620273972603,0.19870000000000002,0.0032450704109589046,0.21309999999999998,0.011570629397260272,0.2297,0.026886982849315066,0.23870000000000002,0.05697769000000001
2026-06-10,5,0,True,0.0,0.04229196142857141,143.08,-4.308000000000002,0.25670000000000004,0.0016248055068493156,0.22219999999999998,0.004058041643835616,0.2289,0.013350012410958904,0.2413,0.029671173534246576,0.24600000000000002,0.060516000000000014
2026-06-11,5,0,True,0.0,0.03569470285714287,142.98,-4.297999999999999,0.2066,0.0010524713424657534,0.19440000000000002,0.0031061391780821926,0.21420000000000003,0.011690390465753429,0.2314,0.027286434410958904,0.2395,0.057360249999999995
2026-06-12,5,0,True,0.0,0.031887159999999984,142.6,-4.26,0.1726,0.0007345666849315068,0.17679999999999998,0.002569170410958903,0.2051,0.01071818884931507,0.2259,0.026004741534246575,0.2375,0.05640625
2026-06-15,5,0,True,0.0,0.02708844,144.32,-4.4319999999999995,0.1558,0.000598528109589041,0.162,0.002157041095890411,0.1936,0.009549943232876713,0.2177,0.024151101205479454,0.2332,0.05438224
2026-06-16,5,0,True,0.0,0.027811461428571424,142.66,-4.266,0.1577,0.0006132153698630138,0.1641,0.002213326849315068,0.1953,0.009718395534246577,0.2187,0.0243734858630137,0.23379999999999998,0.05466243999999999
2026-06-17,5,0,True,0.0,0.033701504285714286,142.62,-4.2620000000000005,0.1863,0.0008558060547945206,0.1844,0.002794796712328767,0.20620000000000002,0.010833465534246578,0.2262,0.026073857095890416,0.2386,0.05692996
2026-06-18,5,0,True,0.0,0.03010664714285713,146.72,-4.672,0.1393,0.00047846687671232886,0.16399999999999998,0.0022106301369863007,0.1957,0.009758245397260275,0.21989999999999998,0.024641692767123285,0.23850000000000002,0.05688225000000001
2026-06-22,5,0,True,0.0,0.031284167142857144,141.85,-4.185,0.1629,0.0006543224383561642,0.1728,0.002454233424657534,0.19760000000000003,0.00994864569863014,0.22149999999999997,0.025001584931506844,0.2354,0.055413159999999996
2026-06-23,5,0,True,0.0,0.03801940428571428,143.14,-4.313999999999998,0.19469999999999998,0.00093472002739726,0.1949,0.0031221378082191774,0.21059999999999998,0.011300738301369863,0.2297,0.026886982849315066,0.24280000000000002,0.058951840000000005
2026-06-24,5,0,True,0.0,0.03558849,145.3,-4.530000000000001,0.1807,0.0008051298904109589,0.1863,0.0028526868493150685,0.20370000000000002,0.01057236484931507,0.22399999999999998,0.025569139726027392,0.23579999999999998,0.055601639999999994
2026-06-25,5,0,True,0.0,0.037213454285714286,139.89,-3.9889999999999985,0.17920000000000003,0.0007918185205479455,0.1889,0.002932866575342466,0.20329999999999998,0.010530884301369862,0.2235,0.025455119178082193,0.235,0.055224999999999996
2026-06-26,5,0,True,0.0,0.0363223,139.4,-3.9400000000000004,0.168,0.0006959342465753425,0.1841,0.0027857104109589043,0.20129999999999998,0.010324704575342463,0.22260000000000002,0.02525052427397261,0.2345,0.05499024999999999
2026-06-29,5,0,True,0.0,0.034193495714285704,144.46,-4.446000000000001,0.1551,0.0005931618904109588,0.1765,0.0025604589041095887,0.1953,0.009718395534246577,0.218,0.024217709589041094,0.2316,0.05363856
2026-06-30,5,0,True,0.0,0.0305783757142857,149.6,-4.959999999999999,0.1373,0.00046482632876712333,0.16449999999999998,0.0022241301369863007,0.19,0.009198082191780822,0.215,0.023555753424657534,0.2303,0.05303809
